[{"condition": {"id": 131}, "defaults": {"site_id": 71, "photo_id": 2530, "link": "", "position": "middle1", "created_at": "2022-07-08T10:09:40.174Z", "updated_at": "2022-07-08T10:09:40.174Z"}}, {"condition": {"id": 132}, "defaults": {"site_id": 71, "photo_id": 2534, "link": "", "position": "top", "created_at": "2022-07-08T10:27:48.254Z", "updated_at": "2022-07-08T10:27:48.254Z"}}, {"condition": {"id": 133}, "defaults": {"site_id": 71, "photo_id": 2539, "link": "https://www.lapor.go.id/instansi/pemerintah-kabupaten-lombok-barat", "position": "middle2", "created_at": "2022-07-08T10:32:30.819Z", "updated_at": "2022-07-08T10:32:30.819Z"}}]