[{"condition": {"id": 724}, "defaults": {"kategori_id": 3, "site_id": 70, "admin_id": 99, "judul": "Gotong Royong di Kelurahan Gerung Selatan", "judul_seo": "gotong-royong-di-kelurahan-gerung-selatan", "isi_berita": "<p><img alt=\"\" src=\"gerungutarakab\" />Gotong Royong di Kelurahan Gerung Selatan bersama semua staf kelurahan, staf kecamatan dan semua masyarakat</p>\r\n\r\n<p><img alt=\"\" src=\"gerungutara\" /></p>\r\n\r\n<div id=\"urban_overlay\" style=\"height:0px; left:-10px; top:-10px; width:0px\">&nbsp;</div>\r\n\r\n<div id=\"urban_overlay\" style=\"height:0px; left:-10px; top:-10px; width:0px\">&nbsp;</div>", "view_count": 65, "word_count": 15, "status": "published", "created_at": "2022-07-15T10:08:30.385Z", "updated_at": "2024-07-08T12:26:16.269Z"}, "m2m": {"tags": [], "photo": [2709, 2710, 2711]}}, {"condition": {"id": 726}, "defaults": {"kategori_id": 3, "site_id": 70, "admin_id": 99, "judul": "Gotong Royong ", "judul_seo": "gotong-royong", "isi_berita": "<p>&nbsp;</p>\r\n\r\n<div id=\"urban_overlay\" style=\"height:0px; left:-10px; top:-10px; width:0px\">&nbsp;</div>\r\n\r\n<div id=\"urban_overlay\">&nbsp;</div>\r\n", "view_count": 71, "word_count": 0, "status": "published", "created_at": "2022-07-15T10:16:20.446Z", "updated_at": "2024-07-08T12:27:06.983Z"}, "m2m": {"tags": [], "photo": [2713, 2714, 2715]}}, {"condition": {"id": 928}, "defaults": {"kategori_id": 5, "site_id": 70, "admin_id": 99, "judul": "Vaksin Door to Door", "judul_seo": "vaksin-door-to-door", "isi_berita": "<p>Kegiatan Vaksinasi di Kelurahan Gerung Utara oleh Badan Intelijen Negara</p>\r\n\r\n<p>&nbsp;</p>\r\n\r\n<div id=\"urban_overlay\" style=\"height:0px; left:-10px; top:-10px; width:0px\">&nbsp;</div>\r\n\r\n<div id=\"urban_overlay\" style=\"height:0px; left:-10px; top:-10px; width:0px\">&nbsp;</div>", "view_count": 51, "word_count": 10, "status": "published", "created_at": "2022-07-26T09:39:29.572Z", "updated_at": "2024-07-08T12:26:50.841Z"}, "m2m": {"tags": [], "photo": [3249, 3250]}}, {"condition": {"id": 1128}, "defaults": {"kategori_id": 3, "site_id": 70, "admin_id": 99, "judul": "Peresmian Pemancingan", "judul_seo": "peresmian-pemancingan", "isi_berita": "<p>Peresmian Pemancingan di Polisi Sektor Gerung</p>\r\n\r\n<p><img alt=\"\" src=\"htpps://gerungutara.lombokbaratkab.go.id\" /></p>\r\n\r\n<div id=\"urban_overlay\" style=\"height:0px; left:-10px; top:-10px; width:0px\">&nbsp;</div>\r\n", "view_count": 94, "word_count": 6, "status": "published", "created_at": "2022-08-01T11:29:58.762Z", "updated_at": "2024-07-09T02:29:15.153Z"}, "m2m": {"tags": [30], "photo": [3596, 3597, 3598]}}, {"condition": {"id": 1129}, "defaults": {"kategori_id": 3, "site_id": 70, "admin_id": 99, "judul": "Tabligh Akbar", "judul_seo": "tabligh-akbar", "isi_berita": "<p>Tabligh Akbar Memperingati tahun Baru Islam 1 Muharram 1444 Hijriyah bersama DR. TGH. LALU AHMAD ZAENURI, LC.MA</p>\r\n\r\n<div id=\"urban_overlay\" style=\"height:0px; left:-10px; top:-10px; width:0px\">&nbsp;</div>\r\n", "view_count": 61, "word_count": 14, "status": "published", "created_at": "2022-08-01T11:34:07.401Z", "updated_at": "2024-07-08T12:25:28.981Z"}, "m2m": {"tags": [], "photo": [3599, 3600, 3601]}}, {"condition": {"id": 1268}, "defaults": {"kategori_id": 3, "site_id": 70, "admin_id": 99, "judul": "Pembukaan Lomba Voli", "judul_seo": "pembukaan-lomba-voli", "isi_berita": "<p>Minggu 07 Agustus 2022</p>\r\n\r\n<div id=\"urban_overlay\" style=\"height:0px; left:-10px; top:-10px; width:0px\">&nbsp;</div>\r\n", "view_count": 49, "word_count": 2, "status": "published", "created_at": "2022-08-08T14:50:32.475Z", "updated_at": "2024-07-08T12:26:27.667Z"}, "m2m": {"tags": [], "photo": [4000, 4001, 4002]}}, {"condition": {"id": 1269}, "defaults": {"kategori_id": 3, "site_id": 70, "admin_id": 99, "judul": "Drag Bike ", "judul_seo": "drag-bike", "isi_berita": "<p>Pembukaan Drag Bike Sabtu 08 Agustus 2022</p>\r\n\r\n<div id=\"urban_overlay\" style=\"height:0px; left:-10px; top:-10px; width:0px\">&nbsp;</div>\r\n", "view_count": 69, "word_count": 5, "status": "published", "created_at": "2022-08-08T14:54:28.411Z", "updated_at": "2024-07-08T12:25:10.948Z"}, "m2m": {"tags": [], "photo": [4003]}}, {"condition": {"id": 1364}, "defaults": {"kategori_id": 3, "site_id": 70, "admin_id": 99, "judul": "Jalan Santai", "judul_seo": "jalan-santai", "isi_berita": "<p>Jalan Santai dalam rangka HUT RI ke 77, Sabtu 13 Agustus 2022</p>", "view_count": 76, "word_count": 9, "status": "published", "created_at": "2022-08-13T13:09:49.833Z", "updated_at": "2024-07-08T12:26:54.016Z"}, "m2m": {"tags": [], "photo": [4276, 4277, 4278]}}, {"condition": {"id": 1420}, "defaults": {"kategori_id": 30, "site_id": 70, "admin_id": 99, "judul": "Pawai Alegoris Se Kecamatan Gerung", "judul_seo": "pawai-alegoris-se-kecamatan-gerung", "isi_berita": "<p>Pawai Dalam Rangka Hari Kemerdekan RI yang ke 77&nbsp;</p>\r\n", "view_count": 56, "word_count": 8, "status": "published", "created_at": "2022-08-19T23:13:50.303Z", "updated_at": "2024-07-08T12:27:23.826Z"}, "m2m": {"tags": [], "photo": [4468, 4469, 4470]}}, {"condition": {"id": 1421}, "defaults": {"kategori_id": 30, "site_id": 70, "admin_id": 99, "judul": "Pawai HUT RI Ke 77 Kelurahan Gerung Utara", "judul_seo": "pawai-hut-ri-ke-77-kelurahan-gerung-utara", "isi_berita": "<p>Lurah Beserta Seluruh Masyarakat Kelurahan Gerung Utara</p>\r\n", "view_count": 51, "word_count": 7, "status": "published", "created_at": "2022-08-19T23:18:13.508Z", "updated_at": "2024-07-08T12:24:46.996Z"}, "m2m": {"tags": [], "photo": [4471, 4472, 4473]}}, {"condition": {"id": 1660}, "defaults": {"kategori_id": 3, "site_id": 70, "admin_id": 99, "judul": "Sosislisasi Pilkaling Montong Sari", "judul_seo": "sosislisasi-pilkaling-montong-sari", "isi_berita": "<p>Sosialisasi Pilkaling Lingkungan Montong Sari Kelurahan Gerung Utara, Senin 29 Agustus 2022</p>", "view_count": 53, "word_count": 10, "status": "published", "created_at": "2022-09-01T12:42:33.690Z", "updated_at": "2024-07-08T12:30:25.243Z"}, "m2m": {"tags": [], "photo": [5057, 5058, 5059]}}, {"condition": {"id": 1661}, "defaults": {"kategori_id": 3, "site_id": 70, "admin_id": 99, "judul": "Sosialisasi Pilkaling Batu Anyar", "judul_seo": "sosialisasi-pilkaling-batu-anyar", "isi_berita": "<p>Sosialisasi Pilkaling Lingkungan Batu Anyar Kelurahan Gerung Utara, Selasa 30 Agustus 2022</p>", "view_count": 50, "word_count": 10, "status": "published", "created_at": "2022-09-01T12:49:20.420Z", "updated_at": "2024-07-08T12:27:20.526Z"}, "m2m": {"tags": [], "photo": [5060, 5061, 5062]}}, {"condition": {"id": 1662}, "defaults": {"kategori_id": 3, "site_id": 70, "admin_id": 99, "judul": "Sosialisasi Pilkaling Pohdana", "judul_seo": "sosialisasi-pilkaling-pohdana", "isi_berita": "<p>Sosialisasi Pilkaling Lingkungan Pohdana Kelurahan Gerung Utara, Rabu 31 Agustus 2022</p>\r\n", "view_count": 69, "word_count": 9, "status": "published", "created_at": "2022-09-01T12:54:17.681Z", "updated_at": "2024-07-08T12:25:15.257Z"}, "m2m": {"tags": [], "photo": [5063, 5064, 5065]}}, {"condition": {"id": 1686}, "defaults": {"kategori_id": 3, "site_id": 70, "admin_id": 99, "judul": "Razia Anak Sekolah", "judul_seo": "razia-anak-sekolah", "isi_berita": "<p>Razia Anak Sekolah di Lingkungan Bagu, Kelurahan Gerung Utara, Senin 05 September 2022</p>\r\n", "view_count": 93, "word_count": 11, "status": "published", "created_at": "2022-09-05T09:39:16.933Z", "updated_at": "2024-07-08T12:27:02.313Z"}, "m2m": {"tags": [], "photo": [5127, 5128, 5129]}}, {"condition": {"id": 1821}, "defaults": {"kategori_id": 3, "site_id": 70, "admin_id": 99, "judul": "Pembagian Bantuan Langsung Tunai Bahan Bakar Minyak (BLT BBM) ", "judul_seo": "pembagian-bantuan-langsung-tunai-bahan-bakar-minyak-blt-bbm", "isi_berita": "<p>Pembagian BLT BBM di Kelurahan Gerung Utara, Selasa 13 September 2022 Dampak Kenaikan BBM Untuk Bulan Sepember - Oktober 2022 sebesar Rp. 300.000,- dan Non BPNT Bulan September Rp. 200.000,-&nbsp;</p>\r\n", "view_count": 208, "word_count": 24, "status": "published", "created_at": "2022-09-13T12:43:44.483Z", "updated_at": "2024-07-08T12:25:32.120Z"}, "m2m": {"tags": [], "photo": [5473, 5474, 5475]}}, {"condition": {"id": 2208}, "defaults": {"kategori_id": 3, "site_id": 70, "admin_id": 99, "judul": "Posyandu Lingkungan Bagu", "judul_seo": "posyandu-lingkungan-bagu", "isi_berita": "<p>Senin, 17 Oktober 2022 Posyandu di Lingkungan Bagu, Kelurahan Gerung Utara, Kecamatan Gerung</p>\r\n\r\n<div id=\"urban_overlay\" style=\"height:0px; left:-10px; top:-10px; width:0px\">&nbsp;</div>\r\n", "view_count": 70, "word_count": 11, "status": "published", "created_at": "2022-10-17T11:08:58.752Z", "updated_at": "2024-07-08T12:25:50.043Z"}, "m2m": {"tags": [], "photo": [6685, 6686, 6687]}}, {"condition": {"id": 2248}, "defaults": {"kategori_id": 3, "site_id": 70, "admin_id": 99, "judul": "Pencabutan Nomor Urut Calon Kepala Lingkungan Montong Sari", "judul_seo": "pencabutan-nomor-urut-calon-kepala-lingkungan-montong-sari", "isi_berita": "<p>Pencabutan Nomor Urut Calon Kepala Lingkungan Montong Sari, pada hari Kamis 20 Oktober 2022, pada pukul 20.30 Wita bertempat di Gapoktan Lingkungan Montong Sari-Gerung Utara.</p>\r\n", "view_count": 179, "word_count": 21, "status": "published", "created_at": "2022-10-24T09:02:16.545Z", "updated_at": "2024-07-08T12:25:01.842Z"}, "m2m": {"tags": [], "photo": [6805, 6806, 6807]}}, {"condition": {"id": 2249}, "defaults": {"kategori_id": 3, "site_id": 70, "admin_id": 99, "judul": "Penetapan Kepala Lingkungan Pohdana", "judul_seo": "penetapan-kepala-lingkungan-pohdana", "isi_berita": "<p>Penetapan Kepala Lingkungan Pohdana dan Pencabutan Nomor Urut Penghulu Lingkungan Pohdana, Pada hari Rabu 19 Oktober 2022, Jam 20.30 Wita</p>\r\n", "view_count": 181, "word_count": 17, "status": "published", "created_at": "2022-10-24T09:07:01.968Z", "updated_at": "2024-07-08T12:25:46.151Z"}, "m2m": {"tags": [], "photo": [6808, 6809, 6810]}}, {"condition": {"id": 2281}, "defaults": {"kategori_id": 3, "site_id": 70, "admin_id": 99, "judul": "Gotong Royonh di Kuburan Montong Are ", "judul_seo": "gotong-royonh-di-kuburan-montong-are", "isi_berita": "<p>Kamis 27 Oktober 2022 kegiatan gotong royong di Kuburan Montong Are Kelurahan Gerung Utara bersama semua karyawan Kelurahan Gerung Utara, Kepala Lingkungan Batu Anyar dan Masyarakat sekitar</p>\r\n", "view_count": 414, "word_count": 25, "status": "published", "created_at": "2022-10-28T10:41:48.888Z", "updated_at": "2024-07-08T18:11:41.440Z"}, "m2m": {"tags": [], "photo": [6884, 6885, 6886]}}, {"condition": {"id": 2282}, "defaults": {"kategori_id": 3, "site_id": 70, "admin_id": 99, "judul": "Pelepasan Jama'ah Umroh", "judul_seo": "pelepasan-jama-ah-umroh", "isi_berita": "<p>Kamis 27 Oktober Jam 10.00 Wira bertempat di Masjid Jami&#39; Baital Atiq Gerung, Lingkungan Bagu, Kelurahan Gerung Utara, Kecamatan Gerung menghadiri kegiatan Pelepasan Jamaah Umroh sebanyak 48 Orang dari KBIH Ust. Taufiqurahman, S.Pdi</p>\r\n", "view_count": 492, "word_count": 29, "status": "published", "created_at": "2022-10-28T10:50:35.561Z", "updated_at": "2024-07-09T20:12:09.772Z"}, "m2m": {"tags": [], "photo": [6887, 6888, 6889]}}, {"condition": {"id": 2334}, "defaults": {"kategori_id": 3, "site_id": 70, "admin_id": 99, "judul": "Penetapan Kepala Lingkungan Batu Anyar", "judul_seo": "penetapan-kepala-lingkungan-batu-anyar", "isi_berita": "<p>Penetapan Kepala Lingkungan Batu Anyar, Jum&#39;at 04 November 202, bertempat di Masjid Baiturrahim Lingkungan Batu Anyar, Kelurahan Gerung Utara Periode 2023-2028</p>\r\n\r\n<p>&nbsp;</p>\r\n", "view_count": 371, "word_count": 17, "status": "published", "created_at": "2022-11-07T10:56:25.703Z", "updated_at": "2024-07-08T12:26:07.828Z"}, "m2m": {"tags": [], "photo": [7033, 7034, 7035]}}, {"condition": {"id": 2335}, "defaults": {"kategori_id": 3, "site_id": 70, "admin_id": 99, "judul": "Pelipatan Surat Suara Pil Kaling Montong Sari", "judul_seo": "pelipatan-surat-suara-pil-kaling-montong-sari", "isi_berita": "<p>PelipatanSurat Suara Pil Kaling Montong Sari, hari Senin 07 November 2022 di Aula Kantor Lurah Gerung Utara</p>\r\n", "view_count": 181, "word_count": 15, "status": "published", "created_at": "2022-11-07T11:02:31.720Z", "updated_at": "2024-07-08T12:26:58.014Z"}, "m2m": {"tags": [], "photo": [7036, 7037, 7038]}}, {"condition": {"id": 2342}, "defaults": {"kategori_id": 3, "site_id": 70, "admin_id": 99, "judul": "Penyerahan Logistik Pil kaling Montong Sari", "judul_seo": "penyerahan-logistik-pil-kaling-montong-sari", "isi_berita": "", "view_count": 141, "word_count": 0, "status": "published", "created_at": "2022-11-08T11:54:41.696Z", "updated_at": "2024-07-08T12:26:35.552Z"}, "m2m": {"tags": [], "photo": [7069, 7070, 7071]}}, {"condition": {"id": 2347}, "defaults": {"kategori_id": 3, "site_id": 70, "admin_id": 99, "judul": "Hari Pemungutan Suara Calon Kepala Lingkungan Montong Sari", "judul_seo": "hari-pemungutan-suara-calon-kepala-lingkungan-montong-sari", "isi_berita": "<p>Rabu 09 November 2022, Pemilihan Kepala Lingkungan Montong Sari Periode 2023-2028, akan dilaksanakan Pemungutan Suara Calon Kepala Lingkungan Montong Sari, yang bertempat di Gapoktan Lingkungan Montong Sari dengan 3 Kandidat Calon Kepala Lingkungan Montong Sari, Kelurahan Gerung Utara, Kecamatan Gerung, Kabupaten Lombok Barat, adapun nama Calon Kepala Lingkungan dengan nomor urut 1 Suhirman, 2. Muhammad, 3. Mahidi.</p>", "view_count": 138, "word_count": 50, "status": "published", "created_at": "2022-11-09T09:50:58.978Z", "updated_at": "2024-07-08T12:27:10.713Z"}, "m2m": {"tags": [], "photo": [7084, 7085, 7086]}}, {"condition": {"id": 2407}, "defaults": {"kategori_id": 3, "site_id": 70, "admin_id": 99, "judul": "Bimbingan Teknis Bagi Operator Kios Adminduk Kelurahan Gerung Utara ", "judul_seo": "bimbingan-teknis-bagi-operator-kios-adminduk-kelurahan-gerung-utara", "isi_berita": "<p>Rabu, 17 November 2022 di Kelurahan Gerung Utara telah dilaksanakan Bimbingan Teknis bagi Operator Kios Adminduk Kelurahan Gerung Utara dengan Operator Dukcapil.</p>\r\n\r\n<p>Operator Kios Adminduk Kelurahan Gerung Utara :</p>\r\n\r\n<p>1. Lalu Arli</p>\r\n\r\n<p>2. Rahmawati</p>\r\n\r\n<p>&nbsp;</p>\r\n", "view_count": 139, "word_count": 29, "status": "published", "created_at": "2022-11-17T11:40:33.703Z", "updated_at": "2024-06-29T08:30:54.044Z"}, "m2m": {"tags": [4], "photo": [7253, 7254, 7255]}}, {"condition": {"id": 2460}, "defaults": {"kategori_id": 3, "site_id": 70, "admin_id": 99, "judul": "PENCAIRAN BANTUAN SOSIAL ", "judul_seo": "pencairan-bantuan-sosial", "isi_berita": "<p>Pada hari kamis tanggal 24 November 2022 berlangsung pembagian Bantuan Sosial Tunai yang terdiri dari Bantuan BBM, Sembako dan PKH (Lansia dan Anak Sekolah) di kelurahan Gerung Utara sebanyak 409 KPM</p>\r\n", "view_count": 257, "word_count": 28, "status": "published", "created_at": "2022-11-24T14:49:17.752Z", "updated_at": "2024-07-08T12:26:03.022Z"}, "m2m": {"tags": [], "photo": [7400, 7401, 7402]}}, {"condition": {"id": 3554}, "defaults": {"kategori_id": 3, "site_id": 70, "admin_id": 99, "judul": "BIMTEK MEDIASAI BAGI MASYARAKAT KELURAHAN GERUNG UTARA ", "judul_seo": "bimtek-mediasai-bagi-masyarakat-kelurahan-gerung-utara", "isi_berita": "<p>Pada hari ini Kamis Tanggal 25 Mei 2023, telah dilaksanakan Bimbingan Teknis Mediasi bagi Masyarakat Kelurahan Gerung Utara, Kecamatan Gerung, KabupatenLombok Barat yang dihadiri oleh Narasumber Ketua Bale Mediasi H.L. SUPRATMAN,S.IP, Sekretaris Bale Mediasi Ir. LALU SENOPATI dan Camat Gerung H. MULYADI, SH, Babinsa, Bhabinkamtibmaspol, Kepala Lingkungan, Tokoh Masyarakat dan Penghulu Lingkungan Kelurahan Gerung Utara. acara di mulai pada pukul 08.00 Wita dan diakhirin pukull 12.00 yang berjalan dengan lancar.</p>\r\n", "view_count": 204, "word_count": 64, "status": "published", "created_at": "2023-06-06T01:39:30.827Z", "updated_at": "2024-07-08T11:48:24.807Z"}, "m2m": {"tags": [], "photo": [10413, 10414, 10415]}}, {"condition": {"id": 3983}, "defaults": {"kategori_id": 3, "site_id": 70, "admin_id": 99, "judul": "PELATIHAN KETERAMPILAN LAS LISTRIK ", "judul_seo": "pelatihan-keterampilan-las-listrik", "isi_berita": "<p>Pada hari Selasa, tanggal 11 Juli 2023 bertempat di Kelurahan Gerung Utara, Kecamatan Gerung, Kabupaten Lombok Barat, mengadakan Pelatihan Sumber Daya Usaha Mikro Kecil, Menengah (Keterampilan Las Listrik), pelatihan tersebut di hadiri oleh Camat Gerung H. Mulyadi, Sh, Lurah Gerung Utara Riyanto Harjo Ilyas, S.STP, Kepala Lingkungan Se Gerung Utara dan Peserta Pelatihan di Masing-masing Lingkungan,&nbsp;</p>", "view_count": 411, "word_count": 52, "status": "published", "created_at": "2023-07-20T04:26:58.561Z", "updated_at": "2024-07-08T11:46:30.343Z"}, "m2m": {"tags": [], "photo": [11802, 11803, 11804]}}, {"condition": {"id": 3984}, "defaults": {"kategori_id": 3, "site_id": 70, "admin_id": 99, "judul": "GERUNG UTARA JUARA 3 LOMBA PERPUSTAKAAN", "judul_seo": "gerung-utara-juara-3-lomba-perpustakaan", "isi_berita": "<p>Pada hari Selasa, 11 Juli 2023 bertempat di Perpustakaan Daerah, Kelurahan Gerung Utara berhasil Mendapat Juara 3 Lomba Perpustakaan Tingkat kabupaten Lombok Barat &nbsp;</p>", "view_count": 437, "word_count": 20, "status": "published", "created_at": "2023-07-20T04:31:21.444Z", "updated_at": "2024-07-10T02:34:11.068Z"}, "m2m": {"tags": [], "photo": [11805, 11806]}}, {"condition": {"id": 4311}, "defaults": {"kategori_id": 3, "site_id": 70, "admin_id": 99, "judul": "HUT RI KE 78 ", "judul_seo": "hut-ri-ke-78", "isi_berita": "<p>Jumat, 18 Agustus 2023, Kelurahan Gerung Utara ikut berpartisipasi dalam rangka memeriahkan HUT RI Ke 78&nbsp;</p>", "view_count": 154, "word_count": 13, "status": "published", "created_at": "2023-08-24T06:58:18.552Z", "updated_at": "2024-07-09T18:33:07.528Z"}, "m2m": {"tags": [], "photo": [12962, 12963, 12964]}}, {"condition": {"id": 4312}, "defaults": {"kategori_id": 3, "site_id": 70, "admin_id": 99, "judul": "HUT RI KE 78 ", "judul_seo": "hut-ri-ke-78-1", "isi_berita": "<p>Jumat, 18 Agustus 2023, Kelurahan Gerung Utara ikut berpartisipasi dalam rangka memeriahkan HUT RI Ke 78, yang diikuti oleh semua Kepala Lingkungan dan Masyarakat yang ada di Kelurahan Gerung Utara</p>", "view_count": 160, "word_count": 27, "status": "published", "created_at": "2023-08-24T06:58:57.592Z", "updated_at": "2024-07-08T11:46:43.248Z"}, "m2m": {"tags": [], "photo": [12965, 12966, 12967]}}, {"condition": {"id": 4460}, "defaults": {"kategori_id": 3, "site_id": 70, "admin_id": 99, "judul": "MTQ Ke XXX Tingkat Kecamatan ", "judul_seo": "mtq-ke-xxx-tingkat-kecamatan", "isi_berita": "<p>Pada Hari Rabu tanggal 27 September 2023 Pawai Ta'aruf yang diikuti Oleh 3 Kelurahan dan 11 Desa yang ada di Kecamatan Gerung, Pawai Ta'aruf dilepas oleh Ketua LPTQ Kecamatan Gerung, star dari Simpang 5 finish di Lapanagan Mareje Gerung, acara MTQ tersebut akan di gelar selama 4 &nbsp;hari dan Kelurahan Gerung Utara Keluar sebagai Juara Umum Tingkat Kecamatan&nbsp;</p>", "view_count": 1000, "word_count": 50, "status": "published", "created_at": "2023-10-02T01:03:48.118Z", "updated_at": "2024-07-08T20:11:37.956Z"}, "m2m": {"tags": [], "photo": [13395, 13396, 13397]}}, {"condition": {"id": 4661}, "defaults": {"kategori_id": 3, "site_id": 70, "admin_id": 99, "judul": "Sosialisasi Pemutakhiran Data Penerima Manfaat Bagi Masyarakat Gerung Utara", "judul_seo": "sosialisasi-pemutakhiran-data-penerima-manfaat-bagi-masyarakat-gerung-utara", "isi_berita": "<p>Pada hari ini Senin tanggal 06 November 2023, telah diadakan acara Sosialisasi Pemutakhiran Data Penerima Manfaat Bagi Masyarakat Kelurahan Gerung Utara, yang di hadiri oleh Ibu Camat Gerung Baiq Hadilah, BA, Narasumber dari Dinas Sosial Dra. Gusti Ayu Made Sri P , Semua Kepala Lingkungan yang ada di Kelurahan Gerung Utara, Ketua RT dan Kader Posyandu yang ada di masing-masing Lingkungan Kelurahan Gerung Utara.</p>", "view_count": 666, "word_count": 60, "status": "published", "created_at": "2023-11-10T01:04:25.345Z", "updated_at": "2024-07-11T23:47:22.324Z"}, "m2m": {"tags": [], "photo": [13899, 13900, 13901]}}, {"condition": {"id": 5036}, "defaults": {"kategori_id": 3, "site_id": 70, "admin_id": 99, "judul": "JUM'AT BEREGU KELURAHAN GERUNG UTARA", "judul_seo": "jum-at-beregu-kelurahan-gerung-utara", "isi_berita": "<p>Pada hari ini Jum'at 12 Januari 2024 Lurah Gerung Utara beserta Staf, Kepala Lingkungan, Babinsa dan Bhabinkamtibmas Kelurahan Gerung Utara mengadakan kegiatan setiap minggu Jum'at Beregu (Jum'at Bersih Gerung Utara) yang berlokasi di Simpang Lima Gerung &nbsp; Lingkungan Batu Anyar, Kelurahan Gerung Utara, Kecamatan Gerung, Kabupaten Lombok Barat yang dimulai dari Pukul 07.30 sampai dengan selesai.</p>", "view_count": 340, "word_count": 49, "status": "published", "created_at": "2024-01-12T06:34:03.289Z", "updated_at": "2024-07-10T02:40:44.515Z"}, "m2m": {"tags": [120], "photo": [14924, 14925, 14926]}}]