[{"condition": {"id": 319}, "defaults": {"site_id": 70, "admin_id": 99, "file_path": "Perbup_No._77_Tahun_2020_Peta_Penetapan_Batas_Kelurahan_Gerung_Utara_Kecamatan_Gerung.pdf", "nama": "Perbup No. 77 Tahun 2020 Tentang Peta Penetapan Batas Kelurahan Gerung Utara, Kecamatan Gerung, Kab. Lobar.", "deskripsi": null, "size": 983783, "hits": 0, "created_at": "2022-09-12T12:30:10.705Z", "updated_at": "2022-09-12T12:30:10.728Z", "status": "published"}}, {"condition": {"id": 320}, "defaults": {"site_id": 70, "admin_id": 99, "file_path": "Perbup_No._93_Tahun_2020_TTG_Lingkungan_dan_Rukun_Tetangga_di_Kelurahan.pdf", "nama": "Perbup No. 93 Tahun 2020 Tentang Lingkungan dan Rukun Tetangga di Kelurahan", "deskripsi": null, "size": 1871507, "hits": 0, "created_at": "2022-09-12T12:49:46.037Z", "updated_at": "2022-09-12T12:49:46.120Z", "status": "published"}}]