[{"condition": {"id": 175}, "defaults": {"site_id": 70, "admin_id": 99, "judul": "Kepala sekolah SDN 1 Gerung Utara menyampaikan sambutan dalam acara Bagi sembako kefakir miskin", "view_count": 0, "embed": "<p>&lt;iframe width=&quot;759&quot; height=&quot;427&quot; src=&quot;https://www.youtube.com/embed/l-TPyEBC5Rs&quot; title=&quot;YouTube video player&quot; frameborder=&quot;0&quot; allow=&quot;accelerometer; autoplay; clipboard-write; encrypted-media; gyroscope; picture-in-picture&quot; allowfullscreen&gt;&lt;/iframe&gt;</p>\r\n", "embed_video": "https://www.youtube.com/embed/l-TPyEBC5Rs", "created_at": "2022-07-12T10:00:24.651Z", "updated_at": "2022-07-12T10:00:24.651Z"}}]