[{"condition": {"id": 4333}, "defaults": {"site_id": 70, "judul": "Tentang", "isi_halaman": "<p>Isi&nbsp;</p>", "view_count": 307, "menu_id": 42, "admin_id": 99, "created_at": "2022-07-12T10:04:47.662Z", "updated_at": "2024-07-08T20:56:55.945Z", "is_edited": true}, "m2m": {"photo": []}}, {"condition": {"id": 4336}, "defaults": {"site_id": 70, "judul": "gerung utara", "isi_halaman": "<p>kelurahan gerung utara</p>\r\n", "view_count": 295, "menu_id": 43, "admin_id": 99, "created_at": "2022-07-12T10:30:01.853Z", "updated_at": "2024-07-08T17:24:32.319Z", "is_edited": true}, "m2m": {"photo": []}}, {"condition": {"id": 4665}, "defaults": {"site_id": 70, "judul": "PELAYANAN DAN SYARAT", "isi_halaman": "<p><span style=\"font-size:11pt\"><span style=\"font-family:&quot;Calibri&quot;,&quot;sans-serif&quot;\"><strong>SYARAT PELAPORAN AKTA KELAHIRAN</strong><br />\r\n1. &nbsp;KETERANGAN KELAHIRAN DARI POLINDES/PUSKESMAS/RS</span></span></p>\r\n\r\n<p><span style=\"font-size:11pt\"><span style=\"font-family:&quot;Calibri&quot;,&quot;sans-serif&quot;\">2.&nbsp; KARTU KELUARGA ASLI<br />\r\n3.&nbsp; FOTOCOPY E_ktp orang tua<br />\r\n4.&nbsp; FOTOCOPY E_KTP SAKSI<br />\r\n5.&nbsp; FOTOCOPY BUKU NIKAH/SPTJM SUAMI ISTRI<br />\r\n6. Syarat tambahan&nbsp; jika di perlukan </span></span></p>\r\n\r\n<p><br />\r\n<span style=\"font-size:11pt\"><span style=\"font-family:&quot;Calibri&quot;,&quot;sans-serif&quot;\"><strong>SYARAT PERMOHONAN AKTA KELAHIRAN</strong><br />\r\n1. KETERANGAN KELAHIRAN DARI POLINDES/PUSKESMAS/RS /SPTJM KELAHIRAN<br />\r\n2. FOTO COPY KARTU KELUARGA<br />\r\n3. FOTO COPY E-KTP ORANG TUA/&nbsp; SURAT KETERANGAN MENINGGAL ( JIKA ORANG TUA SUDAH MENINGGAL)<br />\r\n4. FOTOCOPY&nbsp; &nbsp;IJAZAH (JIKA ADA)<br />\r\n5. FOTOCOPY BUKU NIKAH/ SPTJM SUAMI ISTRI<br />\r\n6.&nbsp; ISI FORMULIR KELAHIRAN<br />\r\n7. Syarat tambahan jika di perlukan</span></span></p>\r\n\r\n<p>&nbsp;</p>\r\n\r\n<p><span style=\"font-size:11pt\"><span style=\"font-family:&quot;Calibri&quot;,&quot;sans-serif&quot;\"><strong>SYARAT PELAPORAN KEMATIAN</strong><br />\r\n1.&nbsp; KETERANGAN MENINGGAL DARI DESA/PUSKESMAS/RS<br />\r\n2.&nbsp; E_KTP JENAZAH dan pasangannya (jika yang meninggal adalah salah satu dari pasangan suami istri)<br />\r\n3. Kartu keluarga</span></span></p>\r\n\r\n<p><span style=\"font-size:11pt\"><span style=\"font-family:&quot;Calibri&quot;,&quot;sans-serif&quot;\">4.&nbsp; fotocoy ektp saksi<br />\r\n5.&nbsp; Isi formulir&nbsp; akta kematian<br />\r\n6. Syarat tambahan jika di perlukan<br />\r\n<strong>syarat pembaruan kk</strong><br />\r\n1.&nbsp; Kartu keluarga ASLI/ket kehilangan dari kepolisian</span></span></p>\r\n\r\n<p><span style=\"font-size:11pt\"><span style=\"font-family:&quot;Calibri&quot;,&quot;sans-serif&quot;\">Catatan :<br />\r\na. jika merubah pendidikan lampirkan foto ijzah/raport<br />\r\nb. jika rubah status dari kawin belum tercatat menjadikan kawin tercatat lampirkan foto buku nikah/akta perkawinan yang asli<br />\r\nc. perubagan nama orang tua yang kembar (inak dan amaq), buatkan surat ket. Nama orang tua dan di lanjutkan dengan proses pembuatan permohonan akta kelahiran</span></span><br />\r\n&nbsp;</p>\r\n", "view_count": 181, "menu_id": 744, "admin_id": 99, "created_at": "2022-11-17T11:53:21.123Z", "updated_at": "2024-07-10T01:17:00.491Z", "is_edited": true}, "m2m": {"photo": []}}, {"condition": {"id": 50119}, "defaults": {"site_id": 70, "judul": "Hubungi Kami", "isi_halaman": "Informasi tentang \"Hubungi Kami\". Silahkan update di halaman <a target=\"_blank\" href=\"/dashboard/halaman-statis/\">Dashboard.<a><br><br><br><br>\"Halaman ini dibuat otomatis oleh sistem, karena halaman statis untuk menu ini belum dibuat. <br>Silahkan lakukan update di halaman statis.\"", "view_count": 23, "menu_id": 41, "admin_id": null, "created_at": "2024-06-12T06:39:12.656Z", "updated_at": "2024-07-09T15:34:48.068Z", "is_edited": false}, "m2m": {"photo": []}}, {"condition": {"id": 50244}, "defaults": {"site_id": 70, "judul": "Pelayanan Terpadu", "isi_halaman": "Informasi tentang \"Pelayanan Terpadu\". Silahkan update di halaman <a target=\"_blank\" href=\"/dashboard/halaman-statis/\">Dashboard.<a><br><br><br><br>\"Halaman ini dibuat otomatis oleh sistem, karena halaman statis untuk menu ini belum dibuat. <br>Silahkan lakukan update di halaman statis.\"", "view_count": 31, "menu_id": 838, "admin_id": null, "created_at": "2024-06-13T18:20:49.297Z", "updated_at": "2024-07-10T05:10:39.893Z", "is_edited": false}, "m2m": {"photo": []}}, {"condition": {"id": 50368}, "defaults": {"site_id": 70, "judul": "Penilaian Kinerja", "isi_halaman": "Informasi tentang \"Penilaian Kinerja\". Silahkan update di halaman <a target=\"_blank\" href=\"/dashboard/halaman-statis/\">Dashboard.<a><br><br><br><br>\"Halaman ini dibuat otomatis oleh sistem, karena halaman statis untuk menu ini belum dibuat. <br>Silahkan lakukan update di halaman statis.\"", "view_count": 16, "menu_id": 835, "admin_id": null, "created_at": "2024-06-14T11:21:10.975Z", "updated_at": "2024-06-24T21:25:44.937Z", "is_edited": false}, "m2m": {"photo": []}}, {"condition": {"id": 50392}, "defaults": {"site_id": 70, "judul": "Struktur Organisasi", "isi_halaman": "Informasi tentang \"Struktur Organisasi\". Silahkan update di halaman <a target=\"_blank\" href=\"/dashboard/halaman-statis/\">Dashboard.<a><br><br><br><br>\"Halaman ini dibuat otomatis oleh sistem, karena halaman statis untuk menu ini belum dibuat. <br>Silahkan lakukan update di halaman statis.\"", "view_count": 27, "menu_id": 813, "admin_id": null, "created_at": "2024-06-14T16:57:31.067Z", "updated_at": "2024-07-10T01:15:19.184Z", "is_edited": false}, "m2m": {"photo": []}}, {"condition": {"id": 50397}, "defaults": {"site_id": 70, "judul": "Tugas dan Fungsi", "isi_halaman": "Informasi tentang \"Tugas dan Fungsi\". Silahkan update di halaman <a target=\"_blank\" href=\"/dashboard/halaman-statis/\">Dashboard.<a><br><br><br><br>\"Halaman ini dibuat otomatis oleh sistem, karena halaman statis untuk menu ini belum dibuat. <br>Silahkan lakukan update di halaman statis.\"", "view_count": 31, "menu_id": 812, "admin_id": null, "created_at": "2024-06-14T17:59:36.961Z", "updated_at": "2024-07-10T01:18:34.587Z", "is_edited": false}, "m2m": {"photo": []}}, {"condition": {"id": 50417}, "defaults": {"site_id": 70, "judul": "Atribut", "isi_halaman": "Informasi tentang \"Atribut\". Silahkan update di halaman <a target=\"_blank\" href=\"/dashboard/halaman-statis/\">Dashboard.<a><br><br><br><br>\"Halaman ini dibuat otomatis oleh sistem, karena halaman statis untuk menu ini belum dibuat. <br>Silahkan lakukan update di halaman statis.\"", "view_count": 27, "menu_id": 836, "admin_id": null, "created_at": "2024-06-14T22:55:37.154Z", "updated_at": "2024-07-08T11:09:55.448Z", "is_edited": false}, "m2m": {"photo": []}}, {"condition": {"id": 50441}, "defaults": {"site_id": 70, "judul": "Pelayanan Khusus", "isi_halaman": "Informasi tentang \"Pelayanan Khusus\". Silahkan update di halaman <a target=\"_blank\" href=\"/dashboard/halaman-statis/\">Dashboard.<a><br><br><br><br>\"Halaman ini dibuat otomatis oleh sistem, karena halaman statis untuk menu ini belum dibuat. <br>Silahkan lakukan update di halaman statis.\"", "view_count": 24, "menu_id": 834, "admin_id": null, "created_at": "2024-06-15T01:27:35.320Z", "updated_at": "2024-07-08T17:24:29.737Z", "is_edited": false}, "m2m": {"photo": []}}, {"condition": {"id": 50452}, "defaults": {"site_id": 70, "judul": "Jenis Layanan", "isi_halaman": "Informasi tentang \"Jenis Layanan\". Silahkan update di halaman <a target=\"_blank\" href=\"/dashboard/halaman-statis/\">Dashboard.<a><br><br><br><br>\"Halaman ini dibuat otomatis oleh sistem, karena halaman statis untuk menu ini belum dibuat. <br>Silahkan lakukan update di halaman statis.\"", "view_count": 28, "menu_id": 898, "admin_id": null, "created_at": "2024-06-15T02:39:40.221Z", "updated_at": "2024-07-10T01:18:40.289Z", "is_edited": false}, "m2m": {"photo": []}}, {"condition": {"id": 50462}, "defaults": {"site_id": 70, "judul": "Maklumat Pelayanan", "isi_halaman": "Informasi tentang \"Maklumat Pelayanan\". Silahkan update di halaman <a target=\"_blank\" href=\"/dashboard/halaman-statis/\">Dashboard.<a><br><br><br><br>\"Halaman ini dibuat otomatis oleh sistem, karena halaman statis untuk menu ini belum dibuat. <br>Silahkan lakukan update di halaman statis.\"", "view_count": 28, "menu_id": 831, "admin_id": null, "created_at": "2024-06-15T04:01:25.955Z", "updated_at": "2024-07-10T02:37:48.424Z", "is_edited": false}, "m2m": {"photo": []}}, {"condition": {"id": 50466}, "defaults": {"site_id": 70, "judul": "Visi-Misi dan Motto Pelayanan", "isi_halaman": "Informasi tentang \"Visi-Misi dan Motto Pelayanan\". Silahkan update di halaman <a target=\"_blank\" href=\"/dashboard/halaman-statis/\">Dashboard.<a><br><br><br><br>\"Halaman ini dibuat otomatis oleh sistem, karena halaman statis untuk menu ini belum dibuat. <br>Silahkan lakukan update di halaman statis.\"", "view_count": 21, "menu_id": 97, "admin_id": null, "created_at": "2024-06-15T04:33:52.682Z", "updated_at": "2024-07-10T01:14:53.953Z", "is_edited": false}, "m2m": {"photo": []}}, {"condition": {"id": 50470}, "defaults": {"site_id": 70, "judul": "Rekognisi", "isi_halaman": "Informasi tentang \"Rekognisi\". Silahkan update di halaman <a target=\"_blank\" href=\"/dashboard/halaman-statis/\">Dashboard.<a><br><br><br><br>\"Halaman ini dibuat otomatis oleh sistem, karena halaman statis untuk menu ini belum dibuat. <br>Silahkan lakukan update di halaman statis.\"", "view_count": 31, "menu_id": 839, "admin_id": null, "created_at": "2024-06-15T04:56:26.106Z", "updated_at": "2024-07-10T01:14:19.389Z", "is_edited": false}, "m2m": {"photo": []}}, {"condition": {"id": 50513}, "defaults": {"site_id": 70, "judul": "SK PENUNJUKAN PETUGAS PENGELOLA PENGADUAN", "isi_halaman": "Informasi tentang \"SK PENUNJUKAN PETUGAS PENGELOLA PENGADUAN\". Silahkan update di halaman <a target=\"_blank\" href=\"/dashboard/halaman-statis/\">Dashboard.<a><br><br><br><br>\"Halaman ini dibuat otomatis oleh sistem, karena halaman statis untuk menu ini belum dibuat. <br>Silahkan lakukan update di halaman statis.\"", "view_count": 13, "menu_id": 575, "admin_id": null, "created_at": "2024-06-15T22:00:28.932Z", "updated_at": "2024-07-10T01:18:05.678Z", "is_edited": false}, "m2m": {"photo": []}}, {"condition": {"id": 50559}, "defaults": {"site_id": 70, "judul": "Profil Pejabat Struktural", "isi_halaman": "Informasi tentang \"Profil Pejabat Struktural\". Silahkan update di halaman <a target=\"_blank\" href=\"/dashboard/halaman-statis/\">Dashboard.<a><br><br><br><br>\"Halaman ini dibuat otomatis oleh sistem, karena halaman statis untuk menu ini belum dibuat. <br>Silahkan lakukan update di halaman statis.\"", "view_count": 26, "menu_id": 1043, "admin_id": null, "created_at": "2024-06-16T21:38:14.526Z", "updated_at": "2024-07-10T01:14:17.267Z", "is_edited": false}, "m2m": {"photo": []}}, {"condition": {"id": 50560}, "defaults": {"site_id": 70, "judul": "Sarana dan Prasarana Fasilitas", "isi_halaman": "Informasi tentang \"Sarana dan Prasarana Fasilitas\". Silahkan update di halaman <a target=\"_blank\" href=\"/dashboard/halaman-statis/\">Dashboard.<a><br><br><br><br>\"Halaman ini dibuat otomatis oleh sistem, karena halaman statis untuk menu ini belum dibuat. <br>Silahkan lakukan update di halaman statis.\"", "view_count": 21, "menu_id": 837, "admin_id": null, "created_at": "2024-06-16T21:41:18.329Z", "updated_at": "2024-07-10T04:58:18.344Z", "is_edited": false}, "m2m": {"photo": []}}, {"condition": {"id": 50897}, "defaults": {"site_id": 70, "judul": "Rawat Jalan", "isi_halaman": "Informasi tentang \"Rawat Jalan\". Silahkan update di halaman <a target=\"_blank\" href=\"/dashboard/halaman-statis/\">Dashboard.<a><br><br><br><br>\"Halaman ini dibuat otomatis oleh sistem, karena halaman statis untuk menu ini belum dibuat. <br>Silahkan lakukan update di halaman statis.\"", "view_count": 1, "menu_id": 987, "admin_id": null, "created_at": "2024-06-22T20:47:08.513Z", "updated_at": "2024-06-22T20:47:08.835Z", "is_edited": false}, "m2m": {"photo": []}}, {"condition": {"id": 50997}, "defaults": {"site_id": 70, "judul": "Penilaian kinerja", "isi_halaman": "Informasi tentang \"Penilaian kinerja\". Silahkan update di halaman <a target=\"_blank\" href=\"/dashboard/halaman-statis/\">Dashboard.<a><br><br><br><br>\"Halaman ini dibuat otomatis oleh sistem, karena halaman statis untuk menu ini belum dibuat. <br>Silahkan lakukan update di halaman statis.\"", "view_count": 9, "menu_id": 1086, "admin_id": null, "created_at": "2024-06-25T20:12:06.761Z", "updated_at": "2024-07-08T17:25:22.954Z", "is_edited": false}, "m2m": {"photo": []}}, {"condition": {"id": 51162}, "defaults": {"site_id": 70, "judul": "Tarif Pelayanan", "isi_halaman": "Informasi tentang \"Tarif Pelayanan\". Silahkan update di halaman <a target=\"_blank\" href=\"/dashboard/halaman-statis/\">Dashboard.<a><br><br><br><br>\"Halaman ini dibuat otomatis oleh sistem, karena halaman statis untuk menu ini belum dibuat. <br>Silahkan lakukan update di halaman statis.\"", "view_count": 1, "menu_id": 918, "admin_id": null, "created_at": "2024-07-03T16:52:13.610Z", "updated_at": "2024-07-03T16:52:15.197Z", "is_edited": false}, "m2m": {"photo": []}}]