[{"condition": {"id": 4241}, "defaults": {"site_id": 71, "judul": "TENTANG", "isi_halaman": "<p><span style=\"font-size:14px\"><strong>GAMBARAN UMUM</strong></span></p>\r\n\r\n<p style=\"text-align:justify\"><strong><span style=\"font-size:12px\">1.&nbsp; Sejarah</span></strong></p>\r\n\r\n<p style=\"text-align:justify\"><span style=\"font-size:12px\">Desa Gerung merupakan Desa induk yang diperkirakan sudah ada jauh sebelum Kemerdekaan Republik Indonesia yaitu sudah terbentuk pada masa penjajahan Belanda tahun 1900, dengan wilayah mencakup wilayah Kecamatan Gerung, Kecamatan Sekotong dan Kecamatan Lembar Pimpinan atau Kepala Pemerintahan Desa pada waktu itu disebut :</span><strong><span style=\"font-size:12px\"> PEMUSUNGAN,&nbsp;</span></strong><span style=\"font-size:12px\">dengan kekuasaan langsung dibawah Kepala Distrik Gerung, sedangkan sebelum penjajahan Belanda, Desa Gerung berada dibawah kekuasaan Kerajaan Cakranegara. Kemudian sejak berdirinya Negara RI, maka istilah <strong>PEMUSUNGAN</strong> diganti dengan nama <strong>KEPALA DESA GERUNG.&nbsp;</strong>Seiring dengan perkembangan Pemerintahan dan untuk mendekatkan pelayanan kepada masyarakat maka dilaksanakan pemekaran - pemekaran dari Desa Induk yaitu Desa Gerung dimekarkan menjadi beberapa desa dan pada saat itu Desa Gerung berubah menjadi Desa Gerung Selatan.</span></p>\r\n\r\n<p style=\"text-align:justify\"><span style=\"font-size:12px\">Pemerintahan Kabupaten Lombok Barat melalui Peraturan Daerah Kabupaten Lombok Barat Nomor 02 Tahun 2012 Tentang Perubahan Status Desa Gerung Utara, Desa Gerung Selatan dab Desa Dasan Geres menjadi Kelurahan. Sejak berlakunya Peraturan tersebut maka mulai tahun 2012 Desa Gerung Selatan berubah statusnya menjadi Kelurahan Gerung Selatan.</span></p>\r\n\r\n<p style=\"text-align:justify\"><span style=\"font-size:12px\">Untuk mengikuti perubahan status Desa Gerung Selatan menjadi Kelurahan Gerung Selatan maka status lembaga kemasyarakatan yang berada dibawah lingkup Desa ikut berubah dari Dusun menjadi Lingkungan yang terdiri dari :</span></p>\r\n\r\n<p style=\"text-align:justify\"><span style=\"font-size:12px\">1. Lingkungan Perigi</span></p>\r\n\r\n<p style=\"text-align:justify\"><span style=\"font-size:12px\">2. Lingkungan Dodokan</span></p>\r\n\r\n<p style=\"text-align:justify\"><span style=\"font-size:12px\">3. Lingkungan Reyan</span></p>\r\n\r\n<p style=\"text-align:justify\"><span style=\"font-size:12px\">4. Lingkungan Menang</span></p>\r\n\r\n<p style=\"text-align:justify\"><span style=\"font-size:12px\">5. Lingkungan Tanjung Gunung</span></p>\r\n\r\n<p style=\"text-align:justify\"><span style=\"font-size:12px\">6. Lingkungan Perumahan Pondok Indah</span></p>", "view_count": 827, "menu_id": 42, "admin_id": 100, "created_at": "2022-07-08T10:21:13.533Z", "updated_at": "2024-07-11T09:06:05.599Z", "is_edited": true}, "m2m": {"photo": []}}, {"condition": {"id": 4242}, "defaults": {"site_id": 71, "judul": "VISI DAN MISI", "isi_halaman": "<p style=\"text-align:center\"><span style=\"font-size:16px\"><strong>VISI</strong></span></p>\r\n\r\n<p>&quot; TERWUJUDNYA KELURAHAN GERUNG SELATAN YANG BERIMAN ( Bersih, Indah dan Mandiri ) MENUJU MASYARAKAT YANG AMAN,SEJAHTERA DAN RELEGIUS &quot;</p>\r\n\r\n<p style=\"text-align:center\"><span style=\"font-size:16px\"><strong>MISI</strong></span></p>\r\n\r\n<p>1. Meningkatkan pola hidup bersih dan sehat</p>\r\n\r\n<p>2. Meningkatkan pendidikan dan keterampilan masyarakat</p>\r\n\r\n<p>3. Meningkatkan pemahaman dan pengamalan agama</p>\r\n\r\n<p>4. Meningkatkan dan memajukan usaha perekonomian masyarakat</p>\r\n\r\n<p>5. Meningkatkan sarana dan prasarana kelurahan</p>\r\n\r\n<p>6. Meningkatkan SDM bagi aparat kelurahan dan masyarakat</p>\r\n\r\n<p style=\"text-align:center\"><span style=\"font-size:16px\"><strong>MOTTO</strong></span></p>\r\n\r\n<p>MARI BERSAMA KITA WUJUDKAN KELURAHAN GERUNG SELATAN MENUJU KELURAHAN BERIMAN ( Bersih, Indah dan Mandiri</p>\r\n\r\n<p>Bersih : Melayani masyarakat dengan sepenuh hati, ramah dan profesional tanpa membebani dan mempersulit masyarakat serta mengutamakan tertib administrasi sesuai ketentuan</p>\r\n\r\n<p>Indah : Menciptakan suasana kerja dan lingkungan yang indah, harmonis dan selalu berprestasi.</p>\r\n\r\n<p>Mandiri : Mengupayakan segala potensi dan sumber daya yang dimiliki secara optimal dan tercapainya kesejahteraan masyarakat dengan meningkatkan keimanan dan ketaqwaan masyarakat</p>", "view_count": 317, "menu_id": 43, "admin_id": 100, "created_at": "2022-07-08T10:21:22.414Z", "updated_at": "2024-07-06T19:23:35.666Z", "is_edited": true}, "m2m": {"photo": []}}, {"condition": {"id": 4243}, "defaults": {"site_id": 71, "judul": "Hubungi Kami", "isi_halaman": "<p><strong>Alamat :&nbsp;Jl. Selaparang No.4, Gerung Selatan, Kec Gerung, Kab Lombok Barat</strong></p>\r\n\r\n<p><strong>Kode Post:&nbsp;83363.</strong></p>\r\n\r\n<p><strong>Email : gerungselatan@lombokbaratkab.go.id</strong></p>\r\n\r\n<p><strong>Telp :&nbsp;081805744155</strong><br />\r\n&nbsp;</p>", "view_count": 279, "menu_id": 41, "admin_id": 100, "created_at": "2022-07-08T10:30:12.654Z", "updated_at": "2024-07-10T02:35:35.747Z", "is_edited": true}, "m2m": {"photo": []}}, {"condition": {"id": 4244}, "defaults": {"site_id": 71, "judul": "TUGAS DAN FUNGSI", "isi_halaman": "<p><span style=\"font-size:24px\"><span style=\"font-family:Times New Roman,Times,serif\"><strong>Lurah Gerung Selatan</strong></span></span></p>\r\n\r\n<p><span style=\"font-size:12pt\"><span style=\"font-family:Cambria,serif\"><strong><span style=\"font-family:&quot;Times New Roman&quot;,serif\">TUGAS POKOK</span></strong>&nbsp;: <span style=\"font-family:&quot;Times New Roman&quot;,serif\">M</span><span style=\"font-family:&quot;Times New Roman&quot;,serif\">enyelenggarakan urusan pemerintahan, pembangunan dan kemasyarakatan, melaksanakan urusan pemerintahan yang dilimpahkan oleh Bupati disesuaikan dengan kebutuhan kelurahan dengan memperhatikan prinsip efisiensi dan peningkatan akuntabilitas.</span></span></span></p>\r\n\r\n<p><span style=\"font-size:12pt\"><span style=\"font-family:&quot;Times New Roman&quot;,serif\"><strong>FUNGSI</strong>&nbsp;</span></span></p>\r\n\r\n<ul>\r\n\t<li><span style=\"font-size:12pt\"><span style=\"font-family:&quot;Times New Roman&quot;,serif\">pelaksanaan kegiatan pemerintahan kelurahan;</span></span></li>\r\n\t<li><span style=\"font-size:12pt\"><span style=\"font-family:&quot;Times New Roman&quot;,serif\">pemberdayaan masyarakat;</span></span></li>\r\n\t<li><span style=\"font-size:12pt\"><span style=\"font-family:&quot;Times New Roman&quot;,serif\">pelayanan masyarakat;</span></span></li>\r\n\t<li><span style=\"font-size:12pt\"><span style=\"font-family:&quot;Times New Roman&quot;,serif\">penyelenggaraan ketentraman dan ketertiban umum;</span></span></li>\r\n\t<li><span style=\"font-size:12pt\"><span style=\"font-family:&quot;Times New Roman&quot;,serif\">pemeliharaan prasarana dan fasilitas pelayanan umum;</span></span></li>\r\n\t<li><span style=\"font-size:12pt\"><span style=\"font-family:&quot;Times New Roman&quot;,serif\">pembinaan lembaga kemasyarakatan; dan&nbsp;</span></span><span style=\"font-size:12.0pt\"><span style=\"font-family:&quot;Times New Roman&quot;,serif\">pelaksanaan fungsi lain yang diberikan oleh atasan sesuai dengan tugasnya.</span></span></li>\r\n</ul>\r\n\r\n<p><span style=\"font-size:24px\"><strong><span style=\"font-family:&quot;Times New Roman&quot;,serif\">Sekretaris Lurah</span></strong></span></p>\r\n\r\n<p><span style=\"font-size:12pt\"><span style=\"font-family:&quot;Times New Roman&quot;,serif\"><strong>TUGAS POKOK</strong>&nbsp;: Melakukan pembinaan administrasi dan memberikan pelayanan teknis administrasi kepada seluruh satuan organisasi pemerintah Kelurahan.</span></span></p>\r\n\r\n<p><span style=\"font-size:12pt\"><span style=\"font-family:&quot;Times New Roman&quot;,serif\"><strong>FUNGSI</strong>&nbsp;</span></span></p>\r\n\r\n<ul>\r\n\t<li><span style=\"font-size:12pt\"><span style=\"font-family:&quot;Times New Roman&quot;,serif\">penyusunan rencana, pengendalian dan mengevaluasi pelaksanaannya;</span></span></li>\r\n\t<li><span style=\"font-size:12pt\"><span style=\"font-family:&quot;Times New Roman&quot;,serif\">pelaksanaan urusan administrasi keuangan;</span></span></li>\r\n\t<li><span style=\"font-size:12pt\"><span style=\"font-family:&quot;Times New Roman&quot;,serif\">pelaksanaan urusan tata usaha, administrasi kepegawaian, perlengkapan dan rumah tangga; dan</span></span></li>\r\n\t<li><span style=\"font-size:12pt\"><span style=\"font-family:&quot;Times New Roman&quot;,serif\">pelaksanaan fungsi lain yang diberikan oleh Lurah sesuai dengan tugasnya.</span></span></li>\r\n</ul>\r\n\r\n<p style=\"text-align:justify\"><span style=\"font-size:24px\"><strong><span style=\"font-family:&quot;Times New Roman&quot;,serif\">Kasi Pemerintahan</span></strong></span></p>\r\n\r\n<p style=\"text-align:justify\"><span style=\"font-size:12pt\"><span style=\"font-family:&quot;Times New Roman&quot;,serif\"><strong>TUGAS POKOK&nbsp;</strong>: Melakukan urusan pemerintahan umum dan Kelurahan, administrasi&nbsp; pertanahan, administrasi kependudukan dan pembinaan politik dalam negeri serta perlindungan masyarakat<strong> </strong></span></span></p>\r\n\r\n<p style=\"text-align:justify\"><span style=\"font-size:12pt\"><span style=\"font-family:&quot;Times New Roman&quot;,serif\"><strong>FUNGSI</strong>&nbsp;</span></span></p>\r\n\r\n<ul>\r\n\t<li style=\"text-align:justify\"><span style=\"font-size:12pt\"><span style=\"font-family:&quot;Times New Roman&quot;,serif\">penyusunan program kerja dan pembinaan penyelenggaraan pemerintahan umum dan&nbsp; &nbsp; desa/Kelurahan serta administrasi pertanahan;</span></span></li>\r\n\t<li style=\"text-align:justify\"><span style=\"font-size:12pt\"><span style=\"font-family:&quot;Times New Roman&quot;,serif\">penyusunan program kerja dan pembinaan administrasi kependudukan dan catatan sipil; dan</span></span></li>\r\n\t<li style=\"text-align:justify\"><span style=\"font-size:12pt\"><span style=\"font-family:&quot;Times New Roman&quot;,serif\">penyusunan program kerja dan pembinaan kegiatan sosial politik, ideologi negara dan kesatuan bangsa serta perlindungan masyarakat;</span></span></li>\r\n\t<li style=\"text-align:justify\"><span style=\"font-size:12pt\"><span style=\"font-family:&quot;Times New Roman&quot;,serif\">pelaksanaan fungsi lain yang diberikan oleh Lurah sesuai dengan tugasnya.</span></span></li>\r\n</ul>\r\n\r\n<p style=\"text-align:justify\"><span style=\"font-size:24px\"><strong><span style=\"font-family:&quot;Times New Roman&quot;,serif\">Kasi Kesejahteraan Sosial</span></strong></span></p>\r\n\r\n<p style=\"text-align:justify\"><span style=\"font-size:12pt\"><span style=\"font-family:&quot;Times New Roman&quot;,serif\"><strong>TUGAS POKOK</strong>&nbsp;&nbsp;: Mengkoordinasikan penyusunan program dan melaksanakan pembinaan kesejahteraan social.</span></span></p>\r\n\r\n<p style=\"text-align:justify\"><span style=\"font-size:12pt\"><span style=\"font-family:&quot;Times New Roman&quot;,serif\"><strong>FUNGSI</strong>&nbsp;</span></span></p>\r\n\r\n<ul>\r\n\t<li style=\"text-align:justify\"><span style=\"font-size:12pt\"><span style=\"font-family:&quot;Times New Roman&quot;,serif\">Penyusunan program kerja, pembinaan pelayanan dan bantuan social, pembinaan kepemudaan, peranan wanita dan olahraga;</span></span></li>\r\n\t<li style=\"text-align:justify\"><span style=\"font-size:12pt\"><span style=\"font-family:&quot;Times New Roman&quot;,serif\">Penyusunan program kerja dan pembinaan kehidupan keagamaan, pendidikan, kebudayaan serta dan kesejahteraan masyarakat;</span></span></li>\r\n\t<li style=\"text-align:justify\"><span style=\"font-size:12pt\"><span style=\"font-family:&quot;Times New Roman&quot;,serif\">Pelaksanaan fungsi lain yang diberikan oleh Lurah sesuai dengan tugasnya.</span></span></li>\r\n</ul>\r\n\r\n<p style=\"text-align:justify\"><span style=\"font-size:24px\"><span style=\"font-family:Times New Roman,Times,serif\"><strong>Kasi Ekonomi dan Pembangunan</strong></span></span></p>\r\n\r\n<p style=\"text-align:justify\"><span style=\"font-size:12pt\"><span style=\"font-family:&quot;Times New Roman&quot;,serif\"><strong>TUGAS POKOK</strong>&nbsp;: Mempunyai tugas melakukan pembinaan pembangunan di bidang perekonomian desa/kelurahan, produksi dan distribusi, serta pembinaan lingkungan hidup.</span></span></p>\r\n\r\n<p style=\"text-align:justify\"><span style=\"font-size:12pt\"><span style=\"font-family:&quot;Times New Roman&quot;,serif\"><strong>FUNGSI</strong>&nbsp;&nbsp;</span></span></p>\r\n\r\n<ul>\r\n\t<li style=\"text-align:justify\"><span style=\"font-size:12pt\"><span style=\"font-family:&quot;Times New Roman&quot;,serif\">Penyusunan program kerja dan pembinaan perekonomian masyarakat desa/kelurahan, produksi dan distribusi;</span></span></li>\r\n\t<li style=\"text-align:justify\"><span style=\"font-size:12pt\"><span style=\"font-family:&quot;Times New Roman&quot;,serif\">Penyusunan program kerja dan pembinaan lingkungan hidup; dan</span></span></li>\r\n\t<li style=\"text-align:justify\"><span style=\"font-size:12pt\"><span style=\"font-family:&quot;Times New Roman&quot;,serif\">Pelaksanaan fungsi lain yang diberikan oleh Lurah sesuai dengan tugasnya.</span></span></li>\r\n</ul>\r\n\r\n<p style=\"text-align:justify\"><span style=\"font-size:24px\"><strong><span style=\"font-family:&quot;Times New Roman&quot;,serif\">Kasi Ketertiban dan Keamanan</span></strong></span></p>\r\n\r\n<p style=\"text-align:justify\"><span style=\"font-size:12pt\"><span style=\"font-family:&quot;Times New Roman&quot;,serif\"><strong>TUGAS POKOK</strong>&nbsp;&nbsp;: Mempunyai tugas melakukan pembinaan ketertiban wilayah..</span></span></p>\r\n\r\n<p style=\"text-align:justify\"><span style=\"font-size:12pt\"><span style=\"font-family:&quot;Times New Roman&quot;,serif\"><strong>FUNGSI</strong>&nbsp;&nbsp;</span></span></p>\r\n\r\n<ul>\r\n\t<li style=\"text-align:justify\"><span style=\"font-size:12pt\"><span style=\"font-family:&quot;Times New Roman&quot;,serif\">Penyusunan rencana dan program kerja pada Seksi &nbsp;Ketentraman dan Ketertiban;</span></span></li>\r\n\t<li style=\"text-align:justify\"><span style=\"font-size:12pt\"><span style=\"font-family:&quot;Times New Roman&quot;,serif\">Penyelenggaraan pembinaan ketentraman serta ketertiban &nbsp;ketertiban umum wilayah; dan</span></span></li>\r\n\t<li style=\"text-align:justify\"><span style=\"font-size:12pt\"><span style=\"font-family:&quot;Times New Roman&quot;,serif\">Pelaksanaan fungsi lain yang diberikan oleh Lurah &nbsp;sesuai dengan tugasnya.</span></span></li>\r\n</ul>", "view_count": 268, "menu_id": 44, "admin_id": 100, "created_at": "2022-07-08T10:38:46.645Z", "updated_at": "2024-07-10T02:37:35.854Z", "is_edited": true}, "m2m": {"photo": []}}, {"condition": {"id": 4245}, "defaults": {"site_id": 71, "judul": "STRUKTUR ORGANISASI", "isi_halaman": "<p><img alt=\"\" src=\"/media/uploads/gerungselatanlobar/2022/07/08/whatsapp-image-2022-07-08-at-103918.jpeg\" style=\"height:1033px; width:1600px\" /></p>", "view_count": 410, "menu_id": 45, "admin_id": 100, "created_at": "2022-07-08T10:38:48.522Z", "updated_at": "2024-07-06T23:40:48.267Z", "is_edited": true}, "m2m": {"photo": []}}, {"condition": {"id": 4246}, "defaults": {"site_id": 71, "judul": "PROFIL PEJABAT STRUKTURAL", "isi_halaman": "<p><img src=\"/media/uploads/gerungselatanlobar/2022/07/12/image.png\" style=\"height:681px; width:398px\" /></p>\r\n\r\n<p><strong>Baiq Tria Rurin Prihatini,. S.STP<br />\r\nGolongan III/c<br />\r\nLurah Gerung Selatan</strong></p>", "view_count": 573, "menu_id": 46, "admin_id": 100, "created_at": "2022-07-08T10:52:36.329Z", "updated_at": "2024-07-11T15:25:58.008Z", "is_edited": true}, "m2m": {"photo": []}}, {"condition": {"id": 50063}, "defaults": {"site_id": 71, "judul": "Pelayanan Terpadu", "isi_halaman": "Informasi tentang \"Pelayanan Terpadu\". Silahkan update di halaman <a target=\"_blank\" href=\"/dashboard/halaman-statis/\">Dashboard.<a><br><br><br><br>\"Halaman ini dibuat otomatis oleh sistem, karena halaman statis untuk menu ini belum dibuat. <br>Silahkan lakukan update di halaman statis.\"", "view_count": 8, "menu_id": 838, "admin_id": null, "created_at": "2024-06-11T17:36:57.130Z", "updated_at": "2024-07-07T19:28:10.923Z", "is_edited": false}, "m2m": {"photo": []}}, {"condition": {"id": 50066}, "defaults": {"site_id": 71, "judul": "Maklumat Pelayanan", "isi_halaman": "Informasi tentang \"Maklumat Pelayanan\". Silahkan update di halaman <a target=\"_blank\" href=\"/dashboard/halaman-statis/\">Dashboard.<a><br><br><br><br>\"Halaman ini dibuat otomatis oleh sistem, karena halaman statis untuk menu ini belum dibuat. <br>Silahkan lakukan update di halaman statis.\"", "view_count": 8, "menu_id": 831, "admin_id": null, "created_at": "2024-06-11T17:46:38.635Z", "updated_at": "2024-07-10T02:34:51.367Z", "is_edited": false}, "m2m": {"photo": []}}, {"condition": {"id": 50069}, "defaults": {"site_id": 71, "judul": "Penilaian Kinerja", "isi_halaman": "Informasi tentang \"Penilaian Kinerja\". Silahkan update di halaman <a target=\"_blank\" href=\"/dashboard/halaman-statis/\">Dashboard.<a><br><br><br><br>\"Halaman ini dibuat otomatis oleh sistem, karena halaman statis untuk menu ini belum dibuat. <br>Silahkan lakukan update di halaman statis.\"", "view_count": 3, "menu_id": 835, "admin_id": null, "created_at": "2024-06-11T17:51:01.531Z", "updated_at": "2024-06-21T19:30:57.103Z", "is_edited": false}, "m2m": {"photo": []}}, {"condition": {"id": 50120}, "defaults": {"site_id": 71, "judul": "Sarana dan Prasarana Fasilitas", "isi_halaman": "Informasi tentang \"Sarana dan Prasarana Fasilitas\". Silahkan update di halaman <a target=\"_blank\" href=\"/dashboard/halaman-statis/\">Dashboard.<a><br><br><br><br>\"Halaman ini dibuat otomatis oleh sistem, karena halaman statis untuk menu ini belum dibuat. <br>Silahkan lakukan update di halaman statis.\"", "view_count": 8, "menu_id": 837, "admin_id": null, "created_at": "2024-06-12T07:06:17.550Z", "updated_at": "2024-07-05T12:52:02.767Z", "is_edited": false}, "m2m": {"photo": []}}, {"condition": {"id": 50394}, "defaults": {"site_id": 71, "judul": "Pelayanan Khusus", "isi_halaman": "Informasi tentang \"Pelayanan Khusus\". Silahkan update di halaman <a target=\"_blank\" href=\"/dashboard/halaman-statis/\">Dashboard.<a><br><br><br><br>\"Halaman ini dibuat otomatis oleh sistem, karena halaman statis untuk menu ini belum dibuat. <br>Silahkan lakukan update di halaman statis.\"", "view_count": 7, "menu_id": 834, "admin_id": null, "created_at": "2024-06-14T17:18:41.753Z", "updated_at": "2024-07-10T02:38:03.754Z", "is_edited": false}, "m2m": {"photo": []}}, {"condition": {"id": 50455}, "defaults": {"site_id": 71, "judul": "SK PENUNJUKAN PETUGAS PENGELOLA PENGADUAN", "isi_halaman": "Informasi tentang \"SK PENUNJUKAN PETUGAS PENGELOLA PENGADUAN\". Silahkan update di halaman <a target=\"_blank\" href=\"/dashboard/halaman-statis/\">Dashboard.<a><br><br><br><br>\"Halaman ini dibuat otomatis oleh sistem, karena halaman statis untuk menu ini belum dibuat. <br>Silahkan lakukan update di halaman statis.\"", "view_count": 5, "menu_id": 575, "admin_id": null, "created_at": "2024-06-15T03:02:06.373Z", "updated_at": "2024-07-01T13:32:40.549Z", "is_edited": false}, "m2m": {"photo": []}}, {"condition": {"id": 50465}, "defaults": {"site_id": 71, "judul": "Jenis Layanan", "isi_halaman": "Informasi tentang \"Jenis Layanan\". Silahkan update di halaman <a target=\"_blank\" href=\"/dashboard/halaman-statis/\">Dashboard.<a><br><br><br><br>\"Halaman ini dibuat otomatis oleh sistem, karena halaman statis untuk menu ini belum dibuat. <br>Silahkan lakukan update di halaman statis.\"", "view_count": 8, "menu_id": 898, "admin_id": null, "created_at": "2024-06-15T04:05:39.080Z", "updated_at": "2024-07-08T17:58:54.320Z", "is_edited": false}, "m2m": {"photo": []}}, {"condition": {"id": 50469}, "defaults": {"site_id": 71, "judul": "Rekognisi", "isi_halaman": "Informasi tentang \"Rekognisi\". Silahkan update di halaman <a target=\"_blank\" href=\"/dashboard/halaman-statis/\">Dashboard.<a><br><br><br><br>\"Halaman ini dibuat otomatis oleh sistem, karena halaman statis untuk menu ini belum dibuat. <br>Silahkan lakukan update di halaman statis.\"", "view_count": 7, "menu_id": 839, "admin_id": null, "created_at": "2024-06-15T04:50:46.694Z", "updated_at": "2024-07-12T00:38:27.271Z", "is_edited": false}, "m2m": {"photo": []}}, {"condition": {"id": 50600}, "defaults": {"site_id": 71, "judul": "Atribut", "isi_halaman": "Informasi tentang \"Atribut\". Silahkan update di halaman <a target=\"_blank\" href=\"/dashboard/halaman-statis/\">Dashboard.<a><br><br><br><br>\"Halaman ini dibuat otomatis oleh sistem, karena halaman statis untuk menu ini belum dibuat. <br>Silahkan lakukan update di halaman statis.\"", "view_count": 8, "menu_id": 836, "admin_id": null, "created_at": "2024-06-17T16:35:56.024Z", "updated_at": "2024-07-01T13:32:26.255Z", "is_edited": false}, "m2m": {"photo": []}}, {"condition": {"id": 50629}, "defaults": {"site_id": 71, "judul": "Visi-Misi dan Motto Pelayanan", "isi_halaman": "Informasi tentang \"Visi-Misi dan Motto Pelayanan\". Silahkan update di halaman <a target=\"_blank\" href=\"/dashboard/halaman-statis/\">Dashboard.<a><br><br><br><br>\"Halaman ini dibuat otomatis oleh sistem, karena halaman statis untuk menu ini belum dibuat. <br>Silahkan lakukan update di halaman statis.\"", "view_count": 10, "menu_id": 97, "admin_id": null, "created_at": "2024-06-18T08:55:15.530Z", "updated_at": "2024-07-10T02:36:05.872Z", "is_edited": false}, "m2m": {"photo": []}}, {"condition": {"id": 51000}, "defaults": {"site_id": 71, "judul": "Penilaian kinerja", "isi_halaman": "Informasi tentang \"Penilaian kinerja\". Silahkan update di halaman <a target=\"_blank\" href=\"/dashboard/halaman-statis/\">Dashboard.<a><br><br><br><br>\"Halaman ini dibuat otomatis oleh sistem, karena halaman statis untuk menu ini belum dibuat. <br>Silahkan lakukan update di halaman statis.\"", "view_count": 3, "menu_id": 1086, "admin_id": null, "created_at": "2024-06-25T20:16:09.682Z", "updated_at": "2024-07-10T21:15:47.981Z", "is_edited": false}, "m2m": {"photo": []}}, {"condition": {"id": 51101}, "defaults": {"site_id": 71, "judul": "Jadwal Dan Jam Pelayanan", "isi_halaman": "Informasi tentang \"Jadwal Dan Jam Pelayanan\". Silahkan update di halaman <a target=\"_blank\" href=\"/dashboard/halaman-statis/\">Dashboard.<a><br><br><br><br>\"Halaman ini dibuat otomatis oleh sistem, karena halaman statis untuk menu ini belum dibuat. <br>Silahkan lakukan update di halaman statis.\"", "view_count": 1, "menu_id": 917, "admin_id": null, "created_at": "2024-06-29T13:13:05.245Z", "updated_at": "2024-06-29T13:13:05.680Z", "is_edited": false}, "m2m": {"photo": []}}]