[{"condition": {"id": 49965}, "defaults": {"site_id": 69, "judul": "Maklumat Pelayanan", "isi_halaman": "Informasi tentang \"Maklumat Pelayanan\". Silahkan update di halaman <a target=\"_blank\" href=\"/dashboard/halaman-statis/\">Dashboard.<a><br><br><br><br>\"Halaman ini dibuat otomatis oleh sistem, karena halaman statis untuk menu ini belum dibuat. <br>Silahkan lakukan update di halaman statis.\"", "view_count": 9, "menu_id": 831, "admin_id": null, "created_at": "2024-06-11T16:06:42.801Z", "updated_at": "2024-07-08T18:12:34.104Z", "is_edited": false}, "m2m": {"photo": []}}, {"condition": {"id": 50194}, "defaults": {"site_id": 69, "judul": "Sarana dan Prasarana Fasilitas", "isi_halaman": "Informasi tentang \"Sarana dan Prasarana Fasilitas\". Silahkan update di halaman <a target=\"_blank\" href=\"/dashboard/halaman-statis/\">Dashboard.<a><br><br><br><br>\"Halaman ini dibuat otomatis oleh sistem, karena halaman statis untuk menu ini belum dibuat. <br>Silahkan lakukan update di halaman statis.\"", "view_count": 10, "menu_id": 837, "admin_id": null, "created_at": "2024-06-13T15:42:54.323Z", "updated_at": "2024-07-10T00:43:08.279Z", "is_edited": false}, "m2m": {"photo": []}}, {"condition": {"id": 50316}, "defaults": {"site_id": 69, "judul": "Profil Pejabat Struktural", "isi_halaman": "Informasi tentang \"Profil Pejabat Struktural\". Silahkan update di halaman <a target=\"_blank\" href=\"/dashboard/halaman-statis/\">Dashboard.<a><br><br><br><br>\"Halaman ini dibuat otomatis oleh sistem, karena halaman statis untuk menu ini belum dibuat. <br>Silahkan lakukan update di halaman statis.\"", "view_count": 16, "menu_id": 1043, "admin_id": null, "created_at": "2024-06-14T04:23:07.666Z", "updated_at": "2024-07-11T23:10:14.941Z", "is_edited": false}, "m2m": {"photo": []}}, {"condition": {"id": 50396}, "defaults": {"site_id": 69, "judul": "SK PENUNJUKAN PETUGAS PENGELOLA PENGADUAN", "isi_halaman": "Informasi tentang \"SK PENUNJUKAN PETUGAS PENGELOLA PENGADUAN\". Silahkan update di halaman <a target=\"_blank\" href=\"/dashboard/halaman-statis/\">Dashboard.<a><br><br><br><br>\"Halaman ini dibuat otomatis oleh sistem, karena halaman statis untuk menu ini belum dibuat. <br>Silahkan lakukan update di halaman statis.\"", "view_count": 7, "menu_id": 575, "admin_id": null, "created_at": "2024-06-14T17:55:39.771Z", "updated_at": "2024-07-10T00:42:34.225Z", "is_edited": false}, "m2m": {"photo": []}}, {"condition": {"id": 50467}, "defaults": {"site_id": 69, "judul": "TENTANG", "isi_halaman": "Informasi tentang \"TENTANG\". Silahkan update di halaman <a target=\"_blank\" href=\"/dashboard/halaman-statis/\">Dashboard.<a><br><br><br><br>\"Halaman ini dibuat otomatis oleh sistem, karena halaman statis untuk menu ini belum dibuat. <br>Silahkan lakukan update di halaman statis.\"", "view_count": 11, "menu_id": 527, "admin_id": null, "created_at": "2024-06-15T04:34:24.612Z", "updated_at": "2024-07-10T00:43:33.218Z", "is_edited": false}, "m2m": {"photo": []}}, {"condition": {"id": 50514}, "defaults": {"site_id": 69, "judul": "Atribut", "isi_halaman": "Informasi tentang \"Atribut\". Silahkan update di halaman <a target=\"_blank\" href=\"/dashboard/halaman-statis/\">Dashboard.<a><br><br><br><br>\"Halaman ini dibuat otomatis oleh sistem, karena halaman statis untuk menu ini belum dibuat. <br>Silahkan lakukan update di halaman statis.\"", "view_count": 9, "menu_id": 836, "admin_id": null, "created_at": "2024-06-15T22:11:27.727Z", "updated_at": "2024-07-10T00:43:35.213Z", "is_edited": false}, "m2m": {"photo": []}}, {"condition": {"id": 50533}, "defaults": {"site_id": 69, "judul": "Visi dan Misi", "isi_halaman": "Informasi tentang \"Visi dan Misi\". Silahkan update di halaman <a target=\"_blank\" href=\"/dashboard/halaman-statis/\">Dashboard.<a><br><br><br><br>\"Halaman ini dibuat otomatis oleh sistem, karena halaman statis untuk menu ini belum dibuat. <br>Silahkan lakukan update di halaman statis.\"", "view_count": 9, "menu_id": 1013, "admin_id": null, "created_at": "2024-06-16T02:53:05.202Z", "updated_at": "2024-07-10T00:43:26.952Z", "is_edited": false}, "m2m": {"photo": []}}, {"condition": {"id": 50554}, "defaults": {"site_id": 69, "judul": "Tugas dan Fungsi", "isi_halaman": "Informasi tentang \"Tugas dan Fungsi\". Silahkan update di halaman <a target=\"_blank\" href=\"/dashboard/halaman-statis/\">Dashboard.<a><br><br><br><br>\"Halaman ini dibuat otomatis oleh sistem, karena halaman statis untuk menu ini belum dibuat. <br>Silahkan lakukan update di halaman statis.\"", "view_count": 9, "menu_id": 812, "admin_id": null, "created_at": "2024-06-16T20:00:15.221Z", "updated_at": "2024-07-08T18:12:59.666Z", "is_edited": false}, "m2m": {"photo": []}}, {"condition": {"id": 50578}, "defaults": {"site_id": 69, "judul": "Struktur Organisasi", "isi_halaman": "Informasi tentang \"Struktur Organisasi\". Silahkan update di halaman <a target=\"_blank\" href=\"/dashboard/halaman-statis/\">Dashboard.<a><br><br><br><br>\"Halaman ini dibuat otomatis oleh sistem, karena halaman statis untuk menu ini belum dibuat. <br>Silahkan lakukan update di halaman statis.\"", "view_count": 9, "menu_id": 813, "admin_id": null, "created_at": "2024-06-17T09:53:44.134Z", "updated_at": "2024-07-10T00:43:23.210Z", "is_edited": false}, "m2m": {"photo": []}}, {"condition": {"id": 50715}, "defaults": {"site_id": 69, "judul": "Pelayanan Terpadu", "isi_halaman": "Informasi tentang \"Pelayanan Terpadu\". Silahkan update di halaman <a target=\"_blank\" href=\"/dashboard/halaman-statis/\">Dashboard.<a><br><br><br><br>\"Halaman ini dibuat otomatis oleh sistem, karena halaman statis untuk menu ini belum dibuat. <br>Silahkan lakukan update di halaman statis.\"", "view_count": 9, "menu_id": 838, "admin_id": null, "created_at": "2024-06-20T15:42:17.047Z", "updated_at": "2024-07-10T22:38:10.187Z", "is_edited": false}, "m2m": {"photo": []}}, {"condition": {"id": 50725}, "defaults": {"site_id": 69, "judul": "Hubungi Kami", "isi_halaman": "Informasi tentang \"Hubungi Kami\". Silahkan update di halaman <a target=\"_blank\" href=\"/dashboard/halaman-statis/\">Dashboard.<a><br><br><br><br>\"Halaman ini dibuat otomatis oleh sistem, karena halaman statis untuk menu ini belum dibuat. <br>Silahkan lakukan update di halaman statis.\"", "view_count": 9, "menu_id": 41, "admin_id": null, "created_at": "2024-06-20T19:20:46.040Z", "updated_at": "2024-07-08T18:12:25.783Z", "is_edited": false}, "m2m": {"photo": []}}, {"condition": {"id": 50763}, "defaults": {"site_id": 69, "judul": "Rekognisi", "isi_halaman": "Informasi tentang \"Rekognisi\". Silahkan update di halaman <a target=\"_blank\" href=\"/dashboard/halaman-statis/\">Dashboard.<a><br><br><br><br>\"Halaman ini dibuat otomatis oleh sistem, karena halaman statis untuk menu ini belum dibuat. <br>Silahkan lakukan update di halaman statis.\"", "view_count": 9, "menu_id": 839, "admin_id": null, "created_at": "2024-06-21T08:34:46.636Z", "updated_at": "2024-07-10T00:43:24.873Z", "is_edited": false}, "m2m": {"photo": []}}, {"condition": {"id": 50777}, "defaults": {"site_id": 69, "judul": "Visi-Misi dan Motto Pelayanan", "isi_halaman": "Informasi tentang \"Visi-Misi dan Motto Pelayanan\". Silahkan update di halaman <a target=\"_blank\" href=\"/dashboard/halaman-statis/\">Dashboard.<a><br><br><br><br>\"Halaman ini dibuat otomatis oleh sistem, karena halaman statis untuk menu ini belum dibuat. <br>Silahkan lakukan update di halaman statis.\"", "view_count": 9, "menu_id": 97, "admin_id": null, "created_at": "2024-06-21T17:57:46.219Z", "updated_at": "2024-07-10T18:06:26.254Z", "is_edited": false}, "m2m": {"photo": []}}, {"condition": {"id": 50797}, "defaults": {"site_id": 69, "judul": "Penilaian Kinerja", "isi_halaman": "Informasi tentang \"Penilaian Kinerja\". Silahkan update di halaman <a target=\"_blank\" href=\"/dashboard/halaman-statis/\">Dashboard.<a><br><br><br><br>\"Halaman ini dibuat otomatis oleh sistem, karena halaman statis untuk menu ini belum dibuat. <br>Silahkan lakukan update di halaman statis.\"", "view_count": 4, "menu_id": 835, "admin_id": null, "created_at": "2024-06-21T22:47:43.080Z", "updated_at": "2024-06-25T06:21:08.148Z", "is_edited": false}, "m2m": {"photo": []}}, {"condition": {"id": 50935}, "defaults": {"site_id": 69, "judul": "Jenis Layanan", "isi_halaman": "Informasi tentang \"Jenis Layanan\". Silahkan update di halaman <a target=\"_blank\" href=\"/dashboard/halaman-statis/\">Dashboard.<a><br><br><br><br>\"Halaman ini dibuat otomatis oleh sistem, karena halaman statis untuk menu ini belum dibuat. <br>Silahkan lakukan update di halaman statis.\"", "view_count": 8, "menu_id": 898, "admin_id": null, "created_at": "2024-06-23T15:10:47.959Z", "updated_at": "2024-07-10T00:42:54.411Z", "is_edited": false}, "m2m": {"photo": []}}, {"condition": {"id": 50940}, "defaults": {"site_id": 69, "judul": "Pelayanan Khusus", "isi_halaman": "Informasi tentang \"Pelayanan Khusus\". Silahkan update di halaman <a target=\"_blank\" href=\"/dashboard/halaman-statis/\">Dashboard.<a><br><br><br><br>\"Halaman ini dibuat otomatis oleh sistem, karena halaman statis untuk menu ini belum dibuat. <br>Silahkan lakukan update di halaman statis.\"", "view_count": 9, "menu_id": 834, "admin_id": null, "created_at": "2024-06-23T19:53:39.387Z", "updated_at": "2024-07-10T00:43:40.963Z", "is_edited": false}, "m2m": {"photo": []}}, {"condition": {"id": 51083}, "defaults": {"site_id": 69, "judul": "Penilaian kinerja", "isi_halaman": "Informasi tentang \"Penilaian kinerja\". Silahkan update di halaman <a target=\"_blank\" href=\"/dashboard/halaman-statis/\">Dashboard.<a><br><br><br><br>\"Halaman ini dibuat otomatis oleh sistem, karena halaman statis untuk menu ini belum dibuat. <br>Silahkan lakukan update di halaman statis.\"", "view_count": 6, "menu_id": 1086, "admin_id": null, "created_at": "2024-06-28T08:22:57.556Z", "updated_at": "2024-07-10T05:39:20.302Z", "is_edited": false}, "m2m": {"photo": []}}]