[{"condition": {"id": 45}, "defaults": {"nama": "Baiq Tria Rurin Prihatini, S.STP", "jabatan": "Lurah Gerung selatan", "jabatan_index": "4", "photo_id": 2528, "admin_id": 100, "is_default": false, "created_at": "2022-07-08T10:02:35.677Z", "updated_at": "2022-07-12T13:09:55.283Z"}}, {"condition": {"id": 120}, "defaults": {"nama": "H. Ilham", "jabatan": "PJ. BUPATI LOMBOK BARAT", "jabatan_index": "1", "photo_id": 17974, "admin_id": 1, "is_default": true, "created_at": "2023-11-13T02:35:32.217Z", "updated_at": "2024-04-24T03:30:26.760Z"}}]