[{"condition": {"id": 78}, "defaults": {"nama": "RIYANTO HARJO ILYAS, S.STP", "jabatan": "LURAH GERUNG UTARA", "jabatan_index": "4", "photo_id": 4474, "admin_id": 99, "is_default": false, "created_at": "2022-08-19T23:20:50.691Z", "updated_at": "2022-08-19T23:20:50.691Z"}}, {"condition": {"id": 120}, "defaults": {"nama": "H. Ilham", "jabatan": "PJ. BUPATI LOMBOK BARAT", "jabatan_index": "1", "photo_id": 17974, "admin_id": 1, "is_default": true, "created_at": "2023-11-13T02:35:32.217Z", "updated_at": "2024-04-24T03:30:26.760Z"}}]