[{"condition": {"id": 326}, "defaults": {"site_id": 70, "admin_id": 99, "judul": "LAPOR!", "judul_seo": "lapor", "isi_pengumuman": "<p>LAPOR! Layanan Aspirasi dan Penganduan Online Rakyat, untuk masyarakat yang ada di Kelurahan Gerung Utara kalau ada Keluhan, pengaduan atau pertanyaan-pertanyaan mengenai Bansos, pembuatan surat keterangan dan lain-lain bisa melapor melalui link <strong>https;//www.lapor.go.id/</strong>&nbsp;</p>\r\n", "view_count": 954, "share_count": 0, "word_count": 30, "status": "published", "created_at": "2022-11-24T15:04:10.768Z", "updated_at": "2024-07-08T21:38:03.412Z"}, "m2m": {"photo": [7403]}}, {"condition": {"id": 667}, "defaults": {"site_id": 70, "admin_id": 99, "judul": "Masyarakat KTP Lobar Tak Perlu Pikirkan Biaya Berobat", "judul_seo": "masyarakat-ktp-lobar-tak-perlu-pikirkan-biaya-berobat", "isi_pengumuman": "<p>Bulan Oktober Lobar berstatus Universal Health Coverage, Masyarakat KTP Lobar tak perlu lagi pikirkan biaya berobat&nbsp;</p>", "view_count": 1039, "share_count": 0, "word_count": 16, "status": "published", "created_at": "2023-08-24T07:02:23.227Z", "updated_at": "2024-07-09T03:02:24.851Z"}, "m2m": {"photo": [12968]}}]