[{"condition": {"id": 10}, "defaults": {"site_id": 39, "admin_id": 32, "nama": "kegiatan Ulang Tahun Desa Banyu Urip", "nama_seo": "kegiatan-ulang-tahun-desa-banyu-urip-39", "deskripsi": "<p>Kegiatan Ulang Tahun Desa Banyu Urip Kecamatan Gerung yang dirangkai dengan Senam masal bersama yang berlokasi di Jembatan Pelangi .</p>", "lokasi": "Desa Banyu Urip", "tanggal": "2022-07-31", "jam": "08:00:00", "penyelenggara": "Desa Banyu Urip", "dihadiri_oleh": "Ketua  PKK kab.Lobar,Kepala Dinas Pertanian,Diriktur PDAM,Panitia serta Kepala Desa Banyu Urip", "view_count": 0, "status": "published", "created_at": "2022-07-31T19:41:06.374Z", "updated_at": "2022-07-31T19:41:06.374Z"}}]