[{"condition": {"id": 321}, "defaults": {"site_id": 40, "admin_id": 37, "judul": "Kegiatan Donor DarahKecamatan Lembar 24-08-2022 kegiatan Donor Darah di kec Lembar 1", "judul_seo": "kegiatan-donor-darahkecamatan-lembar-24-08-2022-kegiatan-donor-darah-di-kec-lembar-1", "isi_artikel": "<iframe width=\"1049\" height=\"577\" src=\"https://www.youtube.com/embed/LmFSRUu_LiU\" title=\"kegiatan Donor Darah di kec Lembar 2\" frameborder=\"0\" allow=\"accelerometer; autoplay; clipboard-write; encrypted-media; gyroscope; picture-in-picture\" allowfullscreen></iframe>", "view_count": 132, "share_count": 0, "word_count": 0, "status": "published", "created_at": "2022-08-24T12:31:24.293Z", "updated_at": "2024-07-08T10:30:12.526Z"}, "m2m": {"photo": [4670]}}]