[{"condition": {"id": 43}, "defaults": {"site_id": 38, "photo_id": 141, "link": "", "position": "top", "created_at": "2021-05-31T08:33:39.782Z", "updated_at": "2023-11-03T05:23:29.823Z"}}, {"condition": {"id": 44}, "defaults": {"site_id": 38, "photo_id": 142, "link": "", "position": "middle1", "created_at": "2021-05-31T08:34:02.978Z", "updated_at": "2021-05-31T08:34:02.978Z"}}, {"condition": {"id": 45}, "defaults": {"site_id": 38, "photo_id": 143, "link": "", "position": "bottom", "created_at": "2021-05-31T08:34:14.979Z", "updated_at": "2023-11-03T05:23:43.206Z"}}]