[{"condition": {"id": 34}, "defaults": {"site_id": 32, "photo_id": 126, "link": "", "position": "top", "created_at": "2021-05-31T08:21:50.751Z", "updated_at": "2022-08-29T15:15:13.155Z"}}, {"condition": {"id": 35}, "defaults": {"site_id": 32, "photo_id": 127, "link": "", "position": "middle1", "created_at": "2021-05-31T08:22:08.058Z", "updated_at": "2024-01-23T07:11:53.700Z"}}, {"condition": {"id": 36}, "defaults": {"site_id": 32, "photo_id": 128, "link": "", "position": "bottom", "created_at": "2021-05-31T08:22:21.243Z", "updated_at": "2021-05-31T08:22:21.243Z"}}, {"condition": {"id": 135}, "defaults": {"site_id": 32, "photo_id": 2579, "link": "", "position": "middle2", "created_at": "2022-07-11T08:58:03.577Z", "updated_at": "2022-08-29T15:16:17.708Z"}}]