[{"condition": {"id": 31}, "defaults": {"site_id": 35, "photo_id": 121, "link": "", "position": "top", "created_at": "2021-05-31T08:18:33.518Z", "updated_at": "2023-11-03T05:19:34.856Z"}}, {"condition": {"id": 32}, "defaults": {"site_id": 35, "photo_id": 122, "link": "", "position": "middle1", "created_at": "2021-05-31T08:18:55.158Z", "updated_at": "2021-05-31T08:18:55.158Z"}}, {"condition": {"id": 33}, "defaults": {"site_id": 35, "photo_id": 123, "link": "", "position": "bottom", "created_at": "2021-05-31T08:19:12.483Z", "updated_at": "2023-11-03T05:19:47.994Z"}}]