[{"condition": {"id": 49}, "defaults": {"site_id": 39, "photo_id": 150, "link": "", "position": "top", "created_at": "2021-05-31T08:51:11.065Z", "updated_at": "2023-11-03T05:33:47.519Z"}}, {"condition": {"id": 50}, "defaults": {"site_id": 39, "photo_id": 151, "link": "", "position": "bottom", "created_at": "2021-05-31T08:51:32.545Z", "updated_at": "2023-11-03T05:33:58.921Z"}}, {"condition": {"id": 51}, "defaults": {"site_id": 39, "photo_id": 152, "link": "", "position": "middle1", "created_at": "2021-05-31T08:52:02.128Z", "updated_at": "2021-05-31T08:52:02.128Z"}}]