[{"condition": {"id": 37}, "defaults": {"site_id": 36, "photo_id": 131, "link": "", "position": "top", "created_at": "2021-05-31T08:25:59.106Z", "updated_at": "2023-11-03T05:20:59.805Z"}}, {"condition": {"id": 38}, "defaults": {"site_id": 36, "photo_id": 132, "link": "", "position": "middle1", "created_at": "2021-05-31T08:26:23.571Z", "updated_at": "2024-01-29T07:50:19.480Z"}}, {"condition": {"id": 39}, "defaults": {"site_id": 36, "photo_id": 133, "link": "", "position": "bottom", "created_at": "2021-05-31T08:26:40.080Z", "updated_at": "2023-11-03T05:21:13.371Z"}}]