[{"condition": {"id": 52}, "defaults": {"site_id": 40, "photo_id": 153, "link": "", "position": "top", "created_at": "2021-05-31T08:53:34.179Z", "updated_at": "2023-11-03T05:35:39.077Z"}}, {"condition": {"id": 53}, "defaults": {"site_id": 40, "photo_id": 154, "link": "", "position": "bottom", "created_at": "2021-05-31T08:54:18.961Z", "updated_at": "2023-11-03T05:35:26.583Z"}}, {"condition": {"id": 54}, "defaults": {"site_id": 40, "photo_id": 155, "link": "", "position": "middle1", "created_at": "2021-05-31T08:54:50.404Z", "updated_at": "2021-05-31T08:54:50.404Z"}}]