[{"condition": {"id": 1214}, "defaults": {"kategori_id": 10, "site_id": 35, "admin_id": 33, "judul": "Giat Kecamatan Gunungsari ", "judul_seo": "giat-kecamatan-gunungsari", "isi_berita": "<p>Pembagian BLT Tahap 8 di Desa Ranjok</p>\r\n", "view_count": 110, "word_count": 6, "status": "published", "created_at": "2022-08-04T10:18:10.898Z", "updated_at": "2024-05-30T14:34:38.322Z"}, "m2m": {"tags": [], "photo": [3811]}}, {"condition": {"id": 1215}, "defaults": {"kategori_id": 10, "site_id": 35, "admin_id": 33, "judul": "Giat Kec. Gunungsari", "judul_seo": "giat-kec-gunungsari", "isi_berita": "<p>Camat Gunungsari Menghadiri Rapat terkait Pendampingan Percepatan Penurunan Stunting Prov. NTB</p>\r\n", "view_count": 104, "word_count": 11, "status": "published", "created_at": "2022-08-04T10:21:35.572Z", "updated_at": "2024-07-12T01:38:57.518Z"}, "m2m": {"tags": [], "photo": [3812]}}, {"condition": {"id": 1216}, "defaults": {"kategori_id": 10, "site_id": 35, "admin_id": 33, "judul": "Musyawarah Desa", "judul_seo": "musyawarah-desa", "isi_berita": "<p>Rapat Pembentukan Tim Penyusun Rencana Kerja Pemerintah Desa (RKP) Tahun Anggaran 2023 Desa Dopang Kecamatan Gunungsari Kabupaten Lombok Barat</p>\r\n", "view_count": 167, "word_count": 18, "status": "published", "created_at": "2022-08-04T10:24:44.092Z", "updated_at": "2024-07-08T10:15:26.767Z"}, "m2m": {"tags": [], "photo": [3813, 3814]}}, {"condition": {"id": 1217}, "defaults": {"kategori_id": 10, "site_id": 35, "admin_id": 33, "judul": "Sosialisasi", "judul_seo": "sosialisasi", "isi_berita": "<p>Sosialisasi dari Dinas Kominfo terkait pengoperasian aplikasi satu data kecamatan</p>\r\n", "view_count": 126, "word_count": 10, "status": "published", "created_at": "2022-08-04T10:28:29.914Z", "updated_at": "2024-06-03T17:12:47.335Z"}, "m2m": {"tags": [], "photo": [3815]}}, {"condition": {"id": 1218}, "defaults": {"kategori_id": 10, "site_id": 35, "admin_id": 33, "judul": "Musyawarah Desa Ranjok", "judul_seo": "musyawarah-desa-ranjok", "isi_berita": "<p>Musdes Pembentukan Tim Penyusunan RKPDes TAhun 2023 dan DU RKP Tahun 2024 Desa Ranjok Kecamatan Gunungsari Kabupaten Lombok Barat</p>\r\n", "view_count": 117, "word_count": 17, "status": "published", "created_at": "2022-08-04T10:33:24.126Z", "updated_at": "2024-07-08T10:15:50.004Z"}, "m2m": {"tags": [], "photo": [3816]}}, {"condition": {"id": 1224}, "defaults": {"kategori_id": 10, "site_id": 35, "admin_id": 33, "judul": "Monitoring", "judul_seo": "monitoring", "isi_berita": "<p>Monitoring Posyandu Berlian 1 Belencong Kecamatan Gunungsari Kabupaten Lombok Barat bersama Ibu Ketua TP PKK Desa Midang</p>\r\n\r\n<p>&nbsp;</p>", "view_count": 157, "word_count": 16, "status": "published", "created_at": "2022-08-04T13:16:23.306Z", "updated_at": "2024-07-09T05:52:56.179Z"}, "m2m": {"tags": [], "photo": [3842]}}, {"condition": {"id": 2017}, "defaults": {"kategori_id": 10, "site_id": 35, "admin_id": 33, "judul": "Acara Seleksi Tilawatil Qur'an (STQ) Tingkat Kecamatan Gunungsari Kabupaten Lombok Barat tahun 2022", "judul_seo": "acara-seleksi-tilawatil-qur-an-stq-tingkat-kecamatan-gunungsari-kabupaten-lombok-barat-tahun-2022", "isi_berita": "<p>Acara Pembukaan Seleksi Tilawatil Qur&#39;an (STQ) Tingkat Kecamatan Gunungsari Kabupaten Lombok Barat tahun 2022 yang langsung di buka oleh Camat Gunungsari yaitu Bapak Muhamad Mudasir, S.IP yang dihadiri oleh LPTQ Kecamatan Gunungsari, Ketua Pembina Dewan Hakam Kecamatan Gunungsari, Bapak/Ibu Pendamping dari Pondok Pesantren Se- Kecamatan Gunungsari serta para peserta STQ.</p>", "view_count": 193, "word_count": 46, "status": "published", "created_at": "2022-09-27T11:00:59.234Z", "updated_at": "2024-06-24T04:09:17.363Z"}, "m2m": {"tags": [], "photo": [6053, 6054, 6055]}}]