[{"condition": {"id": 1126}, "defaults": {"kategori_id": 5, "site_id": 40, "admin_id": 37, "judul": "Pembinaan Satudata dan Website Kecamatan Lembar", "judul_seo": "pembinaan-satudata-dan-website-kecamatan-lembar", "isi_berita": "<h3>Pembinaan satudata dan web dari tim diskominfotik lombok barat</h3>\r\n\r\n<p>&nbsp;</p>\r\n\r\n<p><img alt=\"\" src=\"/media/uploads/lembarlobar/2022/08/01/whatsapp-image-2022-08-01-at-105919.jpeg\" style=\"height:225px; width:300px\" /></p>\r\n\r\n<p><img alt=\"\" src=\"/media/uploads/lembarlobar/2022/08/01/whatsapp-image-2022-08-01-at-105918.jpeg\" style=\"height:225px; width:300px\" /></p>\r\n\r\n<p>&nbsp;</p>\r\n", "view_count": 105, "word_count": 9, "status": "published", "created_at": "2022-08-01T11:02:22.661Z", "updated_at": "2024-07-09T08:40:28.864Z"}, "m2m": {"tags": [], "photo": [3590]}}, {"condition": {"id": 1328}, "defaults": {"kategori_id": 5, "site_id": 40, "admin_id": 37, "judul": "undangan musyawarah RKP Desa Jakem timur", "judul_seo": "undangan-musyawarah-rkp-desa-jakem-timur", "isi_berita": "", "view_count": 134, "word_count": 0, "status": "published", "created_at": "2022-08-11T11:42:30.334Z", "updated_at": "2024-07-06T12:38:45.992Z"}, "m2m": {"tags": [1, 2, 3, 4, 5, 6, 7, 8, 9, 10, 11, 12, 13, 14, 15, 16, 18, 20, 21, 22, 23, 24, 25, 26, 27, 28, 29, 30, 31, 32, 33, 34, 35, 36, 37, 38, 39, 40, 41, 42, 43, 44, 45, 46, 47, 48, 49, 50, 51, 52, 53, 54, 55, 56, 57, 58, 59, 60, 61, 62, 63, 64, 65, 66, 67, 68, 69, 70], "photo": [4190]}}, {"condition": {"id": 1329}, "defaults": {"kategori_id": 5, "site_id": 40, "admin_id": 37, "judul": "PEMBUATAN SPANDUK 17-08 -2022 KANTOR CAMAT LEMBAR", "judul_seo": "pembuatan-spanduk-17-08-2022-kantor-camat-lembar", "isi_berita": "<p>PEMBUATAN SPANDUK 17-08 -2022 KANTOR CAMAT LEMBAR</p>\r\n", "view_count": 140, "word_count": 5, "status": "published", "created_at": "2022-08-11T12:00:31.151Z", "updated_at": "2024-07-08T08:39:39.523Z"}, "m2m": {"tags": [1], "photo": [4191]}}, {"condition": {"id": 1492}, "defaults": {"kategori_id": 9, "site_id": 40, "admin_id": 37, "judul": "Kegiatan Donor Darah Kec lembar 2022-08-24", "judul_seo": "kegiatan-donor-darah-kec-lembar-2022-08-24", "isi_berita": "", "view_count": 141, "word_count": 0, "status": "published", "created_at": "2022-08-24T12:34:32.641Z", "updated_at": "2024-07-11T10:38:23.402Z"}, "m2m": {"tags": [], "photo": [4671]}}, {"condition": {"id": 1493}, "defaults": {"kategori_id": 3, "site_id": 40, "admin_id": 37, "judul": "Kegiatan Donor darah Di Kantor Camat Lembar.bersam bapak camat Dan Ibu Camat Lembar", "judul_seo": "kegiatan-donor-darah-di-kantor-camat-lembar-bersam-bapak-camat-dan-ibu-camat-lembar", "isi_berita": "", "view_count": 144, "word_count": 0, "status": "published", "created_at": "2022-08-24T12:38:01.600Z", "updated_at": "2024-07-08T10:34:49.017Z"}, "m2m": {"tags": [], "photo": [4672]}}]