[{"condition": {"id": 1173}, "defaults": {"kategori_id": 22, "site_id": 38, "admin_id": 36, "judul": "Vaksinasi Covid-19 di Wilayah Kecamatan Labuapi ", "judul_seo": "vaksinasi-covid-19-di-wilayah-kecamatan-labuapi", "isi_berita": "<p>Monitoring Kegiatan Vaksinasi di Desa Telagawaru dan di Wilayah Kecamatan Labuapi, yang dilakukan Satgas Covid Kabupaten dan Satgas Covid Kecamatan, yang dihadiri langsung Oleh Bapak Kapolres Kabupaten Lombok Barat.</p>\r\n", "view_count": 59, "word_count": 29, "status": "published", "created_at": "2022-08-02T16:06:56.641Z", "updated_at": "2024-07-04T17:00:37.548Z"}, "m2m": {"tags": [], "photo": [3723, 3724, 3725]}}, {"condition": {"id": 1176}, "defaults": {"kategori_id": 10, "site_id": 38, "admin_id": 36, "judul": "MEDIASI PERKAWINAN ANAK DIBAWAH UMUR", "judul_seo": "mediasi-perkawinan-anak-dibawah-umur--38", "isi_berita": "<p>Rapat Mediasi perkawinan anak dibawah umur (usia dini) yang dilaksanakan di Kantor Perlindungan Anak dan Perempuan, Rapat dihadiri oleh Orang tua kudua belah Pihak, Ketua Balai mediasi Provinsi&nbsp;&nbsp;</p>\r\n", "view_count": 14, "word_count": 28, "status": "draft", "created_at": "2022-08-02T16:23:42.001Z", "updated_at": "2022-09-02T14:33:45.268Z"}, "m2m": {"tags": [], "photo": []}}, {"condition": {"id": 1220}, "defaults": {"kategori_id": 10, "site_id": 38, "admin_id": 36, "judul": "MONITORING PENGAMANAN ASET PEMDA DI DESA KURANJI DALANG", "judul_seo": "monitoring-pengamanan-aset-pemda-di-desa-kuranji-dalang", "isi_berita": "<p>Monitoring dan Pengamanan kegiatan di&nbsp;hari Rabu, 03 Juli 2022 di Desa Kuranji Dalang, Kecamatan Labuapi.&nbsp;</p>\r\n\r\n<p>telah di adakan pengamanan aset Lombok Barat yang luasnya kurang lebih 6.296 M2 sesui sertipikat Nomer : 23.01.05.02.4.00037 &nbsp;tangal 30 Juli 2021 yg dkuasai oleh H. Firman.&nbsp; hadir pada pengamanan tersebut Kepala Bidang pengamanan aset, Sekertaris Satuan Polisi Pamong Praja (Pol PP), Inspektorat,&nbsp; Kepala BPKAD Kabupaten Lombok Barat dan Sekretaris Camat Labuapi.</p>\r\n", "view_count": 57, "word_count": 60, "status": "published", "created_at": "2022-08-04T11:44:58.427Z", "updated_at": "2024-07-04T08:47:39.000Z"}, "m2m": {"tags": [], "photo": [3820, 3821]}}, {"condition": {"id": 1259}, "defaults": {"kategori_id": 10, "site_id": 38, "admin_id": 36, "judul": "Menghadiri Acara Road Map Repormasi Birokrasi", "judul_seo": "menghadiri-acara-road-map-repormasi-birokrasi", "isi_berita": "<p>Acara Road Map Repormasi Birokrasi diadakan di Hotel Jayakarta Senggigi pada hari Kamis, 04 Agustus 2022, Jam 08.30 Wita. Hadir dalam acara tersebut yaitu Sekretaris Daerah Kabupaten Lombok Barat dan TGH. Taisir. LC.MA. dalam penyampaiannya Sekretaris Daerah mengungkapkan ada beberapa hal yang harus dimiliki oleh seorang Birokrasi diantaranya 1. Fatonah artinya cerdas, 2. Amanah artinya jujur, 3. Tabliq artinya komunikatif dan 4. Istiqomah artinya konsisten dan yang ke dua penyampaian dari TGH. Taisir, LC.MA.&nbsp;dalam penyampaiannya Tuan guru mengungkapkan seorang birokrasi harus mempunyai 1. Halakoh atau sepirit dalam melayani publik , 2. Hayyin bersikap tenang, 3. layin artinya bersikap lemah lembut dan santun&nbsp;dalam bertutur kata,&nbsp; 4.Qoribin artinya suka senyum dan bersahabat, 5. Salhin artinya memudahkan setiap urusan orang.</p>\r\n\r\n<p>hal inilah yang harus diperhatikan dan diterapkan dalam kehidupan selaku Aparatur Sipil Negara maupun dalam kehidupan bermasyarakat.</p>\r\n", "view_count": 55, "word_count": 121, "status": "published", "created_at": "2022-08-08T10:43:44.002Z", "updated_at": "2024-07-04T17:19:43.955Z"}, "m2m": {"tags": [], "photo": [3976]}}, {"condition": {"id": 1580}, "defaults": {"kategori_id": 10, "site_id": 38, "admin_id": 36, "judul": "Mediasi Sengketa Tanah di Desa Bagik Polak ", "judul_seo": "mediasi-sengketa-tanah-di-desa-bagik-polak", "isi_berita": "<p>Giat hari ini,senin 29 Agusts 2022</p>\r\n\r\n<p>monitoring dan komfirmasi terkait dengan&nbsp; sengketa luas tanah yang di kuasai oleh Baiq Hilwati yang beralamat di Dusun Karang Bucu Desa Bagik Polak, dalam acara tersebut&nbsp; dimediasi oleh Perangkat Desa, Kepolisian dan Kasi Trantib Kecamatan,&nbsp; namun kegiatan tersebut batal di laksanakn karna belum masuk dalam foto satlit d BPN, dari pertemuan tersebut kedua belah pihak membuat peryataan atau kesepakatan untuk melakukan&nbsp; pengukuran ulang.di lain waktu.</p>\r\n", "view_count": 76, "word_count": 67, "status": "published", "created_at": "2022-08-30T11:10:25.504Z", "updated_at": "2024-07-07T03:04:55.205Z"}, "m2m": {"tags": [], "photo": [4902]}}, {"condition": {"id": 1581}, "defaults": {"kategori_id": 30, "site_id": 38, "admin_id": 36, "judul": "Geladi Upacara HUT RI ke 77 tanggal, 17 Agustus 2022 di Kec. Labuapi", "judul_seo": "geladi-upacara-hut-ri-ke-77-tanggal-17-agustus-2022-di-kec-labuapi", "isi_berita": "<p>Geladi di laksanakan di Depan Halaman Kantor Camat Labuapi, dalam geladi tersebut dihadiri oleh, Kapolsek Labuapi beserta jajaran, Danposramil Labuapi Beserta Jajaran, Petugas upacara, dan Drambend dari SMPN 1 Labuapi.</p>\r\n", "view_count": 47, "word_count": 29, "status": "published", "created_at": "2022-08-30T11:16:59.674Z", "updated_at": "2024-07-07T13:55:24.939Z"}, "m2m": {"tags": [], "photo": [4904, 4905, 4906]}}, {"condition": {"id": 1585}, "defaults": {"kategori_id": 30, "site_id": 38, "admin_id": 36, "judul": "Upacara HUT RI ke 77 tanggal, 17 Agustus 2022 di Kec. Labuapi", "judul_seo": "upacara-hut-ri-ke-77-tanggal-17-agustus-2022-di-kec-labuapi", "isi_berita": "<p>upacara peringatan detik-detik Hari Ulang Tahun Kemerdekaan Republik Indonesia Ke-77 di Halaman Kantor Camat Labuapi</p>\r\n\r\n<p>yang bertindak sebagai Inspektur Upacara yaitu Kapolsek Labuapi, Komandan Upacara dari Danposramil Labuapi. Upacara dihadiri oleh Unsur Forkompimcam, Kasi dan Kasubag Kecamatan, Kepala Sekolah Se Kecamatan Labuapi, Kepala Desa Se- Kecamatan Labuapi, tokoh pemuda, mahasiswa, tokoh masyarakat, Siswa Siswi SMP dan SMA, dan unsur-unsur terkait di wilayah Kecamatan Labuapi .</p>\r\n\r\n<p>Upacara bendera tersebut berjalan dengan lancar dan penuh hikmad.</p>\r\n", "view_count": 55, "word_count": 70, "status": "published", "created_at": "2022-08-30T11:27:02.642Z", "updated_at": "2024-06-14T00:52:51.035Z"}, "m2m": {"tags": [], "photo": [4910, 4911, 4912]}}, {"condition": {"id": 1600}, "defaults": {"kategori_id": 24, "site_id": 38, "admin_id": 36, "judul": "Pembinaan / penyuluhan dsiplin dan kode etik bagi PNS lingkup Kecamatan Labuapi ", "judul_seo": "pembinaan-penyuluhan-dsiplin-dan-kode-etik-bagi-pns-lingkup-kecamatan-labuapi", "isi_berita": "<p>kegiatan Pembinaan / penyuluhan dsiplin dan kode etik bagi PNS lingkup Kecamatan Labuapi yang dilaksanakan oleh BKDPSDM Kabupaten Lombok Barat ,<br />\r\nDimana penyuluhan &nbsp;ditujukan untuk memonitoring Administrasi, Kode etik, dan prilaku ASN dalam menjalankan kewajiban dan tugas-tugas sehari-hari serta memegang teguh ediologi pancasila..</p>\r\n\r\n<p>hadir dalam acara tersebut antara laiN:<br />\r\nA. Kasi kasubag beseta staf Pemerintahan Kecamatan.&nbsp;<br />\r\nB. Kepala sekolah SD 1 Labuapi.<br />\r\nC. Kepala sekolah SMP 1 labuapi.&nbsp;<br />\r\nD. kepala Sekolah SDN 1 bgk polak.</p>\r\n\r\n<p>&nbsp;</p>\r\n", "view_count": 56, "word_count": 68, "status": "published", "created_at": "2022-08-30T16:52:56.360Z", "updated_at": "2024-06-14T02:38:58.484Z"}, "m2m": {"tags": [], "photo": [4958, 4959, 4960]}}, {"condition": {"id": 1645}, "defaults": {"kategori_id": 5, "site_id": 38, "admin_id": 36, "judul": "Pelayanan KB Terintegrasi TNI Manunggal ", "judul_seo": "pelayanan-kb-terintegrasi-tni-manunggal", "isi_berita": "<p>Kegiaran Pelayanan KB Terintegrasi TNI Manunggal Bangga Kencana Kesehatan Terpadu 2022 di PKM Desa Telagawaru Kecamatan Labuapi</p>\r\n", "view_count": 45, "word_count": 16, "status": "published", "created_at": "2022-08-31T14:43:56.693Z", "updated_at": "2024-06-14T00:52:47.455Z"}, "m2m": {"tags": [], "photo": [5033]}}, {"condition": {"id": 1646}, "defaults": {"kategori_id": 5, "site_id": 38, "admin_id": 36, "judul": "Pelayanan KB Terintegrasi TNI Manunggal di PKM LABUAPI ", "judul_seo": "pelayanan-kb-terintegrasi-tni-manunggal-di-pkm-labuapi", "isi_berita": "<p>Kegiatan Pelayanan KB Terintegrasi TNI Manunggal Bangga Kencana Kesehatan Terpadu 2022 di PKM LABUAPI Kecamatan Labuapi</p>\r\n", "view_count": 65, "word_count": 15, "status": "published", "created_at": "2022-08-31T14:46:21.330Z", "updated_at": "2024-07-04T17:03:06.501Z"}, "m2m": {"tags": [], "photo": [5034]}}, {"condition": {"id": 1647}, "defaults": {"kategori_id": 5, "site_id": 38, "admin_id": 36, "judul": "Pelayanan KB Terintegrasi TNI Manunggal di PKM BAGEK POLAK", "judul_seo": "pelayanan-kb-terintegrasi-tni-manunggal-di-pkm-bagek-polak", "isi_berita": "<p>Kegiatan Pelayanan KB Terintegrasi TNI Manunggal Bangga Kencana Kesehatan Terpadu 2022 di PKM BAGEK POLAK Kecamatan Labuapi</p>\r\n", "view_count": 177, "word_count": 16, "status": "published", "created_at": "2022-08-31T14:47:51.867Z", "updated_at": "2024-07-04T01:19:39.770Z"}, "m2m": {"tags": [], "photo": [5035]}}, {"condition": {"id": 1649}, "defaults": {"kategori_id": 8, "site_id": 38, "admin_id": 36, "judul": "Koordinasi dengan Kepala Desa Merembu", "judul_seo": "koordinasi-dengan-kepala-desa-merembu", "isi_berita": "<p>Koordinasi dan silaturrahmi antara Kepala Desa Merembu selaku Ketua Forum Kades Se-Kecamatan Labuapi dengan Sekretaris Camat Labuapi beserta jajaran.</p>\r\n\r\n<p>dalam pertemuan tersebut membahas tentang kesiapan desa sebagai salah satu rute Fun Bike yang akan dilaksanakan pada Jumat, 09 September 2022</p>\r\n", "view_count": 228, "word_count": 37, "status": "published", "created_at": "2022-08-31T15:12:55.907Z", "updated_at": "2024-07-04T01:19:30.241Z"}, "m2m": {"tags": [], "photo": [5040]}}, {"condition": {"id": 1726}, "defaults": {"kategori_id": 3, "site_id": 38, "admin_id": 36, "judul": "Rapat Persiapan  bersepeda Labuapi dan Kediri ", "judul_seo": "rapat-persiapan-bersepeda-labuapi-dan-kediri", "isi_berita": "<p>Rapt dipimpin Oleh PLH Camat Labuapi Jalaludin, S.Sos</p>\r\n\r\n<p>dalam rapat tersebut PLH Camat Labuapi menekankan kepada&nbsp; semua seksi/koordinator supaya memantapkan persiapan dalam mendukung dan mensukseskan acara bersepeda Labuapi kediri CYCLING DAY yang akan dilaksanakan pada hari Jumat. 09 September 2022</p>\r\n\r\n<p>dalam rapat tersebut dihadiri oleh kasi dan kasubag Kantor Camat Labuapi.</p>\r\n", "view_count": 162, "word_count": 47, "status": "published", "created_at": "2022-09-07T14:12:03.070Z", "updated_at": "2024-07-04T01:20:00.838Z"}, "m2m": {"tags": [], "photo": [5217, 5218]}}, {"condition": {"id": 1730}, "defaults": {"kategori_id": 3, "site_id": 38, "admin_id": 36, "judul": "RAPAT KOORDINASI EVENT \"KEDIRI - LABUAPI BESEMPEDE\"", "judul_seo": "rapat-koordinasi-event-kediri-labuapi-besempede-1", "isi_berita": "<h3><span style=\"font-size:12pt\"><span style=\"background-color:white\"><span style=\"font-family:Cambria,&quot;serif&quot;\"><span style=\"color:#243f60\"><strong><span style=\"font-size:22.5pt\"><span style=\"font-family:&quot;Times New Roman&quot;,&quot;serif&quot;\"><span style=\"color:#222222\">RAPAT KOORDINASI EVENT &quot;KEDIRI</span></span></span></strong><strong><span style=\"font-size:22.5pt\"><span style=\"font-family:&quot;Times New Roman&quot;,&quot;serif&quot;\"><span style=\"color:#222222\"> -</span></span></span></strong><strong><span style=\"font-size:22.5pt\"><span style=\"font-family:&quot;Times New Roman&quot;,&quot;serif&quot;\"><span style=\"color:#222222\"> LABUAPI BESEMPEDE&quot;</span></span></span></strong></span></span></span></span></h3>\r\n\r\n<p><span style=\"font-size:12pt\"><span style=\"background-color:white\"><span style=\"font-family:&quot;Times New Roman&quot;,&quot;serif&quot;\"><span style=\"font-size:10.5pt\"><span style=\"color:#666666\">Kediri_Lombok Barat, Kamis 1 September 2022 di aula Kantor Camat Kediri, berlangsung rapat koordinasi pelaksanaan event Kediri Labuapi Besempede. Dalam Rapat tersebut hadir pihak pihak yang terlibat dalam penyelenggaraan antara lain: Kadis Dispora drg. H. Arbain Ishak, Camat Kediri beserta Jajaran, Camat Labuapi yang diwakili oleh kasi Ekbang, Jajaran TNI Polri, Kapus Kediri, Kapus Banyumulek, Kepala Desa Se_Kecamatan Kediri Labuapi, dan Unsur PKK Kecamatan.</span></span></span></span></span></p>\r\n\r\n<p><span style=\"font-size:12pt\"><span style=\"background-color:white\"><span style=\"font-family:&quot;Times New Roman&quot;,&quot;serif&quot;\"><span style=\"font-size:10.5pt\"><span style=\"color:#666666\">Dalam sambutannya Camat Kediri menyampaikan gambaran/uraian terkait teknis pelaksanaan &quot;Kediri Labuapi Besempede&quot;. Kegiatan ini akan start di kantor camat Kediri melewati desa Kediri induk, Montong are, merembu, Bengkel dan finish di kantor camat Kediri. Paparan rute yang akan dilalui sesuai hasil survey lapangan yang dilakukan oleh kasi Ekbang Kecamatan Kediri Wahyu Adi Kurniawan bersama Tim.</span></span></span></span></span></p>\r\n\r\n<p><span style=\"font-size:12pt\"><span style=\"background-color:white\"><span style=\"font-family:&quot;Times New Roman&quot;,&quot;serif&quot;\"><span style=\"font-size:10.5pt\"><span style=\"color:#666666\">Kolaborasi adalah modal dari pelaksanaan event dimaksud dimana seluruh desa yang berada di wilayah kecamatan Kediri dan Labuapi bekerjasama mensukseskan kegiatan. Kolaborasi Tidak saja Antar desa melainkan juga dengan pihak TNI POLRI, Tenaga Kesehatan, para sponsor dan masyarakat atau stake holder lainnya seperti dinas perhubungan dan satpol PP.</span></span></span></span></span></p>\r\n\r\n<p><span style=\"font-size:12pt\"><span style=\"background-color:white\"><span style=\"font-family:&quot;Times New Roman&quot;,&quot;serif&quot;\"><span style=\"font-size:10.5pt\"><span style=\"color:#666666\">Surachmad Endra Bachreysi, S.STP Kasi Ekbang Kecamatan Labuapi menyampaikan kesiapan Kecamatan Labuapi akan keterlaksanaan &quot;Kediri Labuapi Besempede&quot;. Kami tempatkan Rest Area di kantor desa Merembu dan bisa Singgah Berbelanja di Lupis Sexy yang berlokasi di perempatan Bengkel, paparnya.</span></span></span></span></span></p>\r\n\r\n<p><span style=\"font-size:12pt\"><span style=\"background-color:white\"><span style=\"font-family:&quot;Times New Roman&quot;,&quot;serif&quot;\"><span style=\"font-size:10.5pt\"><span style=\"color:#666666\">Dalam kesempatan yang sama dukungan penuh juga disampaikan oleh kadis Pemuda dan Olahraga Pak Arbain. &quot; Kami salut atas inisiatif yang luar biasa dari dua kecamatan ini berikut kepala desa yang saling bekerjasama dalam suatu kolaborasi yang sangat bagus dan insaAlloh kami akan dukung maksimal&quot; ungkap Kadispora.</span></span></span></span></span></p>\r\n\r\n<p><span style=\"font-size:12pt\"><span style=\"background-color:white\"><span style=\"font-family:&quot;Times New Roman&quot;,&quot;serif&quot;\"><span style=\"font-size:10.5pt\"><span style=\"color:#666666\">Moment bersepeda Tanggal 9 Sept 2022 juga kebetulan bersamaan dengan Hari Olahraga Nasional, jadi sangat tepatlah dari segi perencanaan. Kegiatan yang direncanakan tanggal 9 September 2022 sedikit berbeda dengan sebelumnya, karena disiapkan beberapa doorprize seperti sepeda dan hadiah lainnya. Saya TDK menyangka jika akan direncanakan seperti ini, tutup drg. H. Arbain Ishak.</span></span></span></span></span></p>\r\n", "view_count": 182, "word_count": 299, "status": "published", "created_at": "2022-09-07T14:17:48.633Z", "updated_at": "2024-07-04T01:19:54.561Z"}, "m2m": {"tags": [], "photo": [5224, 5225, 5226]}}, {"condition": {"id": 1741}, "defaults": {"kategori_id": 3, "site_id": 38, "admin_id": 36, "judul": "MUSDES DESA LABUAPI", "judul_seo": "musdes-desa-labuapi", "isi_berita": "<p>Kegiatan Musdes dimulai pada pukul 08.30 &ndash; 10.30 WIB dan diikuti oleh sekitar 20 orang yang berasal dari berbagai elemen masyarakat.</p>\r\n\r\n<p>Desa Labuapi&nbsp; melakukan Musdes pada 07 September 2022. Sesuai dengan PP No 43 Tahun 2014 Pasal 80 disebutkan bahwa Musdes dimotori oleh BPD,&nbsp;&nbsp;Tujuan dilaksanakannya Musdes&nbsp; adalah membicarakan hal-hal strategis yang berkaitan dengan a) penataan desa, b) perencanaan desa, c) kerjasama desa, d) rencana investasi yang masuk ke desa, e) pembentukan BUMDes, f) penambahan aset desa dan g) kejadian luar biasa.</p>\r\n\r\n<p>Secara umum alur Musdes dilakukan melalui proses pembukaan, penyampaian maksud dan tujuan oleh Ketua BPD Desa Labuapi, dilanjutkan dengan pemberian materi oleh Pejabat Kepala Desa tentang arah Perencanaan Program Pembangunan Desa serta beberapa kebijakan baru untuk desa, sedangkan pendamping desa , memberikan kunci pemahaman dari sisi arti penting dan fungsi Musdes dalam tata kelola desa, kegiatan diakhiri dengan diskusi serta presentasi dan penutup.</p>\r\n", "view_count": 562, "word_count": 134, "status": "published", "created_at": "2022-09-07T15:13:26.423Z", "updated_at": "2024-07-07T23:45:08.304Z"}, "m2m": {"tags": [], "photo": [5246, 5247]}}, {"condition": {"id": 1743}, "defaults": {"kategori_id": 3, "site_id": 38, "admin_id": 36, "judul": "Kegiatan Pelayanan KB Terintegrasi TNI Manunggal Bangga Kencana Kesehatan Terpadu 2022 di PKM BAJUR", "judul_seo": "kegiatan-pelayanan-kb-terintegrasi-tni-manunggal-bangga-kencana-kesehatan-terpadu-2022-di-pkm-bajur", "isi_berita": "<p>Kegiatan Pelayanan KB Terintegrasi TNI Manunggal Bangga Kencana Kesehatan Terpadu 2022 di PKM BAJUR</p>\r\n\r\n<p>Kegiatan yang berlangsung di Desa Bajur Kecamatan Labuapi, Kabupaten Lombok Barat ini diselenggarakan dalam rangka Penguatan dan percepatan pencapaian sasaran program Pembangunan Keluarga, Kependudukan, dan Keluarga Berencana (Bangga Kencana) serta percepatan penurunan stunting khususnya di Kabupaten Lombok Barat</p>\r\n\r\n<p>diharapkan dengan adanya kegiatan ini juga dapat memfasilitasi akseptor terhadap akses layanan KB sehingga dapat menurunkan Unmeet Need (Persentase Kebutuhan KB yang tidak terpenuhi) serta meningkatkan kesertaan KB modern.</p>\r\n\r\n<p>Adapun rangkaian acara dalam kegiatan Bhakti Sosial ini meliputi Sosialisasi Pencegahan dan Percepatan Penurunan Stunting, Sosialisasi Penggunaan Metode Kontrasepsi Jangka Panjang (MKJP), serta pelayanan KB yang telah menjaring 25 akseptor implant, IUD, dan suntik.</p>\r\n\r\n<p>&nbsp;</p>\r\n", "view_count": 408, "word_count": 113, "status": "published", "created_at": "2022-09-07T15:31:48.200Z", "updated_at": "2024-06-12T07:05:00.430Z"}, "m2m": {"tags": [], "photo": [5251, 5252, 5253]}}, {"condition": {"id": 2365}, "defaults": {"kategori_id": 5, "site_id": 38, "admin_id": 36, "judul": "RAPAT KOORDINASI FORKOMPIMCAM DENGAN KEPALA DESA SE-KECAMATAN LABUAPI ", "judul_seo": "rapat-koordinasi-forkompimcam-dengan-kepala-desa-se-kecamatan-labuapi", "isi_berita": "<p style=\"text-align:justify\"><span style=\"font-size:12pt\"><span style=\"background-color:white\"><span style=\"font-family:&quot;Times New Roman&quot;,&quot;serif&quot;\"><span style=\"font-size:10.5pt\"><span style=\"font-family:&quot;Arial&quot;,&quot;sans-serif&quot;\">Plt. Camat Labuapi Lalu Rifhandani, S.IP memimpin pelaksanaan Rapat Koordinasi, Kapolsek Labuapi, Danposramil Labuapi dan Kepala Desa Se-Kecamatan Labuapi pada hari Selasa tanggal, 08 November 2022 pukul 08.00 Wita bertempat di Lesehan BQ Desa Bagek Polak Keacamatan Labuapi. Dalam rapat tersebut dibahas berbagai hal terkait Masalah-masalah yang ada di masing-masing pemerintahan desa.</span></span></span></span></span></p>\r\n\r\n<p style=\"text-align:justify\"><span style=\"font-size:12pt\"><span style=\"background-color:white\"><span style=\"color:rgba(0, 0, 0, 0.85)\"><span style=\"font-family:&quot;Times New Roman&quot;,&quot;serif&quot;\"><em><span style=\"font-size:10.5pt\"><span style=\"font-family:&quot;Arial&quot;,&quot;sans-serif&quot;\">Plt. Camat &nbsp;Labuapi menyampaikan arahan untuk mengantisipasi terjadinya dampak bencana alam dan sampah &nbsp;yang ada di Wilayah Kecamatan Labuapi, Plt. Camat Labuapi Juga meminta arahan dan masukan dari peserta rapat untuk kedepannya apa yang harus dilakukan ketika permaslahan sampah dan dampak bencana alam melanda wilayah kecamatan Labuapi.</span></span></em></span></span></span></span></p>\r\n\r\n<p style=\"text-align:justify\"><span style=\"font-size:12pt\"><span style=\"background-color:white\"><span style=\"color:rgba(0, 0, 0, 0.85)\"><span style=\"font-family:&quot;Times New Roman&quot;,&quot;serif&quot;\"><em><span style=\"font-size:10.5pt\"><span style=\"font-family:&quot;Arial&quot;,&quot;sans-serif&quot;\">Dalam Penyampaiannya semua Kepala Desa rata-rata memiliki permasalahan terkait sampah akibat dari maraknya pembangunan perumahan, tanpa ada dari pihak pengembang melakukan koordinasi&nbsp; dengan pihak Desa, untuk itu kedepannya para Kepala Desa mengusulkan kepada Forkompimcam untuk dilakukan rapat khusus untuk membahas terkait permasalahan sampah tersebut dengan melibatkan semua pemangku kepentingan.</span></span></em></span></span></span></span></p>\r\n\r\n<p style=\"text-align:justify\"><span style=\"font-size:12pt\"><span style=\"background-color:white\"><span style=\"color:rgba(0, 0, 0, 0.85)\"><span style=\"font-family:&quot;Times New Roman&quot;,&quot;serif&quot;\"><em><span style=\"font-size:10.5pt\"><span style=\"font-family:&quot;Arial&quot;,&quot;sans-serif&quot;\">terkait permasalahan dampa bencana alam para kepala desa mengusulkan untuk melakukan perantinga dan penebangan pohon yang sekiranya akan membahayakan warga pengguna jalan terutama memasuki musim penghujan dan angin kencang.&nbsp;</span></span></em></span></span></span></span></p>\r\n", "view_count": 383, "word_count": 169, "status": "published", "created_at": "2022-11-10T15:42:21.634Z", "updated_at": "2024-07-07T23:45:37.550Z"}, "m2m": {"tags": [], "photo": [7131, 7132, 7133]}}]