[{"condition": {"id": 282}, "defaults": {"site_id": 33, "admin_id": 34, "file_path": "SE_BUPATI_HUT_KE-77_RI_Perubahan_TUS.pdf", "nama": "SE BUPATI LOMBOK BARAT NOMOR 003.1/479Org/2022", "deskripsi": "", "size": 227229, "hits": 0, "created_at": "2022-08-11T10:53:18.968Z", "updated_at": "2022-08-11T10:53:18.985Z", "status": "published"}}, {"condition": {"id": 283}, "defaults": {"site_id": 33, "admin_id": 34, "file_path": "SOP_PENGADUAN_PUBLIK_KEDIRI.pdf", "nama": "SOP Pengaduan Publik 2021", "deskripsi": "", "size": 294849, "hits": 0, "created_at": "2022-08-11T11:00:06.275Z", "updated_at": "2022-08-11T11:00:06.296Z", "status": "published"}}, {"condition": {"id": 307}, "defaults": {"site_id": 33, "admin_id": 34, "file_path": "Kecamatan_Kediri_Dalam_Angka_2021.pdf", "nama": "Kediri Dalam Angka 2021", "deskripsi": null, "size": 2017397, "hits": 0, "created_at": "2022-09-03T07:59:01.342Z", "updated_at": "2022-09-03T07:59:01.361Z", "status": "published"}}, {"condition": {"id": 308}, "defaults": {"site_id": 33, "admin_id": 34, "file_path": "20JdihLobarPerdaNo.10.pdf", "nama": "Peraturan Bupati Lombok Barat", "deskripsi": null, "size": 3167819, "hits": 0, "created_at": "2022-09-03T08:00:08.954Z", "updated_at": "2022-09-03T08:00:08.976Z", "status": "published"}}, {"condition": {"id": 309}, "defaults": {"site_id": 33, "admin_id": 34, "file_path": "UU_Nomor_06_Tahun_2014.pdf", "nama": "Undang-Undang Tentang Desa", "deskripsi": null, "size": 551667, "hits": 0, "created_at": "2022-09-03T08:01:37.596Z", "updated_at": "2022-09-03T08:01:37.608Z", "status": "published"}}, {"condition": {"id": 310}, "defaults": {"site_id": 33, "admin_id": 34, "file_path": "PERBUP_NO._8A_TH_2019.pdf", "nama": "Peraturan Bupati Lombok Barat pendelegasian wewenang evaluasi rancangan perdes APBDES", "deskripsi": null, "size": 10856509, "hits": 0, "created_at": "2022-09-03T08:11:14.174Z", "updated_at": "2022-09-03T08:11:14.226Z", "status": "published"}}, {"condition": {"id": 311}, "defaults": {"site_id": 33, "admin_id": 34, "file_path": "permendagri_no.67_th_2017.pdf", "nama": "Permendagri 67th 2017, perangkat desa", "deskripsi": null, "size": 199276, "hits": 0, "created_at": "2022-09-03T16:24:27.975Z", "updated_at": "2022-09-03T16:24:27.992Z", "status": "published"}}, {"condition": {"id": 312}, "defaults": {"site_id": 33, "admin_id": 34, "file_path": "PERMENDAGRI_Nomor_96_Tahun_2017.pdf", "nama": "Permendagri 96 th 2017 ttg kerjasama desa ", "deskripsi": null, "size": 310657, "hits": 0, "created_at": "2022-09-03T16:29:32.763Z", "updated_at": "2022-09-03T16:29:32.784Z", "status": "published"}}, {"condition": {"id": 313}, "defaults": {"site_id": 33, "admin_id": 34, "file_path": "permendagri_no.2_th_2017.pdf", "nama": "Peraturan tentang SPM Desa", "deskripsi": null, "size": 386223, "hits": 0, "created_at": "2022-09-03T19:19:12.562Z", "updated_at": "2022-09-03T19:19:12.576Z", "status": "published"}}, {"condition": {"id": 314}, "defaults": {"site_id": 33, "admin_id": 34, "file_path": "PERMENDAGRI_20_tahun_2018_pengelolaan_keuangan_desa.pdf", "nama": "Pengelolaan Keuangan Desa", "deskripsi": null, "size": 6705208, "hits": 0, "created_at": "2022-09-03T19:22:19.965Z", "updated_at": "2022-09-03T19:22:19.986Z", "status": "published"}}, {"condition": {"id": 315}, "defaults": {"site_id": 33, "admin_id": 34, "file_path": "PerLKPP_12_2019_Pedoman_PBJ_Desa.pdf", "nama": "Belanja barang jasa desa LKPP", "deskripsi": null, "size": 298232, "hits": 0, "created_at": "2022-09-03T19:29:28.710Z", "updated_at": "2022-09-03T19:29:28.725Z", "status": "published"}}, {"condition": {"id": 316}, "defaults": {"site_id": 33, "admin_id": 34, "file_path": "61PMK.072019Per.pdf", "nama": "Peraturan menteri keuangan", "deskripsi": null, "size": 1425519, "hits": 0, "created_at": "2022-09-03T19:36:58.073Z", "updated_at": "2022-09-03T19:36:58.091Z", "status": "published"}}, {"condition": {"id": 317}, "defaults": {"site_id": 33, "admin_id": 34, "file_path": "Permenkeu_205_PMK_07_2019_Pengelolaan_Dana_Desa_Salinan.pdf", "nama": "Pengelolaan Dana Desa", "deskripsi": null, "size": 597150, "hits": 0, "created_at": "2022-09-03T19:38:27.136Z", "updated_at": "2022-09-03T19:38:27.154Z", "status": "published"}}, {"condition": {"id": 324}, "defaults": {"site_id": 33, "admin_id": 34, "file_path": "permen_no.83_th_2015__Perangkat_desa.doc", "nama": "Permendagri pengangkatan perangkat desa", "deskripsi": null, "size": 93696, "hits": 0, "created_at": "2022-09-27T16:05:02.755Z", "updated_at": "2022-09-27T16:05:02.778Z", "status": "published"}}, {"condition": {"id": 325}, "defaults": {"site_id": 33, "admin_id": 34, "file_path": "Perda_No._5_Tahun_2022_Tentang_Retribusi_Persetujuan_Bangunan_Gedung.pdf", "nama": "Perda Retribusi PBG", "deskripsi": null, "size": 9681470, "hits": 0, "created_at": "2022-09-29T21:48:49.815Z", "updated_at": "2022-09-29T21:48:49.840Z", "status": "published"}}, {"condition": {"id": 326}, "defaults": {"site_id": 33, "admin_id": 34, "file_path": "PP60Tahun2008_SPIP.pdf", "nama": "Peraturan Pemerintah SPIP", "deskripsi": null, "size": 402741, "hits": 0, "created_at": "2022-09-30T15:47:18.118Z", "updated_at": "2022-09-30T15:47:18.142Z", "status": "published"}}, {"condition": {"id": 352}, "defaults": {"site_id": 33, "admin_id": 34, "file_path": "Permen_PANRB_No._6_Tahun_2022.pdf", "nama": "Permenpan RB No 6 Th 2022", "deskripsi": null, "size": 2969290, "hits": 0, "created_at": "2022-11-09T05:56:56.989Z", "updated_at": "2022-11-09T05:56:57.082Z", "status": "published"}}, {"condition": {"id": 353}, "defaults": {"site_id": 33, "admin_id": 34, "file_path": "Perbup_No._2_Tahun_2020_ttg_Daftar_Kewenangan_Desa_.pdf", "nama": "Kewenangan Desa, Perbup Lombok Barat", "deskripsi": null, "size": 5537407, "hits": 0, "created_at": "2022-11-10T15:47:01.191Z", "updated_at": "2022-11-10T15:47:01.215Z", "status": "published"}}, {"condition": {"id": 354}, "defaults": {"site_id": 33, "admin_id": 34, "file_path": "Pedoman_Teknis_RKP_Desa_2023_www.ciptaDesa..com.pdf", "nama": "Juknis RKPDES 2023", "deskripsi": null, "size": 14553771, "hits": 0, "created_at": "2022-11-11T07:44:57.522Z", "updated_at": "2022-11-11T07:44:57.547Z", "status": "published"}}, {"condition": {"id": 356}, "defaults": {"site_id": 33, "admin_id": 34, "file_path": "Permendagri_Nomor_3_Tahun_2018.pdf", "nama": "Surat Keterangan Penelitian", "deskripsi": null, "size": 250073, "hits": 0, "created_at": "2022-11-15T21:39:26.086Z", "updated_at": "2022-11-15T21:39:26.108Z", "status": "published"}}, {"condition": {"id": 364}, "defaults": {"site_id": 33, "admin_id": 34, "file_path": "Permendesa-Nomor-02-Tahun-2016-Indeks-Desa-Membangun.pdf", "nama": "IDM( INDEKS DESA MEMBANGUN)", "deskripsi": null, "size": 550715, "hits": 0, "created_at": "2022-11-28T16:14:43.387Z", "updated_at": "2022-11-28T16:14:43.411Z", "status": "published"}}, {"condition": {"id": 521}, "defaults": {"site_id": 33, "admin_id": 34, "file_path": "UU_Nomor_05_Tahun_2014.pdf", "nama": "Undang Undang Nomor 5 Tahun 2014", "deskripsi": null, "size": 503034, "hits": 0, "created_at": "2023-06-14T07:04:57.134Z", "updated_at": "2023-06-14T07:04:57.257Z", "status": "published"}}, {"condition": {"id": 686}, "defaults": {"site_id": 33, "admin_id": 34, "file_path": "Permendagri_Nomor_22_Tahun_2020_1.pdf", "nama": "Permendagri 22 tahun 2020", "deskripsi": null, "size": 591903, "hits": 0, "created_at": "2024-01-05T12:49:53.074Z", "updated_at": "2024-01-05T12:49:53.296Z", "status": "published"}}, {"condition": {"id": 687}, "defaults": {"site_id": 33, "admin_id": 34, "file_path": "Permendagri_Nomor_22_Tahun_2020_1_6mgH3Cw.pdf", "nama": "Kerjasama daerah dengan pihak ketiga", "deskripsi": null, "size": 591903, "hits": 0, "created_at": "2024-01-05T12:51:06.528Z", "updated_at": "2024-01-05T12:51:06.610Z", "status": "published"}}]