[{"condition": {"id": 239}, "defaults": {"site_id": 36, "admin_id": 39, "judul": "Bupati Lobar shalat Subuh Berjamah di Lembuak", "judul_seo": "bupati-lobar-shalat-subuh-berjamah-di-lembuak", "photo_id": 1561, "view_count": 0, "created_at": "2022-01-10T08:40:03.127Z", "updated_at": "2022-01-10T08:40:03.127Z"}}, {"condition": {"id": 240}, "defaults": {"site_id": 36, "admin_id": 39, "judul": "Apel pagi,Karyawan/ti Kantor Camat Narmada, senin 10 Januari 2022", "judul_seo": "apel-pagikaryawanti-kantor-camat-narmada-senin-10-januari-2022", "photo_id": 1562, "view_count": 0, "created_at": "2022-01-10T08:44:19.783Z", "updated_at": "2022-01-10T08:44:19.783Z"}}, {"condition": {"id": 241}, "defaults": {"site_id": 36, "admin_id": 39, "judul": "Pengamanan malam pergantian Tahun 2021/2022 di Narmada", "judul_seo": "pengamanan-malam-pergantian-tahun-20212022-di-narmada", "photo_id": 1563, "view_count": 0, "created_at": "2022-01-10T08:47:03.481Z", "updated_at": "2022-01-10T08:47:03.481Z"}}, {"condition": {"id": 242}, "defaults": {"site_id": 36, "admin_id": 39, "judul": "Apel Paripurna Kecamatan Narmada, Senin 2 Januari 2022", "judul_seo": "apel-paripurna-kecamatan-narmada-senin-2-januari-2022", "photo_id": 1564, "view_count": 0, "created_at": "2022-01-10T08:50:51.788Z", "updated_at": "2022-01-10T08:50:51.788Z"}}, {"condition": {"id": 249}, "defaults": {"site_id": 36, "admin_id": 39, "judul": "Yasinan dan doa bersama", "judul_seo": "yasinan-dan-doa-bersama", "photo_id": 1879, "view_count": 0, "created_at": "2022-03-25T14:03:59.690Z", "updated_at": "2022-03-25T14:03:59.690Z"}}, {"condition": {"id": 250}, "defaults": {"site_id": 36, "admin_id": 39, "judul": "Pemasangan papan pembangunan Masjid Namira", "judul_seo": "pemasangan-papan-pembangunan-masjid-namira", "photo_id": 1880, "view_count": 0, "created_at": "2022-03-25T14:14:45.812Z", "updated_at": "2022-03-25T14:14:45.812Z"}}, {"condition": {"id": 255}, "defaults": {"site_id": 36, "admin_id": 39, "judul": "Lobisa di Desa Golong", "judul_seo": "lobisa-di-desa-golong", "photo_id": 2076, "view_count": 0, "created_at": "2022-06-14T15:59:42.839Z", "updated_at": "2022-06-14T15:59:42.839Z"}}, {"condition": {"id": 303}, "defaults": {"site_id": 36, "admin_id": 39, "judul": "Lo Bisa di Desa Mekarsari, Narmada", "judul_seo": "lo-bisa-di-desa-mekarsari-narmada-36", "photo_id": 2543, "view_count": 0, "created_at": "2022-07-08T10:39:44.091Z", "updated_at": "2022-07-08T10:39:44.091Z"}}]