[{"condition": {"id": 233}, "defaults": {"site_id": 38, "admin_id": 36, "judul": "judul", "view_count": 0, "embed": "<iframe width=\"759\" height=\"427\" \r\n    src=\"https://www.youtube.com/embed/_P7FX8rhXk4\" \r\n    title=\"YouTube video player\" \r\n    frameborder=\"0\" \r\n    allow=\"accelerometer; autoplay; clipboard-write; encrypted-media; gyroscope; picture-in-picture\" \r\n    allowfullscreen>\r\n</iframe>", "embed_video": "https://www.youtube.com/embed/_P7FX8rhXk4", "created_at": "2022-07-27T11:18:39.740Z", "updated_at": "2022-07-27T11:18:39.741Z"}}]