[{"condition": {"id": 355}, "defaults": {"site_id": 38, "admin_id": 36, "judul": "Monitoring Kegiatan Vaksinasi Covid-19 di Puskesmas Labuapi", "judul_seo": "monitoring-kegiatan-vaksinasi-covid-19-di-puskesmas-labuapi-38", "photo_id": 3699, "view_count": 0, "created_at": "2022-08-02T14:00:57.191Z", "updated_at": "2022-08-02T14:00:57.191Z"}}, {"condition": {"id": 356}, "defaults": {"site_id": 38, "admin_id": 36, "judul": "Monitoring Kegiatan Vaksinasi Covid-19 di Desa Perampuan", "judul_seo": "monitoring-kegiatan-vaksinasi-covid-19-di-desa-perampuan-38", "photo_id": 3702, "view_count": 0, "created_at": "2022-08-02T14:03:01.901Z", "updated_at": "2022-08-02T14:03:01.901Z"}}, {"condition": {"id": 357}, "defaults": {"site_id": 38, "admin_id": 36, "judul": "Rapat Staf Karyawan Kantor Camat Labuapi", "judul_seo": "rapat-staf-karyawan-kantor-camat-labuapi-38", "photo_id": 3703, "view_count": 0, "created_at": "2022-08-02T14:06:20.923Z", "updated_at": "2022-08-02T14:06:20.923Z"}}, {"condition": {"id": 358}, "defaults": {"site_id": 38, "admin_id": 36, "judul": "Monitoring Kegiatan Posyandu Di Wilayah Kecamatan Labuapi", "judul_seo": "monitoring-kegiatan-posyandu-di-wilayah-kecamatan-labuapi-38", "photo_id": 3704, "view_count": 0, "created_at": "2022-08-02T14:10:37.665Z", "updated_at": "2022-08-02T14:10:37.665Z"}}, {"condition": {"id": 359}, "defaults": {"site_id": 38, "admin_id": 36, "judul": "Kegiatan Apel Sore Karyawan kantor Camat Labuapi", "judul_seo": "kegiatan-apel-sore-karyawan-kantor-camat-labuapi-38", "photo_id": 3705, "view_count": 0, "created_at": "2022-08-02T14:13:24.770Z", "updated_at": "2022-08-02T14:13:24.770Z"}}, {"condition": {"id": 360}, "defaults": {"site_id": 38, "admin_id": 36, "judul": "Kegiatan Apel Pagi Karyawan Kantor Camat Labuapi", "judul_seo": "kegiatan-apel-pagi-karyawan-kantor-camat-labuapi-38", "photo_id": 3706, "view_count": 0, "created_at": "2022-08-02T14:16:08.118Z", "updated_at": "2022-08-02T14:16:08.118Z"}}, {"condition": {"id": 361}, "defaults": {"site_id": 38, "admin_id": 36, "judul": "Kegiatan PKK Kecamatan Labuapi", "judul_seo": "kegiatan-pkk-kecamatan-labuapi-38", "photo_id": 3709, "view_count": 0, "created_at": "2022-08-02T14:28:03.226Z", "updated_at": "2022-08-02T14:28:03.226Z"}}, {"condition": {"id": 367}, "defaults": {"site_id": 38, "admin_id": 36, "judul": "Rapat Koordinasi dengan BPD Desa Terong Tawah dalam rangka silaturrahmi dan penegasan tugas dan fungsi  BPD...", "judul_seo": "rapat-koordinasi-dengan-bpd-desa-terong-tawah-dalam-rangka-silaturrahmi-dan-penegasan-tugas-dan-fungsi-bpd-38", "photo_id": 3823, "view_count": 0, "created_at": "2022-08-04T11:57:03.557Z", "updated_at": "2022-08-04T11:57:03.557Z"}}, {"condition": {"id": 391}, "defaults": {"site_id": 38, "admin_id": 36, "judul": "Geladi upacara HUT RI ke-77 tanggal,17 Agustus 2022", "judul_seo": "geladi-upacara-hut-ri-ke-77-tanggal17-agustus-2022-38", "photo_id": 4589, "view_count": 0, "created_at": "2022-08-23T16:44:59.286Z", "updated_at": "2022-08-23T16:44:59.286Z"}}, {"condition": {"id": 392}, "defaults": {"site_id": 38, "admin_id": 36, "judul": "Upacara HUT RI ke 77 tanggal, 17 Agustus 2022 di Kec. Labuapi", "judul_seo": "upacara-hut-ri-ke-77-tanggal-17-agustus-2022-di-kec-labuapi-38", "photo_id": 4590, "view_count": 0, "created_at": "2022-08-23T16:47:10.642Z", "updated_at": "2022-08-23T16:47:10.642Z"}}]