[{"condition": {"id": 349}, "defaults": {"site_id": 39, "admin_id": 32, "judul": "Acara pembukaan Hut RI ke 77 di lingkungan Bagu", "judul_seo": "acara-pembukaan-hut-ri-ke-77-di-lingkungan-bagu-39", "photo_id": 3634, "view_count": 0, "created_at": "2022-08-01T17:24:55.548Z", "updated_at": "2022-08-01T17:24:55.548Z"}}, {"condition": {"id": 362}, "defaults": {"site_id": 39, "admin_id": 32, "judul": "Selasa, 2 Agustus 2022, Kegiatan Posyandu dalam Rangka percepatan Penurunan Sunting di Lingkungan Perigi Kelurahan Gerung Selatan ", "judul_seo": "selasa-2-agustus-2022-kegiatan-posyandu-dalam-rangka-percepatan-penurunan-sunting-di-lingkungan-perigi-kelurahan-gerung-selatan-39", "photo_id": 3743, "view_count": 0, "created_at": "2022-08-03T08:27:22.291Z", "updated_at": "2022-08-03T08:27:22.291Z"}}, {"condition": {"id": 363}, "defaults": {"site_id": 39, "admin_id": 32, "judul": "Senin, 1 Agustus 2022, Kunjungan Inspektur Kabupaten Lombok Barat Bersama Jajaran di Kelurahan Gerung Selatan ", "judul_seo": "senin-1-agustus-2022-kunjungan-inspektur-kabupaten-lombok-barat-bersama-jajaran-di-kelurahan-gerung-selatan-39", "photo_id": 3744, "view_count": 0, "created_at": "2022-08-03T08:31:08.669Z", "updated_at": "2022-08-03T08:31:08.669Z"}}, {"condition": {"id": 364}, "defaults": {"site_id": 39, "admin_id": 32, "judul": "Rabu, 3 Agustus 2022 Gerai Vaksinasi BIN Kabupaten Lombok Barat di Kantor Camat Gerung yaitu Vaksinasi Boster Selama 3 hari ( Mulai Tanggal , 3 . 4  5  Agustus 2022. )", "judul_seo": "rabu-3-agustus-2022-gerai-vaksinasi-bin-kabupaten-lombok-barat-di-kantor-camat-gerung-yaitu-vaksinasi-boster-selama-3-hari-mulai-tanggal-3-4-5-agustus-2022-39", "photo_id": 3760, "view_count": 0, "created_at": "2022-08-03T11:24:55.381Z", "updated_at": "2022-08-03T11:30:12.377Z"}}, {"condition": {"id": 365}, "defaults": {"site_id": 39, "admin_id": 32, "judul": "Rabu, 3 Agustus 2022, Musyawarah Desa Pembahasan  Draf  RAPBDes perubahan Tahun 2022 di  Desa Beleke", "judul_seo": "rabu-3-agustus-2022-musyawarah-desa-pembahasan-draf-rapbdes-perubahan-tahun-2022-di-desa-beleke-39", "photo_id": 3761, "view_count": 0, "created_at": "2022-08-03T11:34:55.012Z", "updated_at": "2022-08-03T11:34:55.012Z"}}, {"condition": {"id": 366}, "defaults": {"site_id": 39, "admin_id": 32, "judul": "Rabu, 3 Agustus 2022, Kegiatan Pembagian Bantuan PKH  di Sekretariat PKH , Kantor Camat Gerung", "judul_seo": "rabu-3-agustus-2022-kegiatan-pembagian-bantuan-pkh-di-sekretariat-pkh-kantor-camat-gerung-39", "photo_id": 3762, "view_count": 0, "created_at": "2022-08-03T11:46:26.424Z", "updated_at": "2022-08-03T11:46:26.424Z"}}, {"condition": {"id": 441}, "defaults": {"site_id": 39, "admin_id": 32, "judul": "Kegiatan Jabat Sampah di Kelurahan Dasan Geres", "judul_seo": "kegiatan-jabat-sampah-di-kelurahan-dasan-geres--39", "photo_id": 6372, "view_count": 0, "created_at": "2022-10-04T14:04:45.212Z", "updated_at": "2022-10-04T14:04:45.212Z"}}, {"condition": {"id": 449}, "defaults": {"site_id": 39, "admin_id": 32, "judul": "Waspada  Cuaca Ekstrem  Propinsi NTB", "judul_seo": "waspada-cuaca-ekstrem-propinsi-ntb--39", "photo_id": 6766, "view_count": 0, "created_at": "2022-10-21T09:21:33.053Z", "updated_at": "2022-10-21T09:21:33.054Z"}}, {"condition": {"id": 455}, "defaults": {"site_id": 39, "admin_id": 32, "judul": "Diskusi Terbuka ", "judul_seo": "diskusi-terbuka--39", "photo_id": 7558, "view_count": 0, "created_at": "2022-12-01T13:49:25.759Z", "updated_at": "2022-12-01T13:49:25.759Z"}}, {"condition": {"id": 474}, "defaults": {"site_id": 39, "admin_id": 32, "judul": "TURNAMEN FUTSAL HUT KABUPATEN LOMBOK BARAT KE =65", "judul_seo": "turnamen-futsal-hut-kabupaten-lombok-barat-ke-65--39", "photo_id": 8744, "view_count": 0, "created_at": "2023-03-03T07:33:32.040Z", "updated_at": "2023-03-03T07:33:32.040Z"}}]