[{"condition": {"id": 212}, "defaults": {"site_id": 37, "admin_id": 35, "judul": "Peletakan Batu Pertama Pembangunan TPQ Dusun Tunggulawang Barat Desa Kuripan Selatan Kec. Kuripan", "judul_seo": "peletakan-batu-pertama-pembangunan-tpq-dusun-tunggulawang-barat-desa-kuripan-selatan-kec-kuripan", "photo_id": 1220, "view_count": 0, "created_at": "2021-08-23T10:01:30.168Z", "updated_at": "2021-08-23T10:01:30.168Z"}}, {"condition": {"id": 213}, "defaults": {"site_id": 37, "admin_id": 35, "judul": "Serah Terima Jabatan PJ. Kepala Desa Giri Sasak Masa Jabatan 2021-2027", "judul_seo": "serah-terima-jabatan-pj-kepala-desa-giri-sasak-masa-jabatan-2021-2027", "photo_id": 1221, "view_count": 0, "created_at": "2021-08-23T10:35:13.046Z", "updated_at": "2021-08-23T10:37:07.915Z"}}, {"condition": {"id": 334}, "defaults": {"site_id": 37, "admin_id": 35, "judul": "Tim TPPS Kecamatan Kuripan melaksana kegiatan Pembinaa Kespro (Kesehatan Reproduksi) di Mts Negeri 1 Kuripan", "judul_seo": "tim-tpps-kecamatan-kuripan-melaksana-kegiatan-pembinaa-kespro-kesehatan-reproduksi-di-mts-negeri-1-kuripan-37", "photo_id": 3380, "view_count": 0, "created_at": "2022-07-27T12:22:12.001Z", "updated_at": "2022-07-27T12:24:13.009Z"}}, {"condition": {"id": 383}, "defaults": {"site_id": 37, "admin_id": 35, "judul": "Peringatan HUT Kemerdekaan RI ke 77 Tahun 2022", "judul_seo": "peringatan-hut-kemerdekaan-ri-ke-77-tahun-2022-37", "photo_id": 4407, "view_count": 0, "created_at": "2022-08-18T10:41:13.153Z", "updated_at": "2022-08-18T10:41:13.153Z"}}]