[{"condition": {"id": 50245}, "defaults": {"site_id": 41, "judul": "Atribut", "isi_halaman": "Informasi tentang \"Atribut\". Silahkan update di halaman <a target=\"_blank\" href=\"/dashboard/halaman-statis/\">Dashboard.<a><br><br><br><br>\"Halaman ini dibuat otomatis oleh sistem, karena halaman statis untuk menu ini belum dibuat. <br>Silahkan lakukan update di halaman statis.\"", "view_count": 3, "menu_id": 836, "admin_id": null, "created_at": "2024-06-13T18:28:23.645Z", "updated_at": "2024-07-07T03:38:39.984Z", "is_edited": false}, "m2m": {"photo": []}}, {"condition": {"id": 50256}, "defaults": {"site_id": 41, "judul": "Standar Pelayanan", "isi_halaman": "Informasi tentang \"Standar Pelayanan\". Silahkan update di halaman <a target=\"_blank\" href=\"/dashboard/halaman-statis/\">Dashboard.<a><br><br><br><br>\"Halaman ini dibuat otomatis oleh sistem, karena halaman statis untuk menu ini belum dibuat. <br>Silahkan lakukan update di halaman statis.\"", "view_count": 1, "menu_id": 1008, "admin_id": null, "created_at": "2024-06-13T21:01:55.330Z", "updated_at": "2024-06-13T21:01:55.769Z", "is_edited": false}, "m2m": {"photo": []}}, {"condition": {"id": 50257}, "defaults": {"site_id": 41, "judul": "Struktur Organisasi", "isi_halaman": "Informasi tentang \"Struktur Organisasi\". Silahkan update di halaman <a target=\"_blank\" href=\"/dashboard/halaman-statis/\">Dashboard.<a><br><br><br><br>\"Halaman ini dibuat otomatis oleh sistem, karena halaman statis untuk menu ini belum dibuat. <br>Silahkan lakukan update di halaman statis.\"", "view_count": 7, "menu_id": 813, "admin_id": null, "created_at": "2024-06-13T21:05:47.132Z", "updated_at": "2024-07-11T20:23:56.795Z", "is_edited": false}, "m2m": {"photo": []}}, {"condition": {"id": 50258}, "defaults": {"site_id": 41, "judul": "TENTANG", "isi_halaman": "Informasi tentang \"TENTANG\". Silahkan update di halaman <a target=\"_blank\" href=\"/dashboard/halaman-statis/\">Dashboard.<a><br><br><br><br>\"Halaman ini dibuat otomatis oleh sistem, karena halaman statis untuk menu ini belum dibuat. <br>Silahkan lakukan update di halaman statis.\"", "view_count": 9, "menu_id": 527, "admin_id": null, "created_at": "2024-06-13T21:26:48.564Z", "updated_at": "2024-07-04T02:48:33.206Z", "is_edited": false}, "m2m": {"photo": []}}, {"condition": {"id": 50276}, "defaults": {"site_id": 41, "judul": "Penilaian Kinerja", "isi_halaman": "Informasi tentang \"Penilaian Kinerja\". Silahkan update di halaman <a target=\"_blank\" href=\"/dashboard/halaman-statis/\">Dashboard.<a><br><br><br><br>\"Halaman ini dibuat otomatis oleh sistem, karena halaman statis untuk menu ini belum dibuat. <br>Silahkan lakukan update di halaman statis.\"", "view_count": 1, "menu_id": 835, "admin_id": null, "created_at": "2024-06-13T22:42:52.460Z", "updated_at": "2024-06-13T22:42:53.228Z", "is_edited": false}, "m2m": {"photo": []}}, {"condition": {"id": 50277}, "defaults": {"site_id": 41, "judul": "SOP", "isi_halaman": "Informasi tentang \"SOP\". Silahkan update di halaman <a target=\"_blank\" href=\"/dashboard/halaman-statis/\">Dashboard.<a><br><br><br><br>\"Halaman ini dibuat otomatis oleh sistem, karena halaman statis untuk menu ini belum dibuat. <br>Silahkan lakukan update di halaman statis.\"", "view_count": 2, "menu_id": 500, "admin_id": null, "created_at": "2024-06-13T22:44:48.659Z", "updated_at": "2024-06-15T19:31:12.498Z", "is_edited": false}, "m2m": {"photo": []}}, {"condition": {"id": 50336}, "defaults": {"site_id": 41, "judul": "Pelayanan Terpadu", "isi_halaman": "Informasi tentang \"Pelayanan Terpadu\". Silahkan update di halaman <a target=\"_blank\" href=\"/dashboard/halaman-statis/\">Dashboard.<a><br><br><br><br>\"Halaman ini dibuat otomatis oleh sistem, karena halaman statis untuk menu ini belum dibuat. <br>Silahkan lakukan update di halaman statis.\"", "view_count": 4, "menu_id": 838, "admin_id": null, "created_at": "2024-06-14T08:44:51.730Z", "updated_at": "2024-07-06T01:46:50.088Z", "is_edited": false}, "m2m": {"photo": []}}, {"condition": {"id": 50338}, "defaults": {"site_id": 41, "judul": "Nama Petugas Pengelola Pengaduan", "isi_halaman": "Informasi tentang \"Nama Petugas Pengelola Pengaduan\". Silahkan update di halaman <a target=\"_blank\" href=\"/dashboard/halaman-statis/\">Dashboard.<a><br><br><br><br>\"Halaman ini dibuat otomatis oleh sistem, karena halaman statis untuk menu ini belum dibuat. <br>Silahkan lakukan update di halaman statis.\"", "view_count": 5, "menu_id": 927, "admin_id": null, "created_at": "2024-06-14T09:10:45.178Z", "updated_at": "2024-07-11T20:23:56.246Z", "is_edited": false}, "m2m": {"photo": []}}, {"condition": {"id": 50344}, "defaults": {"site_id": 41, "judul": "Visi-Misi dan Motto Pelayanan", "isi_halaman": "Informasi tentang \"Visi-Misi dan Motto Pelayanan\". Silahkan update di halaman <a target=\"_blank\" href=\"/dashboard/halaman-statis/\">Dashboard.<a><br><br><br><br>\"Halaman ini dibuat otomatis oleh sistem, karena halaman statis untuk menu ini belum dibuat. <br>Silahkan lakukan update di halaman statis.\"", "view_count": 2, "menu_id": 97, "admin_id": null, "created_at": "2024-06-14T09:34:33.660Z", "updated_at": "2024-07-02T13:58:44.720Z", "is_edited": false}, "m2m": {"photo": []}}, {"condition": {"id": 50367}, "defaults": {"site_id": 41, "judul": "Jangka Waktu Respon Pengaduan", "isi_halaman": "Informasi tentang \"Jangka Waktu Respon Pengaduan\". Silahkan update di halaman <a target=\"_blank\" href=\"/dashboard/halaman-statis/\">Dashboard.<a><br><br><br><br>\"Halaman ini dibuat otomatis oleh sistem, karena halaman statis untuk menu ini belum dibuat. <br>Silahkan lakukan update di halaman statis.\"", "view_count": 3, "menu_id": 926, "admin_id": null, "created_at": "2024-06-14T10:56:21.761Z", "updated_at": "2024-07-11T06:49:28.932Z", "is_edited": false}, "m2m": {"photo": []}}, {"condition": {"id": 50370}, "defaults": {"site_id": 41, "judul": "Mekanisme Pengaduan Online/Offline", "isi_halaman": "Informasi tentang \"Mekanisme Pengaduan Online/Offline\". Silahkan update di halaman <a target=\"_blank\" href=\"/dashboard/halaman-statis/\">Dashboard.<a><br><br><br><br>\"Halaman ini dibuat otomatis oleh sistem, karena halaman statis untuk menu ini belum dibuat. <br>Silahkan lakukan update di halaman statis.\"", "view_count": 2, "menu_id": 115, "admin_id": null, "created_at": "2024-06-14T11:55:40.852Z", "updated_at": "2024-07-02T13:48:33.637Z", "is_edited": false}, "m2m": {"photo": []}}, {"condition": {"id": 50373}, "defaults": {"site_id": 41, "judul": "Rekognisi", "isi_halaman": "Informasi tentang \"Rekognisi\". Silahkan update di halaman <a target=\"_blank\" href=\"/dashboard/halaman-statis/\">Dashboard.<a><br><br><br><br>\"Halaman ini dibuat otomatis oleh sistem, karena halaman statis untuk menu ini belum dibuat. <br>Silahkan lakukan update di halaman statis.\"", "view_count": 3, "menu_id": 839, "admin_id": null, "created_at": "2024-06-14T12:35:38.761Z", "updated_at": "2024-07-04T02:37:17.863Z", "is_edited": false}, "m2m": {"photo": []}}, {"condition": {"id": 50400}, "defaults": {"site_id": 41, "judul": "Pelayanan Khusus", "isi_halaman": "Informasi tentang \"Pelayanan Khusus\". Silahkan update di halaman <a target=\"_blank\" href=\"/dashboard/halaman-statis/\">Dashboard.<a><br><br><br><br>\"Halaman ini dibuat otomatis oleh sistem, karena halaman statis untuk menu ini belum dibuat. <br>Silahkan lakukan update di halaman statis.\"", "view_count": 3, "menu_id": 834, "admin_id": null, "created_at": "2024-06-14T19:16:16.591Z", "updated_at": "2024-07-02T13:49:03.123Z", "is_edited": false}, "m2m": {"photo": []}}, {"condition": {"id": 50401}, "defaults": {"site_id": 41, "judul": "Sarana dan Prasarana Fasilitas", "isi_halaman": "Informasi tentang \"Sarana dan Prasarana Fasilitas\". Silahkan update di halaman <a target=\"_blank\" href=\"/dashboard/halaman-statis/\">Dashboard.<a><br><br><br><br>\"Halaman ini dibuat otomatis oleh sistem, karena halaman statis untuk menu ini belum dibuat. <br>Silahkan lakukan update di halaman statis.\"", "view_count": 7, "menu_id": 837, "admin_id": null, "created_at": "2024-06-14T19:34:19.160Z", "updated_at": "2024-07-10T09:36:48.848Z", "is_edited": false}, "m2m": {"photo": []}}, {"condition": {"id": 50402}, "defaults": {"site_id": 41, "judul": "Profil Pejabat Struktural", "isi_halaman": "Informasi tentang \"Profil Pejabat Struktural\". Silahkan update di halaman <a target=\"_blank\" href=\"/dashboard/halaman-statis/\">Dashboard.<a><br><br><br><br>\"Halaman ini dibuat otomatis oleh sistem, karena halaman statis untuk menu ini belum dibuat. <br>Silahkan lakukan update di halaman statis.\"", "view_count": 6, "menu_id": 1043, "admin_id": null, "created_at": "2024-06-14T19:47:09.008Z", "updated_at": "2024-07-11T20:23:56.615Z", "is_edited": false}, "m2m": {"photo": []}}, {"condition": {"id": 50403}, "defaults": {"site_id": 41, "judul": "Hubungi Kami", "isi_halaman": "Informasi tentang \"Hubungi Kami\". Silahkan update di halaman <a target=\"_blank\" href=\"/dashboard/halaman-statis/\">Dashboard.<a><br><br><br><br>\"Halaman ini dibuat otomatis oleh sistem, karena halaman statis untuk menu ini belum dibuat. <br>Silahkan lakukan update di halaman statis.\"", "view_count": 6, "menu_id": 41, "admin_id": null, "created_at": "2024-06-14T19:52:08.324Z", "updated_at": "2024-07-02T13:58:14.069Z", "is_edited": false}, "m2m": {"photo": []}}, {"condition": {"id": 50425}, "defaults": {"site_id": 41, "judul": "Maklumat Pelayanan", "isi_halaman": "Informasi tentang \"Maklumat Pelayanan\". Silahkan update di halaman <a target=\"_blank\" href=\"/dashboard/halaman-statis/\">Dashboard.<a><br><br><br><br>\"Halaman ini dibuat otomatis oleh sistem, karena halaman statis untuk menu ini belum dibuat. <br>Silahkan lakukan update di halaman statis.\"", "view_count": 2, "menu_id": 831, "admin_id": null, "created_at": "2024-06-14T23:25:24.217Z", "updated_at": "2024-07-02T13:59:33.693Z", "is_edited": false}, "m2m": {"photo": []}}, {"condition": {"id": 50479}, "defaults": {"site_id": 41, "judul": "Tugas dan Fungsi", "isi_halaman": "Informasi tentang \"Tugas dan Fungsi\". Silahkan update di halaman <a target=\"_blank\" href=\"/dashboard/halaman-statis/\">Dashboard.<a><br><br><br><br>\"Halaman ini dibuat otomatis oleh sistem, karena halaman statis untuk menu ini belum dibuat. <br>Silahkan lakukan update di halaman statis.\"", "view_count": 2, "menu_id": 812, "admin_id": null, "created_at": "2024-06-15T08:08:39.312Z", "updated_at": "2024-06-29T05:53:04.128Z", "is_edited": false}, "m2m": {"photo": []}}, {"condition": {"id": 50484}, "defaults": {"site_id": 41, "judul": "SIM dan WEB", "isi_halaman": "Informasi tentang \"SIM dan WEB\". Silahkan update di halaman <a target=\"_blank\" href=\"/dashboard/halaman-statis/\">Dashboard.<a><br><br><br><br>\"Halaman ini dibuat otomatis oleh sistem, karena halaman statis untuk menu ini belum dibuat. <br>Silahkan lakukan update di halaman statis.\"", "view_count": 1, "menu_id": 772, "admin_id": null, "created_at": "2024-06-15T09:50:01.400Z", "updated_at": "2024-06-15T09:50:01.683Z", "is_edited": false}, "m2m": {"photo": []}}, {"condition": {"id": 50532}, "defaults": {"site_id": 41, "judul": "SK PENUNJUKAN PETUGAS PENGELOLA PENGADUAN", "isi_halaman": "Informasi tentang \"SK PENUNJUKAN PETUGAS PENGELOLA PENGADUAN\". Silahkan update di halaman <a target=\"_blank\" href=\"/dashboard/halaman-statis/\">Dashboard.<a><br><br><br><br>\"Halaman ini dibuat otomatis oleh sistem, karena halaman statis untuk menu ini belum dibuat. <br>Silahkan lakukan update di halaman statis.\"", "view_count": 3, "menu_id": 575, "admin_id": null, "created_at": "2024-06-16T02:30:21.048Z", "updated_at": "2024-07-02T13:59:02.327Z", "is_edited": false}, "m2m": {"photo": []}}, {"condition": {"id": 50534}, "defaults": {"site_id": 41, "judul": "Jenis Layanan", "isi_halaman": "Informasi tentang \"Jenis Layanan\". Silahkan update di halaman <a target=\"_blank\" href=\"/dashboard/halaman-statis/\">Dashboard.<a><br><br><br><br>\"Halaman ini dibuat otomatis oleh sistem, karena halaman statis untuk menu ini belum dibuat. <br>Silahkan lakukan update di halaman statis.\"", "view_count": 3, "menu_id": 898, "admin_id": null, "created_at": "2024-06-16T04:02:56.640Z", "updated_at": "2024-07-02T13:50:54.551Z", "is_edited": false}, "m2m": {"photo": []}}, {"condition": {"id": 50538}, "defaults": {"site_id": 41, "judul": "Visi dan Misi", "isi_halaman": "Informasi tentang \"Visi dan Misi\". Silahkan update di halaman <a target=\"_blank\" href=\"/dashboard/halaman-statis/\">Dashboard.<a><br><br><br><br>\"Halaman ini dibuat otomatis oleh sistem, karena halaman statis untuk menu ini belum dibuat. <br>Silahkan lakukan update di halaman statis.\"", "view_count": 5, "menu_id": 1013, "admin_id": null, "created_at": "2024-06-16T06:54:29.842Z", "updated_at": "2024-07-06T15:36:32.514Z", "is_edited": false}, "m2m": {"photo": []}}, {"condition": {"id": 50628}, "defaults": {"site_id": 41, "judul": "Best Practise", "isi_halaman": "Informasi tentang \"Best Practise\". Silahkan update di halaman <a target=\"_blank\" href=\"/dashboard/halaman-statis/\">Dashboard.<a><br><br><br><br>\"Halaman ini dibuat otomatis oleh sistem, karena halaman statis untuk menu ini belum dibuat. <br>Silahkan lakukan update di halaman statis.\"", "view_count": 1, "menu_id": 770, "admin_id": null, "created_at": "2024-06-18T08:51:26.391Z", "updated_at": "2024-06-18T08:51:27.077Z", "is_edited": false}, "m2m": {"photo": []}}, {"condition": {"id": 50630}, "defaults": {"site_id": 41, "judul": "LOGIN SIM KOTAKU", "isi_halaman": "Informasi tentang \"LOGIN SIM KOTAKU\". Silahkan update di halaman <a target=\"_blank\" href=\"/dashboard/halaman-statis/\">Dashboard.<a><br><br><br><br>\"Halaman ini dibuat otomatis oleh sistem, karena halaman statis untuk menu ini belum dibuat. <br>Silahkan lakukan update di halaman statis.\"", "view_count": 3, "menu_id": 773, "admin_id": null, "created_at": "2024-06-18T09:02:05.859Z", "updated_at": "2024-07-07T09:53:39.880Z", "is_edited": false}, "m2m": {"photo": []}}, {"condition": {"id": 50631}, "defaults": {"site_id": 41, "judul": "WEB GIS", "isi_halaman": "Informasi tentang \"WEB GIS\". Silahkan update di halaman <a target=\"_blank\" href=\"/dashboard/halaman-statis/\">Dashboard.<a><br><br><br><br>\"Halaman ini dibuat otomatis oleh sistem, karena halaman statis untuk menu ini belum dibuat. <br>Silahkan lakukan update di halaman statis.\"", "view_count": 1, "menu_id": 774, "admin_id": null, "created_at": "2024-06-18T09:02:32.359Z", "updated_at": "2024-06-18T09:02:33.648Z", "is_edited": false}, "m2m": {"photo": []}}, {"condition": {"id": 50632}, "defaults": {"site_id": 41, "judul": "Pokja PKP - Forum PKP", "isi_halaman": "Informasi tentang \"Pokja PKP - Forum PKP\". Silahkan update di halaman <a target=\"_blank\" href=\"/dashboard/halaman-statis/\">Dashboard.<a><br><br><br><br>\"Halaman ini dibuat otomatis oleh sistem, karena halaman statis untuk menu ini belum dibuat. <br>Silahkan lakukan update di halaman statis.\"", "view_count": 1, "menu_id": 747, "admin_id": null, "created_at": "2024-06-18T09:28:46.778Z", "updated_at": "2024-06-18T09:28:47.174Z", "is_edited": false}, "m2m": {"photo": []}}, {"condition": {"id": 50635}, "defaults": {"site_id": 41, "judul": "SK Kumuh", "isi_halaman": "Informasi tentang \"SK Kumuh\". Silahkan update di halaman <a target=\"_blank\" href=\"/dashboard/halaman-statis/\">Dashboard.<a><br><br><br><br>\"Halaman ini dibuat otomatis oleh sistem, karena halaman statis untuk menu ini belum dibuat. <br>Silahkan lakukan update di halaman statis.\"", "view_count": 1, "menu_id": 763, "admin_id": null, "created_at": "2024-06-18T12:18:03.118Z", "updated_at": "2024-06-18T12:18:03.606Z", "is_edited": false}, "m2m": {"photo": []}}, {"condition": {"id": 50637}, "defaults": {"site_id": 41, "judul": "KOTAKU NASIONAL", "isi_halaman": "Informasi tentang \"KOTAKU NASIONAL\". Silahkan update di halaman <a target=\"_blank\" href=\"/dashboard/halaman-statis/\">Dashboard.<a><br><br><br><br>\"Halaman ini dibuat otomatis oleh sistem, karena halaman statis untuk menu ini belum dibuat. <br>Silahkan lakukan update di halaman statis.\"", "view_count": 1, "menu_id": 776, "admin_id": null, "created_at": "2024-06-18T14:29:47.860Z", "updated_at": "2024-06-18T14:29:48.628Z", "is_edited": false}, "m2m": {"photo": []}}, {"condition": {"id": 50645}, "defaults": {"site_id": 41, "judul": "Investasi Kegiatan", "isi_halaman": "Informasi tentang \"Investasi Kegiatan\". Silahkan update di halaman <a target=\"_blank\" href=\"/dashboard/halaman-statis/\">Dashboard.<a><br><br><br><br>\"Halaman ini dibuat otomatis oleh sistem, karena halaman statis untuk menu ini belum dibuat. <br>Silahkan lakukan update di halaman statis.\"", "view_count": 1, "menu_id": 753, "admin_id": null, "created_at": "2024-06-18T19:57:48.025Z", "updated_at": "2024-06-18T19:57:48.368Z", "is_edited": false}, "m2m": {"photo": []}}, {"condition": {"id": 50647}, "defaults": {"site_id": 41, "judul": "Profil Kumuh Kabupaten", "isi_halaman": "Informasi tentang \"Profil Kumuh Kabupaten\". Silahkan update di halaman <a target=\"_blank\" href=\"/dashboard/halaman-statis/\">Dashboard.<a><br><br><br><br>\"Halaman ini dibuat otomatis oleh sistem, karena halaman statis untuk menu ini belum dibuat. <br>Silahkan lakukan update di halaman statis.\"", "view_count": 2, "menu_id": 765, "admin_id": null, "created_at": "2024-06-18T21:17:16.940Z", "updated_at": "2024-06-30T23:12:06.198Z", "is_edited": false}, "m2m": {"photo": []}}, {"condition": {"id": 50655}, "defaults": {"site_id": 41, "judul": "SK Pokja PKP", "isi_halaman": "Informasi tentang \"SK Pokja PKP\". Silahkan update di halaman <a target=\"_blank\" href=\"/dashboard/halaman-statis/\">Dashboard.<a><br><br><br><br>\"Halaman ini dibuat otomatis oleh sistem, karena halaman statis untuk menu ini belum dibuat. <br>Silahkan lakukan update di halaman statis.\"", "view_count": 1, "menu_id": 766, "admin_id": null, "created_at": "2024-06-19T02:00:53.659Z", "updated_at": "2024-06-19T02:00:53.941Z", "is_edited": false}, "m2m": {"photo": []}}, {"condition": {"id": 50659}, "defaults": {"site_id": 41, "judul": "Dokumen", "isi_halaman": "Informasi tentang \"Dokumen\". Silahkan update di halaman <a target=\"_blank\" href=\"/dashboard/halaman-statis/\">Dashboard.<a><br><br><br><br>\"Halaman ini dibuat otomatis oleh sistem, karena halaman statis untuk menu ini belum dibuat. <br>Silahkan lakukan update di halaman statis.\"", "view_count": 1, "menu_id": 750, "admin_id": null, "created_at": "2024-06-19T04:57:36.909Z", "updated_at": "2024-06-19T04:57:37.265Z", "is_edited": false}, "m2m": {"photo": []}}]