[{"condition": {"id": 1836}, "defaults": {"site_id": 38, "judul": "Struktur Organisasi", "isi_halaman": "<p>Struktur Organisasi Kecamatan Labuapi</p>", "view_count": 549, "menu_id": 45, "admin_id": 36, "created_at": "2021-08-12T21:43:03.757Z", "updated_at": "2024-07-12T01:50:54.489Z", "is_edited": true}, "m2m": {"photo": [4918]}}, {"condition": {"id": 1853}, "defaults": {"site_id": 38, "judul": "Visi-Misi Kecamatan Labuapi", "isi_halaman": "<p style=\"margin-left:50px; margin-right:6px; text-align:justify\"><span style=\"font-size:10pt\"><span style=\"font-family:&quot;Times New Roman&quot;,&quot;serif&quot;\"><span style=\"font-size:12.0pt\"><span style=\"font-family:&quot;Bookman Old Style&quot;,&quot;serif&quot;\">Visi Kecamatan Labuapi adalah&ldquo;<em>Terwujudnya</em></span></span><em> </em><em><span style=\"font-size:12.0pt\"><span style=\"font-family:&quot;Bookman Old Style&quot;,&quot;serif&quot;\">Masyarakat Kecamatan Labuapi yang Bercahaya (Bersih, Cerdas, Aktif, Harmonis dan Berbudaya)<strong>&rdquo;</strong></span></span></em></span></span></p>\r\n\r\n<p><span style=\"font-size:10pt\"><span style=\"font-family:&quot;Times New Roman&quot;,&quot;serif&quot;\"><span style=\"font-size:12.0pt\"><span style=\"font-family:&quot;Bookman Old Style&quot;,&quot;serif&quot;\">Visi tersebut mengandung makna sebagai berikut :</span></span></span></span></p>\r\n\r\n<p><span style=\"font-size:10pt\"><span style=\"font-family:&quot;Times New Roman&quot;,&quot;serif&quot;\"><span style=\"font-size:12.0pt\"><span style=\"font-family:&quot;Bookman Old Style&quot;,&quot;serif&quot;\">1. &nbsp;Bersih</span></span></span></span></p>\r\n\r\n<p><span style=\"font-size:10pt\"><span style=\"font-family:&quot;Times New Roman&quot;,&quot;serif&quot;\"><span style=\"font-size:12.0pt\"><span style=\"font-family:&quot;Bookman Old Style&quot;,&quot;serif&quot;\">T</span></span><span style=\"font-size:12.0pt\"><span style=\"font-family:&quot;Bookman Old Style&quot;,&quot;serif&quot;\">erciptanya pelayanan prima yang bersih dan transparan</span></span></span></span></p>\r\n\r\n<p><span style=\"font-size:10pt\"><span style=\"font-family:&quot;Times New Roman&quot;,&quot;serif&quot;\"><span style=\"font-size:12.0pt\"><span style=\"font-family:&quot;Bookman Old Style&quot;,&quot;serif&quot;\">2. &nbsp;Cerdas</span></span></span></span></p>\r\n\r\n<p><span style=\"font-size:10pt\"><span style=\"font-family:&quot;Times New Roman&quot;,&quot;serif&quot;\"><span style=\"font-size:12.0pt\"><span style=\"font-family:&quot;Bookman Old Style&quot;,&quot;serif&quot;\">T</span></span><span style=\"font-size:12.0pt\"><span style=\"font-family:&quot;Bookman Old Style&quot;,&quot;serif&quot;\">erwujudnya aparatur pemerintah yang cerdas dan akuntabel</span></span></span></span></p>\r\n\r\n<p><span style=\"font-size:10pt\"><span style=\"font-family:&quot;Times New Roman&quot;,&quot;serif&quot;\"><span style=\"font-size:12.0pt\"><span style=\"font-family:&quot;Bookman Old Style&quot;,&quot;serif&quot;\">3. &nbsp;Aktif</span></span></span></span></p>\r\n\r\n<p><span style=\"font-size:10pt\"><span style=\"font-family:&quot;Times New Roman&quot;,&quot;serif&quot;\"><span style=\"font-size:12.0pt\"><span style=\"font-family:&quot;Bookman Old Style&quot;,&quot;serif&quot;\">T</span></span><span style=\"font-size:12.0pt\"><span style=\"font-family:&quot;Bookman Old Style&quot;,&quot;serif&quot;\">erwujudnya peran aktif pemuda pemudi kecamatan untuk turut dalam kegiatan kegiatan kecamatan.</span></span></span></span></p>\r\n\r\n<p><span style=\"font-size:10pt\"><span style=\"font-family:&quot;Times New Roman&quot;,&quot;serif&quot;\"><span style=\"font-size:12.0pt\"><span style=\"font-family:&quot;Bookman Old Style&quot;,&quot;serif&quot;\">4. &nbsp;Harmonis</span></span></span></span></p>\r\n\r\n<p><span style=\"font-size:10pt\"><span style=\"font-family:&quot;Times New Roman&quot;,&quot;serif&quot;\"><span style=\"font-size:12.0pt\"><span style=\"font-family:&quot;Bookman Old Style&quot;,&quot;serif&quot;\">T</span></span><span style=\"font-size:12.0pt\"><span style=\"font-family:&quot;Bookman Old Style&quot;,&quot;serif&quot;\">erwujudnya kehidupan masyarakat yang harmonis, aman dan beriman</span></span></span></span></p>\r\n\r\n<p><span style=\"font-size:10pt\"><span style=\"font-family:&quot;Times New Roman&quot;,&quot;serif&quot;\"><span style=\"font-size:12.0pt\"><span style=\"font-family:&quot;Bookman Old Style&quot;,&quot;serif&quot;\">5. &nbsp;Berbudaya</span></span></span></span></p>\r\n\r\n<p><span style=\"font-size:10pt\"><span style=\"font-family:&quot;Times New Roman&quot;,&quot;serif&quot;\"><span style=\"font-size:12.0pt\"><span style=\"font-family:&quot;Bookman Old Style&quot;,&quot;serif&quot;\">T</span></span><span style=\"font-size:12.0pt\"><span style=\"font-family:&quot;Bookman Old Style&quot;,&quot;serif&quot;\">erbinanya potensi sumber daya sosial dan budaya yang dimiliki kecamatan.</span></span></span></span></p>\r\n\r\n<p>&nbsp;</p>\r\n\r\n<p><span style=\"font-size:10pt\"><span style=\"font-family:&quot;Times New Roman&quot;,&quot;serif&quot;\"><span style=\"font-size:12.0pt\"><span style=\"font-family:&quot;Bookman Old Style&quot;,&quot;serif&quot;\">Misi&nbsp;</span></span></span></span><span style=\"font-size:10pt\"><span style=\"font-family:&quot;Times New Roman&quot;,&quot;serif&quot;\"><span style=\"font-size:12.0pt\"><span style=\"font-family:&quot;Bookman Old Style&quot;,&quot;serif&quot;\">Untuk &nbsp;mewujudkan &nbsp;Visi &nbsp;tersebut &nbsp;dirumuskan &nbsp;misi &nbsp;Kecamatan</span></span></span></span></p>\r\n\r\n<p><span style=\"font-size:10pt\"><span style=\"font-family:&quot;Times New Roman&quot;,&quot;serif&quot;\"><span style=\"font-size:12.0pt\"><span style=\"font-family:&quot;Bookman Old Style&quot;,&quot;serif&quot;\">Labuapi sebagai berikut :</span></span></span></span></p>\r\n\r\n<p><span style=\"font-size:10pt\"><span style=\"font-family:&quot;Times New Roman&quot;,&quot;serif&quot;\"><span style=\"font-size:12.0pt\"><span style=\"font-family:&quot;Bookman Old Style&quot;,&quot;serif&quot;\">1. &nbsp;Mewujudkan pelayanan public yang bersih dan transparan</span></span></span></span></p>\r\n\r\n<p><span style=\"font-size:10pt\"><span style=\"font-family:&quot;Times New Roman&quot;,&quot;serif&quot;\"><span style=\"font-size:12.0pt\"><span style=\"font-family:&quot;Bookman Old Style&quot;,&quot;serif&quot;\">2. &nbsp;Mewujudkan kinerja pemerintah yang akuntabel</span></span></span></span></p>\r\n\r\n<p>&nbsp;</p>", "view_count": 125, "menu_id": 97, "admin_id": 36, "created_at": "2021-08-12T23:48:46.160Z", "updated_at": "2024-07-04T00:34:16.771Z", "is_edited": true}, "m2m": {"photo": [4916]}}, {"condition": {"id": 1956}, "defaults": {"site_id": 38, "judul": "SOP", "isi_halaman": "<p>SOP PELAYANAN TERPADU KECAMATAN</p>", "view_count": 447, "menu_id": 103, "admin_id": 36, "created_at": "2021-08-14T00:40:40.959Z", "updated_at": "2024-07-11T08:15:06.703Z", "is_edited": true}, "m2m": {"photo": [4936, 4937]}}, {"condition": {"id": 2082}, "defaults": {"site_id": 38, "judul": "Visi dan Misi", "isi_halaman": "<p style=\"margin-left:50px; margin-right:6px; text-align:justify\"><span style=\"font-size:10pt\"><span style=\"font-family:&quot;Times New Roman&quot;,&quot;serif&quot;\"><span style=\"font-size:12.0pt\"><span style=\"font-family:&quot;Bookman Old Style&quot;,&quot;serif&quot;\">Visi Kecamatan Labuapi adalah&ldquo;<em>Terwujudnya</em></span></span><em> </em><em><span style=\"font-size:12.0pt\"><span style=\"font-family:&quot;Bookman Old Style&quot;,&quot;serif&quot;\">Masyarakat Kecamatan Labuapi yang Bercahaya (Bersih, Cerdas, Aktif, Harmonis dan Berbudaya)<strong>&rdquo;</strong></span></span></em></span></span></p>\r\n\r\n<p>&nbsp;</p>\r\n\r\n<p style=\"margin-left:50px; margin-right:199px; text-align:justify\"><span style=\"font-size:10pt\"><span style=\"font-family:&quot;Times New Roman&quot;,&quot;serif&quot;\"><span style=\"font-size:12.0pt\"><span style=\"font-family:&quot;Bookman Old Style&quot;,&quot;serif&quot;\">Visi tersebut mengandung makna sebagai berikut :</span></span></span></span></p>\r\n\r\n<p><span style=\"font-size:10pt\"><span style=\"font-family:&quot;Times New Roman&quot;,&quot;serif&quot;\"><span style=\"font-size:12.0pt\"><span style=\"font-family:&quot;Bookman Old Style&quot;,&quot;serif&quot;\">1. &nbsp;Bersih</span></span></span></span></p>\r\n\r\n<p><span style=\"font-size:10pt\"><span style=\"font-family:&quot;Times New Roman&quot;,&quot;serif&quot;\"><span style=\"font-size:12.0pt\"><span style=\"font-family:&quot;Bookman Old Style&quot;,&quot;serif&quot;\">T</span></span><span style=\"font-size:12.0pt\"><span style=\"font-family:&quot;Bookman Old Style&quot;,&quot;serif&quot;\">erciptanya pelayanan prima yang bersih dan transparan</span></span></span></span></p>\r\n\r\n<p><span style=\"font-size:10pt\"><span style=\"font-family:&quot;Times New Roman&quot;,&quot;serif&quot;\"><span style=\"font-size:12.0pt\"><span style=\"font-family:&quot;Bookman Old Style&quot;,&quot;serif&quot;\">2. &nbsp;Cerdas</span></span></span></span></p>\r\n\r\n<p><span style=\"font-size:10pt\"><span style=\"font-family:&quot;Times New Roman&quot;,&quot;serif&quot;\"><span style=\"font-size:12.0pt\"><span style=\"font-family:&quot;Bookman Old Style&quot;,&quot;serif&quot;\">T</span></span><span style=\"font-size:12.0pt\"><span style=\"font-family:&quot;Bookman Old Style&quot;,&quot;serif&quot;\">erwujudnya aparatur pemerintah yang cerdas dan akuntabel</span></span></span></span></p>\r\n\r\n<p><span style=\"font-size:10pt\"><span style=\"font-family:&quot;Times New Roman&quot;,&quot;serif&quot;\"><span style=\"font-size:12.0pt\"><span style=\"font-family:&quot;Bookman Old Style&quot;,&quot;serif&quot;\">3. &nbsp;Aktif</span></span></span></span></p>\r\n\r\n<p><span style=\"font-size:10pt\"><span style=\"font-family:&quot;Times New Roman&quot;,&quot;serif&quot;\"><span style=\"font-size:12.0pt\"><span style=\"font-family:&quot;Bookman Old Style&quot;,&quot;serif&quot;\">T</span></span><span style=\"font-size:12.0pt\"><span style=\"font-family:&quot;Bookman Old Style&quot;,&quot;serif&quot;\">erwujudnya peran aktif pemuda pemudi kecamatan untuk turut dalam kegiatan kegiatan kecamatan.</span></span></span></span></p>\r\n\r\n<p><span style=\"font-size:10pt\"><span style=\"font-family:&quot;Times New Roman&quot;,&quot;serif&quot;\"><span style=\"font-size:12.0pt\"><span style=\"font-family:&quot;Bookman Old Style&quot;,&quot;serif&quot;\">4. &nbsp;Harmonis</span></span></span></span></p>\r\n\r\n<p><span style=\"font-size:10pt\"><span style=\"font-family:&quot;Times New Roman&quot;,&quot;serif&quot;\"><span style=\"font-size:12.0pt\"><span style=\"font-family:&quot;Bookman Old Style&quot;,&quot;serif&quot;\">T</span></span><span style=\"font-size:12.0pt\"><span style=\"font-family:&quot;Bookman Old Style&quot;,&quot;serif&quot;\">erwujudnya kehidupan masyarakat yang harmonis, aman dan beriman</span></span></span></span></p>\r\n\r\n<p><span style=\"font-size:10pt\"><span style=\"font-family:&quot;Times New Roman&quot;,&quot;serif&quot;\"><span style=\"font-size:12.0pt\"><span style=\"font-family:&quot;Bookman Old Style&quot;,&quot;serif&quot;\">5. &nbsp;Berbudaya</span></span></span></span></p>\r\n\r\n<p><span style=\"font-size:10pt\"><span style=\"font-family:&quot;Times New Roman&quot;,&quot;serif&quot;\"><span style=\"font-size:12.0pt\"><span style=\"font-family:&quot;Bookman Old Style&quot;,&quot;serif&quot;\">T</span></span><span style=\"font-size:12.0pt\"><span style=\"font-family:&quot;Bookman Old Style&quot;,&quot;serif&quot;\">erbinanya potensi sumber daya sosial dan budaya yang dimiliki kecamatan.</span></span></span></span></p>\r\n\r\n<p>&nbsp;</p>\r\n\r\n<p><span style=\"font-size:10pt\"><span style=\"font-family:&quot;Times New Roman&quot;,&quot;serif&quot;\"><span style=\"font-size:12.0pt\"><span style=\"font-family:&quot;Bookman Old Style&quot;,&quot;serif&quot;\">Untuk &nbsp;mewujudkan &nbsp;Visi &nbsp;tersebut &nbsp;dirumuskan &nbsp;misi &nbsp;Kecamatan</span></span></span></span></p>\r\n\r\n<p><span style=\"font-size:10pt\"><span style=\"font-family:&quot;Times New Roman&quot;,&quot;serif&quot;\"><span style=\"font-size:12.0pt\"><span style=\"font-family:&quot;Bookman Old Style&quot;,&quot;serif&quot;\">Labuapi sebagai berikut :</span></span></span></span></p>\r\n\r\n<p><span style=\"font-size:10pt\"><span style=\"font-family:&quot;Times New Roman&quot;,&quot;serif&quot;\"><span style=\"font-size:12.0pt\"><span style=\"font-family:&quot;Bookman Old Style&quot;,&quot;serif&quot;\">1. &nbsp;Mewujudkan pelayanan public yang bersih dan transparan</span></span></span></span></p>\r\n\r\n<p><span style=\"font-size:10pt\"><span style=\"font-family:&quot;Times New Roman&quot;,&quot;serif&quot;\"><span style=\"font-size:12.0pt\"><span style=\"font-family:&quot;Bookman Old Style&quot;,&quot;serif&quot;\">2. &nbsp;Mewujudkan kinerja pemerintah yang akuntabel</span></span></span></span></p>\r\n\r\n<p>&nbsp;</p>", "view_count": 356, "menu_id": 43, "admin_id": 36, "created_at": "2021-08-15T09:56:14.581Z", "updated_at": "2024-07-10T12:52:53.267Z", "is_edited": true}, "m2m": {"photo": [4919]}}, {"condition": {"id": 2114}, "defaults": {"site_id": 38, "judul": "Maklumat Pelayanan", "isi_halaman": "<p>&quot;Maklumat Pelayanan&quot;</p>", "view_count": 308, "menu_id": 96, "admin_id": 36, "created_at": "2021-08-15T21:08:27.852Z", "updated_at": "2024-07-06T12:38:12.389Z", "is_edited": true}, "m2m": {"photo": [3719]}}, {"condition": {"id": 2154}, "defaults": {"site_id": 38, "judul": "Profil Pejabat Struktural", "isi_halaman": "<p>SEKRETARIS CAMAT LABUAPI : JALALUDIN, S.SOS</p>", "view_count": 470, "menu_id": 46, "admin_id": 36, "created_at": "2021-08-16T06:43:57.690Z", "updated_at": "2024-07-12T01:47:52.124Z", "is_edited": true}, "m2m": {"photo": [4921]}}, {"condition": {"id": 2203}, "defaults": {"site_id": 38, "judul": "Nama Petugas Pengelola Pengaduan", "isi_halaman": "<p>WURYA YUATIMA</p>", "view_count": 323, "menu_id": 117, "admin_id": 36, "created_at": "2021-08-16T18:05:57.755Z", "updated_at": "2024-07-11T05:26:34.451Z", "is_edited": true}, "m2m": {"photo": [4925]}}, {"condition": {"id": 2511}, "defaults": {"site_id": 38, "judul": "SOP", "isi_halaman": "<p>SOP PELAYANAN TERPADU KECAMATAN</p>", "view_count": 5, "menu_id": 103, "admin_id": 36, "created_at": "2021-08-31T10:25:29.456Z", "updated_at": "2022-08-30T12:41:15.238Z", "is_edited": true}, "m2m": {"photo": [4931, 4932]}}, {"condition": {"id": 2740}, "defaults": {"site_id": 38, "judul": "Nama Petugas Pengelola Pengaduan", "isi_halaman": "<p>WURYA YUATIMA</p>", "view_count": 6, "menu_id": 117, "admin_id": 36, "created_at": "2021-09-30T12:59:06.968Z", "updated_at": "2022-08-30T12:26:16.903Z", "is_edited": true}, "m2m": {"photo": [4924]}}, {"condition": {"id": 2756}, "defaults": {"site_id": 38, "judul": "SOP", "isi_halaman": "<p>SOP PELAYANAN TERPADU KECAMATAN</p>", "view_count": 2, "menu_id": 103, "admin_id": 36, "created_at": "2021-10-01T09:15:27.463Z", "updated_at": "2022-08-30T12:42:31.386Z", "is_edited": true}, "m2m": {"photo": [4934, 4935]}}, {"condition": {"id": 2958}, "defaults": {"site_id": 38, "judul": "Nama Petugas Pengelola Pengaduan", "isi_halaman": "<p>WURYA YUSTIMA</p>", "view_count": 103, "menu_id": 117, "admin_id": 36, "created_at": "2021-10-18T11:21:05.140Z", "updated_at": "2022-08-30T12:25:06.258Z", "is_edited": true}, "m2m": {"photo": [4923]}}, {"condition": {"id": 2960}, "defaults": {"site_id": 38, "judul": "SOP", "isi_halaman": "<p>SOP PELAYANAN TERPADU KECAMATAN</p>", "view_count": 35, "menu_id": 103, "admin_id": 36, "created_at": "2021-10-19T11:19:13.107Z", "updated_at": "2022-08-30T12:39:38.773Z", "is_edited": true}, "m2m": {"photo": [4929, 4930]}}, {"condition": {"id": 3284}, "defaults": {"site_id": 38, "judul": "SOP", "isi_halaman": "<p>SOP PELAYANAN TERPADU KECAMATAN</p>", "view_count": 6, "menu_id": 103, "admin_id": 36, "created_at": "2022-06-22T20:07:05.273Z", "updated_at": "2022-08-30T12:38:21.918Z", "is_edited": true}, "m2m": {"photo": [4927, 4928]}}, {"condition": {"id": 3542}, "defaults": {"site_id": 38, "judul": "PROFIL PEJABAT STRUKTURAL", "isi_halaman": "<p>cAMAT lABUAPI : LALU DARMA ARTIKA, SE</p>", "view_count": 99, "menu_id": 46, "admin_id": 36, "created_at": "2022-07-05T23:42:18.287Z", "updated_at": "2022-08-30T12:13:54.163Z", "is_edited": true}, "m2m": {"photo": [4920]}}, {"condition": {"id": 3776}, "defaults": {"site_id": 38, "judul": "MAKLUMAT PELAYANAN KECAMATAN LABUAPI", "isi_halaman": "<p>Dengan ini Kami menyatakan sanggup menyelenggarakan pelayanan sesuai dengan standar pelayanan yang telah ditetapkan dan apabila tidak menempati janji ini, kami siap menerima sanksi sesuai dengan peraturan perundang-undangan yang berlaku</p>", "view_count": 380, "menu_id": 161, "admin_id": 36, "created_at": "2022-07-06T13:48:22.098Z", "updated_at": "2024-07-10T23:58:19.379Z", "is_edited": true}, "m2m": {"photo": [3589]}}, {"condition": {"id": 3807}, "defaults": {"site_id": 38, "judul": "STRUKTUR ORGANISASI", "isi_halaman": "<p>STRUKTUR ORGANISASI KECAMATAN LABUAPI</p>", "view_count": 27, "menu_id": 45, "admin_id": 36, "created_at": "2022-07-06T13:53:21.753Z", "updated_at": "2022-08-28T10:14:29.107Z", "is_edited": true}, "m2m": {"photo": [3718]}}, {"condition": {"id": 3847}, "defaults": {"site_id": 38, "judul": "VISI DAN MISI", "isi_halaman": "<p>Visi Kecamatan Labuapi adalah &ldquo;Terwujudnya Masyarakat Kecamatan Labuapi yang Bercahaya (Bersih, Cerdas, Aktif, Harmonis dan Berbudaya) &rdquo;Visi tersebut mengandung makna sebagai berikut : 1. BersihTerciptanya pelayanan prima yang bersih dan transparan 2. CerdasTerwujudnya aparatur pemerintah yang cerdas dan akuntabel 3. Terwujudnya peran aktif pemuda pemudi kecamatan untuk turut dalam kegiatan kegiatan kecamatan. 4. HarmonisTerwujudnya kehidupan masyarakat yang harmonis, aman dan beriman 5. BerbudayaTerbinanya potensi sumber daya sosial dan budaya yang dimiliki kecamatan. Untuk mewujudkan Visi tersebut dirumuskan misi Kecamatan Labuapi sebagai berikut : 1. Mewujudkan pelayanan public yang bersih dan transparan 2. Mewujudkan kinerja pemerintah yang akuntabel</p>", "view_count": 5, "menu_id": 43, "admin_id": 36, "created_at": "2022-07-06T13:56:41.966Z", "updated_at": "2022-08-30T12:04:42.536Z", "is_edited": true}, "m2m": {"photo": [4917]}}, {"condition": {"id": 4384}, "defaults": {"site_id": 38, "judul": "VISI DAN MISI", "isi_halaman": "<p>Visi Kecamatan Labuapi adalah&ldquo;<em>Terwujudnya</em><em>&nbsp;</em><em>Masyarakat Kecamatan Labuapi yang Bercahaya (Bersih, Cerdas, Aktif, Harmonis dan Berbudaya)<strong>&rdquo;</strong></em></p>\r\n\r\n<p>&nbsp;</p>\r\n\r\n<p>Visi tersebut mengandung makna sebagai berikut :</p>\r\n\r\n<p>1. &nbsp;Bersih</p>\r\n\r\n<p>Terciptanya pelayanan prima yang bersih dan transparan</p>\r\n\r\n<p>2. &nbsp;Cerdas</p>\r\n\r\n<p>Terwujudnya aparatur pemerintah yang cerdas dan akuntabel</p>\r\n\r\n<p>3. &nbsp;Aktif</p>\r\n\r\n<p>Terwujudnya peran aktif pemuda pemudi kecamatan untuk turut dalam kegiatan kegiatan kecamatan.</p>\r\n\r\n<p>4. &nbsp;Harmonis</p>\r\n\r\n<p>Terwujudnya kehidupan masyarakat yang harmonis, aman dan beriman</p>\r\n\r\n<p>5. &nbsp;Berbudaya</p>\r\n\r\n<p>Terbinanya potensi sumber daya sosial dan budaya yang dimiliki kecamatan.</p>\r\n\r\n<p>&nbsp;</p>\r\n\r\n<p>Untuk &nbsp;mewujudkan &nbsp;Visi &nbsp;tersebut &nbsp;dirumuskan &nbsp;misi &nbsp;Kecamatan</p>\r\n\r\n<p>Labuapi sebagai berikut :</p>\r\n\r\n<p>1. &nbsp;Mewujudkan pelayanan public yang bersih dan transparan</p>\r\n\r\n<p>2. &nbsp;Mewujudkan kinerja pemerintah yang akuntabel</p>", "view_count": 23, "menu_id": 43, "admin_id": 36, "created_at": "2022-07-16T21:22:58.437Z", "updated_at": "2022-08-30T12:01:29.978Z", "is_edited": true}, "m2m": {"photo": [4915]}}, {"condition": {"id": 50034}, "defaults": {"site_id": 38, "judul": "Tugas dan Fungsi", "isi_halaman": "Informasi tentang \"Tugas dan Fungsi\". Silahkan update di halaman <a target=\"_blank\" href=\"/dashboard/halaman-statis/\">Dashboard.<a><br><br><br><br>\"Halaman ini dibuat otomatis oleh sistem, karena halaman statis untuk menu ini belum dibuat. <br>Silahkan lakukan update di halaman statis.\"", "view_count": 5, "menu_id": 812, "admin_id": null, "created_at": "2024-06-11T17:04:15.139Z", "updated_at": "2024-07-04T00:34:13.664Z", "is_edited": false}, "m2m": {"photo": []}}, {"condition": {"id": 50035}, "defaults": {"site_id": 38, "judul": "SK PENUNJUKAN PETUGAS PENGELOLA PENGADUAN", "isi_halaman": "Informasi tentang \"SK PENUNJUKAN PETUGAS PENGELOLA PENGADUAN\". Silahkan update di halaman <a target=\"_blank\" href=\"/dashboard/halaman-statis/\">Dashboard.<a><br><br><br><br>\"Halaman ini dibuat otomatis oleh sistem, karena halaman statis untuk menu ini belum dibuat. <br>Silahkan lakukan update di halaman statis.\"", "view_count": 3, "menu_id": 575, "admin_id": null, "created_at": "2024-06-11T17:05:15.483Z", "updated_at": "2024-07-09T09:37:06.575Z", "is_edited": false}, "m2m": {"photo": []}}, {"condition": {"id": 50036}, "defaults": {"site_id": 38, "judul": "Penilaian Kinerja", "isi_halaman": "Informasi tentang \"Penilaian Kinerja\". Silahkan update di halaman <a target=\"_blank\" href=\"/dashboard/halaman-statis/\">Dashboard.<a><br><br><br><br>\"Halaman ini dibuat otomatis oleh sistem, karena halaman statis untuk menu ini belum dibuat. <br>Silahkan lakukan update di halaman statis.\"", "view_count": 7, "menu_id": 835, "admin_id": null, "created_at": "2024-06-11T17:05:20.835Z", "updated_at": "2024-06-24T10:35:31.761Z", "is_edited": false}, "m2m": {"photo": []}}, {"condition": {"id": 50037}, "defaults": {"site_id": 38, "judul": "Sarana dan Prasarana Fasilitas", "isi_halaman": "Informasi tentang \"Sarana dan Prasarana Fasilitas\". Silahkan update di halaman <a target=\"_blank\" href=\"/dashboard/halaman-statis/\">Dashboard.<a><br><br><br><br>\"Halaman ini dibuat otomatis oleh sistem, karena halaman statis untuk menu ini belum dibuat. <br>Silahkan lakukan update di halaman statis.\"", "view_count": 3, "menu_id": 837, "admin_id": null, "created_at": "2024-06-11T17:05:37.522Z", "updated_at": "2024-07-04T00:34:11.199Z", "is_edited": false}, "m2m": {"photo": []}}, {"condition": {"id": 50038}, "defaults": {"site_id": 38, "judul": "TENTANG", "isi_halaman": "Informasi tentang \"TENTANG\". Silahkan update di halaman <a target=\"_blank\" href=\"/dashboard/halaman-statis/\">Dashboard.<a><br><br><br><br>\"Halaman ini dibuat otomatis oleh sistem, karena halaman statis untuk menu ini belum dibuat. <br>Silahkan lakukan update di halaman statis.\"", "view_count": 3, "menu_id": 527, "admin_id": null, "created_at": "2024-06-11T17:05:50.956Z", "updated_at": "2024-07-11T10:14:42.420Z", "is_edited": false}, "m2m": {"photo": []}}, {"condition": {"id": 50039}, "defaults": {"site_id": 38, "judul": "Mekanisme Pengaduan Online/Offline", "isi_halaman": "Informasi tentang \"Mekanisme Pengaduan Online/Offline\". Silahkan update di halaman <a target=\"_blank\" href=\"/dashboard/halaman-statis/\">Dashboard.<a><br><br><br><br>\"Halaman ini dibuat otomatis oleh sistem, karena halaman statis untuk menu ini belum dibuat. <br>Silahkan lakukan update di halaman statis.\"", "view_count": 2, "menu_id": 115, "admin_id": null, "created_at": "2024-06-11T17:05:59.213Z", "updated_at": "2024-06-14T21:51:06.676Z", "is_edited": false}, "m2m": {"photo": []}}, {"condition": {"id": 50040}, "defaults": {"site_id": 38, "judul": "Jangka Waktu Respon Pengaduan", "isi_halaman": "Informasi tentang \"Jangka Waktu Respon Pengaduan\". Silahkan update di halaman <a target=\"_blank\" href=\"/dashboard/halaman-statis/\">Dashboard.<a><br><br><br><br>\"Halaman ini dibuat otomatis oleh sistem, karena halaman statis untuk menu ini belum dibuat. <br>Silahkan lakukan update di halaman statis.\"", "view_count": 6, "menu_id": 926, "admin_id": null, "created_at": "2024-06-11T17:06:03.682Z", "updated_at": "2024-07-11T09:17:45.022Z", "is_edited": false}, "m2m": {"photo": []}}, {"condition": {"id": 50041}, "defaults": {"site_id": 38, "judul": "Atribut", "isi_halaman": "Informasi tentang \"Atribut\". Silahkan update di halaman <a target=\"_blank\" href=\"/dashboard/halaman-statis/\">Dashboard.<a><br><br><br><br>\"Halaman ini dibuat otomatis oleh sistem, karena halaman statis untuk menu ini belum dibuat. <br>Silahkan lakukan update di halaman statis.\"", "view_count": 5, "menu_id": 836, "admin_id": null, "created_at": "2024-06-11T17:06:07.699Z", "updated_at": "2024-07-11T02:32:53.233Z", "is_edited": false}, "m2m": {"photo": []}}, {"condition": {"id": 50042}, "defaults": {"site_id": 38, "judul": "Rekognisi", "isi_halaman": "Informasi tentang \"Rekognisi\". Silahkan update di halaman <a target=\"_blank\" href=\"/dashboard/halaman-statis/\">Dashboard.<a><br><br><br><br>\"Halaman ini dibuat otomatis oleh sistem, karena halaman statis untuk menu ini belum dibuat. <br>Silahkan lakukan update di halaman statis.\"", "view_count": 4, "menu_id": 839, "admin_id": null, "created_at": "2024-06-11T17:07:09.608Z", "updated_at": "2024-07-11T09:59:18.772Z", "is_edited": false}, "m2m": {"photo": []}}, {"condition": {"id": 50043}, "defaults": {"site_id": 38, "judul": "Hubungi Kami", "isi_halaman": "Informasi tentang \"Hubungi Kami\". Silahkan update di halaman <a target=\"_blank\" href=\"/dashboard/halaman-statis/\">Dashboard.<a><br><br><br><br>\"Halaman ini dibuat otomatis oleh sistem, karena halaman statis untuk menu ini belum dibuat. <br>Silahkan lakukan update di halaman statis.\"", "view_count": 9, "menu_id": 41, "admin_id": null, "created_at": "2024-06-11T17:07:25.536Z", "updated_at": "2024-07-10T19:52:57.685Z", "is_edited": false}, "m2m": {"photo": []}}, {"condition": {"id": 50044}, "defaults": {"site_id": 38, "judul": "Pelayanan Khusus", "isi_halaman": "Informasi tentang \"Pelayanan Khusus\". Silahkan update di halaman <a target=\"_blank\" href=\"/dashboard/halaman-statis/\">Dashboard.<a><br><br><br><br>\"Halaman ini dibuat otomatis oleh sistem, karena halaman statis untuk menu ini belum dibuat. <br>Silahkan lakukan update di halaman statis.\"", "view_count": 3, "menu_id": 834, "admin_id": null, "created_at": "2024-06-11T17:07:43.229Z", "updated_at": "2024-07-11T09:57:50.975Z", "is_edited": false}, "m2m": {"photo": []}}, {"condition": {"id": 50326}, "defaults": {"site_id": 38, "judul": "Rekomendasi Izin Pembuangan Air Limbah ke Air/Sumber Air", "isi_halaman": "Informasi tentang \"Rekomendasi Izin Pembuangan Air Limbah ke Air/Sumber Air\". Silahkan update di halaman <a target=\"_blank\" href=\"/dashboard/halaman-statis/\">Dashboard.<a><br><br><br><br>\"Halaman ini dibuat otomatis oleh sistem, karena halaman statis untuk menu ini belum dibuat. <br>Silahkan lakukan update di halaman statis.\"", "view_count": 1, "menu_id": 217, "admin_id": null, "created_at": "2024-06-14T06:28:16.673Z", "updated_at": "2024-06-14T06:28:17.451Z", "is_edited": false}, "m2m": {"photo": []}}, {"condition": {"id": 50666}, "defaults": {"site_id": 38, "judul": "SOP", "isi_halaman": "Informasi tentang \"SOP\". Silahkan update di halaman <a target=\"_blank\" href=\"/dashboard/halaman-statis/\">Dashboard.<a><br><br><br><br>\"Halaman ini dibuat otomatis oleh sistem, karena halaman statis untuk menu ini belum dibuat. <br>Silahkan lakukan update di halaman statis.\"", "view_count": 1, "menu_id": 500, "admin_id": null, "created_at": "2024-06-19T08:26:24.462Z", "updated_at": "2024-06-19T08:26:25.348Z", "is_edited": false}, "m2m": {"photo": []}}, {"condition": {"id": 51053}, "defaults": {"site_id": 38, "judul": "Penilaian kinerja", "isi_halaman": "Informasi tentang \"Penilaian kinerja\". Silahkan update di halaman <a target=\"_blank\" href=\"/dashboard/halaman-statis/\">Dashboard.<a><br><br><br><br>\"Halaman ini dibuat otomatis oleh sistem, karena halaman statis untuk menu ini belum dibuat. <br>Silahkan lakukan update di halaman statis.\"", "view_count": 11, "menu_id": 1086, "admin_id": null, "created_at": "2024-06-27T11:21:04.395Z", "updated_at": "2024-07-11T22:58:43.293Z", "is_edited": false}, "m2m": {"photo": []}}, {"condition": {"id": 51085}, "defaults": {"site_id": 38, "judul": "Dasar Hukum", "isi_halaman": "Informasi tentang \"Dasar Hukum\". Silahkan update di halaman <a target=\"_blank\" href=\"/dashboard/halaman-statis/\">Dashboard.<a><br><br><br><br>\"Halaman ini dibuat otomatis oleh sistem, karena halaman statis untuk menu ini belum dibuat. <br>Silahkan lakukan update di halaman statis.\"", "view_count": 1, "menu_id": 349, "admin_id": null, "created_at": "2024-06-28T15:00:57.477Z", "updated_at": "2024-06-28T15:00:58.020Z", "is_edited": false}, "m2m": {"photo": []}}, {"condition": {"id": 51195}, "defaults": {"site_id": 38, "judul": "Standar Pelayanan", "isi_halaman": "Informasi tentang \"Standar Pelayanan\". Silahkan update di halaman <a target=\"_blank\" href=\"/dashboard/halaman-statis/\">Dashboard.<a><br><br><br><br>\"Halaman ini dibuat otomatis oleh sistem, karena halaman statis untuk menu ini belum dibuat. <br>Silahkan lakukan update di halaman statis.\"", "view_count": 1, "menu_id": 1008, "admin_id": null, "created_at": "2024-07-05T11:36:25.577Z", "updated_at": "2024-07-05T11:36:26.848Z", "is_edited": false}, "m2m": {"photo": []}}]