[{"condition": {"id": 2205}, "defaults": {"site_id": 36, "judul": "Visi-Misi dan Motto Pelayanan", "isi_halaman": "<p><span dir=\"ltr\" style=\"font-family:sans-serif; font-size:23.4px\">VISI DAN MISI KECAMATAN NARMADA</span></p>\r\n\r\n<p><br />\r\n<span dir=\"ltr\" style=\"font-family:sans-serif; font-size:18.4px\">Kecamatan</span><span dir=\"ltr\" style=\"font-family:sans-serif; font-size:18.4px\"> </span><span dir=\"ltr\" style=\"font-family:sans-serif; font-size:18.4px\">Narmada</span><span dir=\"ltr\" style=\"font-family:sans-serif; font-size:18.4px\"> </span><span dir=\"ltr\" style=\"font-family:sans-serif; font-size:18.4px\">mempunyai rencana strategis yang berorientasi pada hasil yang</span><span dir=\"ltr\" style=\"font-family:sans-serif; font-size:18.4px\"> ingin dicapai selama kurun waktu 5 (lima) tahun, dengan</span><span dir=\"ltr\" style=\"font-family:sans-serif; font-size:18.4px\"> </span><span dir=\"ltr\" style=\"font-family:sans-serif; font-size:18.4px\">di</span><span dir=\"ltr\" style=\"font-family:sans-serif; font-size:18.4px\">dasarkan pada isu</span><span dir=\"ltr\" style=\"font-family:sans-serif; font-size:18.4px\">-</span><span dir=\"ltr\" style=\"font-family:sans-serif; font-size:18.4px\">isu strategis</span><span dir=\"ltr\" style=\"font-family:sans-serif; font-size:18.4px\"> yang timbul baik issue strategis lingkungan internal maupun eksternal yang akan menjadi</span><span dir=\"ltr\" style=\"font-family:sans-serif; font-size:18.4px\"> potensi,</span><span dir=\"ltr\" style=\"font-family:sans-serif; font-size:18.4px\"> </span><span dir=\"ltr\" style=\"font-family:sans-serif; font-size:18.4px\">peluan</span><span dir=\"ltr\" style=\"font-family:sans-serif; font-size:18.4px\">g</span><span dir=\"ltr\" style=\"font-family:sans-serif; font-size:18.4px\"> </span><span dir=\"ltr\" style=\"font-family:sans-serif; font-size:18.4px\">dan</span><span dir=\"ltr\" style=\"font-family:sans-serif; font-size:18.4px\"> </span><span dir=\"ltr\" style=\"font-family:sans-serif; font-size:18.4px\">tantangan</span><span dir=\"ltr\" style=\"font-family:sans-serif; font-size:18.4px\"> </span><span dir=\"ltr\" style=\"font-family:sans-serif; font-size:18.4px\">bagi</span><span dir=\"ltr\" style=\"font-family:sans-serif; font-size:18.4px\"> </span><span dir=\"ltr\" style=\"font-family:sans-serif; font-size:18.4px\">Kecamatan</span><span dir=\"ltr\" style=\"font-family:sans-serif; font-size:18.4px\"> </span><span dir=\"ltr\" style=\"font-family:sans-serif; font-size:18.4px\">Narmada</span><span dir=\"ltr\" style=\"font-family:sans-serif; font-size:18.4px\">.</span><span dir=\"ltr\" style=\"font-family:sans-serif; font-size:18.4px\"> </span><span dir=\"ltr\" style=\"font-family:sans-serif; font-size:18.4px\">Rencana</span><span dir=\"ltr\" style=\"font-family:sans-serif; font-size:18.4px\"> </span><span dir=\"ltr\" style=\"font-family:sans-serif; font-size:18.4px\">Strategis</span><span dir=\"ltr\" style=\"font-family:sans-serif; font-size:18.4px\"> </span><span dir=\"ltr\" style=\"font-family:sans-serif; font-size:18.4px\">Kecamatan</span><span dir=\"ltr\" style=\"font-family:sans-serif; font-size:18.4px\"> Narmada</span><span dir=\"ltr\" style=\"font-family:sans-serif; font-size:18.4px\"> </span><span dir=\"ltr\" style=\"font-family:sans-serif; font-size:18.4px\">ini</span><span dir=\"ltr\" style=\"font-family:sans-serif; font-size:18.4px\"> </span><span dir=\"ltr\" style=\"font-family:sans-serif; font-size:18.4px\">mencakup</span><span dir=\"ltr\" style=\"font-family:sans-serif; font-size:18.4px\"> </span><span dir=\"ltr\" style=\"font-family:sans-serif; font-size:18.4px\">pernyataan</span><span dir=\"ltr\" style=\"font-family:sans-serif; font-size:18.4px\"> </span><span dir=\"ltr\" style=\"font-family:sans-serif; font-size:18.4px\">Visi,</span><span dir=\"ltr\" style=\"font-family:sans-serif; font-size:18.4px\"> </span><span dir=\"ltr\" style=\"font-family:sans-serif; font-size:18.4px\">Misi,</span><span dir=\"ltr\" style=\"font-family:sans-serif; font-size:18.4px\"> </span><span dir=\"ltr\" style=\"font-family:sans-serif; font-size:18.4px\">Tujuan,</span><span dir=\"ltr\" style=\"font-family:sans-serif; font-size:18.4px\"> </span><span dir=\"ltr\" style=\"font-family:sans-serif; font-size:18.4px\">Sasaran,</span><span dir=\"ltr\" style=\"font-family:sans-serif; font-size:18.4px\"> </span><span dir=\"ltr\" style=\"font-family:sans-serif; font-size:18.4px\">Perencanaan</span><span dir=\"ltr\" style=\"font-family:sans-serif; font-size:18.4px\"> </span><span dir=\"ltr\" style=\"font-family:sans-serif; font-size:18.4px\">strategis</span><span dir=\"ltr\" style=\"font-family:sans-serif; font-size:18.4px\"> merupakan suatu proses yang berorientasi pada hasil yang ingin dicapai selama 5 (lima) tahun</span><span dir=\"ltr\" style=\"font-family:sans-serif; font-size:18.4px\"> terakhir ini</span><span dir=\"ltr\" style=\"font-family:sans-serif; font-size:18.4px\">.</span></p>\r\n\r\n<p><br />\r\n<span dir=\"ltr\" style=\"font-family:sans-serif; font-size:18.4px\">1.</span><span dir=\"ltr\" style=\"font-family:sans-serif; font-size:18.4px\"> </span><span dir=\"ltr\" style=\"font-family:sans-serif; font-size:18.4px\">VISI</span><br />\r\n<span dir=\"ltr\" style=\"font-family:sans-serif; font-size:18.4px\">Berdasarkan tugas pokok dan fungsi Kecamatan Narmada Kabupaten Lombok</span><br />\r\n<span dir=\"ltr\" style=\"font-family:sans-serif; font-size:18.4px\">Barat dalam mempertimbangkan issue strategis yang ada, maka Visi Kecamatan Narmada</span><br />\r\n<span dir=\"ltr\" style=\"font-family:sans-serif; font-size:18.4px\">adalah</span><span dir=\"ltr\" style=\"font-family:sans-serif; font-size:18.4px\"> </span><span dir=\"ltr\" style=\"font-family:sans-serif; font-size:18.4px\">:</span><br />\r\n<span dir=\"ltr\" style=\"font-family:sans-serif; font-size:19.3951px\">&ldquo;</span><span dir=\"ltr\" style=\"font-family:sans-serif; font-size:19.3951px\">Terwujudnya</span><span dir=\"ltr\" style=\"font-family:sans-serif; font-size:19.3951px\"> </span><span dir=\"ltr\" style=\"font-family:sans-serif; font-size:19.3951px\">Pelayanan</span><span dir=\"ltr\" style=\"font-family:sans-serif; font-size:19.3951px\"> </span><span dir=\"ltr\" style=\"font-family:sans-serif; font-size:19.3951px\">yang</span><span dir=\"ltr\" style=\"font-family:sans-serif; font-size:19.3951px\"> </span><span dir=\"ltr\" style=\"font-family:sans-serif; font-size:19.3951px\">lebih</span><span dir=\"ltr\" style=\"font-family:sans-serif; font-size:19.3951px\"> </span><span dir=\"ltr\" style=\"font-family:sans-serif; font-size:19.3951px\">baik</span><span dir=\"ltr\" style=\"font-family:sans-serif; font-size:19.3951px\"> </span><span dir=\"ltr\" style=\"font-family:sans-serif; font-size:19.3951px\">kepada</span><span dir=\"ltr\" style=\"font-family:sans-serif; font-size:19.3951px\"> </span><span dir=\"ltr\" style=\"font-family:sans-serif; font-size:19.3951px\">masyarakat</span><span dir=\"ltr\" style=\"font-family:sans-serif; font-size:19.3951px\"> </span><span dir=\"ltr\" style=\"font-family:sans-serif; font-size:19.3951px\">serta</span><br />\r\n<span dir=\"ltr\" style=\"font-family:sans-serif; font-size:19.3951px\">dilandasi dengan</span><span dir=\"ltr\" style=\"font-family:sans-serif; font-size:19.3951px\"> </span><span dir=\"ltr\" style=\"font-family:sans-serif; font-size:19.3951px\">kearifan budaya lokal masyarakat&rdquo;</span></p>\r\n\r\n<p><span dir=\"ltr\" style=\"font-family:sans-serif; font-size:18.4px\">2.</span><span dir=\"ltr\" style=\"font-family:sans-serif; font-size:18.4px\"> </span><span dir=\"ltr\" style=\"font-family:sans-serif; font-size:18.4px\">MISI</span><br />\r\n<span dir=\"ltr\" style=\"font-family:sans-serif; font-size:18.4px\">Agar</span><span dir=\"ltr\" style=\"font-family:sans-serif; font-size:18.4px\"> </span><span dir=\"ltr\" style=\"font-family:sans-serif; font-size:18.4px\">visi</span><span dir=\"ltr\" style=\"font-family:sans-serif; font-size:18.4px\"> </span><span dir=\"ltr\" style=\"font-family:sans-serif; font-size:18.4px\">yang</span><span dir=\"ltr\" style=\"font-family:sans-serif; font-size:18.4px\"> </span><span dir=\"ltr\" style=\"font-family:sans-serif; font-size:18.4px\">telah</span><span dir=\"ltr\" style=\"font-family:sans-serif; font-size:18.4px\"> </span><span dir=\"ltr\" style=\"font-family:sans-serif; font-size:18.4px\">dirumuskan</span><span dir=\"ltr\" style=\"font-family:sans-serif; font-size:18.4px\"> </span><span dir=\"ltr\" style=\"font-family:sans-serif; font-size:18.4px\">dapat</span><span dir=\"ltr\" style=\"font-family:sans-serif; font-size:18.4px\"> </span><span dir=\"ltr\" style=\"font-family:sans-serif; font-size:18.4px\">secara</span><span dir=\"ltr\" style=\"font-family:sans-serif; font-size:18.4px\"> </span><span dir=\"ltr\" style=\"font-family:sans-serif; font-size:18.4px\">bertahap</span><span dir=\"ltr\" style=\"font-family:sans-serif; font-size:18.4px\"> </span><span dir=\"ltr\" style=\"font-family:sans-serif; font-size:18.4px\">diaplikasikan,</span><span dir=\"ltr\" style=\"font-family:sans-serif; font-size:18.4px\"> </span><span dir=\"ltr\" style=\"font-family:sans-serif; font-size:18.4px\">maka</span><br />\r\n<span dir=\"ltr\" style=\"font-family:sans-serif; font-size:18.4px\">perumusan</span><span dir=\"ltr\" style=\"font-family:sans-serif; font-size:18.4px\"> </span><span dir=\"ltr\" style=\"font-family:sans-serif; font-size:18.4px\">misi adalah merupakan suatu hal yang sangat penting untuk mengarahkan</span><span dir=\"ltr\" style=\"font-family:sans-serif; font-size:18.4px\"> operasionalisasi organisasi sehingga tujuan organisasi dapat tercapai sesuai dengan visi</span><span dir=\"ltr\" style=\"font-family:sans-serif; font-size:18.4px\"> yang telah ditetapkan.</span><br />\r\n<span dir=\"ltr\" style=\"font-family:sans-serif; font-size:18.4px\">Oleh</span><span dir=\"ltr\" style=\"font-family:sans-serif; font-size:18.4px\"> </span><span dir=\"ltr\" style=\"font-family:sans-serif; font-size:18.4px\">karena</span><span dir=\"ltr\" style=\"font-family:sans-serif; font-size:18.4px\"> </span><span dir=\"ltr\" style=\"font-family:sans-serif; font-size:18.4px\">merupakan</span><span dir=\"ltr\" style=\"font-family:sans-serif; font-size:18.4px\"> </span><span dir=\"ltr\" style=\"font-family:sans-serif; font-size:18.4px\">penentu</span><span dir=\"ltr\" style=\"font-family:sans-serif; font-size:18.4px\"> </span><span dir=\"ltr\" style=\"font-family:sans-serif; font-size:18.4px\">arah</span><span dir=\"ltr\" style=\"font-family:sans-serif; font-size:18.4px\"> </span><span dir=\"ltr\" style=\"font-family:sans-serif; font-size:18.4px\">tindakan</span><span dir=\"ltr\" style=\"font-family:sans-serif; font-size:18.4px\"> </span><span dir=\"ltr\" style=\"font-family:sans-serif; font-size:18.4px\">operasional</span><span dir=\"ltr\" style=\"font-family:sans-serif; font-size:18.4px\"> </span><span dir=\"ltr\" style=\"font-family:sans-serif; font-size:18.4px\">organisasi,</span><span dir=\"ltr\" style=\"font-family:sans-serif; font-size:18.4px\"> </span><span dir=\"ltr\" style=\"font-family:sans-serif; font-size:18.4px\">maka</span><br />\r\n<span dir=\"ltr\" style=\"font-family:sans-serif; font-size:18.4px\">perumusan misi perlu mempertimbangkan tugas pokok dan fungsi organisasi, adapun misi</span><span dir=\"ltr\" style=\"font-family:sans-serif; font-size:18.4px\"> kecamatan Narmada sebagai berikut :</span><br />\r\n<span dir=\"ltr\" style=\"font-family:sans-serif; font-size:18.4px\">1.</span><span dir=\"ltr\" style=\"font-family:sans-serif; font-size:18.4px\"> </span><span dir=\"ltr\" style=\"font-family:sans-serif; font-size:18.4px\">Melaksanakan</span><span dir=\"ltr\" style=\"font-family:sans-serif; font-size:18.4px\"> </span><span dir=\"ltr\" style=\"font-family:sans-serif; font-size:18.4px\">pelayanan umum kepada masyarakat.</span><br />\r\n<span dir=\"ltr\" style=\"font-family:sans-serif; font-size:18.4px\">2.</span><span dir=\"ltr\" style=\"font-family:sans-serif; font-size:18.4px\"> </span><span dir=\"ltr\" style=\"font-family:sans-serif; font-size:18.4px\">Melaksanakan tugas-tugas dibidiang Pemerintahan.</span><br />\r\n<span dir=\"ltr\" style=\"font-family:sans-serif; font-size:18.4px\">3.</span><span dir=\"ltr\" style=\"font-family:sans-serif; font-size:18.4px\"> </span><span dir=\"ltr\" style=\"font-family:sans-serif; font-size:18.4px\">Melaksanakan</span><span dir=\"ltr\" style=\"font-family:sans-serif; font-size:18.4px\"> </span><span dir=\"ltr\" style=\"font-family:sans-serif; font-size:18.4px\">tugas</span><span dir=\"ltr\" style=\"font-family:sans-serif; font-size:18.4px\">-</span><span dir=\"ltr\" style=\"font-family:sans-serif; font-size:18.4px\">tugas</span><span dir=\"ltr\" style=\"font-family:sans-serif; font-size:18.4px\"> </span><span dir=\"ltr\" style=\"font-family:sans-serif; font-size:18.4px\">dibidang</span><span dir=\"ltr\" style=\"font-family:sans-serif; font-size:18.4px\"> </span><span dir=\"ltr\" style=\"font-family:sans-serif; font-size:18.4px\">Pemberdayaan,</span><span dir=\"ltr\" style=\"font-family:sans-serif; font-size:18.4px\"> </span><span dir=\"ltr\" style=\"font-family:sans-serif; font-size:18.4px\">Pembangunan</span><span dir=\"ltr\" style=\"font-family:sans-serif; font-size:18.4px\"> </span><span dir=\"ltr\" style=\"font-family:sans-serif; font-size:18.4px\">dan</span><br />\r\n<span dir=\"ltr\" style=\"font-family:sans-serif; font-size:18.4px\">Kemasyarakatan.</span><br />\r\n<span dir=\"ltr\" style=\"font-family:sans-serif; font-size:18.4px\">4.</span><span dir=\"ltr\" style=\"font-family:sans-serif; font-size:18.4px\"> </span><span dir=\"ltr\" style=\"font-family:sans-serif; font-size:18.4px\">Melaksanakan</span><span dir=\"ltr\" style=\"font-family:sans-serif; font-size:18.4px\"> </span><span dir=\"ltr\" style=\"font-family:sans-serif; font-size:18.4px\">tugas</span><span dir=\"ltr\" style=\"font-family:sans-serif; font-size:18.4px\">-</span><span dir=\"ltr\" style=\"font-family:sans-serif; font-size:18.4px\">tugas dibidang Ketentraman dan Ketertiban masyarakat.</span><br />\r\n<span dir=\"ltr\" style=\"font-family:sans-serif; font-size:18.4px\">5.</span><span dir=\"ltr\" style=\"font-family:sans-serif; font-size:18.4px\"> </span><span dir=\"ltr\" style=\"font-family:sans-serif; font-size:18.4px\">Melaksa</span><span dir=\"ltr\" style=\"font-family:sans-serif; font-size:18.4px\">nakan tugas</span><span dir=\"ltr\" style=\"font-family:sans-serif; font-size:18.4px\">-</span><span dir=\"ltr\" style=\"font-family:sans-serif; font-size:18.4px\">tugas dibidang Kesejahteraan Sosial.</span></p>", "view_count": 113, "menu_id": 97, "admin_id": 39, "created_at": "2021-08-16T18:43:39.701Z", "updated_at": "2024-07-10T12:29:06.326Z", "is_edited": true}, "m2m": {"photo": []}}, {"condition": {"id": 2248}, "defaults": {"site_id": 36, "judul": "Tentang", "isi_halaman": "<p><span dir=\"ltr\" style=\"font-family:sans-serif; font-size:18.4px\">Kecamatan Narmada</span><span dir=\"ltr\" style=\"font-family:sans-serif; font-size:18.4px\"> </span><span dir=\"ltr\" style=\"font-family:sans-serif; font-size:18.4px\">adalah</span><span dir=\"ltr\" style=\"font-family:sans-serif; font-size:18.4px\"> </span><span dir=\"ltr\" style=\"font-family:sans-serif; font-size:18.4px\">salah satu Kecamatan yang ada di Kabupaten Lombok</span><br />\r\n<span dir=\"ltr\" style=\"font-family:sans-serif; font-size:18.4px\">Barat, terletak kurang lebih 11 Km di sebelah timur Kota Mataram.</span><span dir=\"ltr\" style=\"font-family:sans-serif; font-size:18.4px\"> </span><span dir=\"ltr\" style=\"font-family:sans-serif; font-size:18.4px\">K</span><span dir=\"ltr\" style=\"font-family:sans-serif; font-size:18.4px\">ecamatan Narmada</span><span dir=\"ltr\" style=\"font-family:sans-serif; font-size:18.4px\"> terkenal dengan</span><span dir=\"ltr\" style=\"font-family:sans-serif; font-size:18.4px\"> </span><span dir=\"ltr\" style=\"font-family:sans-serif; font-size:18.4px\">julukan</span><span dir=\"ltr\" style=\"font-family:sans-serif; font-size:18.4px\"> </span><span dir=\"ltr\" style=\"font-family:sans-serif; font-size:18.4px\">&ldquo;</span><span dir=\"ltr\" style=\"font-family:sans-serif; font-size:19.3951px\">kota</span><span dir=\"ltr\" style=\"font-family:sans-serif; font-size:19.3951px\"> </span><span dir=\"ltr\" style=\"font-family:sans-serif; font-size:19.3951px\">Air&quot;</span><span dir=\"ltr\" style=\"font-family:sans-serif; font-size:18.4px\">. Hal ini didasarkan pada kenyataan bahwa Narmada</span><span dir=\"ltr\" style=\"font-family:sans-serif; font-size:18.4px\"> mempunyai banyak mata air. Mata air</span><span dir=\"ltr\" style=\"font-family:sans-serif; font-size:18.4px\"> </span><span dir=\"ltr\" style=\"font-family:sans-serif; font-size:18.4px\">berasal dari simpanan air hutan di daerah Narmada</span><span dir=\"ltr\" style=\"font-family:sans-serif; font-size:18.4px\"> yang terletak di Suranadi dan Sesaot.</span><br />\r\n<span dir=\"ltr\" style=\"font-family:sans-serif; font-size:19.3951px\">Moto</span><span dir=\"ltr\" style=\"font-family:sans-serif; font-size:19.3951px\"> </span><span dir=\"ltr\" style=\"font-family:sans-serif; font-size:19.3951px\">kota Narmada</span><span dir=\"ltr\" style=\"font-family:sans-serif; font-size:19.3951px\"> </span><span dir=\"ltr\" style=\"font-family:sans-serif; font-size:19.3951px\">yaitu</span><span dir=\"ltr\" style=\"font-family:sans-serif; font-size:19.3951px\"> </span><span dir=\"ltr\" style=\"font-family:sans-serif; font-size:18.4px\">&quot;AIR&quot;</span><span dir=\"ltr\" style=\"font-family:sans-serif; font-size:19.3951px\"> yang merupakan singkatan dari</span><span dir=\"ltr\" style=\"font-family:sans-serif; font-size:19.3951px\"> </span><span dir=\"ltr\" style=\"font-family:sans-serif; font-size:19.3951px\">&quot;</span><span dir=\"ltr\" style=\"font-family:sans-serif; font-size:19.3951px\">Aman, Indah</span><span dir=\"ltr\" style=\"font-family:sans-serif; font-size:19.3951px\"> </span><span dir=\"ltr\" style=\"font-family:sans-serif; font-size:19.3951px\">dan</span><br />\r\n<span dir=\"ltr\" style=\"font-family:sans-serif; font-size:19.3951px\">Rapi</span><span dir=\"ltr\" style=\"font-family:sans-serif; font-size:19.3951px\">&quot;</span></p>", "view_count": 390, "menu_id": 42, "admin_id": 39, "created_at": "2021-08-17T15:05:35.140Z", "updated_at": "2024-07-10T12:15:21.756Z", "is_edited": true}, "m2m": {"photo": [3959, 3960]}}, {"condition": {"id": 2266}, "defaults": {"site_id": 36, "judul": "Kontak", "isi_halaman": "<p>Hubungi kami di :</p>\r\n\r\n<p>Fanpage Facebook : Kantor Camat Narmada</p>", "view_count": 112, "menu_id": 41, "admin_id": 39, "created_at": "2021-08-17T23:45:03.427Z", "updated_at": "2024-07-10T12:28:10.990Z", "is_edited": true}, "m2m": {"photo": []}}, {"condition": {"id": 3177}, "defaults": {"site_id": 36, "judul": "LAKIP 2021 KANTOR CAMAT NARMADA", "isi_halaman": "<p><a href=\"https://drive.google.com/file/d/1HB2TxRW8_GgWHbn_0E5s5WctEBS8WUch/view?usp=sharing\">https://drive.google.com/file/d/1HB2TxRW8_GgWHbn_0E5s5WctEBS8WUch/view?usp=sharing</a></p>", "view_count": 274, "menu_id": 481, "admin_id": 39, "created_at": "2022-03-21T10:09:10.692Z", "updated_at": "2024-07-10T12:29:26.906Z", "is_edited": true}, "m2m": {"photo": []}}, {"condition": {"id": 4377}, "defaults": {"site_id": 36, "judul": "VISI DAN MISI", "isi_halaman": "<p>visi misi kec narmada</p>", "view_count": 219, "menu_id": 43, "admin_id": 39, "created_at": "2022-07-16T20:30:46.761Z", "updated_at": "2024-07-10T12:37:22.212Z", "is_edited": true}, "m2m": {"photo": []}}, {"condition": {"id": 49913}, "defaults": {"site_id": 36, "judul": "Profil Pejabat Struktural", "isi_halaman": "Informasi tentang \"Profil Pejabat Struktural\". Silahkan update di halaman <a target=\"_blank\" href=\"/dashboard/halaman-statis/\">Dashboard.<a><br><br><br><br>\"Halaman ini dibuat otomatis oleh sistem, karena halaman statis untuk menu ini belum dibuat. <br>Silahkan lakukan update di halaman statis.\"", "view_count": 47, "menu_id": 1043, "admin_id": null, "created_at": "2024-06-11T05:35:16.941Z", "updated_at": "2024-07-11T05:06:05.252Z", "is_edited": false}, "m2m": {"photo": []}}, {"condition": {"id": 50134}, "defaults": {"site_id": 36, "judul": "Struktur Organisasi", "isi_halaman": "Informasi tentang \"Struktur Organisasi\". Silahkan update di halaman <a target=\"_blank\" href=\"/dashboard/halaman-statis/\">Dashboard.<a><br><br><br><br>\"Halaman ini dibuat otomatis oleh sistem, karena halaman statis untuk menu ini belum dibuat. <br>Silahkan lakukan update di halaman statis.\"", "view_count": 16, "menu_id": 813, "admin_id": null, "created_at": "2024-06-12T07:26:41.292Z", "updated_at": "2024-07-10T12:38:43.329Z", "is_edited": false}, "m2m": {"photo": []}}, {"condition": {"id": 50299}, "defaults": {"site_id": 36, "judul": "Sarana dan Prasarana Fasilitas", "isi_halaman": "Informasi tentang \"Sarana dan Prasarana Fasilitas\". Silahkan update di halaman <a target=\"_blank\" href=\"/dashboard/halaman-statis/\">Dashboard.<a><br><br><br><br>\"Halaman ini dibuat otomatis oleh sistem, karena halaman statis untuk menu ini belum dibuat. <br>Silahkan lakukan update di halaman statis.\"", "view_count": 11, "menu_id": 837, "admin_id": null, "created_at": "2024-06-14T02:18:43.239Z", "updated_at": "2024-07-10T12:24:33.181Z", "is_edited": false}, "m2m": {"photo": []}}, {"condition": {"id": 50410}, "defaults": {"site_id": 36, "judul": "Pelayanan Khusus", "isi_halaman": "Informasi tentang \"Pelayanan Khusus\". Silahkan update di halaman <a target=\"_blank\" href=\"/dashboard/halaman-statis/\">Dashboard.<a><br><br><br><br>\"Halaman ini dibuat otomatis oleh sistem, karena halaman statis untuk menu ini belum dibuat. <br>Silahkan lakukan update di halaman statis.\"", "view_count": 8, "menu_id": 834, "admin_id": null, "created_at": "2024-06-14T22:02:41.004Z", "updated_at": "2024-07-10T12:24:51.985Z", "is_edited": false}, "m2m": {"photo": []}}, {"condition": {"id": 50415}, "defaults": {"site_id": 36, "judul": "Penilaian Kinerja", "isi_halaman": "Informasi tentang \"Penilaian Kinerja\". Silahkan update di halaman <a target=\"_blank\" href=\"/dashboard/halaman-statis/\">Dashboard.<a><br><br><br><br>\"Halaman ini dibuat otomatis oleh sistem, karena halaman statis untuk menu ini belum dibuat. <br>Silahkan lakukan update di halaman statis.\"", "view_count": 4, "menu_id": 835, "admin_id": null, "created_at": "2024-06-14T22:52:46.293Z", "updated_at": "2024-06-23T00:00:18.182Z", "is_edited": false}, "m2m": {"photo": []}}, {"condition": {"id": 50526}, "defaults": {"site_id": 36, "judul": "Jangka Waktu Respon Pengaduan", "isi_halaman": "Informasi tentang \"Jangka Waktu Respon Pengaduan\". Silahkan update di halaman <a target=\"_blank\" href=\"/dashboard/halaman-statis/\">Dashboard.<a><br><br><br><br>\"Halaman ini dibuat otomatis oleh sistem, karena halaman statis untuk menu ini belum dibuat. <br>Silahkan lakukan update di halaman statis.\"", "view_count": 5, "menu_id": 926, "admin_id": null, "created_at": "2024-06-15T22:56:15.097Z", "updated_at": "2024-07-10T12:22:38.398Z", "is_edited": false}, "m2m": {"photo": []}}, {"condition": {"id": 50669}, "defaults": {"site_id": 36, "judul": "Mekanisme Pengaduan Online/Offline", "isi_halaman": "Informasi tentang \"Mekanisme Pengaduan Online/Offline\". Silahkan update di halaman <a target=\"_blank\" href=\"/dashboard/halaman-statis/\">Dashboard.<a><br><br><br><br>\"Halaman ini dibuat otomatis oleh sistem, karena halaman statis untuk menu ini belum dibuat. <br>Silahkan lakukan update di halaman statis.\"", "view_count": 9, "menu_id": 115, "admin_id": null, "created_at": "2024-06-19T11:46:06.405Z", "updated_at": "2024-07-10T12:27:16.420Z", "is_edited": false}, "m2m": {"photo": []}}, {"condition": {"id": 50670}, "defaults": {"site_id": 36, "judul": "Tugas dan Fungsi", "isi_halaman": "Informasi tentang \"Tugas dan Fungsi\". Silahkan update di halaman <a target=\"_blank\" href=\"/dashboard/halaman-statis/\">Dashboard.<a><br><br><br><br>\"Halaman ini dibuat otomatis oleh sistem, karena halaman statis untuk menu ini belum dibuat. <br>Silahkan lakukan update di halaman statis.\"", "view_count": 11, "menu_id": 812, "admin_id": null, "created_at": "2024-06-19T12:46:19.178Z", "updated_at": "2024-07-10T12:20:50.427Z", "is_edited": false}, "m2m": {"photo": []}}, {"condition": {"id": 50672}, "defaults": {"site_id": 36, "judul": "Pelayanan Terpadu", "isi_halaman": "Informasi tentang \"Pelayanan Terpadu\". Silahkan update di halaman <a target=\"_blank\" href=\"/dashboard/halaman-statis/\">Dashboard.<a><br><br><br><br>\"Halaman ini dibuat otomatis oleh sistem, karena halaman statis untuk menu ini belum dibuat. <br>Silahkan lakukan update di halaman statis.\"", "view_count": 8, "menu_id": 838, "admin_id": null, "created_at": "2024-06-19T17:56:20.904Z", "updated_at": "2024-07-10T12:19:39.117Z", "is_edited": false}, "m2m": {"photo": []}}, {"condition": {"id": 50674}, "defaults": {"site_id": 36, "judul": "Rekognisi", "isi_halaman": "Informasi tentang \"Rekognisi\". Silahkan update di halaman <a target=\"_blank\" href=\"/dashboard/halaman-statis/\">Dashboard.<a><br><br><br><br>\"Halaman ini dibuat otomatis oleh sistem, karena halaman statis untuk menu ini belum dibuat. <br>Silahkan lakukan update di halaman statis.\"", "view_count": 9, "menu_id": 839, "admin_id": null, "created_at": "2024-06-19T18:55:43.319Z", "updated_at": "2024-07-10T12:31:30.478Z", "is_edited": false}, "m2m": {"photo": []}}, {"condition": {"id": 50675}, "defaults": {"site_id": 36, "judul": "Atribut", "isi_halaman": "Informasi tentang \"Atribut\". Silahkan update di halaman <a target=\"_blank\" href=\"/dashboard/halaman-statis/\">Dashboard.<a><br><br><br><br>\"Halaman ini dibuat otomatis oleh sistem, karena halaman statis untuk menu ini belum dibuat. <br>Silahkan lakukan update di halaman statis.\"", "view_count": 6, "menu_id": 836, "admin_id": null, "created_at": "2024-06-19T19:17:16.305Z", "updated_at": "2024-07-10T12:17:37.533Z", "is_edited": false}, "m2m": {"photo": []}}, {"condition": {"id": 50677}, "defaults": {"site_id": 36, "judul": "Maklumat Pelayanan", "isi_halaman": "Informasi tentang \"Maklumat Pelayanan\". Silahkan update di halaman <a target=\"_blank\" href=\"/dashboard/halaman-statis/\">Dashboard.<a><br><br><br><br>\"Halaman ini dibuat otomatis oleh sistem, karena halaman statis untuk menu ini belum dibuat. <br>Silahkan lakukan update di halaman statis.\"", "view_count": 8, "menu_id": 831, "admin_id": null, "created_at": "2024-06-19T20:45:57.471Z", "updated_at": "2024-07-10T12:19:14.409Z", "is_edited": false}, "m2m": {"photo": []}}, {"condition": {"id": 50689}, "defaults": {"site_id": 36, "judul": "Jenis Layanan", "isi_halaman": "Informasi tentang \"Jenis Layanan\". Silahkan update di halaman <a target=\"_blank\" href=\"/dashboard/halaman-statis/\">Dashboard.<a><br><br><br><br>\"Halaman ini dibuat otomatis oleh sistem, karena halaman statis untuk menu ini belum dibuat. <br>Silahkan lakukan update di halaman statis.\"", "view_count": 7, "menu_id": 898, "admin_id": null, "created_at": "2024-06-19T22:11:46.880Z", "updated_at": "2024-07-10T12:15:05.497Z", "is_edited": false}, "m2m": {"photo": []}}, {"condition": {"id": 50692}, "defaults": {"site_id": 36, "judul": "SK PENUNJUKAN PETUGAS PENGELOLA PENGADUAN", "isi_halaman": "Informasi tentang \"SK PENUNJUKAN PETUGAS PENGELOLA PENGADUAN\". Silahkan update di halaman <a target=\"_blank\" href=\"/dashboard/halaman-statis/\">Dashboard.<a><br><br><br><br>\"Halaman ini dibuat otomatis oleh sistem, karena halaman statis untuk menu ini belum dibuat. <br>Silahkan lakukan update di halaman statis.\"", "view_count": 7, "menu_id": 575, "admin_id": null, "created_at": "2024-06-19T22:42:24.378Z", "updated_at": "2024-07-10T12:23:36.049Z", "is_edited": false}, "m2m": {"photo": []}}, {"condition": {"id": 50704}, "defaults": {"site_id": 36, "judul": "Nama Petugas Pengelola Pengaduan", "isi_halaman": "Informasi tentang \"Nama Petugas Pengelola Pengaduan\". Silahkan update di halaman <a target=\"_blank\" href=\"/dashboard/halaman-statis/\">Dashboard.<a><br><br><br><br>\"Halaman ini dibuat otomatis oleh sistem, karena halaman statis untuk menu ini belum dibuat. <br>Silahkan lakukan update di halaman statis.\"", "view_count": 8, "menu_id": 927, "admin_id": null, "created_at": "2024-06-20T05:29:45.636Z", "updated_at": "2024-07-10T12:15:53.710Z", "is_edited": false}, "m2m": {"photo": []}}, {"condition": {"id": 51117}, "defaults": {"site_id": 36, "judul": "Penilaian kinerja", "isi_halaman": "Informasi tentang \"Penilaian kinerja\". Silahkan update di halaman <a target=\"_blank\" href=\"/dashboard/halaman-statis/\">Dashboard.<a><br><br><br><br>\"Halaman ini dibuat otomatis oleh sistem, karena halaman statis untuk menu ini belum dibuat. <br>Silahkan lakukan update di halaman statis.\"", "view_count": 7, "menu_id": 1086, "admin_id": null, "created_at": "2024-06-30T22:23:51.193Z", "updated_at": "2024-07-10T12:20:01.727Z", "is_edited": false}, "m2m": {"photo": []}}]