[{"condition": {"id": 1821}, "defaults": {"site_id": 35, "judul": "Visi-Misi dan Motto Pelayanan", "isi_halaman": "<div class=\"O1\" style=\"margin-left:67px; margin-top:6px; text-align:left; text-indent:-.3in\"><span style=\"font-size:10px\"><span style=\"font-family:&quot;Century Schoolbook&quot;\"><span style=\"color:black\"><strong>VISI</strong></span></span> </span></div>\r\n\r\n<p style=\"margin-left:66px; text-align:left\"><span style=\"font-size:10px\">&nbsp; <span style=\"font-family:&quot;Century Schoolbook&quot;\"><span style=\"color:black\">Visi</span></span> <span style=\"font-family:&quot;Century Schoolbook&quot;\"><span style=\"color:black\">Kecamatan</span></span> <span style=\"font-family:&quot;Century Schoolbook&quot;\"><span style=\"color:black\">Gunungsari</span></span> <span style=\"font-family:&quot;Century Schoolbook&quot;\"><span style=\"color:black\">adalah :</span></span></span></p>\r\n\r\n<p style=\"margin-left:66px; text-align:left\"><span style=\"font-size:10px\">&nbsp; <span style=\"font-family:&quot;Century Schoolbook&quot;\"><span style=\"color:black\"><strong>&ldquo; Terwujudnya Pelayanan Publik Yang Prima, </strong></span></span>&nbsp; <span style=\"font-family:&quot;Century Schoolbook&quot;\"><span style=\"color:black\"><strong>Transparan Dan Akuntabel Di Kecamatan </strong></span></span>&nbsp; <span style=\"font-family:&quot;Century Schoolbook&quot;\"><span style=\"color:black\"><strong>Gunungsari &ldquo;</strong></span></span> </span></p>\r\n\r\n<div style=\"margin-left:66px; margin-top:8px; text-align:left; text-indent:-.3in\"><span style=\"font-size:10px\"><span style=\"font-family:&quot;Century Schoolbook&quot;\"><span style=\"color:black\"><strong>MISI</strong></span></span> </span></div>\r\n\r\n<p style=\"margin-left:66px; text-align:left\"><span style=\"font-size:10px\"><span style=\"font-family:&quot;Century Schoolbook&quot;\"><span style=\"color:black\">Untuk</span></span> <span style=\"font-family:&quot;Century Schoolbook&quot;\"><span style=\"color:black\">mewujudkan</span></span> <span style=\"font-family:&quot;Century Schoolbook&quot;\"><span style=\"color:black\">Visi</span></span> <span style=\"font-family:&quot;Century Schoolbook&quot;\"><span style=\"color:black\">tersebut</span></span> <span style=\"font-family:&quot;Century Schoolbook&quot;\"><span style=\"color:black\">dirumuskan</span></span> <span style=\"font-family:&quot;Century Schoolbook&quot;\"><span style=\"color:black\">misi</span></span> <span style=\"font-family:&quot;Century Schoolbook&quot;\"><span style=\"color:black\">Kecamatan</span></span> <span style=\"font-family:&quot;Century Schoolbook&quot;\"><span style=\"color:black\">Gunungsari</span></span> <span style=\"font-family:&quot;Century Schoolbook&quot;\"><span style=\"color:black\">sebagai</span></span> <span style=\"font-family:&quot;Century Schoolbook&quot;\"><span style=\"color:black\">berikut :</span></span></span></p>\r\n\r\n<div class=\"O2\" style=\"margin-left:96px; margin-top:6px; text-align:left; text-indent:-.31in\"><span style=\"font-size:10px\"><span style=\"font-family:&quot;Century Schoolbook&quot;\"><span style=\"color:black\">1. Mengoptimalkan</span></span> <span style=\"font-family:&quot;Century Schoolbook&quot;\"><span style=\"color:black\">segala</span></span> <span style=\"font-family:&quot;Century Schoolbook&quot;\"><span style=\"color:black\">sumber</span></span> <span style=\"font-family:&quot;Century Schoolbook&quot;\"><span style=\"color:black\">daya</span></span> <span style=\"font-family:&quot;Century Schoolbook&quot;\"><span style=\"color:black\">guna</span></span> <span style=\"font-family:&quot;Century Schoolbook&quot;\"><span style=\"color:black\">menciptakan</span></span> <span style=\"font-family:&quot;Century Schoolbook&quot;\"><span style=\"color:black\">kualitas</span></span> <span style=\"font-family:&quot;Century Schoolbook&quot;\"><span style=\"color:black\">pelayanan</span></span> <span style=\"font-family:&quot;Century Schoolbook&quot;\"><span style=\"color:black\">dan</span></span> <span style=\"font-family:&quot;Century Schoolbook&quot;\"><span style=\"color:black\">Membangun</span></span> <span style=\"font-family:&quot;Century Schoolbook&quot;\"><span style=\"color:black\">kepercayaan</span></span> <span style=\"font-family:&quot;Century Schoolbook&quot;\"><span style=\"color:black\">masyarakat</span></span> <span style=\"font-family:&quot;Century Schoolbook&quot;\"><span style=\"color:black\">atas</span></span> <span style=\"color:black; font-family:&quot;Century Schoolbook&quot;\">pelayanan</span>&nbsp;<span style=\"font-family:&quot;Century Schoolbook&quot;\"><span style=\"color:black\">publik yang efektif, efisien, transparan</span></span> <span style=\"font-family:&quot;Century Schoolbook&quot;\"><span style=\"color:black\">dan</span></span> <span style=\"font-family:&quot;Century Schoolbook&quot;\"><span style=\"color:black\">dapat</span></span> <span style=\"font-family:&quot;Century Schoolbook&quot;\"><span style=\"color:black\">dipertanggungjawabkan;</span></span></span></div>\r\n\r\n<div class=\"O2\" style=\"margin-left:96px; margin-top:6px; text-align:left; text-indent:-.31in\"><span style=\"font-size:10px\"><span style=\"color:black; font-family:&quot;Century Schoolbook&quot;\">2. Meningkatkan</span> <span style=\"font-family:&quot;Century Schoolbook&quot;\"><span style=\"color:black\">kemampuan, profesionalisme</span></span> <span style=\"font-family:&quot;Century Schoolbook&quot;\"><span style=\"color:black\">kinerja</span></span> <span style=\"font-family:&quot;Century Schoolbook&quot;\"><span style=\"color:black\">aparatur</span></span> <span style=\"font-family:&quot;Century Schoolbook&quot;\"><span style=\"color:black\">dalam</span></span> <span style=\"font-family:&quot;Century Schoolbook&quot;\"><span style=\"color:black\">penyelenggaraan</span></span> <span style=\"font-family:&quot;Century Schoolbook&quot;\"><span style=\"color:black\">pemerintahan</span></span> <span style=\"font-family:&quot;Century Schoolbook&quot;\"><span style=\"color:black\">kecamatan.</span></span></span></div>", "view_count": 47, "menu_id": 97, "admin_id": 33, "created_at": "2021-08-12T20:05:07.529Z", "updated_at": "2024-05-30T07:56:58.265Z", "is_edited": true}, "m2m": {"photo": []}}, {"condition": {"id": 1930}, "defaults": {"site_id": 35, "judul": "Tentang", "isi_halaman": "<p style=\"margin-left:19px; text-align:justify\"><span style=\"font-size:12pt\"><span style=\"font-family:&quot;Times New Roman&quot;,&quot;serif&quot;\">Pada tahun 1972-1978 Kabupaten Lombok Barat dipimpin oleh H.L.A.Rahman sebagai Bupati Kepala Daerah yang pada saat itu Ibu Kota Kabupaten Lombok Barat adalah Kota Mataram.</span></span></p>\r\n\r\n<p style=\"margin-left:19px; text-align:justify\"><span style=\"font-size:12pt\"><span style=\"font-family:&quot;Times New Roman&quot;,&quot;serif&quot;\">Berdasarkan Peraturan Pemerintah Nomor 21 Tahun 1978 dibentuklah Kota Administratif Mataram.&nbsp; Selain pembentukan Kota Administratif Mataram, Peraturan Pemerintah Nomor 21 Tahun 1978 menetapkan tiga perwakilan kecamatan yaitu:&nbsp; Perwakilan kecamatan Narmada di Gunungsari, perwakilan kecamatan Kediri di Labuapi dan perwakilan kecamatan Gerung di Sekotong.</span></span></p>\r\n\r\n<p style=\"margin-left:19px; text-align:justify\"><span style=\"font-size:12pt\"><span style=\"font-family:&quot;Times New Roman&quot;,&quot;serif&quot;\">Pada tanggal 20 Januari 1979, dibawah Pimpinan Drs. H.L. Ratmaji keluarlah Peraturan Pemerintah Nomor 33 Tahun 1983 dan status Perwakilan kecamatan Narmada di Gunungsari menjadi Kecamatan Gunungsari.</span></span></p>\r\n\r\n<p style=\"margin-left:19px; text-align:justify\"><span style=\"font-size:12pt\"><span style=\"font-family:&quot;Times New Roman&quot;,&quot;serif&quot;\">Selanjutnya pada periode Bupati Lombok Barat Tahun 1999-2004 dibawah pimpinan Drs. H.L. Iskandar, dengan peraturan Daerah Nomor Batu Layar, yang masing-masing pada tahun 2001 pimpinan Kecamatan Gunungsari dipimpin oleh H. Lalu Fatrah dan Kecamatan Batu Layar dipimpin oleh H. Zulkarnaen, SH.</span></span></p>\r\n\r\n<p style=\"margin-left:19px; text-align:justify\"><span style=\"font-size:12pt\"><span style=\"font-family:&quot;Times New Roman&quot;,&quot;serif&quot;\">Periode pimpinan Kecamatan Gunungsari sejak masih berstatus Perwakilan Kecamatan Narmada sampai periode Kecamatan Dipinitif telah dipimpin oleh :</span></span></p>\r\n\r\n<ol style=\"list-style-type:lower-alpha\">\r\n\t<li style=\"text-align:justify\"><span style=\"font-size:12pt\"><span style=\"font-family:&quot;Times New Roman&quot;,&quot;serif&quot;\"><strong>&nbsp;Perwakilan Kecamatan Narmada di Gunungsari :</strong></span></span></li>\r\n</ol>\r\n\r\n<table cellspacing=\"0\" class=\"Table\" style=\"border-collapse:collapse; margin-left:36px; width:444px\">\r\n\t<tbody>\r\n\t\t<tr>\r\n\t\t\t<td style=\"vertical-align:top; width:208px\">\r\n\t\t\t<ol>\r\n\t\t\t\t<li style=\"text-align:justify\"><span style=\"font-size:12pt\"><span style=\"font-family:&quot;Times New Roman&quot;,&quot;serif&quot;\">Mas Soewardi, BA</span></span></li>\r\n\t\t\t\t<li style=\"text-align:justify\"><span style=\"font-size:12pt\"><span style=\"font-family:&quot;Times New Roman&quot;,&quot;serif&quot;\">Darma Setiawan, BA</span></span></li>\r\n\t\t\t\t<li style=\"text-align:justify\"><span style=\"font-size:12pt\"><span style=\"font-family:&quot;Times New Roman&quot;,&quot;serif&quot;\">Drs. I Ketut Alit</span></span></li>\r\n\t\t\t\t<li style=\"text-align:justify\"><span style=\"font-size:12pt\"><span style=\"font-family:&quot;Times New Roman&quot;,&quot;serif&quot;\">Syahdi Wahid. SH</span></span></li>\r\n\t\t\t</ol>\r\n\t\t\t</td>\r\n\t\t\t<td style=\"vertical-align:top; width:236px\">\r\n\t\t\t<p style=\"margin-left:38px; text-align:justify\"><span style=\"font-size:12pt\"><span style=\"font-family:&quot;Times New Roman&quot;,&quot;serif&quot;\">1976-1978</span></span></p>\r\n\r\n\t\t\t<p style=\"margin-left:38px; text-align:justify\"><span style=\"font-size:12pt\"><span style=\"font-family:&quot;Times New Roman&quot;,&quot;serif&quot;\">1978-1980</span></span></p>\r\n\r\n\t\t\t<p style=\"margin-left:38px; text-align:justify\"><span style=\"font-size:12pt\"><span style=\"font-family:&quot;Times New Roman&quot;,&quot;serif&quot;\">1980-1981</span></span></p>\r\n\r\n\t\t\t<p style=\"margin-left:38px; text-align:justify\"><span style=\"font-size:12pt\"><span style=\"font-family:&quot;Times New Roman&quot;,&quot;serif&quot;\">1981-1983</span></span></p>\r\n\t\t\t</td>\r\n\t\t</tr>\r\n\t</tbody>\r\n</table>\r\n\r\n<ol start=\"2\" style=\"list-style-type:lower-alpha\">\r\n\t<li style=\"text-align:justify\"><span style=\"font-size:12pt\"><span style=\"font-family:&quot;Times New Roman&quot;,&quot;serif&quot;\"><strong>&nbsp;Kecamatan Gunungsari.</strong></span></span></li>\r\n</ol>\r\n\r\n<table cellspacing=\"0\" class=\"Table\" style=\"border-collapse:collapse; margin-left:36px\">\r\n\t<tbody>\r\n\t\t<tr>\r\n\t\t\t<td style=\"vertical-align:top; width:246px\">\r\n\t\t\t<ol>\r\n\t\t\t\t<li style=\"text-align:justify\"><span style=\"font-size:12pt\"><span style=\"font-family:&quot;Times New Roman&quot;,&quot;serif&quot;\">Syahdi Wahid, SH.</span></span></li>\r\n\t\t\t\t<li style=\"text-align:justify\"><span style=\"font-size:12pt\"><span style=\"font-family:&quot;Times New Roman&quot;,&quot;serif&quot;\">Mas Soewardi, BA.</span></span></li>\r\n\t\t\t\t<li style=\"text-align:justify\"><span style=\"font-size:12pt\"><span style=\"font-family:&quot;Times New Roman&quot;,&quot;serif&quot;\">Drs. Moh. Zahiyudin</span></span></li>\r\n\t\t\t</ol>\r\n\r\n\t\t\t<p style=\"text-align:justify\">&nbsp;</p>\r\n\r\n\t\t\t<p style=\"text-align:justify\">&nbsp;</p>\r\n\r\n\t\t\t<ol start=\"4\">\r\n\t\t\t\t<li style=\"text-align:justify\"><span style=\"font-size:12pt\"><span style=\"font-family:&quot;Times New Roman&quot;,&quot;serif&quot;\">Drs. Amirullah Ali</span></span></li>\r\n\t\t\t\t<li style=\"text-align:justify\"><span style=\"font-size:12pt\"><span style=\"font-family:&quot;Times New Roman&quot;,&quot;serif&quot;\">Lalu Fatrah, SH.</span></span></li>\r\n\t\t\t\t<li style=\"text-align:justify\"><span style=\"font-size:12pt\"><span style=\"font-family:&quot;Times New Roman&quot;,&quot;serif&quot;\">Drs. M. Kemal Islam</span></span></li>\r\n\t\t\t\t<li style=\"text-align:justify\"><span style=\"font-size:12pt\"><span style=\"font-family:&quot;Times New Roman&quot;,&quot;serif&quot;\">Drs. Ahmada Siladandi.</span></span></li>\r\n\t\t\t\t<li style=\"text-align:justify\"><span style=\"font-size:12pt\"><span style=\"font-family:&quot;Times New Roman&quot;,&quot;serif&quot;\">Drs. Faisol</span></span></li>\r\n\t\t\t\t<li style=\"text-align:justify\"><span style=\"font-size:12pt\"><span style=\"font-family:&quot;Times New Roman&quot;,&quot;serif&quot;\">Efendi, SH.</span></span></li>\r\n\t\t\t\t<li style=\"text-align:justify\"><span style=\"font-size:12pt\"><span style=\"font-family:&quot;Times New Roman&quot;,&quot;serif&quot;\">Drs. H. Muridin, HH, MM</span></span></li>\r\n\t\t\t\t<li style=\"text-align:justify\"><span style=\"font-size:12pt\"><span style=\"font-family:&quot;Times New Roman&quot;,&quot;serif&quot;\">Ridwan. SIP.</span></span></li>\r\n\t\t\t\t<li style=\"text-align:justify\"><span style=\"font-size:12pt\"><span style=\"font-family:&quot;Times New Roman&quot;,&quot;serif&quot;\">H.A. Efendi, SH.</span></span></li>\r\n\t\t\t\t<li style=\"text-align:justify\"><span style=\"font-size:12pt\"><span style=\"font-family:&quot;Times New Roman&quot;,&quot;serif&quot;\">H, Rusni, S.Sos.</span></span></li>\r\n\t\t\t</ol>\r\n\t\t\t</td>\r\n\t\t\t<td style=\"vertical-align:top; width:132px\">\r\n\t\t\t<p style=\"margin-left:38px; text-align:center\"><span style=\"font-size:12pt\"><span style=\"font-family:&quot;Times New Roman&quot;,&quot;serif&quot;\">1983-1987</span></span></p>\r\n\r\n\t\t\t<p style=\"margin-left:38px; text-align:center\"><span style=\"font-size:12pt\"><span style=\"font-family:&quot;Times New Roman&quot;,&quot;serif&quot;\">1988-1994</span></span></p>\r\n\r\n\t\t\t<p style=\"margin-left:38px; text-align:center\"><span style=\"font-size:12pt\"><span style=\"font-family:&quot;Times New Roman&quot;,&quot;serif&quot;\">1994-1999</span></span></p>\r\n\r\n\t\t\t<p style=\"margin-left:38px; text-align:center\">&nbsp;</p>\r\n\r\n\t\t\t<p style=\"margin-left:38px; text-align:center\">&nbsp;</p>\r\n\r\n\t\t\t<p style=\"margin-left:38px; text-align:center\"><span style=\"font-size:12pt\"><span style=\"font-family:&quot;Times New Roman&quot;,&quot;serif&quot;\">1999-2001</span></span></p>\r\n\r\n\t\t\t<p style=\"margin-left:38px; text-align:center\"><span style=\"font-size:12pt\"><span style=\"font-family:&quot;Times New Roman&quot;,&quot;serif&quot;\">2001-2002</span></span></p>\r\n\r\n\t\t\t<p style=\"margin-left:38px; text-align:center\"><span style=\"font-size:12pt\"><span style=\"font-family:&quot;Times New Roman&quot;,&quot;serif&quot;\">2002-2004</span></span></p>\r\n\r\n\t\t\t<p style=\"margin-left:38px; text-align:center\"><span style=\"font-size:12pt\"><span style=\"font-family:&quot;Times New Roman&quot;,&quot;serif&quot;\">2004-2007</span></span></p>\r\n\r\n\t\t\t<p style=\"margin-left:38px; text-align:center\"><span style=\"font-size:12pt\"><span style=\"font-family:&quot;Times New Roman&quot;,&quot;serif&quot;\">2007-2007</span></span></p>\r\n\r\n\t\t\t<p style=\"margin-left:38px; text-align:center\"><span style=\"font-size:12pt\"><span style=\"font-family:&quot;Times New Roman&quot;,&quot;serif&quot;\">2007-2008</span></span></p>\r\n\r\n\t\t\t<p style=\"margin-left:38px; text-align:center\"><span style=\"font-size:12pt\"><span style=\"font-family:&quot;Times New Roman&quot;,&quot;serif&quot;\">2008-2009</span></span></p>\r\n\r\n\t\t\t<p style=\"margin-left:38px; text-align:center\"><span style=\"font-size:12pt\"><span style=\"font-family:&quot;Times New Roman&quot;,&quot;serif&quot;\">2009-2009</span></span></p>\r\n\r\n\t\t\t<p style=\"margin-left:38px; text-align:center\"><span style=\"font-size:12pt\"><span style=\"font-family:&quot;Times New Roman&quot;,&quot;serif&quot;\">2009-2011</span></span></p>\r\n\r\n\t\t\t<p style=\"margin-left:38px; text-align:center\"><span style=\"font-size:12pt\"><span style=\"font-family:&quot;Times New Roman&quot;,&quot;serif&quot;\">2011- 2019</span></span></p>\r\n\t\t\t</td>\r\n\t\t</tr>\r\n\t</tbody>\r\n</table>\r\n\r\n<p>&nbsp;</p>", "view_count": 257, "menu_id": 42, "admin_id": 33, "created_at": "2021-08-13T19:35:01.189Z", "updated_at": "2024-07-07T23:21:49.413Z", "is_edited": true}, "m2m": {"photo": []}}, {"condition": {"id": 2139}, "defaults": {"site_id": 35, "judul": "Visi dan Misi", "isi_halaman": "<p style=\"text-align:center\"><span style=\"font-size:12pt\"><span style=\"font-family:&quot;Times New Roman&quot;,&quot;serif&quot;\"><strong>V</strong><strong> </strong><strong>&nbsp;I&nbsp; S </strong><strong>&nbsp;</strong><strong>I</strong></span></span></p>\r\n\r\n<p style=\"margin-left:30px; text-align:justify\"><span style=\"font-size:12pt\"><span style=\"font-family:&quot;Times New Roman&quot;,&quot;serif&quot;\">Visi Kecamatan Gunungsari adalah <strong>&ldquo;<em>Terwujudnya Pelayanan Publik Yang Prima, Transparan Dan Akuntabel Di Kecamatan Gunungsari &rdquo;. </em></strong></span></span></p>\r\n\r\n<p style=\"margin-left:30px; text-align:justify\">&nbsp;</p>\r\n\r\n<p style=\"margin-left:28px; text-align:center\"><span style=\"font-size:12pt\"><span style=\"font-family:&quot;Times New Roman&quot;,&quot;serif&quot;\">M I S I</span></span></p>\r\n\r\n<p style=\"margin-left:28px; text-align:justify\"><span style=\"font-size:12pt\"><span style=\"font-family:&quot;Times New Roman&quot;,&quot;serif&quot;\">Untuk mewujudkan Visi Tersebut dirumuskan Misi Kecamatan Gunungsari sebagai berikut :</span></span></p>\r\n\r\n<p style=\"text-align:justify\">&nbsp;</p>\r\n\r\n<ol>\r\n\t<li style=\"list-style-type:none\">\r\n\t<ol>\r\n\t\t<li style=\"text-align:justify\"><span style=\"font-size:12pt\"><span style=\"font-family:&quot;Times New Roman&quot;,&quot;serif&quot;\">Mengoptimalkan segala sumberdaya guna menciptakan kualitas pelayanan dan membangun kepercayaan masyarakat atas pelayanan publik yang efektif, efisien, transparan dan dapat dipertanggungjawabkan;</span></span></li>\r\n\t\t<li style=\"text-align:justify\"><span style=\"font-size:12pt\"><span style=\"font-family:&quot;Times New Roman&quot;,&quot;serif&quot;\">Meningkatkan kemampuan, profesionalisme kinerja aparatur dalam penyelenggaraan pemerintahan kecamatan.</span></span></li>\r\n\t</ol>\r\n\t</li>\r\n</ol>\r\n", "view_count": 152, "menu_id": 43, "admin_id": 33, "created_at": "2021-08-16T04:31:29.017Z", "updated_at": "2024-06-27T06:23:51.143Z", "is_edited": true}, "m2m": {"photo": []}}, {"condition": {"id": 2736}, "defaults": {"site_id": 35, "judul": "STRUKTUR ORGANISASI", "isi_halaman": "<p><img src=\"/media/uploads/gunungsarilobar/2022/08/04/image_9Mx7YAP.png\" style=\"height:804px; width:1166px\" /></p>", "view_count": 148, "menu_id": 45, "admin_id": 33, "created_at": "2021-09-30T12:54:35.221Z", "updated_at": "2024-06-28T19:48:30.337Z", "is_edited": true}, "m2m": {"photo": []}}, {"condition": {"id": 4058}, "defaults": {"site_id": 35, "judul": "STRUKTUR ORGANISASI", "isi_halaman": "<p><span style=\"font-size:8px\"><img src=\"/media/uploads/gunungsarilobar/2022/08/04/image.png\" style=\"height:804px; width:1166px\" /></span></p>", "view_count": 10, "menu_id": 45, "admin_id": 33, "created_at": "2022-07-06T14:40:18.963Z", "updated_at": "2022-08-04T09:02:52.975Z", "is_edited": true}, "m2m": {"photo": []}}, {"condition": {"id": 4095}, "defaults": {"site_id": 35, "judul": "TUGAS DAN FUNGSI", "isi_halaman": "<p style=\"margin-left:43px; margin-right:18px; text-align:justify\"><span style=\"font-size:12pt\"><span style=\"font-family:Arial,&quot;sans-serif&quot;\"><span style=\"font-family:&quot;Bookman Old Style&quot;,&quot;serif&quot;\">Kecamatan merupakan wilayah kerja Camat sebagai&nbsp; Perangkat Daerah kabupaten, yang dipimpin oleh seorang Camat yang berkedudukan dibawah dan bertanggung jawab kepada Bupati melalui SekretarisDaerah.</span></span></span></p>\r\n\r\n<p style=\"margin-left:43px; margin-right:18px; text-align:justify\"><span style=\"font-size:12pt\"><span style=\"font-family:Arial,&quot;sans-serif&quot;\"><span style=\"font-family:&quot;Bookman Old Style&quot;,&quot;serif&quot;\">Adapun susunan organisasi Kecamatan Gunungsari sesuai Peraturan Bupati Nomor 55 Tahun 2016 tentang Uraian Tugas Pokok, Fungsi dan Tata Kerja Sekretariat Daerah, Sekretariat Dewan Perwakilan Daerah, Kecamatan dan Kelurahan, sebagaimana telah diubah dengan Peraturan Bupati Nomor 5 Tahun 2020 tentang Perubahan Atas Peraturan Bupati Nomor 55 Tahun 2016 sebagai berikut :</span></span></span></p>\r\n\r\n<p>&nbsp;</p>\r\n\r\n<ol>\r\n\t<li><span style=\"font-size:12pt\"><span style=\"font-family:Arial,&quot;sans-serif&quot;\"><span style=\"font-family:&quot;Bookman Old Style&quot;,&quot;serif&quot;\">CAMAT</span></span></span></li>\r\n</ol>\r\n\r\n<p style=\"margin-left:74px; margin-right:18px; text-align:justify\"><span style=\"font-size:12pt\"><span style=\"font-family:Arial,&quot;sans-serif&quot;\"><span style=\"font-family:&quot;Bookman Old Style&quot;,&quot;serif&quot;\">Camat mempunyai tugas membantu Bupati dalam melaksanakan penyelenggaraan pemerintahan, pembangunan, pelayanan masyarakat, dan sebagai pelimpahan kewenangan Bupati di kecamatan.</span></span></span></p>\r\n\r\n<p style=\"margin-left:74px; text-align:justify\"><span style=\"font-size:12pt\"><span style=\"font-family:Arial,&quot;sans-serif&quot;\"><span style=\"font-family:&quot;Bookman Old Style&quot;,&quot;serif&quot;\">Untuk melaksanakan tugas tersebut Camat mempunyai fungsi :</span></span></span></p>\r\n\r\n<ul>\r\n\t<li style=\"list-style-type:none\">\r\n\t<ul style=\"list-style-type:disc\">\r\n\t\t<li style=\"text-align:justify\"><span style=\"font-size:11pt\"><span style=\"font-family:Arial,&quot;sans-serif&quot;\"><span style=\"font-size:12.0pt\"><span style=\"font-family:&quot;Bookman Old Style&quot;,&quot;serif&quot;\">Pelaksanaan penyelenggaraan PemerintahanUmum;</span></span></span></span></li>\r\n\t\t<li style=\"text-align:justify\"><span style=\"font-size:11pt\"><span style=\"font-family:Arial,&quot;sans-serif&quot;\"><span style=\"font-size:12.0pt\"><span style=\"font-family:&quot;Bookman Old Style&quot;,&quot;serif&quot;\">Pelaksanaan pengkoordinasian kegiatan pemberdayaanmasyarakat;</span></span></span></span></li>\r\n\t\t<li style=\"text-align:justify\"><span style=\"font-size:11pt\"><span style=\"font-family:Arial,&quot;sans-serif&quot;\"><span style=\"font-size:12.0pt\"><span style=\"font-family:&quot;Bookman Old Style&quot;,&quot;serif&quot;\">Pelaksanaan pengkoordinasian upaya penyelenggaraan ketentraman dan ketertibanumum;</span></span></span></span></li>\r\n\t\t<li style=\"text-align:justify\"><span style=\"font-size:11pt\"><span style=\"font-family:Arial,&quot;sans-serif&quot;\"><span style=\"font-size:12.0pt\"><span style=\"font-family:&quot;Bookman Old Style&quot;,&quot;serif&quot;\">Pelaksanaan pengkoordinasian penerapan dan penegakan peraturan perundang-undangan;</span></span></span></span></li>\r\n\t\t<li style=\"text-align:justify\"><span style=\"font-size:11pt\"><span style=\"font-family:Arial,&quot;sans-serif&quot;\"><span style=\"font-size:12.0pt\"><span style=\"font-family:&quot;Bookman Old Style&quot;,&quot;serif&quot;\">Pelaksanaan pengkoordinasian pemeliharaan prasarana dan fasilitas pelayananumum;</span></span></span></span></li>\r\n\t\t<li style=\"text-align:justify\"><span style=\"font-size:11pt\"><span style=\"font-family:Arial,&quot;sans-serif&quot;\"><span style=\"font-size:12.0pt\"><span style=\"font-family:&quot;Bookman Old Style&quot;,&quot;serif&quot;\">Pelaksanaan pengkoordinasian penyelenggaraan kegiatan pemerintahan ditingkatkecamatan;</span></span></span></span></li>\r\n\t\t<li style=\"text-align:justify\"><span style=\"font-size:11pt\"><span style=\"font-family:Arial,&quot;sans-serif&quot;\"><span style=\"font-size:12.0pt\"><span style=\"font-family:&quot;Bookman Old Style&quot;,&quot;serif&quot;\">Pelaksanaan pembinaan penyelenggaraan pemerintahan desa/atau kelurahan</span></span></span></span></li>\r\n\t\t<li style=\"text-align:justify\"><span style=\"font-size:11pt\"><span style=\"font-family:Arial,&quot;sans-serif&quot;\"><span style=\"font-size:12.0pt\"><span style=\"font-family:&quot;Bookman Old Style&quot;,&quot;serif&quot;\">Pelaksanaan urusan pemerintahan yang menjadi kewenangan kabupaten yang tidak dilaksanakan oleh unit kerja pemerintahan daerah kabupaten/kota yang ada dikecamatan;</span></span></span></span></li>\r\n\t\t<li style=\"text-align:justify\"><span style=\"font-size:11pt\"><span style=\"font-family:Arial,&quot;sans-serif&quot;\"><span style=\"font-size:12.0pt\"><span style=\"font-family:&quot;Bookman Old Style&quot;,&quot;serif&quot;\">Pelaksanaan pelayanan masyarakat yang menjadi ruang lingkup tugasnya atau yang belum dapat dilaksanakan oleh pemerintahan desa dankelurahan;</span></span></span></span></li>\r\n\t\t<li style=\"text-align:justify\"><span style=\"font-size:11pt\"><span style=\"font-family:Arial,&quot;sans-serif&quot;\"><span style=\"font-size:12.0pt\"><span style=\"font-family:&quot;Bookman Old Style&quot;,&quot;serif&quot;\">Pelaksanaan tugas lain yang di berikan olehBupati.</span></span></span></span></li>\r\n\t</ul>\r\n\t</li>\r\n</ul>\r\n\r\n<p>&nbsp;</p>\r\n\r\n<ol start=\"2\">\r\n\t<li><span style=\"font-size:12pt\"><span style=\"font-family:Arial,&quot;sans-serif&quot;\"><span style=\"font-family:&quot;Bookman Old Style&quot;,&quot;serif&quot;\">SEKRETARIS CAMAT</span></span></span></li>\r\n</ol>\r\n\r\n<p style=\"margin-left:77px; margin-right:18px; text-align:justify\"><span style=\"font-size:12pt\"><span style=\"font-family:Arial,&quot;sans-serif&quot;\"><span style=\"font-family:&quot;Bookman Old Style&quot;,&quot;serif&quot;\">Sekretaris Camat adalah unsur staf yang dipimpin oleh seorang&nbsp; sekretaris berada dibawah dan bertanggung jawab kepada Camat, mempunyai tugas : merencanakan, melaksanakan, mengkoordinasikan dan mengendalikan kegiatan administrasi umum, kepegawaian, perlengkapan, aset, penyusunan program, laporan dankeuangan.</span></span></span></p>\r\n\r\n<p style=\"margin-left:77px; margin-right:18px; text-align:justify\"><span style=\"font-size:12pt\"><span style=\"font-family:Arial,&quot;sans-serif&quot;\"><span style=\"font-family:&quot;Bookman Old Style&quot;,&quot;serif&quot;\">Untuk melaksanakan tugas tersebut Sekretaris Camat mempunyai fungsi :</span></span></span></p>\r\n\r\n<ul>\r\n\t<li style=\"list-style-type:none\">\r\n\t<ul style=\"list-style-type:disc\">\r\n\t\t<li style=\"text-align:justify\"><span style=\"font-size:11pt\"><span style=\"font-family:Arial,&quot;sans-serif&quot;\"><span style=\"font-size:12.0pt\"><span style=\"font-family:&quot;Bookman Old Style&quot;,&quot;serif&quot;\">Penyusunan rencana program dan kegiatan pada lingkupsekretariat;</span></span></span></span></li>\r\n\t\t<li style=\"text-align:justify\"><span style=\"font-size:11pt\"><span style=\"font-family:Arial,&quot;sans-serif&quot;\"><span style=\"font-size:12.0pt\"><span style=\"font-family:&quot;Bookman Old Style&quot;,&quot;serif&quot;\">Pelaksanaan&nbsp;&nbsp; koordinasi&nbsp; penyusunan&nbsp; program,&nbsp; anggaran dan perundang &ndash;undangan;</span></span></span></span></li>\r\n\t\t<li style=\"text-align:justify\"><span style=\"font-size:11pt\"><span style=\"font-family:Arial,&quot;sans-serif&quot;\"><span style=\"font-size:12.0pt\"><span style=\"font-family:&quot;Bookman Old Style&quot;,&quot;serif&quot;\">Pelaksanaan koordinasi penyelenggaraan tugas-tugasbidang;</span></span></span></span></li>\r\n\t\t<li style=\"text-align:justify\"><span style=\"font-size:11pt\"><span style=\"font-family:Arial,&quot;sans-serif&quot;\"><span style=\"font-size:12.0pt\"><span style=\"font-family:&quot;Bookman Old Style&quot;,&quot;serif&quot;\">Pengelolaan dan pelayanan administrasiumum;</span></span></span></span></li>\r\n\t\t<li style=\"text-align:justify\"><span style=\"font-size:11pt\"><span style=\"font-family:Arial,&quot;sans-serif&quot;\"><span style=\"font-size:12.0pt\"><span style=\"font-family:&quot;Bookman Old Style&quot;,&quot;serif&quot;\">Pengelolaan administrasi keuangan, kepegawaian danperlengkapan;</span></span></span></span></li>\r\n\t\t<li style=\"text-align:justify\"><span style=\"font-size:11pt\"><span style=\"font-family:Arial,&quot;sans-serif&quot;\"><span style=\"font-size:12.0pt\"><span style=\"font-family:&quot;Bookman Old Style&quot;,&quot;serif&quot;\">Pengelolaan urusan rumah tangga, aset dan pengelolaankearsipan;</span></span></span></span></li>\r\n\t\t<li style=\"text-align:justify\"><span style=\"font-size:11pt\"><span style=\"font-family:Arial,&quot;sans-serif&quot;\"><span style=\"font-size:12.0pt\"><span style=\"font-family:&quot;Bookman Old Style&quot;,&quot;serif&quot;\">Pelaksanaan monitoring, evaluasi dan laporankegiatan;</span></span></span></span></li>\r\n\t\t<li style=\"text-align:justify\"><span style=\"font-size:11pt\"><span style=\"font-family:Arial,&quot;sans-serif&quot;\"><span style=\"font-size:12.0pt\"><span style=\"font-family:&quot;Bookman Old Style&quot;,&quot;serif&quot;\">Pelaksanaan tugas-tugas lain diberikan oleh Camat sesuai dengan ruang lingkup tugas danfungsinya;</span></span></span></span></li>\r\n\t\t<li style=\"text-align:justify\"><span style=\"font-size:11pt\"><span style=\"font-family:Arial,&quot;sans-serif&quot;\"><span style=\"font-size:12.0pt\"><span style=\"font-family:&quot;Bookman Old Style&quot;,&quot;serif&quot;\">Perencanaan, pengendalian dan mengevaluasi pelaksanaan pembinaan administrasi serta memberikan pelayanan teknis administrasi kepada seluruh satuan organisasi pemerintahan kecamatan;</span></span></span></span></li>\r\n\t\t<li style=\"text-align:justify\"><span style=\"font-size:11pt\"><span style=\"font-family:Arial,&quot;sans-serif&quot;\"><span style=\"font-size:12.0pt\"><span style=\"font-family:&quot;Bookman Old Style&quot;,&quot;serif&quot;\">Pelaksanaan urusan administrasi keuangan;dan</span></span></span></span></li>\r\n\t\t<li style=\"text-align:justify\"><span style=\"font-size:11pt\"><span style=\"font-family:Arial,&quot;sans-serif&quot;\"><span style=\"font-size:12.0pt\"><span style=\"font-family:&quot;Bookman Old Style&quot;,&quot;serif&quot;\">Pelaksanaan urusan tata usaha, administrasi kepegawaian, perlengkapan dan rumahtangga.</span></span></span></span></li>\r\n\t</ul>\r\n\t</li>\r\n</ul>\r\n\r\n<p style=\"margin-left:89px; text-align:justify\"><span style=\"font-size:12pt\"><span style=\"font-family:Arial,&quot;sans-serif&quot;\"><span style=\"font-family:&quot;Bookman Old Style&quot;,&quot;serif&quot;\">Sekretariat terdiri dari :</span></span></span></p>\r\n\r\n<ol>\r\n\t<li style=\"text-align:justify\"><span style=\"font-size:11pt\"><span style=\"font-family:Arial,&quot;sans-serif&quot;\"><span style=\"font-size:12.0pt\"><span style=\"font-family:&quot;Bookman Old Style&quot;,&quot;serif&quot;\">Sub Bagian Program danKeuangan</span></span></span></span></li>\r\n\t<li style=\"text-align:justify\"><span style=\"font-size:11pt\"><span style=\"font-family:Arial,&quot;sans-serif&quot;\"><span style=\"font-size:12.0pt\"><span style=\"font-family:&quot;Bookman Old Style&quot;,&quot;serif&quot;\">Sub Bagian Umum danKepegawaian.</span></span></span></span></li>\r\n</ol>\r\n\r\n<p>&nbsp;</p>\r\n\r\n<p style=\"margin-left:89px; margin-right:19px; text-align:justify\"><span style=\"font-size:12pt\"><span style=\"font-family:Arial,&quot;sans-serif&quot;\"><span style=\"font-family:&quot;Bookman Old Style&quot;,&quot;serif&quot;\">Sub bagian-sub bagian tersebut berada dibawah dan bertanggungjawab langsung kepada Sekretaris:</span></span></span></p>\r\n\r\n<ol>\r\n\t<li style=\"text-align:justify\"><span style=\"font-size:11pt\"><span style=\"font-family:Arial,&quot;sans-serif&quot;\"><span style=\"font-size:12.0pt\"><span style=\"font-family:&quot;Bookman Old Style&quot;,&quot;serif&quot;\">Sub Bagian Program dan keuangan mempunyai tugas melakukan penyusunan rencana anggaran, penatausahaan, pengendalian dan evaluasi pelaksanaan serta pertanggungjawaban keuangan, serta menyusunlaporan.</span></span></span></span></li>\r\n\t<li style=\"text-align:justify\"><span style=\"font-size:11pt\"><span style=\"font-family:Arial,&quot;sans-serif&quot;\"><span style=\"font-size:12.0pt\"><span style=\"font-family:&quot;Bookman Old Style&quot;,&quot;serif&quot;\">Sub Bagian Umum dan Kepegawaian mempunyai tugas melakukan urusan persuratan, kearsipan, kepegawaian, perlengkapan dan rumahtangga.</span></span></span></span></li>\r\n</ol>\r\n\r\n<p>&nbsp;</p>\r\n\r\n<ol start=\"3\">\r\n\t<li><span style=\"font-size:12pt\"><span style=\"font-family:Arial,&quot;sans-serif&quot;\"><span style=\"font-family:&quot;Bookman Old Style&quot;,&quot;serif&quot;\">SEKSI PEMERINTAHAN</span></span></span></li>\r\n</ol>\r\n\r\n<p style=\"margin-left:76px; margin-right:18px; text-align:justify\"><span style=\"font-size:12pt\"><span style=\"font-family:Arial,&quot;sans-serif&quot;\"><span style=\"font-family:&quot;Bookman Old Style&quot;,&quot;serif&quot;\">Seksi Pemerintahan Desa/Kelurahan adalah unsur Pelaksana Pemerintahan Kecamatan dibidang penyelenggaraan pemerintahan, berada dibawah dan bertanggungjawab langsung kepada Camat, mempunyai tugas pokok mengkoordinasikan penyelenggaraan kegiatan pemerintahan ditingkat Kecamatan, membina penyelenggaraan Pemerintahan desa dan/atau kelurahan.</span></span></span></p>\r\n\r\n<p style=\"margin-left:76px; margin-right:19px; text-align:justify\"><span style=\"font-size:12pt\"><span style=\"font-family:Arial,&quot;sans-serif&quot;\"><span style=\"font-family:&quot;Bookman Old Style&quot;,&quot;serif&quot;\">Untuk menyelenggarakan tugas tersebut Seksi Pemerintahan Desa/kelurahan mempunyai fungsi :</span></span></span></p>\r\n\r\n<ul>\r\n\t<li style=\"list-style-type:none\">\r\n\t<ul style=\"list-style-type:disc\">\r\n\t\t<li style=\"text-align:justify\"><span style=\"font-size:11pt\"><span style=\"font-family:Arial,&quot;sans-serif&quot;\"><span style=\"font-size:12.0pt\"><span style=\"font-family:&quot;Bookman Old Style&quot;,&quot;serif&quot;\">Penyiapan bahan penyusunan rencana dan program kerja pada Seksi PemerintahanDesa/Kelurahan;</span></span></span></span></li>\r\n\t\t<li style=\"text-align:justify\"><span style=\"font-size:11pt\"><span style=\"font-family:Arial,&quot;sans-serif&quot;\"><span style=\"font-size:12.0pt\"><span style=\"font-family:&quot;Bookman Old Style&quot;,&quot;serif&quot;\">Penyiapan bahan koordinasi dengan satuan kerja perangkat daerah dan instansi vertikal dibidang penyelenggaraan kegiatanpemerintahan;</span></span></span></span></li>\r\n\t\t<li style=\"text-align:justify\"><span style=\"font-size:11pt\"><span style=\"font-family:Arial,&quot;sans-serif&quot;\"><span style=\"font-size:12.0pt\"><span style=\"font-family:&quot;Bookman Old Style&quot;,&quot;serif&quot;\">Penyiapan bahan koordinasi dan sinkronisasi perencanaan dengan satuan kerja perangkat daerah dan instansi vertikal dibidang penyelenggaraanpemerintahan;</span></span></span></span></li>\r\n\t\t<li style=\"text-align:justify\"><span style=\"font-size:11pt\"><span style=\"font-family:Arial,&quot;sans-serif&quot;\"><span style=\"font-size:12.0pt\"><span style=\"font-family:&quot;Bookman Old Style&quot;,&quot;serif&quot;\">Pemberian bimbingan, supervisi, fasilitasi dan konsultasi pelaksanaan administrasi desa dan/ataukelurahan;</span></span></span></span></li>\r\n\t\t<li style=\"text-align:justify\"><span style=\"font-size:11pt\"><span style=\"font-family:Arial,&quot;sans-serif&quot;\"><span style=\"font-size:12.0pt\"><span style=\"font-family:&quot;Bookman Old Style&quot;,&quot;serif&quot;\">Pelaksanaan evaluasi penyelenggaraan pemerintahan desa dan/atau kelurahan di tingkatkecamatan;</span></span></span></span></li>\r\n\t\t<li style=\"text-align:justify\"><span style=\"font-size:11pt\"><span style=\"font-family:Arial,&quot;sans-serif&quot;\"><span style=\"font-size:12.0pt\"><span style=\"font-family:&quot;Bookman Old Style&quot;,&quot;serif&quot;\">Penyiapan dan penyusunan bahan laporan penyelenggaraan kegiatan pemerintahan ditingkat kecamatan kepadaBupati;</span></span></span></span></li>\r\n\t\t<li style=\"text-align:justify\"><span style=\"font-size:11pt\"><span style=\"font-family:Arial,&quot;sans-serif&quot;\"><span style=\"font-size:12.0pt\"><span style=\"font-family:&quot;Bookman Old Style&quot;,&quot;serif&quot;\">Penyiapan data dan bahan evaluasi penyelenggaraan pemerintahan desa dan / ataukelurahan;</span></span></span></span></li>\r\n\t\t<li style=\"text-align:justify\"><span style=\"font-size:11pt\"><span style=\"font-family:Arial,&quot;sans-serif&quot;\"><span style=\"font-size:12.0pt\"><span style=\"font-family:&quot;Bookman Old Style&quot;,&quot;serif&quot;\">Penyiapan dan penyusunan bahan laporan pembinaan dan pengawasan penyelenggaraan pemerintahan desa dan/atau kelurahan di tingkat kecamatan kepada Camat;danPelaksanaan tugas lain yang di berikan oleh Camat sesuai tugas dan fungsinya.</span></span></span></span></li>\r\n\t</ul>\r\n\t</li>\r\n</ul>\r\n\r\n<p>&nbsp;</p>\r\n\r\n<ol start=\"4\">\r\n\t<li><span style=\"font-size:12pt\"><span style=\"font-family:Arial,&quot;sans-serif&quot;\"><span style=\"font-family:&quot;Bookman Old Style&quot;,&quot;serif&quot;\">SEKSI KETENTRAMAN DANKETERTIBAN</span></span></span></li>\r\n</ol>\r\n\r\n<p style=\"margin-left:72px; margin-right:18px; text-align:justify\"><span style=\"font-size:12pt\"><span style=\"font-family:Arial,&quot;sans-serif&quot;\"><span style=\"font-family:&quot;Bookman Old Style&quot;,&quot;serif&quot;\">Seksi Ketentraman dan Ketertiban adalah unsur pelaksana pemerintahan kecamatan dibidang penyelenggaraan ketentraman dan ketertiban, berada dibawah dan bertanggungjawab langsung kepada Camat dan mempunyai tugas mengkoordinasikan upaya penyelenggaraan ketentraman dan ketertiban.</span></span></span></p>\r\n\r\n<p style=\"margin-left:72px; margin-right:19px; text-align:justify\"><span style=\"font-size:12pt\"><span style=\"font-family:Arial,&quot;sans-serif&quot;\"><span style=\"font-family:&quot;Bookman Old Style&quot;,&quot;serif&quot;\">Untuk menyelenggarakan tugas tersebut Seksi Ketentraman dan Ketertiban mempunyai fungsi:</span></span></span></p>\r\n\r\n<ul>\r\n\t<li style=\"list-style-type:none\">\r\n\t<ul style=\"list-style-type:disc\">\r\n\t\t<li style=\"text-align:justify\"><span style=\"font-size:11pt\"><span style=\"font-family:Arial,&quot;sans-serif&quot;\"><span style=\"font-size:12.0pt\"><span style=\"font-family:&quot;Bookman Old Style&quot;,&quot;serif&quot;\">Penyiapan bahan penyusunan rencana dan program kerja pada Seksi Ketentraman danKetertiban;</span></span></span></span></li>\r\n\t\t<li style=\"text-align:justify\"><span style=\"font-size:11pt\"><span style=\"font-family:Arial,&quot;sans-serif&quot;\"><span style=\"font-size:12.0pt\"><span style=\"font-family:&quot;Bookman Old Style&quot;,&quot;serif&quot;\">Pelaksanaan koordinasi dengan Kepolisian Negara Republik Indonesia dan atau TNI mengenai program dan kegiatan penyelenggaraan ketentraman dan ketertiban di wilayahKecamatan;</span></span></span></span></li>\r\n\t\t<li style=\"text-align:justify\"><span style=\"font-size:11pt\"><span style=\"font-family:Arial,&quot;sans-serif&quot;\"><span style=\"font-size:12.0pt\"><span style=\"font-family:&quot;Bookman Old Style&quot;,&quot;serif&quot;\">Penyiapan bahan koordinasi dengan Pemuka Agama yang berada di wilayah Kerja Kecamatan untuk mewujudkan ketentraman dan ketertiban di wilayahKecamatan;</span></span></span></span></li>\r\n\t\t<li style=\"text-align:justify\"><span style=\"font-size:11pt\"><span style=\"font-family:Arial,&quot;sans-serif&quot;\"><span style=\"font-size:12.0pt\"><span style=\"font-family:&quot;Bookman Old Style&quot;,&quot;serif&quot;\">Penyiapan bahan koordinasi dengan tokoh masyarakat yang berada di wilayah kerja kecamatan untuk mewujudkan ketentraman dan ketertiban masyarakat di wilayahkecamatan;</span></span></span></span></li>\r\n\t\t<li style=\"text-align:justify\"><span style=\"font-size:11pt\"><span style=\"font-family:Arial,&quot;sans-serif&quot;\"><span style=\"font-size:12.0pt\"><span style=\"font-family:&quot;Bookman Old Style&quot;,&quot;serif&quot;\">Penyiapan bahan koordinasi dengan pihak terkait dalam pelaksanaan pengamanan prasarana dan fasilitasi pelayananumum;</span></span></span></span></li>\r\n\t\t<li style=\"text-align:justify\"><span style=\"font-size:11pt\"><span style=\"font-family:Arial,&quot;sans-serif&quot;\"><span style=\"font-size:12.0pt\"><span style=\"font-family:&quot;Bookman Old Style&quot;,&quot;serif&quot;\">Penyiapan bahan koordinasi dengan satuan kerja perangkat daerah yang tugas dan fungsinya di bidang penerapan peraturan perundang- undangan;</span></span></span></span></li>\r\n\t\t<li style=\"text-align:justify\"><span style=\"font-size:11pt\"><span style=\"font-family:Arial,&quot;sans-serif&quot;\"><span style=\"font-size:12.0pt\"><span style=\"font-family:&quot;Bookman Old Style&quot;,&quot;serif&quot;\">Penyiapan bahan koordinasi dengan satuan kerja perangkat daerah yang tugas dan fungsinya di bidang perlindunganmasyarakat;</span></span></span></span></li>\r\n\t\t<li style=\"text-align:justify\"><span style=\"font-size:11pt\"><span style=\"font-family:Arial,&quot;sans-serif&quot;\"><span style=\"font-size:12.0pt\"><span style=\"font-family:&quot;Bookman Old Style&quot;,&quot;serif&quot;\">Pembinaan ideologi Negara Kesatuan RepublikIndonesia;</span></span></span></span></li>\r\n\t\t<li><span style=\"font-size:11pt\"><span style=\"font-family:Arial,&quot;sans-serif&quot;\"><span style=\"font-size:12.0pt\"><span style=\"font-family:&quot;Bookman Old Style&quot;,&quot;serif&quot;\">Penyiapan dan penyusunan bahan laporan pemeliharaan prasarana dan fasilitasi pelayanan umum di wilayah kecamatan kepadaBupati;</span></span></span></span></li>\r\n\t\t<li><span style=\"font-size:11pt\"><span style=\"font-family:Arial,&quot;sans-serif&quot;\"><span style=\"font-size:12.0pt\"><span style=\"font-family:&quot;Bookman Old Style&quot;,&quot;serif&quot;\">Penyiapan dan penyusunan bahan laporan pembinaan ketentraman dan ketertiban kepadaBupati;</span></span></span></span></li>\r\n\t\t<li><span style=\"font-size:11pt\"><span style=\"font-family:Arial,&quot;sans-serif&quot;\"><span style=\"font-size:12.0pt\"><span style=\"font-family:&quot;Bookman Old Style&quot;,&quot;serif&quot;\">Penyusunan bahan koordinasi dan pembinaan terhadap organisasi sosial kemasyarakatan yang ada di wilayahkecamatan;</span></span></span></span></li>\r\n\t\t<li style=\"text-align:justify\"><span style=\"font-size:11pt\"><span style=\"font-family:Arial,&quot;sans-serif&quot;\"><span style=\"font-size:12.0pt\"><span style=\"font-family:&quot;Bookman Old Style&quot;,&quot;serif&quot;\">Melaksanakan monitoring, evaluasi dan laporan pelaksanaan tugas pada seksi Ketentraman dan Ketertiban;dan</span></span></span></span></li>\r\n\t\t<li style=\"text-align:justify\"><span style=\"font-size:11pt\"><span style=\"font-family:Arial,&quot;sans-serif&quot;\"><span style=\"font-size:12.0pt\"><span style=\"font-family:&quot;Bookman Old Style&quot;,&quot;serif&quot;\">Pelaksanaan tugas lain yang diberikan oleh Camat sesuai tugas dan fungsinya.</span></span></span></span></li>\r\n\t</ul>\r\n\t</li>\r\n</ul>\r\n\r\n<p>&nbsp;</p>\r\n\r\n<ol start=\"5\">\r\n\t<li><span style=\"font-size:12pt\"><span style=\"font-family:Arial,&quot;sans-serif&quot;\"><span style=\"font-family:&quot;Bookman Old Style&quot;,&quot;serif&quot;\">SEKSI EKONOMI DANPEMBANGUNAN</span></span></span></li>\r\n</ol>\r\n\r\n<p style=\"margin-left:78px; margin-right:18px; text-align:justify\"><span style=\"font-size:12pt\"><span style=\"font-family:Arial,&quot;sans-serif&quot;\"><span style=\"font-family:&quot;Bookman Old Style&quot;,&quot;serif&quot;\">Seksi Ekonomi dan Pembangunan adalah unsur pelaksana pemerintahan Kecamatan dibidang penyelenggaraan Ekonomi dan Pembangunan berada dibawah dan bertanggung jawab langsung kepada Camat dan mempunyai tugas mengkoordinasikan kegiatan di bidang ekonomi dan pembagunan.</span></span></span></p>\r\n\r\n<p style=\"margin-left:78px; margin-right:18px; text-align:justify\"><span style=\"font-size:12pt\"><span style=\"font-family:Arial,&quot;sans-serif&quot;\"><span style=\"font-family:&quot;Bookman Old Style&quot;,&quot;serif&quot;\">Untuk menyelenggarakan tugas tersebut Seksi Ekonomi dan Pembangunan mempunyai fungsi :</span></span></span></p>\r\n\r\n<ul>\r\n\t<li style=\"list-style-type:none\">\r\n\t<ul>\r\n\t\t<li style=\"list-style-type:none\">\r\n\t\t<ul style=\"list-style-type:disc\">\r\n\t\t\t<li style=\"text-align:justify\"><span style=\"font-size:11pt\"><span style=\"font-family:Arial,&quot;sans-serif&quot;\"><span style=\"font-size:12.0pt\"><span style=\"font-family:&quot;Bookman Old Style&quot;,&quot;serif&quot;\">Penyiapan bahan penyusunan rencana dan program kerja pada Seksi Ekonomi danPembagunan;</span></span></span></span></li>\r\n\t\t\t<li style=\"text-align:justify\"><span style=\"font-size:11pt\"><span style=\"font-family:Arial,&quot;sans-serif&quot;\"><span style=\"font-size:12.0pt\"><span style=\"font-family:&quot;Bookman Old Style&quot;,&quot;serif&quot;\">Penyiapan data pelaksanaan kegiatan ekonomi dan pembagunan di wilayahkecamatan;</span></span></span></span></li>\r\n\t\t\t<li style=\"text-align:justify\"><span style=\"font-size:11pt\"><span style=\"font-family:Arial,&quot;sans-serif&quot;\"><span style=\"font-size:12.0pt\"><span style=\"font-family:&quot;Bookman Old Style&quot;,&quot;serif&quot;\">Koordinasi pelaksanaan kegiatan ekonomi dan pembangunan di wilayahkecamatan;</span></span></span></span></li>\r\n\t\t\t<li style=\"text-align:justify\"><span style=\"font-size:11pt\"><span style=\"font-family:Arial,&quot;sans-serif&quot;\"><span style=\"font-size:12.0pt\"><span style=\"font-family:&quot;Bookman Old Style&quot;,&quot;serif&quot;\">Pelaksanaan fasilitasi dan penyiapan bahan koordinasi pelaksanaan ekonomi dan pembangunan di wilayahkecamatan;</span></span></span></span></li>\r\n\t\t\t<li style=\"text-align:justify\"><span style=\"font-size:11pt\"><span style=\"font-family:Arial,&quot;sans-serif&quot;\"><span style=\"font-size:12.0pt\"><span style=\"font-family:&quot;Bookman Old Style&quot;,&quot;serif&quot;\">Pendorong partisipasi masyarakat untuk ikut serta dalam perencanaan pembangunan lingkup kecamatan dalam forum musyawarah perencanaan pembangunan di desa / kelurahan dankecamatan;</span></span></span></span></li>\r\n\t\t\t<li style=\"text-align:justify\"><span style=\"font-size:11pt\"><span style=\"font-family:Arial,&quot;sans-serif&quot;\"><span style=\"font-size:12.0pt\"><span style=\"font-family:&quot;Bookman Old Style&quot;,&quot;serif&quot;\">Pelaksanaan koordinasi pengawasan terhadap keseluruhan pelaksanaan program kerja perangkat daerah, instansi vertikal maupun swasta yang mempunyai program kerja dan kegiatan pemberdayaan masyarakat, ekonomi dan pembangunan di wilayah kerjakecamatan;</span></span></span></span></li>\r\n\t\t\t<li style=\"text-align:justify\"><span style=\"font-size:11pt\"><span style=\"font-family:Arial,&quot;sans-serif&quot;\"><span style=\"font-size:12.0pt\"><span style=\"font-family:&quot;Bookman Old Style&quot;,&quot;serif&quot;\">Penyiapan dan penyusunan bahan laporan pelaksanaan kegiatan pembangunan dan perekonomian dikecamatan</span></span></span></span></li>\r\n\t\t\t<li style=\"text-align:justify\"><span style=\"font-size:11pt\"><span style=\"font-family:Arial,&quot;sans-serif&quot;\"><span style=\"font-size:12.0pt\"><span style=\"font-family:&quot;Bookman Old Style&quot;,&quot;serif&quot;\">Pelaksanaan monitoring, evaluasi dan laporan pelaksanaan tugas pada seksi ekonomi dan pembangunan;dan</span></span></span></span></li>\r\n\t\t\t<li style=\"text-align:justify\"><span style=\"font-size:11pt\"><span style=\"font-family:Arial,&quot;sans-serif&quot;\"><span style=\"font-size:12.0pt\"><span style=\"font-family:&quot;Bookman Old Style&quot;,&quot;serif&quot;\">Pelaksanaan tugas-tugas lain yang diberikan oleh Camat sesuai dengan ruang lingkuptugasnya</span></span></span></span></li>\r\n\t\t</ul>\r\n\t\t</li>\r\n\t</ul>\r\n\t</li>\r\n</ul>\r\n\r\n<p style=\"text-align:justify\">&nbsp;</p>\r\n\r\n<ol start=\"6\">\r\n\t<li><span style=\"font-size:12pt\"><span style=\"font-family:Arial,&quot;sans-serif&quot;\"><span style=\"font-family:&quot;Bookman Old Style&quot;,&quot;serif&quot;\">SEKSI KESEJAHTERAANSOSIAL</span></span></span></li>\r\n</ol>\r\n\r\n<p style=\"margin-left:77px; margin-right:18px; text-align:justify\"><span style=\"font-size:12pt\"><span style=\"font-family:Arial,&quot;sans-serif&quot;\"><span style=\"font-family:&quot;Bookman Old Style&quot;,&quot;serif&quot;\">Seksi Kesejahteraan Sosial adalah unsur pelaksana pemerintah Kecamatan dibidang penyelenggaraan kesejahteraan sosial berada dibawah dan bertanggungjawab langsung kepada Camat. Seksi Kesejahteraan sosial mempunyai tugas menyiapkan bahan perencanaan, pembinaan dan koordinasi serta pelaksanaan bidang kesejahteraan sosial.</span></span></span></p>\r\n\r\n<p style=\"margin-left:77px; margin-right:19px; text-align:justify\"><span style=\"font-size:12pt\"><span style=\"font-family:Arial,&quot;sans-serif&quot;\"><span style=\"font-family:&quot;Bookman Old Style&quot;,&quot;serif&quot;\">Untuk melaksanakan tugas Seksi Kesejahteraan Sosial&nbsp; mempunyai fungsi:</span></span></span></p>\r\n\r\n<ul>\r\n\t<li style=\"list-style-type:none\">\r\n\t<ul style=\"list-style-type:disc\">\r\n\t\t<li style=\"text-align:justify\"><span style=\"font-size:11pt\"><span style=\"font-family:Arial,&quot;sans-serif&quot;\"><span style=\"font-size:12.0pt\"><span style=\"font-family:&quot;Bookman Old Style&quot;,&quot;serif&quot;\">Penyiapan bahan penyusunan rencana dan program kerja pada seksi kesejahteraansosial;</span></span></span></span></li>\r\n\t\t<li style=\"text-align:justify\"><span style=\"font-size:11pt\"><span style=\"font-family:Arial,&quot;sans-serif&quot;\"><span style=\"font-size:12.0pt\"><span style=\"font-family:&quot;Bookman Old Style&quot;,&quot;serif&quot;\">Penyiapan bahan untuk penyusunan program dan melakukan pembinaan dalam upaya peningkatan kesehatan dan gizi masyarakat, keluarga berencana dan pemberantasan penyakitmenular;</span></span></span></span></li>\r\n\t\t<li style=\"text-align:justify\"><span style=\"font-size:11pt\"><span style=\"font-family:Arial,&quot;sans-serif&quot;\"><span style=\"font-size:12.0pt\"><span style=\"font-family:&quot;Bookman Old Style&quot;,&quot;serif&quot;\">Fasilitasi dan koordinasi pelaksanaan pembinaan dan pengembangan ketenagakerjaan;</span></span></span></span></li>\r\n\t\t<li style=\"text-align:justify\"><span style=\"font-size:11pt\"><span style=\"font-family:Arial,&quot;sans-serif&quot;\"><span style=\"font-size:12.0pt\"><span style=\"font-family:&quot;Bookman Old Style&quot;,&quot;serif&quot;\">Pelaksanaan koordinasi, pendataan dan pemantauan penyaluran bantuansosial;</span></span></span></span></li>\r\n\t\t<li style=\"text-align:justify\"><span style=\"font-size:11pt\"><span style=\"font-family:Arial,&quot;sans-serif&quot;\"><span style=\"font-size:12.0pt\"><span style=\"font-family:&quot;Bookman Old Style&quot;,&quot;serif&quot;\">Koordinasi pelaksanaan program pembinaan keagamaan, pendidikan, kebudayaan, kepemudaan danolahraga;</span></span></span></span></li>\r\n\t\t<li style=\"text-align:justify\"><span style=\"font-size:11pt\"><span style=\"font-family:Arial,&quot;sans-serif&quot;\"><span style=\"font-size:12.0pt\"><span style=\"font-family:&quot;Bookman Old Style&quot;,&quot;serif&quot;\">Pelaksanaan monitoring, evaluasi dan laporan pelaksanaan tugas pada kesejahteraan Sosial di Kecamatan kepada Camat;dan</span></span></span></span></li>\r\n\t\t<li style=\"text-align:justify\"><span style=\"font-size:11pt\"><span style=\"font-family:Arial,&quot;sans-serif&quot;\"><span style=\"font-size:12.0pt\"><span style=\"font-family:&quot;Bookman Old Style&quot;,&quot;serif&quot;\">Pelaksanaan tugas lain yang diberikan olehCamat.</span></span></span></span></li>\r\n\t</ul>\r\n\t</li>\r\n</ul>\r\n\r\n<p>&nbsp;</p>\r\n\r\n<ol start=\"7\">\r\n\t<li><span style=\"font-size:12pt\"><span style=\"font-family:Arial,&quot;sans-serif&quot;\"><span style=\"font-family:&quot;Bookman Old Style&quot;,&quot;serif&quot;\">SEKSI PELAYANANUMUM</span></span></span></li>\r\n</ol>\r\n\r\n<p style=\"margin-left:77px; margin-right:19px; text-align:justify\"><span style=\"font-size:12pt\"><span style=\"font-family:Arial,&quot;sans-serif&quot;\"><span style=\"font-family:&quot;Bookman Old Style&quot;,&quot;serif&quot;\">Seksi Pelayanan Umum adalah unsur pelaksana pemerintah Kecamatan dibidang penyelenggaraan Pelayanan Umum berada dibawah dan bertanggung jawab langsung kepada Camat.</span></span></span></p>\r\n\r\n<p style=\"margin-left:77px; margin-right:18px; text-align:justify\"><span style=\"font-size:12pt\"><span style=\"font-family:Arial,&quot;sans-serif&quot;\"><span style=\"font-family:&quot;Bookman Old Style&quot;,&quot;serif&quot;\">Seksi Pelayanan Umum mempunyai tugas mengkoordinasikan pemeliharaan prasarana dan fasilitas pelayanan umum&nbsp; dan melaksanakan pelayanan masyarakat yang menjadi ruang lingkup tugasnya dan/atau yang belum dapat dilaksanakan oleh Pemerintah desa ataukelurahan.</span></span></span></p>\r\n\r\n<p style=\"margin-left:80px; margin-right:18px; text-align:justify\"><span style=\"font-size:12pt\"><span style=\"font-family:Arial,&quot;sans-serif&quot;\"><span style=\"font-family:&quot;Bookman Old Style&quot;,&quot;serif&quot;\">Untuk melaksanakan tugas tersebut Seksi Pelayanan Umum mempunyai fungsi :</span></span></span></p>\r\n\r\n<ul>\r\n\t<li style=\"list-style-type:none\">\r\n\t<ul>\r\n\t\t<li style=\"list-style-type:none\">\r\n\t\t<ul style=\"list-style-type:disc\">\r\n\t\t\t<li style=\"text-align:justify\"><span style=\"font-size:11pt\"><span style=\"font-family:Arial,&quot;sans-serif&quot;\"><span style=\"font-size:12.0pt\"><span style=\"font-family:&quot;Bookman Old Style&quot;,&quot;serif&quot;\">Penyiapan bahan penyusunan rencana dan program kerja pada Seksi PelayananUmum;</span></span></span></span></li>\r\n\t\t\t<li style=\"text-align:justify\"><span style=\"font-size:11pt\"><span style=\"font-family:Arial,&quot;sans-serif&quot;\"><span style=\"font-size:12.0pt\"><span style=\"font-family:&quot;Bookman Old Style&quot;,&quot;serif&quot;\">Penyusunan, pengolahan, dan pemeliharaan data dalam rangka peningkatan pelayananmasyarakat;</span></span></span></span></li>\r\n\t\t\t<li style=\"text-align:justify\"><span style=\"font-size:11pt\"><span style=\"font-family:Arial,&quot;sans-serif&quot;\"><span style=\"font-size:12.0pt\"><span style=\"font-family:&quot;Bookman Old Style&quot;,&quot;serif&quot;\">Pelaksanaan&nbsp;&nbsp; sosialisasi&nbsp;&nbsp; tentang&nbsp;&nbsp; mekanisme,&nbsp;&nbsp; prosedurdan persyaratan (standar pelayanan prima) kepadamasyarakat;</span></span></span></span></li>\r\n\t\t\t<li style=\"text-align:justify\"><span style=\"font-size:11pt\"><span style=\"font-family:Arial,&quot;sans-serif&quot;\"><span style=\"font-size:12.0pt\"><span style=\"font-family:&quot;Bookman Old Style&quot;,&quot;serif&quot;\">Koordinasi pelayanan sesuai dengan standar pelayanan publik di wilayahnya;</span></span></span></span></li>\r\n\t\t\t<li style=\"text-align:justify\"><span style=\"font-size:11pt\"><span style=\"font-family:Arial,&quot;sans-serif&quot;\"><span style=\"font-size:12.0pt\"><span style=\"font-family:&quot;Bookman Old Style&quot;,&quot;serif&quot;\">Pelaksanaan&nbsp;&nbsp;&nbsp; pelayanan&nbsp;&nbsp;&nbsp; administrasi&nbsp; pemerintahan kepada masyarakat;</span></span></span></span></li>\r\n\t\t\t<li style=\"text-align:justify\"><span style=\"font-size:11pt\"><span style=\"font-family:Arial,&quot;sans-serif&quot;\"><span style=\"font-size:12.0pt\"><span style=\"font-family:&quot;Bookman Old Style&quot;,&quot;serif&quot;\">Pelaksanaan pengawasan dan&nbsp; evaluasi&nbsp; pelaksanaan pelayanan masyarakat;</span></span></span></span></li>\r\n\t\t\t<li style=\"text-align:justify\"><span style=\"font-size:11pt\"><span style=\"font-family:Arial,&quot;sans-serif&quot;\"><span style=\"font-size:12.0pt\"><span style=\"font-family:&quot;Bookman Old Style&quot;,&quot;serif&quot;\">Pelaksanaan pengumpulan data pengaduan dan menyiapkan bahan koordinasi pengaduan terhadap pelayananmasyarakat;</span></span></span></span></li>\r\n\t\t\t<li style=\"text-align:justify\"><span style=\"font-size:11pt\"><span style=\"font-family:Arial,&quot;sans-serif&quot;\"><span style=\"font-size:12.0pt\"><span style=\"font-family:&quot;Bookman Old Style&quot;,&quot;serif&quot;\">Pelaksanaan monitoring, evaluasi dan laporan pelaksanaan tugas pada seksi pelayanan umum;dan</span></span></span></span></li>\r\n\t\t\t<li style=\"text-align:justify\"><span style=\"font-size:11pt\"><span style=\"font-family:Arial,&quot;sans-serif&quot;\"><span style=\"font-size:12.0pt\"><span style=\"font-family:&quot;Bookman Old Style&quot;,&quot;serif&quot;\">Pelaksanaan tugas-tugas lain yang diberikan oleh Camat sesuai dengan ruang lingkuptugasnya.</span></span></span></span></li>\r\n\t\t</ul>\r\n\t\t</li>\r\n\t</ul>\r\n\t</li>\r\n</ul>", "view_count": 147, "menu_id": 44, "admin_id": 33, "created_at": "2022-07-06T15:02:04.510Z", "updated_at": "2024-07-10T21:03:15.702Z", "is_edited": true}, "m2m": {"photo": []}}, {"condition": {"id": 4449}, "defaults": {"site_id": 35, "judul": "Peta Kecamatan", "isi_halaman": "<p><img src=\"/media/uploads/gunungsarilobar/2022/08/04/image-20220804091251-1.png\" style=\"height:453px; width:640px\" /></p>\r\n", "view_count": 84, "menu_id": 628, "admin_id": 33, "created_at": "2022-08-04T09:16:33.771Z", "updated_at": "2024-07-11T20:40:29.127Z", "is_edited": true}, "m2m": {"photo": []}}, {"condition": {"id": 4450}, "defaults": {"site_id": 35, "judul": "Jumlah Desa", "isi_halaman": "<p style=\"margin-left:28px; text-align:justify\"><span style=\"font-size:12pt\"><span style=\"font-family:&quot;Times New Roman&quot;,&quot;serif&quot;\">Sejak mulai kecamatan Difinitif wilayah Administrasi Kecamatan Gunungsari membawahi 16 Desa. Berdasarkan jumlah&nbsp; penduduk dan aspirasi masyarakat dalam upaya meningkatkan aspek pelayanan dan kesejahteraan, maka pada tahun 2010 terjadi pemekaran desa, yaitu Desa Dopang dimekarkan&nbsp; Desa Persiapan Ranjok, Desa Mambalan dimekarkan Desa Persiapan Gelangsar, pada tahun 2011 desa Mambalan dimekarkan kembali Desa Persiapan Jeringo serta Desa Penimbung dimekarkan Desa persiapan Bukit Tinggi.</span></span></p>\r\n\r\n<p style=\"margin-left:28px; text-align:justify\"><span style=\"font-size:12pt\"><span style=\"font-family:&quot;Times New Roman&quot;,&quot;serif&quot;\">Merujuk pada kemajuan dan perkembangan Desa Persiapan, pada bulan Desember 2011 telah ditetapkan menjadi Desa Difinitif, dimana kedudukan, wewenang, tugas dan tanggung jawab Serta hak-hak dalam penyelenggaraan pemerintahan sama dengan desa difinitif lainnya, maka jumlah desa menjadi 16 desa terdiri dari :</span></span></p>\r\n\r\n<ol>\r\n\t<li style=\"text-align:justify\"><span style=\"font-size:12pt\"><span style=\"font-family:&quot;Times New Roman&quot;,&quot;serif&quot;\">Desa Jatisela</span></span></li>\r\n\t<li style=\"text-align:justify\"><span style=\"font-size:12pt\"><span style=\"font-family:&quot;Times New Roman&quot;,&quot;serif&quot;\">Desa Sesela</span></span></li>\r\n\t<li style=\"text-align:justify\"><span style=\"font-size:12pt\"><span style=\"font-family:&quot;Times New Roman&quot;,&quot;serif&quot;\">Desa Midang</span></span></li>\r\n\t<li style=\"text-align:justify\"><span style=\"font-size:12pt\"><span style=\"font-family:&quot;Times New Roman&quot;,&quot;serif&quot;\">Desa Kekeri</span></span></li>\r\n\t<li style=\"text-align:justify\"><span style=\"font-size:12pt\"><span style=\"font-family:&quot;Times New Roman&quot;,&quot;serif&quot;\">Desa Mambalan</span></span></li>\r\n\t<li style=\"text-align:justify\"><span style=\"font-size:12pt\"><span style=\"font-family:&quot;Times New Roman&quot;,&quot;serif&quot;\">Desa Penimbung</span></span></li>\r\n\t<li style=\"text-align:justify\"><span style=\"font-size:12pt\"><span style=\"font-family:&quot;Times New Roman&quot;,&quot;serif&quot;\">Desa Bukit Tinggi</span></span></li>\r\n\t<li style=\"text-align:justify\"><span style=\"font-size:12pt\"><span style=\"font-family:&quot;Times New Roman&quot;,&quot;serif&quot;\">Desa Mekarsari</span></span></li>\r\n\t<li style=\"text-align:justify\"><span style=\"font-size:12pt\"><span style=\"font-family:&quot;Times New Roman&quot;,&quot;serif&quot;\">Desa Gelangsar</span></span></li>\r\n\t<li style=\"text-align:justify\"><span style=\"font-size:12pt\"><span style=\"font-family:&quot;Times New Roman&quot;,&quot;serif&quot;\">Desa Jeringo</span></span></li>\r\n\t<li style=\"text-align:justify\"><span style=\"font-size:12pt\"><span style=\"font-family:&quot;Times New Roman&quot;,&quot;serif&quot;\">Desa Dopang</span></span></li>\r\n\t<li style=\"text-align:justify\"><span style=\"font-size:12pt\"><span style=\"font-family:&quot;Times New Roman&quot;,&quot;serif&quot;\">Desa Guntur Macan</span></span></li>\r\n\t<li style=\"text-align:justify\"><span style=\"font-size:12pt\"><span style=\"font-family:&quot;Times New Roman&quot;,&quot;serif&quot;\">Desa Ranjok</span></span></li>\r\n\t<li style=\"text-align:justify\"><span style=\"font-size:12pt\"><span style=\"font-family:&quot;Times New Roman&quot;,&quot;serif&quot;\">Desa Tamansari</span></span></li>\r\n\t<li style=\"text-align:justify\"><span style=\"font-size:12pt\"><span style=\"font-family:&quot;Times New Roman&quot;,&quot;serif&quot;\">Desa Gunungsari</span></span></li>\r\n\t<li style=\"text-align:justify\"><span style=\"font-size:12pt\"><span style=\"font-family:&quot;Times New Roman&quot;,&quot;serif&quot;\">Desa Kekait</span></span></li>\r\n</ol>\r\n", "view_count": 219, "menu_id": 629, "admin_id": 33, "created_at": "2022-08-04T09:18:43.133Z", "updated_at": "2024-07-11T22:20:49.692Z", "is_edited": true}, "m2m": {"photo": []}}, {"condition": {"id": 4451}, "defaults": {"site_id": 35, "judul": "Keadaan Wilayah", "isi_halaman": "<ol>\r\n\t<li style=\"list-style-type:none\">\r\n\t<ol style=\"list-style-type:upper-alpha\">\r\n\t\t<li style=\"text-align:justify\"><span style=\"font-size:12pt\"><span style=\"font-family:&quot;Times New Roman&quot;,&quot;serif&quot;\"><strong>KEADAAN WILAYAH</strong></span></span>\r\n\t\t<ol>\r\n\t\t\t<li style=\"list-style-type:none\">\r\n\t\t\t<ol style=\"list-style-type:lower-alpha\">\r\n\t\t\t\t<li style=\"text-align:justify\"><span style=\"font-size:12pt\"><span style=\"font-family:&quot;Times New Roman&quot;,&quot;serif&quot;\"><strong>Letak Ge</strong><strong>o</strong><strong>grafis</strong></span></span></li>\r\n\t\t\t</ol>\r\n\t\t\t</li>\r\n\t\t</ol>\r\n\t\t</li>\r\n\t</ol>\r\n\t</li>\r\n</ol>\r\n\r\n<p style=\"margin-left:66px; text-align:justify\"><span style=\"font-size:12pt\"><span style=\"font-family:&quot;Times New Roman&quot;,&quot;serif&quot;\">&nbsp;&nbsp;&nbsp;&nbsp; Wilayah kecamatan Gunungsari terletak diantara 115&ordm; sampai 116&ordm; Bukur Timur dan 812&ordm; sampai 855&ordm; Lintang Selatan.</span></span></p>\r\n\r\n<p style=\"margin-left:66px; text-align:justify\"><span style=\"font-size:12pt\"><span style=\"font-family:&quot;Times New Roman&quot;,&quot;serif&quot;\">&nbsp;&nbsp;&nbsp;&nbsp; Adapun batas-batas wilayah kecamatan Gunungsari :</span></span></p>\r\n\r\n<ol start=\"5\" style=\"list-style-type:lower-roman\">\r\n\t<li style=\"text-align:justify\"><span style=\"font-size:12pt\"><span style=\"font-family:&quot;Times New Roman&quot;,&quot;serif&quot;\">Sebelah utara &nbsp;&nbsp;&nbsp;&nbsp;&nbsp;&nbsp;&nbsp;&nbsp;&nbsp;&nbsp;&nbsp;&nbsp; : &nbsp;&nbsp; Kab. Lombok Utara</span></span></li>\r\n\t<li style=\"text-align:justify\" value=\"5\"><span style=\"font-size:12pt\"><span style=\"font-family:&quot;Times New Roman&quot;,&quot;serif&quot;\">Sebelah Timur&nbsp;&nbsp;&nbsp;&nbsp;&nbsp;&nbsp;&nbsp;&nbsp;&nbsp;&nbsp;&nbsp;&nbsp; : &nbsp;&nbsp; Kecamatan Lingsar</span></span></li>\r\n\t<li style=\"text-align:justify\" value=\"5\"><span style=\"font-size:12pt\"><span style=\"font-family:&quot;Times New Roman&quot;,&quot;serif&quot;\">Sebelah Selatan&nbsp;&nbsp;&nbsp;&nbsp;&nbsp;&nbsp;&nbsp;&nbsp;&nbsp; : &nbsp;&nbsp; Kota Mataran</span></span></li>\r\n\t<li style=\"text-align:justify\" value=\"5\"><span style=\"font-size:12pt\"><span style=\"font-family:&quot;Times New Roman&quot;,&quot;serif&quot;\">Sebelah Barat&nbsp;&nbsp;&nbsp;&nbsp;&nbsp;&nbsp;&nbsp;&nbsp;&nbsp;&nbsp;&nbsp;&nbsp; : &nbsp;&nbsp; Kecamatan Batu Layar.</span></span>\r\n\t<ol>\r\n\t\t<li style=\"list-style-type:none\">\r\n\t\t<ol>\r\n\t\t\t<li style=\"list-style-type:none\">\r\n\t\t\t<ol start=\"2\" style=\"list-style-type:lower-alpha\">\r\n\t\t\t\t<li style=\"text-align:justify\"><span style=\"font-size:12pt\"><span style=\"font-family:&quot;Times New Roman&quot;,&quot;serif&quot;\"><strong>&nbsp;Potensi Geologi</strong></span></span></li>\r\n\t\t\t</ol>\r\n\t\t\t</li>\r\n\t\t</ol>\r\n\t\t</li>\r\n\t</ol>\r\n\t</li>\r\n</ol>\r\n\r\n<p style=\"margin-left:66px; text-align:justify\"><span style=\"font-size:12pt\"><span style=\"font-family:&quot;Times New Roman&quot;,&quot;serif&quot;\">&nbsp;&nbsp;&nbsp;&nbsp; Batuan Sedimen kwarter, kecamatan Gunungsari tidak terindikasi mempunyai batuan sedemikian kwarter, sedangkan batuan Vulkanik, berupa Vulkan, Bereksi dan batuan Andesit, batuan ini dapat digolongkan kedalam Vulkan Nangi, Vulkan Punikan, Rinjani Gibergte dan Pyroksinandeset yang tersebar di sekitas wilayah Utara dan Timur Kecamatan Gunungsari, sedangkan endapan liat dan batu kapur tidak terindikasi.</span></span></p>\r\n\r\n<ol>\r\n\t<li style=\"list-style-type:none\">\r\n\t<ol>\r\n\t\t<li style=\"list-style-type:none\">\r\n\t\t<ol>\r\n\t\t\t<li style=\"list-style-type:none\">\r\n\t\t\t<ol start=\"3\" style=\"list-style-type:lower-alpha\">\r\n\t\t\t\t<li style=\"text-align:justify\"><span style=\"font-size:12pt\"><span style=\"font-family:&quot;Times New Roman&quot;,&quot;serif&quot;\"><strong>&nbsp;Iklim</strong></span></span></li>\r\n\t\t\t</ol>\r\n\t\t\t</li>\r\n\t\t</ol>\r\n\t\t</li>\r\n\t</ol>\r\n\t</li>\r\n</ol>\r\n\r\n<p style=\"margin-left:66px; text-align:justify\"><span style=\"font-size:12pt\"><span style=\"font-family:&quot;Times New Roman&quot;,&quot;serif&quot;\">&nbsp;&nbsp;&nbsp;&nbsp; Kecamatan Gunungsari tergolong beriklim sedang, musin hujan berlangsung dari bulan Januari sampai bulan April, kemudian berangsur-angsur menghilang pada bulan Mei sampai dengan September, namun pada bulan Oktober hujan kadang terjadi lagi sampai bulan Desember rata-rata hujan perbulan sekitar 141,5 mm.&nbsp; Sedangkan keadaan Suhu dan kelembaban udara data kecamatan Gunungsari tahun 2009 rata-rata temperatur (&ordm;C) 26,4, Kelebaban udara (%) 82, Penyinaran matahari (%) 52, kecepatan angin (Knot) 25, arah angin dari derajat lintang 30.</span></span></p>\r\n\r\n<ol>\r\n\t<li style=\"list-style-type:none\">\r\n\t<ol>\r\n\t\t<li style=\"list-style-type:none\">\r\n\t\t<ol>\r\n\t\t\t<li style=\"list-style-type:none\">\r\n\t\t\t<ol start=\"4\" style=\"list-style-type:lower-alpha\">\r\n\t\t\t\t<li style=\"text-align:justify\"><span style=\"font-size:12pt\"><span style=\"font-family:&quot;Times New Roman&quot;,&quot;serif&quot;\">&nbsp;<strong>Ketinggian Wilayah</strong></span></span></li>\r\n\t\t\t</ol>\r\n\t\t\t</li>\r\n\t\t</ol>\r\n\t\t</li>\r\n\t</ol>\r\n\t</li>\r\n</ol>\r\n\r\n<p style=\"margin-left:66px; text-align:justify\"><span style=\"font-size:12pt\"><span style=\"font-family:&quot;Times New Roman&quot;,&quot;serif&quot;\">&nbsp;&nbsp;&nbsp;&nbsp; Ketinggian wilayah sangat berpengaruh terhadap temperatur udara, semakin tinggi suatu wilayah maka semakin rendah temperatur udaranya.</span></span></p>\r\n\r\n<p style=\"margin-left:66px; text-align:justify\"><span style=\"font-size:12pt\"><span style=\"font-family:&quot;Times New Roman&quot;,&quot;serif&quot;\">Ketinggian wilayah kecamatan Gunungsari dari permukaan laut </span></span></p>\r\n\r\n<p style=\"margin-left:66px; text-align:justify\"><span style=\"font-size:12pt\"><span style=\"font-family:&quot;Times New Roman&quot;,&quot;serif&quot;\">10-500 meter.</span></span></p>\r\n\r\n<ol>\r\n\t<li style=\"list-style-type:none\">\r\n\t<ol>\r\n\t\t<li style=\"list-style-type:none\">\r\n\t\t<ol>\r\n\t\t\t<li style=\"list-style-type:none\">\r\n\t\t\t<ol start=\"5\" style=\"list-style-type:lower-alpha\">\r\n\t\t\t\t<li style=\"text-align:justify\"><span style=\"font-size:12pt\"><span style=\"font-family:&quot;Times New Roman&quot;,&quot;serif&quot;\"><strong>&nbsp;Kemiringan tanah</strong></span></span></li>\r\n\t\t\t</ol>\r\n\t\t\t</li>\r\n\t\t</ol>\r\n\t\t</li>\r\n\t</ol>\r\n\t</li>\r\n</ol>\r\n\r\n<p style=\"margin-left:66px; text-align:justify\"><span style=\"font-size:12pt\"><span style=\"font-family:&quot;Times New Roman&quot;,&quot;serif&quot;\">&nbsp;&nbsp;&nbsp;&nbsp; Untuk kecamatan Gunungsari sebagian besar wilayah bergelombang sampai terjal, terutama di desa Kekait, Penimbung, Mekarsari, Guntur Macan dan Gunungsari, sedangkan Desa Sesela, Jatisela, Midang dan Mambatalan termasuk datar.</span></span></p>\r\n\r\n<p style=\"margin-left:66px; text-align:justify\"><span style=\"font-size:12pt\"><span style=\"font-family:&quot;Times New Roman&quot;,&quot;serif&quot;\">&nbsp;&nbsp;&nbsp;&nbsp; Mengingat dari kemiringan tanah tersebut maka bentuk kegiatan pembangunan yang akan dilaksanakan di Kecamatan Gunungsari harus selalu berorientasi menghindari kerusakan tanah.</span></span></p>\r\n\r\n<ol>\r\n\t<li style=\"list-style-type:none\">\r\n\t<ol>\r\n\t\t<li style=\"list-style-type:none\">\r\n\t\t<ol>\r\n\t\t\t<li style=\"list-style-type:none\">\r\n\t\t\t<ol start=\"6\" style=\"list-style-type:lower-alpha\">\r\n\t\t\t\t<li style=\"text-align:justify\"><span style=\"font-size:12pt\"><span style=\"font-family:&quot;Times New Roman&quot;,&quot;serif&quot;\"><strong>&nbsp;Daerah&nbsp;&nbsp; Bencana</strong></span></span></li>\r\n\t\t\t</ol>\r\n\t\t\t</li>\r\n\t\t</ol>\r\n\t\t</li>\r\n\t</ol>\r\n\t</li>\r\n</ol>\r\n\r\n<p style=\"margin-left:66px; text-align:justify\"><span style=\"font-size:12pt\"><span style=\"font-family:&quot;Times New Roman&quot;,&quot;serif&quot;\">&nbsp;&nbsp;&nbsp;&nbsp; Kawasan Rawan Bencana Alam untuk kecamatan&nbsp; Gunungsari, tidak berpotensi langsung mengalami bencana alam seperti letusan Gunung berapi, gempa dan tanah longsor,&nbsp;&nbsp; kecamatan Gunungsari termasuk transmisi kegempaan lebih cepat, sehingga wilayah yang berpotensi pengerak tanah lebih cepat dominan sekitar luas 1.690 Ha, sedangkan wilayah transmisi kegempaan cepat sekitar 9.562 Ha.</span></span></p>\r\n", "view_count": 116, "menu_id": 630, "admin_id": 33, "created_at": "2022-08-04T09:20:26.991Z", "updated_at": "2024-07-11T19:42:51.584Z", "is_edited": true}, "m2m": {"photo": []}}, {"condition": {"id": 4452}, "defaults": {"site_id": 35, "judul": "Sasaran dan Strategi", "isi_halaman": "<p style=\"text-align:center\"><span style=\"font-family:Arial,Helvetica,sans-serif\"><strong><span style=\"font-size:12pt\"><span style=\"background-color:#bdc3c7\">SASARAN</span></span></strong></span></p>\r\n\r\n<ol>\r\n\t<li style=\"list-style-type:none\">\r\n\t<ol>\r\n\t\t<li style=\"list-style-type:none\">\r\n\t\t<ol>\r\n\t\t\t<li style=\"list-style-type:none\">\r\n\t\t\t<ol>\r\n\t\t\t\t<li><span style=\"font-family:Arial,Helvetica,sans-serif\"><span style=\"font-size:11pt\"><span style=\"font-size:12.0pt\">Meningkatnya Indeks Kepuasan Masyarakat;</span></span></span></li>\r\n\t\t\t\t<li><span style=\"font-family:Arial,Helvetica,sans-serif\"><span style=\"font-size:11pt\"><span style=\"font-size:12.0pt\">Meningkatnya Nilai Akuntabilitas Kinerja Pemerintahan Kecamatan.</span></span></span></li>\r\n\t\t\t</ol>\r\n\t\t\t</li>\r\n\t\t</ol>\r\n\t\t</li>\r\n\t</ol>\r\n\t</li>\r\n</ol>\r\n\r\n<p style=\"margin-left:66px; text-align:center\">&nbsp;</p>\r\n\r\n<p style=\"text-align:center\"><span style=\"font-family:Arial,Helvetica,sans-serif\"><strong><span style=\"font-size:12pt\"><span style=\"background-color:#bdc3c7\">S T R A T E G I</span></span></strong></span></p>\r\n\r\n<ol>\r\n\t<li style=\"text-align:justify\"><span style=\"font-family:Arial,Helvetica,sans-serif\"><span style=\"font-size:11pt\">Meningkatkan dan Mengembangan kemampuan aparatur/petugas dalam memberikan pelayanan publik;</span></span></li>\r\n\t<li style=\"text-align:justify\"><span style=\"font-family:Arial,Helvetica,sans-serif\"><span style=\"font-size:12pt\">Meningkatnya kualitas perencanaan, pengawasan dan pengendalian, pengelolaan keuangan dan asset.</span></span></li>\r\n</ol>\r\n", "view_count": 54, "menu_id": 631, "admin_id": 33, "created_at": "2022-08-04T09:29:14.592Z", "updated_at": "2024-06-27T23:48:19.203Z", "is_edited": true}, "m2m": {"photo": []}}, {"condition": {"id": 4557}, "defaults": {"site_id": 35, "judul": "Profil Pejabat Struktural", "isi_halaman": "<p><u><strong>Muhamad Mudasir, S.IP</strong></u></p>\r\n\r\n<p>Camat Gunungsari</p>", "view_count": 155, "menu_id": 657, "admin_id": 33, "created_at": "2022-09-20T09:16:58.113Z", "updated_at": "2024-07-03T17:51:30.012Z", "is_edited": true}, "m2m": {"photo": [5700]}}, {"condition": {"id": 4572}, "defaults": {"site_id": 35, "judul": "Profil Pejabat Struktural", "isi_halaman": "<p><u><strong>MUHAMAD MUSANIP, S.Sos.</strong></u></p>", "view_count": 0, "menu_id": 674, "admin_id": 33, "created_at": "2022-09-20T19:22:58.069Z", "updated_at": "2022-09-20T19:41:12.741Z", "is_edited": true}, "m2m": {"photo": [5771]}}, {"condition": {"id": 4573}, "defaults": {"site_id": 35, "judul": "Profil Pejabat Struktural", "isi_halaman": "<p><u><strong>TIYA&nbsp; ASRORUL WAHYI. S.STP</strong></u></p>", "view_count": 47, "menu_id": 676, "admin_id": 33, "created_at": "2022-09-20T19:25:05.572Z", "updated_at": "2024-07-10T23:32:37.841Z", "is_edited": true}, "m2m": {"photo": [5766]}}, {"condition": {"id": 4574}, "defaults": {"site_id": 35, "judul": "Profil Pejabat Struktural", "isi_halaman": "<p><u><strong>DINA&nbsp; ASMAYANI, S.Sos.</strong></u></p>\r\n", "view_count": 51, "menu_id": 675, "admin_id": 33, "created_at": "2022-09-20T19:27:12.260Z", "updated_at": "2024-06-25T20:03:21.465Z", "is_edited": true}, "m2m": {"photo": [5767]}}, {"condition": {"id": 4575}, "defaults": {"site_id": 35, "judul": "Profil Pejabat Struktural", "isi_halaman": "<p><u><strong>ANIS NUR UTAMI, SH</strong></u></p>\r\n", "view_count": 43, "menu_id": 677, "admin_id": 33, "created_at": "2022-09-20T19:28:07.879Z", "updated_at": "2024-07-09T05:53:04.673Z", "is_edited": true}, "m2m": {"photo": [5768]}}, {"condition": {"id": 4576}, "defaults": {"site_id": 35, "judul": "Profil Pejabat Struktural", "isi_halaman": "<p><u><strong>SUNARTUN, S.Sos.</strong></u></p>\r\n", "view_count": 46, "menu_id": 678, "admin_id": 33, "created_at": "2022-09-20T19:29:11.494Z", "updated_at": "2024-07-06T02:45:52.744Z", "is_edited": true}, "m2m": {"photo": [5769]}}, {"condition": {"id": 4577}, "defaults": {"site_id": 35, "judul": "Profil Pejabat Struktural", "isi_halaman": "<p><u><strong>SRI SURYANINGSIH, S.IP.</strong></u></p>", "view_count": 53, "menu_id": 679, "admin_id": 33, "created_at": "2022-09-20T19:29:59.628Z", "updated_at": "2024-06-13T22:36:18.419Z", "is_edited": true}, "m2m": {"photo": [5770]}}, {"condition": {"id": 49919}, "defaults": {"site_id": 35, "judul": "Atribut", "isi_halaman": "Informasi tentang \"Atribut\". Silahkan update di halaman <a target=\"_blank\" href=\"/dashboard/halaman-statis/\">Dashboard.<a><br><br><br><br>\"Halaman ini dibuat otomatis oleh sistem, karena halaman statis untuk menu ini belum dibuat. <br>Silahkan lakukan update di halaman statis.\"", "view_count": 4, "menu_id": 836, "admin_id": null, "created_at": "2024-06-11T06:22:45.248Z", "updated_at": "2024-06-25T20:23:29.684Z", "is_edited": false}, "m2m": {"photo": []}}, {"condition": {"id": 49947}, "defaults": {"site_id": 35, "judul": "Kasi Pemerintahan", "isi_halaman": "Informasi tentang \"Kasi Pemerintahan\". Silahkan update di halaman <a target=\"_blank\" href=\"/dashboard/halaman-statis/\">Dashboard.<a><br><br><br><br>\"Halaman ini dibuat otomatis oleh sistem, karena halaman statis untuk menu ini belum dibuat. <br>Silahkan lakukan update di halaman statis.\"", "view_count": 4, "menu_id": 680, "admin_id": null, "created_at": "2024-06-11T08:34:36.718Z", "updated_at": "2024-07-12T01:55:41.619Z", "is_edited": false}, "m2m": {"photo": []}}, {"condition": {"id": 50114}, "defaults": {"site_id": 35, "judul": "Nama Petugas Pengelola Pengaduan", "isi_halaman": "Informasi tentang \"Nama Petugas Pengelola Pengaduan\". Silahkan update di halaman <a target=\"_blank\" href=\"/dashboard/halaman-statis/\">Dashboard.<a><br><br><br><br>\"Halaman ini dibuat otomatis oleh sistem, karena halaman statis untuk menu ini belum dibuat. <br>Silahkan lakukan update di halaman statis.\"", "view_count": 3, "menu_id": 927, "admin_id": null, "created_at": "2024-06-12T02:14:58.114Z", "updated_at": "2024-06-29T07:23:49.033Z", "is_edited": false}, "m2m": {"photo": []}}, {"condition": {"id": 50178}, "defaults": {"site_id": 35, "judul": "Sarana dan Prasarana Fasilitas", "isi_halaman": "Informasi tentang \"Sarana dan Prasarana Fasilitas\". Silahkan update di halaman <a target=\"_blank\" href=\"/dashboard/halaman-statis/\">Dashboard.<a><br><br><br><br>\"Halaman ini dibuat otomatis oleh sistem, karena halaman statis untuk menu ini belum dibuat. <br>Silahkan lakukan update di halaman statis.\"", "view_count": 2, "menu_id": 837, "admin_id": null, "created_at": "2024-06-13T11:58:39.585Z", "updated_at": "2024-07-04T15:55:47.889Z", "is_edited": false}, "m2m": {"photo": []}}, {"condition": {"id": 50275}, "defaults": {"site_id": 35, "judul": "Kasi Ketentraman dan Ketertiban", "isi_halaman": "Informasi tentang \"Kasi Ketentraman dan Ketertiban\". Silahkan update di halaman <a target=\"_blank\" href=\"/dashboard/halaman-statis/\">Dashboard.<a><br><br><br><br>\"Halaman ini dibuat otomatis oleh sistem, karena halaman statis untuk menu ini belum dibuat. <br>Silahkan lakukan update di halaman statis.\"", "view_count": 2, "menu_id": 681, "admin_id": null, "created_at": "2024-06-13T22:41:47.653Z", "updated_at": "2024-06-25T20:15:46.052Z", "is_edited": false}, "m2m": {"photo": []}}, {"condition": {"id": 50327}, "defaults": {"site_id": 35, "judul": "Zona Integritas", "isi_halaman": "Informasi tentang \"Zona Integritas\". Silahkan update di halaman <a target=\"_blank\" href=\"/dashboard/halaman-statis/\">Dashboard.<a><br><br><br><br>\"Halaman ini dibuat otomatis oleh sistem, karena halaman statis untuk menu ini belum dibuat. <br>Silahkan lakukan update di halaman statis.\"", "view_count": 1, "menu_id": 351, "admin_id": null, "created_at": "2024-06-14T06:34:00.766Z", "updated_at": "2024-06-14T06:34:01.296Z", "is_edited": false}, "m2m": {"photo": []}}, {"condition": {"id": 50512}, "defaults": {"site_id": 35, "judul": "Profil Pejabat Struktural", "isi_halaman": "Informasi tentang \"Profil Pejabat Struktural\". Silahkan update di halaman <a target=\"_blank\" href=\"/dashboard/halaman-statis/\">Dashboard.<a><br><br><br><br>\"Halaman ini dibuat otomatis oleh sistem, karena halaman statis untuk menu ini belum dibuat. <br>Silahkan lakukan update di halaman statis.\"", "view_count": 2, "menu_id": 1043, "admin_id": null, "created_at": "2024-06-15T21:41:57.230Z", "updated_at": "2024-06-29T04:10:21.715Z", "is_edited": false}, "m2m": {"photo": []}}, {"condition": {"id": 50634}, "defaults": {"site_id": 35, "judul": "Jenis Layanan", "isi_halaman": "Informasi tentang \"Jenis Layanan\". Silahkan update di halaman <a target=\"_blank\" href=\"/dashboard/halaman-statis/\">Dashboard.<a><br><br><br><br>\"Halaman ini dibuat otomatis oleh sistem, karena halaman statis untuk menu ini belum dibuat. <br>Silahkan lakukan update di halaman statis.\"", "view_count": 4, "menu_id": 898, "admin_id": null, "created_at": "2024-06-18T12:08:35.612Z", "updated_at": "2024-07-03T09:09:22.522Z", "is_edited": false}, "m2m": {"photo": []}}, {"condition": {"id": 50881}, "defaults": {"site_id": 35, "judul": "Hubungi Kami", "isi_halaman": "Informasi tentang \"Hubungi Kami\". Silahkan update di halaman <a target=\"_blank\" href=\"/dashboard/halaman-statis/\">Dashboard.<a><br><br><br><br>\"Halaman ini dibuat otomatis oleh sistem, karena halaman statis untuk menu ini belum dibuat. <br>Silahkan lakukan update di halaman statis.\"", "view_count": 2, "menu_id": 41, "admin_id": null, "created_at": "2024-06-22T12:26:14.267Z", "updated_at": "2024-06-27T23:26:21.736Z", "is_edited": false}, "m2m": {"photo": []}}, {"condition": {"id": 50932}, "defaults": {"site_id": 35, "judul": "Mekanisme Pengaduan Online/Offline", "isi_halaman": "Informasi tentang \"Mekanisme Pengaduan Online/Offline\". Silahkan update di halaman <a target=\"_blank\" href=\"/dashboard/halaman-statis/\">Dashboard.<a><br><br><br><br>\"Halaman ini dibuat otomatis oleh sistem, karena halaman statis untuk menu ini belum dibuat. <br>Silahkan lakukan update di halaman statis.\"", "view_count": 2, "menu_id": 115, "admin_id": null, "created_at": "2024-06-23T12:59:45.079Z", "updated_at": "2024-06-26T14:49:02.851Z", "is_edited": false}, "m2m": {"photo": []}}, {"condition": {"id": 50967}, "defaults": {"site_id": 35, "judul": "Maklumat Pelayanan", "isi_halaman": "Informasi tentang \"Maklumat Pelayanan\". Silahkan update di halaman <a target=\"_blank\" href=\"/dashboard/halaman-statis/\">Dashboard.<a><br><br><br><br>\"Halaman ini dibuat otomatis oleh sistem, karena halaman statis untuk menu ini belum dibuat. <br>Silahkan lakukan update di halaman statis.\"", "view_count": 2, "menu_id": 831, "admin_id": null, "created_at": "2024-06-25T02:59:45.089Z", "updated_at": "2024-07-12T01:09:29.527Z", "is_edited": false}, "m2m": {"photo": []}}, {"condition": {"id": 50995}, "defaults": {"site_id": 35, "judul": "SK PENUNJUKAN PETUGAS PENGELOLA PENGADUAN", "isi_halaman": "Informasi tentang \"SK PENUNJUKAN PETUGAS PENGELOLA PENGADUAN\". Silahkan update di halaman <a target=\"_blank\" href=\"/dashboard/halaman-statis/\">Dashboard.<a><br><br><br><br>\"Halaman ini dibuat otomatis oleh sistem, karena halaman statis untuk menu ini belum dibuat. <br>Silahkan lakukan update di halaman statis.\"", "view_count": 1, "menu_id": 575, "admin_id": null, "created_at": "2024-06-25T20:04:02.704Z", "updated_at": "2024-06-25T20:04:03.356Z", "is_edited": false}, "m2m": {"photo": []}}, {"condition": {"id": 50998}, "defaults": {"site_id": 35, "judul": "Pelayanan Khusus", "isi_halaman": "Informasi tentang \"Pelayanan Khusus\". Silahkan update di halaman <a target=\"_blank\" href=\"/dashboard/halaman-statis/\">Dashboard.<a><br><br><br><br>\"Halaman ini dibuat otomatis oleh sistem, karena halaman statis untuk menu ini belum dibuat. <br>Silahkan lakukan update di halaman statis.\"", "view_count": 3, "menu_id": 834, "admin_id": null, "created_at": "2024-06-25T20:13:44.983Z", "updated_at": "2024-07-01T15:42:43.047Z", "is_edited": false}, "m2m": {"photo": []}}, {"condition": {"id": 50999}, "defaults": {"site_id": 35, "judul": "Rekognisi", "isi_halaman": "Informasi tentang \"Rekognisi\". Silahkan update di halaman <a target=\"_blank\" href=\"/dashboard/halaman-statis/\">Dashboard.<a><br><br><br><br>\"Halaman ini dibuat otomatis oleh sistem, karena halaman statis untuk menu ini belum dibuat. <br>Silahkan lakukan update di halaman statis.\"", "view_count": 1, "menu_id": 839, "admin_id": null, "created_at": "2024-06-25T20:15:05.403Z", "updated_at": "2024-06-25T20:15:05.797Z", "is_edited": false}, "m2m": {"photo": []}}, {"condition": {"id": 51033}, "defaults": {"site_id": 35, "judul": "Pelayanan Terpadu", "isi_halaman": "Informasi tentang \"Pelayanan Terpadu\". Silahkan update di halaman <a target=\"_blank\" href=\"/dashboard/halaman-statis/\">Dashboard.<a><br><br><br><br>\"Halaman ini dibuat otomatis oleh sistem, karena halaman statis untuk menu ini belum dibuat. <br>Silahkan lakukan update di halaman statis.\"", "view_count": 2, "menu_id": 838, "admin_id": null, "created_at": "2024-06-26T17:04:41.600Z", "updated_at": "2024-07-10T00:15:17.767Z", "is_edited": false}, "m2m": {"photo": []}}]