[{"condition": {"id": 4439}, "defaults": {"site_id": 32, "judul": "Budaya", "isi_halaman": "<p style=\"text-align:justify\">ARUG</p>\r\n\r\n<p style=\"text-align:justify\"><span style=\"font-size:12pt\"><span style=\"font-family:&quot;Times New Roman&quot;,&quot;serif&quot;\"><span style=\"font-family:&quot;Calibri&quot;,&quot;sans-serif&quot;\"><span style=\"color:black\">Pada zaman penjajahan Belanda</span></span><span style=\"font-family:&quot;Calibri&quot;,&quot;sans-serif&quot;\">&nbsp;&nbsp; <span style=\"color:black\">kurang</span> <span style=\"color:black\">lebih</span> <span style=\"color:black\">pada</span> <span style=\"color:black\">tahun 1930 dahulu masyarakat pulau lombok banyak</span> <span style=\"color:black\">yang ketakuatan sehingga berlarian tidak tentu arah. Pada saat itu bertemulah di sebuah hutan belantara yang ada di desa langko 13 orang dari semua penjuru pulau lombok, disinilah ke 13 orang ini berembuk untuk mencari makan. Sepakat untuk melakukan perambahan hutan tempat mereka bercocok tanam, untuk lancarnya kegiatan ini dibuatlah seorang pimpinan / ketua kelompok. Ahirnya mereka berhasil membuat sawah tempat mereka bercocok tanam, setelah itu berpindahlah ke tempat lain, dan sebelum berangkat mereka membentuk sebuah barisan, hal ini karena masih besar pengaruh penjajahan dan barisan ini diberi nama baris arug. Arug berasal dari kata &ldquo; aru&rdquo; yang berarti cepat, hal ini dikandung maksud supaya pulau lombok ini cepat aman, baris arug ini diberi nama baris arug arum manis. </span></span></span></span></p>\r\n\r\n<p style=\"text-align:justify\"><span style=\"font-size:12pt\"><span style=\"font-family:&quot;Times New Roman&quot;,&quot;serif&quot;\"><span style=\"font-family:&quot;Calibri&quot;,&quot;sans-serif&quot;\"><span style=\"color:black\">Salah satu peninggalan sejarah tersebut terdapat sebuah Gong Tua yang sampai saat ini masih terjaga . Gong Merupakan salah satu bagian dari alat kesenian tradisional pada masa lalu, konon dalam cerita dan legenda apabila kesenian ini bertemu dengan kelompok kesenian yang lain pasti akan terjadi perkelahian dan pertumpahan darah, begitu juga dianggota sendiri, akan tetapi bila gong / alat musik ini berhenti di pukul (dibunyikan) secara otomatis kegaduhan pun akan berhenti saat itu juga. Dan&nbsp; begitu berhenti dibunyikan atau dipukul seolah olah tidak pernah tejadi kegaduhan.</span></span></span></span></p>\r\n\r\n<p style=\"text-align:justify\"><span style=\"font-size:12pt\"><span style=\"font-family:&quot;Times New Roman&quot;,&quot;serif&quot;\"><span style=\"font-family:&quot;Calibri&quot;,&quot;sans-serif&quot;\"><span style=\"color:black\">Karena seringnya terjadi kegaduhan akibat gong tersebut ahirnya masyarakatpun sepakat tidak menggunakan gong tersebut kembali dan sampai saat ini alat musik tersebut disimpan oleh pemangku adat yang ditokohkan di masyarakat di longserang timur.</span></span></span></span></p>\r\n\r\n<p style=\"text-align:justify\"><span style=\"font-size:12pt\"><span style=\"font-family:&quot;Times New Roman&quot;,&quot;serif&quot;\"><span style=\"font-family:&quot;Calibri&quot;,&quot;sans-serif&quot;\"><span style=\"color:black\">Gong ini juga sering digunakan sebagai alat untuk mencari anak yang hilang&nbsp; (anak yang disembunyikan oleh jin dan mahluk halus lainya) waktu itu. </span></span></span></span></p>\r\n\r\n<p style=\"text-align:justify\"><span style=\"font-size:12pt\"><span style=\"font-family:&quot;Times New Roman&quot;,&quot;serif&quot;\"><span style=\"font-family:&quot;Calibri&quot;,&quot;sans-serif&quot;\"><span style=\"color:black\">Sedangkan alat &ndash;alat yang digunakan pada baris tersebut merupakan gambaran alat yang digunakan saat perambahan antara lain parang, cangkul, begitu juga topi sebagai alat pelindung bekerja . Sedangkan topeng menggambarkan wajah seseorang yang berbeda &ndash; beda asalnya dan juga gambaran raut wajah saat bekerja antara lain ada yang tertawa, sedih, bahkan bersenang &ndash; senang sambil bersiul, sedangkan jidur, tar, dan seruling sebagai alat untuk memanggil anggota 13 untuk berkumpul.</span></span></span></span></p>\r\n\r\n<p style=\"text-align:justify\">&nbsp;</p>\r\n\r\n<p style=\"margin-left:40px\"><br />\r\n<br />\r\n<br />\r\n&nbsp;</p>", "view_count": 280, "menu_id": 623, "admin_id": 38, "created_at": "2022-08-02T09:34:24.639Z", "updated_at": "2024-07-10T11:31:48.735Z", "is_edited": true}, "m2m": {"photo": [4141, 4142, 4143]}}, {"condition": {"id": 4440}, "defaults": {"site_id": 32, "judul": "Filosofi Budaya", "isi_halaman": "<h3><img alt=\"\" src=\" \" style=\"float:left; height:200px; margin-right:10px; width:200px\" />Isi Filosofi Budaya</h3>\r\n\r\n<p>Type the text here&nbsp;Type the text here&nbsp;Type the text here&nbsp;Type the text here&nbsp;Type the text here&nbsp;Type the text here&nbsp;Type the text here&nbsp;Type the text here&nbsp;Type the text here&nbsp;Type the text here&nbsp;Type the text here&nbsp;Type the text here&nbsp;Type the text here&nbsp;Type the text here&nbsp;Type the text here&nbsp;Type the text here&nbsp;Type the text here&nbsp;Type the text here&nbsp;Type the text here&nbsp;Type the text here&nbsp;Type the text here&nbsp;Type the text here&nbsp;Type the text here&nbsp;Type the text here&nbsp;Type the text here&nbsp;Type the text here&nbsp;Type the text here&nbsp;Type the text here&nbsp;Type the text here&nbsp;Type the text here&nbsp;Type the text here&nbsp;Type the text here&nbsp;Type the text here&nbsp;Type the text here&nbsp;Type the text here&nbsp;Type the text here&nbsp;Type the text here&nbsp;Type the text here&nbsp;Type the text here&nbsp;Type the text here&nbsp;Type the text here&nbsp;Type the text here&nbsp;Type the text here&nbsp;Type the text here&nbsp;Type the text here&nbsp;Type the text here&nbsp;Type the text here&nbsp;Type the text here&nbsp;Type the text here&nbsp;Type the text here&nbsp;Type the text here&nbsp;Type the text here&nbsp;Type the text here&nbsp;</p>", "view_count": 201, "menu_id": 625, "admin_id": 38, "created_at": "2022-08-02T09:36:10.193Z", "updated_at": "2024-07-08T17:48:07.198Z", "is_edited": true}, "m2m": {"photo": []}}, {"condition": {"id": 4443}, "defaults": {"site_id": 32, "judul": "Situs", "isi_halaman": "<p style=\"text-align:center\"><span style=\"font-size:12pt\"><span style=\"font-family:Arial,&quot;sans-serif&quot;\"><strong><span style=\"font-family:&quot;Calibri&quot;,&quot;sans-serif&quot;\"><span style=\"color:black\">GOING GAMBEK</span></span></strong></span></span></p>\r\n\r\n<p style=\"text-align:justify\"><span style=\"font-size:12pt\"><span style=\"font-family:Arial,&quot;sans-serif&quot;\"><span style=\"font-family:&quot;Calibri&quot;,&quot;sans-serif&quot;\"><span style=\"color:black\">Merupakan sebuah tempat napak tilas seorang wali / ulama besar islam yang melanjutkan perjalanan menuju lingsar yang saat ini disebut dengan kemalik pura lingsar, dan goa yang ada di giong gambek tersebut tempat peristirahatannya wali / ulama besar tersebut, selain goa ada batu besar tempat melakukan ritual atau ibadah dan konon batu ini berapapun orang yang mendudukinya tetap akan cukup walaupun batu itu terlihat tidak begitu luas/ besar, bagi warga yang berada di desa langko pada umumnya dan khususnya dusun longserang timur jika maumelakukan perjalanan jauh harus datang ketempat ini dulu. Bila saat mendatangi tempat tersebut digigit oleh serangga atau binatang lain, maka menandakan perjalan seseorang tersebut kurang bagus.</span></span></span></span></p>\r\n\r\n<p style=\"text-align:justify\"><span style=\"font-size:12pt\"><span style=\"font-family:Arial,&quot;sans-serif&quot;\">&nbsp;&nbsp;&nbsp;&nbsp;&nbsp;&nbsp;&nbsp;&nbsp;&nbsp;&nbsp;&nbsp; <span style=\"font-family:&quot;Calibri&quot;,&quot;sans-serif&quot;\"><span style=\"color:black\">Konon</span></span><span style=\"font-family:&quot;Calibri&quot;,&quot;sans-serif&quot;\"><span style=\"color:black\"> ada seorang&nbsp; petapa&nbsp; melakukan ritual&nbsp; ditempat itu meminta Mong Gunemong </span></span><span style=\"font-family:&quot;Calibri&quot;,&quot;sans-serif&quot;\"><span style=\"color:black\">akan tetapi hal tersebut</span></span><span style=\"font-family:&quot;Calibri&quot;,&quot;sans-serif&quot;\"><span style=\"color:black\"> tidak diberikan</span></span><span style=\"font-family:&quot;Calibri&quot;,&quot;sans-serif&quot;\"><span style=\"color:black\">. Pada saat itu juga sang petapa</span></span><span style=\"font-family:&quot;Calibri&quot;,&quot;sans-serif&quot;\"><span style=\"color:black\"> diberi pilihan diantaranya Kekayaan yang berlimpah</span></span><span style=\"font-family:&quot;Calibri&quot;,&quot;sans-serif&quot;\"><span style=\"color:black\"> atau</span></span><span style=\"font-family:&quot;Calibri&quot;,&quot;sans-serif&quot;\"><span style=\"color:black\"> Kesaktian yang luar biasa</span></span><span style=\"font-family:&quot;Calibri&quot;,&quot;sans-serif&quot;\"><span style=\"color:black\">. Akan</span></span> <span style=\"font-family:&quot;Calibri&quot;,&quot;sans-serif&quot;\"><span style=\"color:black\">te</span></span><span style=\"font-family:&quot;Calibri&quot;,&quot;sans-serif&quot;\"><span style=\"color:black\">tapi </span></span><span style=\"font-family:&quot;Calibri&quot;,&quot;sans-serif&quot;\"><span style=\"color:black\">pertapa tersebut </span></span><span style=\"font-family:&quot;Calibri&quot;,&quot;sans-serif&quot;\"><span style=\"color:black\">tetap menolak</span></span><span style=\"font-family:&quot;Calibri&quot;,&quot;sans-serif&quot;\"><span style=\"color:black\">nya</span></span><span style=\"font-family:&quot;Calibri&quot;,&quot;sans-serif&quot;\"><span style=\"color:black\"> karena </span></span><span style=\"font-family:&quot;Calibri&quot;,&quot;sans-serif&quot;\"><span style=\"color:black\">hanya menginginkan hal tersebut</span></span><span style=\"font-family:&quot;Calibri&quot;,&quot;sans-serif&quot;\"><span style=\"color:black\"> (Mong Gunemong)</span></span><span style=\"font-family:&quot;Calibri&quot;,&quot;sans-serif&quot;\"><span style=\"color:black\">.Pada akhirmya pertapa tersebut ditawarkan </span></span><span style=\"font-family:&quot;Calibri&quot;,&quot;sans-serif&quot;\"><span style=\"color:black\">umur seumur dunia</span></span><span style=\"font-family:&quot;Calibri&quot;,&quot;sans-serif&quot;\"><span style=\"color:black\">.</span></span> <span style=\"font-family:&quot;Calibri&quot;,&quot;sans-serif&quot;\"><span style=\"color:black\">Yang akhirnya lelahpun menyapa sang pertapa yg akhirnya tertidur pulas</span></span><span style=\"font-family:&quot;Calibri&quot;,&quot;sans-serif&quot;\"><span style=\"color:black\">. Dan pada saat bangun </span></span><span style=\"font-family:&quot;Calibri&quot;,&quot;sans-serif&quot;\"><span style=\"color:black\">sang pertapa </span></span><span style=\"font-family:&quot;Calibri&quot;,&quot;sans-serif&quot;\"><span style=\"color:black\">sudah berubah menjadi seekor Mayung /</span></span> <span style=\"font-family:&quot;Calibri&quot;,&quot;sans-serif&quot;\"><span style=\"color:black\">Kijang Putih dan disebut </span></span><span style=\"font-family:&quot;Calibri&quot;,&quot;sans-serif&quot;\"><span style=\"color:black\">dengan nama </span></span><span style=\"font-family:&quot;Calibri&quot;,&quot;sans-serif&quot;\"><span style=\"color:black\">Mbik Sare dan konon </span></span><span style=\"font-family:&quot;Calibri&quot;,&quot;sans-serif&quot;\"><span style=\"color:black\">masih hidup </span></span><span style=\"font-family:&quot;Calibri&quot;,&quot;sans-serif&quot;\"><span style=\"color:black\">sampai saat ini berkeliaran di Lombok&nbsp; termasuk&nbsp; di tempat tersebut. Bagi&nbsp; yang&nbsp; bernasib baik&nbsp; akan melihat Kijang Putih tersebut&nbsp; adalah orang yang beruntung. Namun Apabila berkeliaran ditengah-tengah kampung&nbsp; menandakan akan ada musibah atau kejadian aneh.</span></span></span></span></p>\r\n\r\n<p style=\"text-align:justify\"><span style=\"font-size:12pt\"><span style=\"font-family:Arial,&quot;sans-serif&quot;\"><span style=\"font-family:&quot;Calibri&quot;,&quot;sans-serif&quot;\"><span style=\"color:black\">&nbsp;&nbsp;&nbsp;&nbsp;&nbsp;&nbsp;&nbsp;&nbsp;&nbsp;&nbsp;&nbsp; Diatas batu ini juga terdapat lingkok / sumur kecil tempat untuk mengambil air minum, mencuci tangan dan mencuci muka setelah melakukan ritual dan juga terdapat tempat meracik sembek ( penanda dikepala). Sembek ini sebagai tanda bahwa orang tersebut telah sampai&nbsp; ketempat itu. Dan dibawah batu besar ini terdapat lubang besar yang didalamnya mengeluarkan mata air bercabang, disitu juga terdapat akar kayu&nbsp; pohon besar yang menyerupai ular yang mengelilingi batu besar tersebut, seolah &ndash; olah batu besar tersebut dijaga oleh mahluk melata tersebut dan berukuran besar. </span></span><span style=\"font-family:&quot;Calibri&quot;,&quot;sans-serif&quot;\"><span style=\"color:black\">Adapun benda &ndash; benda pusaka peninggalan antara lain seperti Kitab, Seruling, Jungkat, Gegandek, Parang&nbsp; ceritanya semua benda itu ada di Dusun Embungpas.</span></span></span></span></p>\r\n\r\n<p style=\"text-align:justify\"><span style=\"font-size:12pt\"><span style=\"font-family:Arial,&quot;sans-serif&quot;\">&nbsp;&nbsp;&nbsp;&nbsp;&nbsp;&nbsp;&nbsp;&nbsp;&nbsp;&nbsp;&nbsp; </span></span></p>", "view_count": 188, "menu_id": 626, "admin_id": 38, "created_at": "2022-08-02T11:11:38.353Z", "updated_at": "2024-07-08T17:50:51.642Z", "is_edited": true}, "m2m": {"photo": [4145, 4146]}}, {"condition": {"id": 50131}, "defaults": {"site_id": 32, "judul": "TENTANG", "isi_halaman": "Informasi tentang \"TENTANG\". Silahkan update di halaman <a target=\"_blank\" href=\"/dashboard/halaman-statis/\">Dashboard.<a><br><br><br><br>\"Halaman ini dibuat otomatis oleh sistem, karena halaman statis untuk menu ini belum dibuat. <br>Silahkan lakukan update di halaman statis.\"", "view_count": 7, "menu_id": 527, "admin_id": null, "created_at": "2024-06-12T07:23:18.707Z", "updated_at": "2024-07-08T18:10:21.445Z", "is_edited": false}, "m2m": {"photo": []}}, {"condition": {"id": 50284}, "defaults": {"site_id": 32, "judul": "Maklumat Pelayanan", "isi_halaman": "Informasi tentang \"Maklumat Pelayanan\". Silahkan update di halaman <a target=\"_blank\" href=\"/dashboard/halaman-statis/\">Dashboard.<a><br><br><br><br>\"Halaman ini dibuat otomatis oleh sistem, karena halaman statis untuk menu ini belum dibuat. <br>Silahkan lakukan update di halaman statis.\"", "view_count": 5, "menu_id": 831, "admin_id": null, "created_at": "2024-06-13T23:49:37.796Z", "updated_at": "2024-07-08T17:47:22.827Z", "is_edited": false}, "m2m": {"photo": []}}, {"condition": {"id": 50303}, "defaults": {"site_id": 32, "judul": "Struktur Organisasi", "isi_halaman": "Informasi tentang \"Struktur Organisasi\". Silahkan update di halaman <a target=\"_blank\" href=\"/dashboard/halaman-statis/\">Dashboard.<a><br><br><br><br>\"Halaman ini dibuat otomatis oleh sistem, karena halaman statis untuk menu ini belum dibuat. <br>Silahkan lakukan update di halaman statis.\"", "view_count": 17, "menu_id": 813, "admin_id": null, "created_at": "2024-06-14T02:48:24.644Z", "updated_at": "2024-07-09T09:41:17.859Z", "is_edited": false}, "m2m": {"photo": []}}, {"condition": {"id": 50318}, "defaults": {"site_id": 32, "judul": "Rekognisi", "isi_halaman": "Informasi tentang \"Rekognisi\". Silahkan update di halaman <a target=\"_blank\" href=\"/dashboard/halaman-statis/\">Dashboard.<a><br><br><br><br>\"Halaman ini dibuat otomatis oleh sistem, karena halaman statis untuk menu ini belum dibuat. <br>Silahkan lakukan update di halaman statis.\"", "view_count": 6, "menu_id": 839, "admin_id": null, "created_at": "2024-06-14T04:25:34.246Z", "updated_at": "2024-07-08T17:54:41.767Z", "is_edited": false}, "m2m": {"photo": []}}, {"condition": {"id": 50366}, "defaults": {"site_id": 32, "judul": "Mekanisme Pengaduan Online/Offline", "isi_halaman": "Informasi tentang \"Mekanisme Pengaduan Online/Offline\". Silahkan update di halaman <a target=\"_blank\" href=\"/dashboard/halaman-statis/\">Dashboard.<a><br><br><br><br>\"Halaman ini dibuat otomatis oleh sistem, karena halaman statis untuk menu ini belum dibuat. <br>Silahkan lakukan update di halaman statis.\"", "view_count": 5, "menu_id": 115, "admin_id": null, "created_at": "2024-06-14T10:49:41.272Z", "updated_at": "2024-07-08T17:51:16.600Z", "is_edited": false}, "m2m": {"photo": []}}, {"condition": {"id": 50374}, "defaults": {"site_id": 32, "judul": "Nama Petugas Pengelola Pengaduan", "isi_halaman": "Informasi tentang \"Nama Petugas Pengelola Pengaduan\". Silahkan update di halaman <a target=\"_blank\" href=\"/dashboard/halaman-statis/\">Dashboard.<a><br><br><br><br>\"Halaman ini dibuat otomatis oleh sistem, karena halaman statis untuk menu ini belum dibuat. <br>Silahkan lakukan update di halaman statis.\"", "view_count": 9, "menu_id": 927, "admin_id": null, "created_at": "2024-06-14T12:49:23.307Z", "updated_at": "2024-07-08T17:42:32.333Z", "is_edited": false}, "m2m": {"photo": []}}, {"condition": {"id": 50378}, "defaults": {"site_id": 32, "judul": "SK PENUNJUKAN PETUGAS PENGELOLA PENGADUAN", "isi_halaman": "Informasi tentang \"SK PENUNJUKAN PETUGAS PENGELOLA PENGADUAN\". Silahkan update di halaman <a target=\"_blank\" href=\"/dashboard/halaman-statis/\">Dashboard.<a><br><br><br><br>\"Halaman ini dibuat otomatis oleh sistem, karena halaman statis untuk menu ini belum dibuat. <br>Silahkan lakukan update di halaman statis.\"", "view_count": 5, "menu_id": 575, "admin_id": null, "created_at": "2024-06-14T14:28:01.596Z", "updated_at": "2024-07-08T17:53:04.857Z", "is_edited": false}, "m2m": {"photo": []}}, {"condition": {"id": 50387}, "defaults": {"site_id": 32, "judul": "Pelayanan Terpadu", "isi_halaman": "Informasi tentang \"Pelayanan Terpadu\". Silahkan update di halaman <a target=\"_blank\" href=\"/dashboard/halaman-statis/\">Dashboard.<a><br><br><br><br>\"Halaman ini dibuat otomatis oleh sistem, karena halaman statis untuk menu ini belum dibuat. <br>Silahkan lakukan update di halaman statis.\"", "view_count": 7, "menu_id": 838, "admin_id": null, "created_at": "2024-06-14T16:03:14.423Z", "updated_at": "2024-07-08T17:51:50.252Z", "is_edited": false}, "m2m": {"photo": []}}, {"condition": {"id": 50388}, "defaults": {"site_id": 32, "judul": "Hubungi Kami", "isi_halaman": "Informasi tentang \"Hubungi Kami\". Silahkan update di halaman <a target=\"_blank\" href=\"/dashboard/halaman-statis/\">Dashboard.<a><br><br><br><br>\"Halaman ini dibuat otomatis oleh sistem, karena halaman statis untuk menu ini belum dibuat. <br>Silahkan lakukan update di halaman statis.\"", "view_count": 6, "menu_id": 846, "admin_id": null, "created_at": "2024-06-14T16:09:31.704Z", "updated_at": "2024-07-08T17:49:50.899Z", "is_edited": false}, "m2m": {"photo": []}}, {"condition": {"id": 50393}, "defaults": {"site_id": 32, "judul": "Jangka Waktu Respon Pengaduan", "isi_halaman": "Informasi tentang \"Jangka Waktu Respon Pengaduan\". Silahkan update di halaman <a target=\"_blank\" href=\"/dashboard/halaman-statis/\">Dashboard.<a><br><br><br><br>\"Halaman ini dibuat otomatis oleh sistem, karena halaman statis untuk menu ini belum dibuat. <br>Silahkan lakukan update di halaman statis.\"", "view_count": 12, "menu_id": 926, "admin_id": null, "created_at": "2024-06-14T17:00:17.399Z", "updated_at": "2024-07-08T17:47:30.728Z", "is_edited": false}, "m2m": {"photo": []}}, {"condition": {"id": 50395}, "defaults": {"site_id": 32, "judul": "Penilaian Kinerja", "isi_halaman": "Informasi tentang \"Penilaian Kinerja\". Silahkan update di halaman <a target=\"_blank\" href=\"/dashboard/halaman-statis/\">Dashboard.<a><br><br><br><br>\"Halaman ini dibuat otomatis oleh sistem, karena halaman statis untuk menu ini belum dibuat. <br>Silahkan lakukan update di halaman statis.\"", "view_count": 8, "menu_id": 835, "admin_id": null, "created_at": "2024-06-14T17:32:39.749Z", "updated_at": "2024-06-20T10:24:19.554Z", "is_edited": false}, "m2m": {"photo": []}}, {"condition": {"id": 50416}, "defaults": {"site_id": 32, "judul": "Profil Pejabat Struktural", "isi_halaman": "Informasi tentang \"Profil Pejabat Struktural\". Silahkan update di halaman <a target=\"_blank\" href=\"/dashboard/halaman-statis/\">Dashboard.<a><br><br><br><br>\"Halaman ini dibuat otomatis oleh sistem, karena halaman statis untuk menu ini belum dibuat. <br>Silahkan lakukan update di halaman statis.\"", "view_count": 8, "menu_id": 1043, "admin_id": null, "created_at": "2024-06-14T22:55:06.432Z", "updated_at": "2024-07-08T17:47:16.799Z", "is_edited": false}, "m2m": {"photo": []}}, {"condition": {"id": 50418}, "defaults": {"site_id": 32, "judul": "Tugas dan Fungsi", "isi_halaman": "Informasi tentang \"Tugas dan Fungsi\". Silahkan update di halaman <a target=\"_blank\" href=\"/dashboard/halaman-statis/\">Dashboard.<a><br><br><br><br>\"Halaman ini dibuat otomatis oleh sistem, karena halaman statis untuk menu ini belum dibuat. <br>Silahkan lakukan update di halaman statis.\"", "view_count": 7, "menu_id": 812, "admin_id": null, "created_at": "2024-06-14T22:57:51.166Z", "updated_at": "2024-07-08T18:09:44.656Z", "is_edited": false}, "m2m": {"photo": []}}, {"condition": {"id": 50419}, "defaults": {"site_id": 32, "judul": "Sarana dan Prasarana Fasilitas", "isi_halaman": "Informasi tentang \"Sarana dan Prasarana Fasilitas\". Silahkan update di halaman <a target=\"_blank\" href=\"/dashboard/halaman-statis/\">Dashboard.<a><br><br><br><br>\"Halaman ini dibuat otomatis oleh sistem, karena halaman statis untuk menu ini belum dibuat. <br>Silahkan lakukan update di halaman statis.\"", "view_count": 6, "menu_id": 837, "admin_id": null, "created_at": "2024-06-14T23:00:55.933Z", "updated_at": "2024-07-08T17:50:36.381Z", "is_edited": false}, "m2m": {"photo": []}}, {"condition": {"id": 50420}, "defaults": {"site_id": 32, "judul": "Survey", "isi_halaman": "Informasi tentang \"Survey\". Silahkan update di halaman <a target=\"_blank\" href=\"/dashboard/halaman-statis/\">Dashboard.<a><br><br><br><br>\"Halaman ini dibuat otomatis oleh sistem, karena halaman statis untuk menu ini belum dibuat. <br>Silahkan lakukan update di halaman statis.\"", "view_count": 4, "menu_id": 581, "admin_id": null, "created_at": "2024-06-14T23:04:26.759Z", "updated_at": "2024-07-08T17:52:56.530Z", "is_edited": false}, "m2m": {"photo": []}}, {"condition": {"id": 50422}, "defaults": {"site_id": 32, "judul": "Pelayanan Khusus", "isi_halaman": "Informasi tentang \"Pelayanan Khusus\". Silahkan update di halaman <a target=\"_blank\" href=\"/dashboard/halaman-statis/\">Dashboard.<a><br><br><br><br>\"Halaman ini dibuat otomatis oleh sistem, karena halaman statis untuk menu ini belum dibuat. <br>Silahkan lakukan update di halaman statis.\"", "view_count": 6, "menu_id": 834, "admin_id": null, "created_at": "2024-06-14T23:14:31.817Z", "updated_at": "2024-07-08T17:48:50.555Z", "is_edited": false}, "m2m": {"photo": []}}, {"condition": {"id": 50423}, "defaults": {"site_id": 32, "judul": "Visi dan Misi", "isi_halaman": "Informasi tentang \"Visi dan Misi\". Silahkan update di halaman <a target=\"_blank\" href=\"/dashboard/halaman-statis/\">Dashboard.<a><br><br><br><br>\"Halaman ini dibuat otomatis oleh sistem, karena halaman statis untuk menu ini belum dibuat. <br>Silahkan lakukan update di halaman statis.\"", "view_count": 9, "menu_id": 1013, "admin_id": null, "created_at": "2024-06-14T23:17:50.757Z", "updated_at": "2024-07-09T09:41:06.536Z", "is_edited": false}, "m2m": {"photo": []}}, {"condition": {"id": 50424}, "defaults": {"site_id": 32, "judul": "Jenis Layanan", "isi_halaman": "Informasi tentang \"Jenis Layanan\". Silahkan update di halaman <a target=\"_blank\" href=\"/dashboard/halaman-statis/\">Dashboard.<a><br><br><br><br>\"Halaman ini dibuat otomatis oleh sistem, karena halaman statis untuk menu ini belum dibuat. <br>Silahkan lakukan update di halaman statis.\"", "view_count": 6, "menu_id": 898, "admin_id": null, "created_at": "2024-06-14T23:24:41.491Z", "updated_at": "2024-07-08T17:54:36.434Z", "is_edited": false}, "m2m": {"photo": []}}, {"condition": {"id": 50428}, "defaults": {"site_id": 32, "judul": "Visi-Misi dan Motto Pelayanan", "isi_halaman": "Informasi tentang \"Visi-Misi dan Motto Pelayanan\". Silahkan update di halaman <a target=\"_blank\" href=\"/dashboard/halaman-statis/\">Dashboard.<a><br><br><br><br>\"Halaman ini dibuat otomatis oleh sistem, karena halaman statis untuk menu ini belum dibuat. <br>Silahkan lakukan update di halaman statis.\"", "view_count": 6, "menu_id": 97, "admin_id": null, "created_at": "2024-06-14T23:46:02.245Z", "updated_at": "2024-07-08T18:09:37.078Z", "is_edited": false}, "m2m": {"photo": []}}, {"condition": {"id": 50502}, "defaults": {"site_id": 32, "judul": "Atribut", "isi_halaman": "Informasi tentang \"Atribut\". Silahkan update di halaman <a target=\"_blank\" href=\"/dashboard/halaman-statis/\">Dashboard.<a><br><br><br><br>\"Halaman ini dibuat otomatis oleh sistem, karena halaman statis untuk menu ini belum dibuat. <br>Silahkan lakukan update di halaman statis.\"", "view_count": 4, "menu_id": 836, "admin_id": null, "created_at": "2024-06-15T16:08:33.498Z", "updated_at": "2024-07-08T17:49:23.929Z", "is_edited": false}, "m2m": {"photo": []}}, {"condition": {"id": 50572}, "defaults": {"site_id": 32, "judul": "Hubungi Kami", "isi_halaman": "Informasi tentang \"Hubungi Kami\". Silahkan update di halaman <a target=\"_blank\" href=\"/dashboard/halaman-statis/\">Dashboard.<a><br><br><br><br>\"Halaman ini dibuat otomatis oleh sistem, karena halaman statis untuk menu ini belum dibuat. <br>Silahkan lakukan update di halaman statis.\"", "view_count": 1, "menu_id": 41, "admin_id": null, "created_at": "2024-06-17T05:25:34.498Z", "updated_at": "2024-06-17T05:25:35.577Z", "is_edited": false}, "m2m": {"photo": []}}, {"condition": {"id": 50800}, "defaults": {"site_id": 32, "judul": "Jenis Pelayanan", "isi_halaman": "Informasi tentang \"Jenis Pelayanan\". Silahkan update di halaman <a target=\"_blank\" href=\"/dashboard/halaman-statis/\">Dashboard.<a><br><br><br><br>\"Halaman ini dibuat otomatis oleh sistem, karena halaman statis untuk menu ini belum dibuat. <br>Silahkan lakukan update di halaman statis.\"", "view_count": 1, "menu_id": 1021, "admin_id": null, "created_at": "2024-06-21T23:32:56.966Z", "updated_at": "2024-06-21T23:32:57.756Z", "is_edited": false}, "m2m": {"photo": []}}, {"condition": {"id": 50836}, "defaults": {"site_id": 32, "judul": "Rekomendasi Apotek (SIA)", "isi_halaman": "Informasi tentang \"Rekomendasi Apotek (SIA)\". Silahkan update di halaman <a target=\"_blank\" href=\"/dashboard/halaman-statis/\">Dashboard.<a><br><br><br><br>\"Halaman ini dibuat otomatis oleh sistem, karena halaman statis untuk menu ini belum dibuat. <br>Silahkan lakukan update di halaman statis.\"", "view_count": 1, "menu_id": 249, "admin_id": null, "created_at": "2024-06-22T08:40:58.015Z", "updated_at": "2024-06-22T08:40:58.484Z", "is_edited": false}, "m2m": {"photo": []}}, {"condition": {"id": 51026}, "defaults": {"site_id": 32, "judul": "Ijin Operasional LPSK", "isi_halaman": "Informasi tentang \"Ijin Operasional LPSK\". Silahkan update di halaman <a target=\"_blank\" href=\"/dashboard/halaman-statis/\">Dashboard.<a><br><br><br><br>\"Halaman ini dibuat otomatis oleh sistem, karena halaman statis untuk menu ini belum dibuat. <br>Silahkan lakukan update di halaman statis.\"", "view_count": 1, "menu_id": 242, "admin_id": null, "created_at": "2024-06-26T05:55:14.627Z", "updated_at": "2024-06-26T05:55:15.237Z", "is_edited": false}, "m2m": {"photo": []}}, {"condition": {"id": 51029}, "defaults": {"site_id": 32, "judul": "Sertifikat Laek Hygiene Sanitasi RM ", "isi_halaman": "Informasi tentang \"Sertifikat Laek Hygiene Sanitasi RM \". Silahkan update di halaman <a target=\"_blank\" href=\"/dashboard/halaman-statis/\">Dashboard.<a><br><br><br><br>\"Halaman ini dibuat otomatis oleh sistem, karena halaman statis untuk menu ini belum dibuat. <br>Silahkan lakukan update di halaman statis.\"", "view_count": 1, "menu_id": 290, "admin_id": null, "created_at": "2024-06-26T13:08:17.005Z", "updated_at": "2024-06-26T13:08:17.561Z", "is_edited": false}, "m2m": {"photo": []}}, {"condition": {"id": 51049}, "defaults": {"site_id": 32, "judul": "UKL-UPL", "isi_halaman": "Informasi tentang \"UKL-UPL\". Silahkan update di halaman <a target=\"_blank\" href=\"/dashboard/halaman-statis/\">Dashboard.<a><br><br><br><br>\"Halaman ini dibuat otomatis oleh sistem, karena halaman statis untuk menu ini belum dibuat. <br>Silahkan lakukan update di halaman statis.\"", "view_count": 1, "menu_id": 220, "admin_id": null, "created_at": "2024-06-27T05:54:07.519Z", "updated_at": "2024-06-27T05:54:08.132Z", "is_edited": false}, "m2m": {"photo": []}}, {"condition": {"id": 51060}, "defaults": {"site_id": 32, "judul": "AKAD (Antar Kerja Antar Daerah)", "isi_halaman": "Informasi tentang \"AKAD (Antar Kerja Antar Daerah)\". Silahkan update di halaman <a target=\"_blank\" href=\"/dashboard/halaman-statis/\">Dashboard.<a><br><br><br><br>\"Halaman ini dibuat otomatis oleh sistem, karena halaman statis untuk menu ini belum dibuat. <br>Silahkan lakukan update di halaman statis.\"", "view_count": 1, "menu_id": 666, "admin_id": null, "created_at": "2024-06-27T19:02:24.827Z", "updated_at": "2024-06-27T19:02:25.262Z", "is_edited": false}, "m2m": {"photo": []}}, {"condition": {"id": 51098}, "defaults": {"site_id": 32, "judul": "Rekomendasi Bansos", "isi_halaman": "Informasi tentang \"Rekomendasi Bansos\". Silahkan update di halaman <a target=\"_blank\" href=\"/dashboard/halaman-statis/\">Dashboard.<a><br><br><br><br>\"Halaman ini dibuat otomatis oleh sistem, karena halaman statis untuk menu ini belum dibuat. <br>Silahkan lakukan update di halaman statis.\"", "view_count": 1, "menu_id": 307, "admin_id": null, "created_at": "2024-06-29T04:24:33.565Z", "updated_at": "2024-06-29T04:24:34.051Z", "is_edited": false}, "m2m": {"photo": []}}, {"condition": {"id": 51107}, "defaults": {"site_id": 32, "judul": "Penilaian kinerja", "isi_halaman": "Informasi tentang \"Penilaian kinerja\". Silahkan update di halaman <a target=\"_blank\" href=\"/dashboard/halaman-statis/\">Dashboard.<a><br><br><br><br>\"Halaman ini dibuat otomatis oleh sistem, karena halaman statis untuk menu ini belum dibuat. <br>Silahkan lakukan update di halaman statis.\"", "view_count": 6, "menu_id": 1086, "admin_id": null, "created_at": "2024-06-29T19:03:24.322Z", "updated_at": "2024-07-08T17:52:47.271Z", "is_edited": false}, "m2m": {"photo": []}}, {"condition": {"id": 51112}, "defaults": {"site_id": 32, "judul": "Rekomendasi Toko Obat", "isi_halaman": "Informasi tentang \"Rekomendasi Toko Obat\". Silahkan update di halaman <a target=\"_blank\" href=\"/dashboard/halaman-statis/\">Dashboard.<a><br><br><br><br>\"Halaman ini dibuat otomatis oleh sistem, karena halaman statis untuk menu ini belum dibuat. <br>Silahkan lakukan update di halaman statis.\"", "view_count": 1, "menu_id": 181, "admin_id": null, "created_at": "2024-06-30T08:54:42.801Z", "updated_at": "2024-06-30T08:54:43.456Z", "is_edited": false}, "m2m": {"photo": []}}, {"condition": {"id": 51163}, "defaults": {"site_id": 32, "judul": "Izin Operasional Klinik Pratama", "isi_halaman": "Informasi tentang \"Izin Operasional Klinik Pratama\". Silahkan update di halaman <a target=\"_blank\" href=\"/dashboard/halaman-statis/\">Dashboard.<a><br><br><br><br>\"Halaman ini dibuat otomatis oleh sistem, karena halaman statis untuk menu ini belum dibuat. <br>Silahkan lakukan update di halaman statis.\"", "view_count": 9, "menu_id": 305, "admin_id": null, "created_at": "2024-07-03T16:54:23.391Z", "updated_at": "2024-07-11T22:23:57.359Z", "is_edited": false}, "m2m": {"photo": []}}, {"condition": {"id": 51165}, "defaults": {"site_id": 32, "judul": "AKAN (Antar Kerja Antar Negara)", "isi_halaman": "Informasi tentang \"AKAN (Antar Kerja Antar Negara)\". Silahkan update di halaman <a target=\"_blank\" href=\"/dashboard/halaman-statis/\">Dashboard.<a><br><br><br><br>\"Halaman ini dibuat otomatis oleh sistem, karena halaman statis untuk menu ini belum dibuat. <br>Silahkan lakukan update di halaman statis.\"", "view_count": 1, "menu_id": 667, "admin_id": null, "created_at": "2024-07-03T18:46:42.048Z", "updated_at": "2024-07-03T18:46:42.617Z", "is_edited": false}, "m2m": {"photo": []}}, {"condition": {"id": 51205}, "defaults": {"site_id": 32, "judul": "SOP", "isi_halaman": "Informasi tentang \"SOP\". Silahkan update di halaman <a target=\"_blank\" href=\"/dashboard/halaman-statis/\">Dashboard.<a><br><br><br><br>\"Halaman ini dibuat otomatis oleh sistem, karena halaman statis untuk menu ini belum dibuat. <br>Silahkan lakukan update di halaman statis.\"", "view_count": 1, "menu_id": 500, "admin_id": null, "created_at": "2024-07-06T02:13:58.282Z", "updated_at": "2024-07-06T02:13:59.195Z", "is_edited": false}, "m2m": {"photo": []}}, {"condition": {"id": 51214}, "defaults": {"site_id": 32, "judul": "Lowongan", "isi_halaman": "Informasi tentang \"Lowongan\". Silahkan update di halaman <a target=\"_blank\" href=\"/dashboard/halaman-statis/\">Dashboard.<a><br><br><br><br>\"Halaman ini dibuat otomatis oleh sistem, karena halaman statis untuk menu ini belum dibuat. <br>Silahkan lakukan update di halaman statis.\"", "view_count": 1, "menu_id": 614, "admin_id": null, "created_at": "2024-07-06T16:51:59.522Z", "updated_at": "2024-07-06T16:52:00.836Z", "is_edited": false}, "m2m": {"photo": []}}, {"condition": {"id": 51311}, "defaults": {"site_id": 32, "judul": "AKL  (Antar Kerja Lokal)", "isi_halaman": "Informasi tentang \"AKL  (Antar Kerja Lokal)\". Silahkan update di halaman <a target=\"_blank\" href=\"/dashboard/halaman-statis/\">Dashboard.<a><br><br><br><br>\"Halaman ini dibuat otomatis oleh sistem, karena halaman statis untuk menu ini belum dibuat. <br>Silahkan lakukan update di halaman statis.\"", "view_count": 1, "menu_id": 665, "admin_id": null, "created_at": "2024-07-12T02:47:14.074Z", "updated_at": "2024-07-12T02:47:14.945Z", "is_edited": false}, "m2m": {"photo": []}}]