[{"condition": {"id": 4391}, "defaults": {"site_id": 34, "judul": "VISI DAN MISI", "isi_halaman": "<p>Visi Misi Kecamatan Batu Layar</p>", "view_count": 277, "menu_id": 43, "admin_id": 8, "created_at": "2022-07-16T21:54:32.547Z", "updated_at": "2024-07-11T03:56:58.171Z", "is_edited": true}, "m2m": {"photo": []}}, {"condition": {"id": 50138}, "defaults": {"site_id": 34, "judul": "Mekanisme Pengaduan Online/Offline", "isi_halaman": "Informasi tentang \"Mekanisme Pengaduan Online/Offline\". Silahkan update di halaman <a target=\"_blank\" href=\"/dashboard/halaman-statis/\">Dashboard.<a><br><br><br><br>\"Halaman ini dibuat otomatis oleh sistem, karena halaman statis untuk menu ini belum dibuat. <br>Silahkan lakukan update di halaman statis.\"", "view_count": 5, "menu_id": 115, "admin_id": null, "created_at": "2024-06-12T07:35:33.902Z", "updated_at": "2024-07-06T16:10:05.085Z", "is_edited": false}, "m2m": {"photo": []}}, {"condition": {"id": 50139}, "defaults": {"site_id": 34, "judul": "Nama Petugas Pengelola Pengaduan", "isi_halaman": "Informasi tentang \"Nama Petugas Pengelola Pengaduan\". Silahkan update di halaman <a target=\"_blank\" href=\"/dashboard/halaman-statis/\">Dashboard.<a><br><br><br><br>\"Halaman ini dibuat otomatis oleh sistem, karena halaman statis untuk menu ini belum dibuat. <br>Silahkan lakukan update di halaman statis.\"", "view_count": 7, "menu_id": 927, "admin_id": null, "created_at": "2024-06-12T07:35:40.985Z", "updated_at": "2024-07-08T05:32:33.140Z", "is_edited": false}, "m2m": {"photo": []}}, {"condition": {"id": 50140}, "defaults": {"site_id": 34, "judul": "Atribut", "isi_halaman": "Informasi tentang \"Atribut\". Silahkan update di halaman <a target=\"_blank\" href=\"/dashboard/halaman-statis/\">Dashboard.<a><br><br><br><br>\"Halaman ini dibuat otomatis oleh sistem, karena halaman statis untuk menu ini belum dibuat. <br>Silahkan lakukan update di halaman statis.\"", "view_count": 10, "menu_id": 836, "admin_id": null, "created_at": "2024-06-12T07:35:45.394Z", "updated_at": "2024-07-11T17:01:58.388Z", "is_edited": false}, "m2m": {"photo": []}}, {"condition": {"id": 50141}, "defaults": {"site_id": 34, "judul": "Hubungi Kami", "isi_halaman": "Informasi tentang \"Hubungi Kami\". Silahkan update di halaman <a target=\"_blank\" href=\"/dashboard/halaman-statis/\">Dashboard.<a><br><br><br><br>\"Halaman ini dibuat otomatis oleh sistem, karena halaman statis untuk menu ini belum dibuat. <br>Silahkan lakukan update di halaman statis.\"", "view_count": 6, "menu_id": 41, "admin_id": null, "created_at": "2024-06-12T07:35:50.044Z", "updated_at": "2024-07-08T05:32:59.190Z", "is_edited": false}, "m2m": {"photo": []}}, {"condition": {"id": 50142}, "defaults": {"site_id": 34, "judul": "Profil Pejabat Struktural", "isi_halaman": "Informasi tentang \"Profil Pejabat Struktural\". Silahkan update di halaman <a target=\"_blank\" href=\"/dashboard/halaman-statis/\">Dashboard.<a><br><br><br><br>\"Halaman ini dibuat otomatis oleh sistem, karena halaman statis untuk menu ini belum dibuat. <br>Silahkan lakukan update di halaman statis.\"", "view_count": 8, "menu_id": 1043, "admin_id": null, "created_at": "2024-06-12T07:36:23.119Z", "updated_at": "2024-07-11T14:22:17.938Z", "is_edited": false}, "m2m": {"photo": []}}, {"condition": {"id": 50143}, "defaults": {"site_id": 34, "judul": "Penilaian Kinerja", "isi_halaman": "Informasi tentang \"Penilaian Kinerja\". Silahkan update di halaman <a target=\"_blank\" href=\"/dashboard/halaman-statis/\">Dashboard.<a><br><br><br><br>\"Halaman ini dibuat otomatis oleh sistem, karena halaman statis untuk menu ini belum dibuat. <br>Silahkan lakukan update di halaman statis.\"", "view_count": 2, "menu_id": 835, "admin_id": null, "created_at": "2024-06-12T07:36:43.369Z", "updated_at": "2024-06-18T23:34:22.282Z", "is_edited": false}, "m2m": {"photo": []}}, {"condition": {"id": 50144}, "defaults": {"site_id": 34, "judul": "SK PENUNJUKAN PETUGAS PENGELOLA PENGADUAN", "isi_halaman": "Informasi tentang \"SK PENUNJUKAN PETUGAS PENGELOLA PENGADUAN\". Silahkan update di halaman <a target=\"_blank\" href=\"/dashboard/halaman-statis/\">Dashboard.<a><br><br><br><br>\"Halaman ini dibuat otomatis oleh sistem, karena halaman statis untuk menu ini belum dibuat. <br>Silahkan lakukan update di halaman statis.\"", "view_count": 9, "menu_id": 575, "admin_id": null, "created_at": "2024-06-12T07:36:59.933Z", "updated_at": "2024-07-11T14:28:08.382Z", "is_edited": false}, "m2m": {"photo": []}}, {"condition": {"id": 50145}, "defaults": {"site_id": 34, "judul": "Maklumat Pelayanan", "isi_halaman": "Informasi tentang \"Maklumat Pelayanan\". Silahkan update di halaman <a target=\"_blank\" href=\"/dashboard/halaman-statis/\">Dashboard.<a><br><br><br><br>\"Halaman ini dibuat otomatis oleh sistem, karena halaman statis untuk menu ini belum dibuat. <br>Silahkan lakukan update di halaman statis.\"", "view_count": 12, "menu_id": 831, "admin_id": null, "created_at": "2024-06-12T07:37:15.566Z", "updated_at": "2024-07-11T03:45:21.468Z", "is_edited": false}, "m2m": {"photo": []}}, {"condition": {"id": 50146}, "defaults": {"site_id": 34, "judul": "Pelayanan Terpadu", "isi_halaman": "Informasi tentang \"Pelayanan Terpadu\". Silahkan update di halaman <a target=\"_blank\" href=\"/dashboard/halaman-statis/\">Dashboard.<a><br><br><br><br>\"Halaman ini dibuat otomatis oleh sistem, karena halaman statis untuk menu ini belum dibuat. <br>Silahkan lakukan update di halaman statis.\"", "view_count": 7, "menu_id": 838, "admin_id": null, "created_at": "2024-06-12T07:37:19.580Z", "updated_at": "2024-07-08T05:32:06.126Z", "is_edited": false}, "m2m": {"photo": []}}, {"condition": {"id": 50147}, "defaults": {"site_id": 34, "judul": "Rekognisi", "isi_halaman": "Informasi tentang \"Rekognisi\". Silahkan update di halaman <a target=\"_blank\" href=\"/dashboard/halaman-statis/\">Dashboard.<a><br><br><br><br>\"Halaman ini dibuat otomatis oleh sistem, karena halaman statis untuk menu ini belum dibuat. <br>Silahkan lakukan update di halaman statis.\"", "view_count": 12, "menu_id": 839, "admin_id": null, "created_at": "2024-06-12T07:37:23.508Z", "updated_at": "2024-07-11T11:46:29.067Z", "is_edited": false}, "m2m": {"photo": []}}, {"condition": {"id": 50149}, "defaults": {"site_id": 34, "judul": "TENTANG", "isi_halaman": "Informasi tentang \"TENTANG\". Silahkan update di halaman <a target=\"_blank\" href=\"/dashboard/halaman-statis/\">Dashboard.<a><br><br><br><br>\"Halaman ini dibuat otomatis oleh sistem, karena halaman statis untuk menu ini belum dibuat. <br>Silahkan lakukan update di halaman statis.\"", "view_count": 10, "menu_id": 527, "admin_id": null, "created_at": "2024-06-12T07:38:14.527Z", "updated_at": "2024-07-10T11:58:35.844Z", "is_edited": false}, "m2m": {"photo": []}}, {"condition": {"id": 50150}, "defaults": {"site_id": 34, "judul": "Jangka Waktu Respon Pengaduan", "isi_halaman": "Informasi tentang \"Jangka Waktu Respon Pengaduan\". Silahkan update di halaman <a target=\"_blank\" href=\"/dashboard/halaman-statis/\">Dashboard.<a><br><br><br><br>\"Halaman ini dibuat otomatis oleh sistem, karena halaman statis untuk menu ini belum dibuat. <br>Silahkan lakukan update di halaman statis.\"", "view_count": 6, "menu_id": 926, "admin_id": null, "created_at": "2024-06-12T07:38:18.836Z", "updated_at": "2024-07-08T05:33:23.902Z", "is_edited": false}, "m2m": {"photo": []}}, {"condition": {"id": 50151}, "defaults": {"site_id": 34, "judul": "Pelayanan Khusus", "isi_halaman": "Informasi tentang \"Pelayanan Khusus\". Silahkan update di halaman <a target=\"_blank\" href=\"/dashboard/halaman-statis/\">Dashboard.<a><br><br><br><br>\"Halaman ini dibuat otomatis oleh sistem, karena halaman statis untuk menu ini belum dibuat. <br>Silahkan lakukan update di halaman statis.\"", "view_count": 13, "menu_id": 834, "admin_id": null, "created_at": "2024-06-12T07:38:23.845Z", "updated_at": "2024-07-08T15:57:58.794Z", "is_edited": false}, "m2m": {"photo": []}}, {"condition": {"id": 50152}, "defaults": {"site_id": 34, "judul": "Sarana dan Prasarana Fasilitas", "isi_halaman": "Informasi tentang \"Sarana dan Prasarana Fasilitas\". Silahkan update di halaman <a target=\"_blank\" href=\"/dashboard/halaman-statis/\">Dashboard.<a><br><br><br><br>\"Halaman ini dibuat otomatis oleh sistem, karena halaman statis untuk menu ini belum dibuat. <br>Silahkan lakukan update di halaman statis.\"", "view_count": 6, "menu_id": 837, "admin_id": null, "created_at": "2024-06-12T07:38:28.367Z", "updated_at": "2024-07-08T05:31:12.591Z", "is_edited": false}, "m2m": {"photo": []}}, {"condition": {"id": 50154}, "defaults": {"site_id": 34, "judul": "Jenis Layanan", "isi_halaman": "Informasi tentang \"Jenis Layanan\". Silahkan update di halaman <a target=\"_blank\" href=\"/dashboard/halaman-statis/\">Dashboard.<a><br><br><br><br>\"Halaman ini dibuat otomatis oleh sistem, karena halaman statis untuk menu ini belum dibuat. <br>Silahkan lakukan update di halaman statis.\"", "view_count": 12, "menu_id": 898, "admin_id": null, "created_at": "2024-06-12T07:39:06.897Z", "updated_at": "2024-07-11T13:58:32.468Z", "is_edited": false}, "m2m": {"photo": []}}, {"condition": {"id": 50155}, "defaults": {"site_id": 34, "judul": "Visi-Misi dan Motto Pelayanan", "isi_halaman": "Informasi tentang \"Visi-Misi dan Motto Pelayanan\". Silahkan update di halaman <a target=\"_blank\" href=\"/dashboard/halaman-statis/\">Dashboard.<a><br><br><br><br>\"Halaman ini dibuat otomatis oleh sistem, karena halaman statis untuk menu ini belum dibuat. <br>Silahkan lakukan update di halaman statis.\"", "view_count": 8, "menu_id": 97, "admin_id": null, "created_at": "2024-06-12T07:39:10.271Z", "updated_at": "2024-07-08T06:51:23.003Z", "is_edited": false}, "m2m": {"photo": []}}, {"condition": {"id": 50158}, "defaults": {"site_id": 34, "judul": "Tugas dan Fungsi", "isi_halaman": "Informasi tentang \"Tugas dan Fungsi\". Silahkan update di halaman <a target=\"_blank\" href=\"/dashboard/halaman-statis/\">Dashboard.<a><br><br><br><br>\"Halaman ini dibuat otomatis oleh sistem, karena halaman statis untuk menu ini belum dibuat. <br>Silahkan lakukan update di halaman statis.\"", "view_count": 9, "menu_id": 812, "admin_id": null, "created_at": "2024-06-12T07:39:48.469Z", "updated_at": "2024-07-08T05:30:19.275Z", "is_edited": false}, "m2m": {"photo": []}}, {"condition": {"id": 50162}, "defaults": {"site_id": 34, "judul": "Struktur Organisasi", "isi_halaman": "Informasi tentang \"Struktur Organisasi\". Silahkan update di halaman <a target=\"_blank\" href=\"/dashboard/halaman-statis/\">Dashboard.<a><br><br><br><br>\"Halaman ini dibuat otomatis oleh sistem, karena halaman statis untuk menu ini belum dibuat. <br>Silahkan lakukan update di halaman statis.\"", "view_count": 11, "menu_id": 813, "admin_id": null, "created_at": "2024-06-12T07:40:23.996Z", "updated_at": "2024-07-11T15:14:01.476Z", "is_edited": false}, "m2m": {"photo": []}}, {"condition": {"id": 51135}, "defaults": {"site_id": 34, "judul": "Penilaian kinerja", "isi_halaman": "Informasi tentang \"Penilaian kinerja\". Silahkan update di halaman <a target=\"_blank\" href=\"/dashboard/halaman-statis/\">Dashboard.<a><br><br><br><br>\"Halaman ini dibuat otomatis oleh sistem, karena halaman statis untuk menu ini belum dibuat. <br>Silahkan lakukan update di halaman statis.\"", "view_count": 4, "menu_id": 1086, "admin_id": null, "created_at": "2024-07-01T15:02:55.489Z", "updated_at": "2024-07-08T05:31:52.785Z", "is_edited": false}, "m2m": {"photo": []}}]