[{"condition": {"id": 23}, "defaults": {"nama": "ISKANDAR, S.Sos", "jabatan": "Camat", "jabatan_index": "4", "photo_id": 1143, "admin_id": 35, "is_default": false, "created_at": "2021-07-23T10:13:49.972Z", "updated_at": "2021-07-23T10:13:49.972Z"}}, {"condition": {"id": 120}, "defaults": {"nama": "H. Ilham", "jabatan": "PJ. BUPATI LOMBOK BARAT", "jabatan_index": "1", "photo_id": 17974, "admin_id": 1, "is_default": true, "created_at": "2023-11-13T02:35:32.217Z", "updated_at": "2024-04-24T03:30:26.760Z"}}]