[{"condition": {"id": 68}, "defaults": {"nama": "AFGAN KUSUMANEGARA, SP", "jabatan": "CAMAT BATULAYAR", "jabatan_index": "4", "photo_id": 3673, "admin_id": 8, "is_default": false, "created_at": "2022-08-02T09:23:06.810Z", "updated_at": "2022-08-02T09:23:06.810Z"}}, {"condition": {"id": 120}, "defaults": {"nama": "H. Ilham", "jabatan": "PJ. BUPATI LOMBOK BARAT", "jabatan_index": "1", "photo_id": 17974, "admin_id": 1, "is_default": true, "created_at": "2023-11-13T02:35:32.217Z", "updated_at": "2024-04-24T03:30:26.760Z"}}]