[{"condition": {"id": 64}, "defaults": {"nama": "AGUS SUTRISMAN,M.Kes", "jabatan": "CAMAT LEMBAR", "jabatan_index": "4", "photo_id": 3591, "admin_id": 37, "is_default": false, "created_at": "2022-08-01T11:09:20.997Z", "updated_at": "2022-08-01T11:13:03.442Z"}}, {"condition": {"id": 120}, "defaults": {"nama": "H. Ilham", "jabatan": "PJ. BUPATI LOMBOK BARAT", "jabatan_index": "1", "photo_id": 17974, "admin_id": 1, "is_default": true, "created_at": "2023-11-13T02:35:32.217Z", "updated_at": "2024-04-24T03:30:26.760Z"}}]