[{"condition": {"id": 107}, "defaults": {"site_id": 36, "admin_id": 39, "judul": "Surat Edaran Bupati Lombok Barat, No 450/236/kesra/2022, tentang Pelaksanaan Ibadah pada Bulan Ramadhan dan Idul Fitri 1443H/2022M.", "judul_seo": "surat-edaran-bupati-lombok-barat-no-450-236-kesra-2022-tentang-pelaksanaan-ibadah-pada-bulan-ramadhan-dan-idul-fitri-1443h-2022m", "isi_pengumuman": "<p>Surat Edaran Bupati Lombok Barat, No 450/236/kesra/2022, tentang Pelaksanaan Ibadah pada Bulan Ramadhan dan Idul Fitri 1443H/2022M.</p>\r\n", "view_count": 206, "share_count": 0, "word_count": 15, "status": "published", "created_at": "2022-04-28T13:29:41.974Z", "updated_at": "2024-07-10T12:45:10.959Z"}, "m2m": {"photo": []}}, {"condition": {"id": 153}, "defaults": {"site_id": 36, "admin_id": 39, "judul": "Festifal Hadrah Tingkat Kecamatan Narmada", "judul_seo": "festifal-hadrah-tingkat-kecamatan-narmada", "isi_pengumuman": "<p><em><strong>Yuk hadiri dan ramaikan Festival Hadrah Tingkat Kecamatan Narmada, bertempat di Gedung Seni dan Budaya Narmada dari hari Kamis-minggu (28-31 Juli 2022)</strong></em></p>", "view_count": 229, "share_count": 0, "word_count": 19, "status": "published", "created_at": "2022-07-27T15:32:15.978Z", "updated_at": "2024-07-10T12:41:17.799Z"}, "m2m": {"photo": []}}]