[{"condition": {"id": 164}, "defaults": {"site_id": 32, "admin_id": 38, "judul": "Pengumuman Kegiatan Penertiban Pemakaian Tenaga Listrik P2TL", "judul_seo": "pengumuman-kegiatan-penertiban-pemakaian-tenaga-listrik-p2tl", "isi_pengumuman": "<p>Bismillahirrahmanirrahum</p>\r\n\r\n<p>Assalammualaikum Wr Wb</p>\r\n\r\n<p>Disampaikan kepada seluruh pelangan PLN di wilayah Kecamatan Lingsar, bahwa berdasarkan surat dari Kepala UP3 Mataram akan melaksanakan Kegiatan&nbsp;Penertiban Pemakaian Tenaga Listrik P2TL akan dilaksanakan mulai 1 Juni 2022 sampai dengan 31 Desember 2022.</p>\r\n\r\n<p>Mohon bantuan kepada seluruh elanggan untuk mengikuti dan melaksanakan kegiatan tersebut sesuai dengan ketentuan yang berlaku. Terima kasih</p>\r\n", "view_count": 118, "share_count": 0, "word_count": 51, "status": "published", "created_at": "2022-08-05T09:39:57.707Z", "updated_at": "2024-07-08T18:54:18.716Z"}, "m2m": {"photo": [3871]}}, {"condition": {"id": 165}, "defaults": {"site_id": 32, "admin_id": 38, "judul": "Bea Siswa S1 Pondok Pesantren Ke Malaysia", "judul_seo": "bea-siswa-s1-pondok-pesantren-ke-malaysia", "isi_pengumuman": "<p>Pemerintah Provinsi NTB Memberikan kesempatan kepada putra putri terbaik NTB untuk mendapatkan bea siswa S1 ke Negara Malaysia.</p>\r\n", "view_count": 96, "share_count": 0, "word_count": 17, "status": "published", "created_at": "2022-08-05T10:05:25.061Z", "updated_at": "2024-07-08T18:05:53.128Z"}, "m2m": {"photo": [3875, 3876]}}, {"condition": {"id": 169}, "defaults": {"site_id": 32, "admin_id": 38, "judul": "Penutupan Pasar Hewan Batu Kumbung", "judul_seo": "penutupan-pasar-hewan-batu-kumbung", "isi_pengumuman": "<p>Bismillahirrahmannirahim</p>\r\n\r\n<p>Assalamualaikum Wr Wb.</p>\r\n\r\n<p>Sehubungan dengan semakin merebaknya perkembangan Penyakit Mulut dan Kuku di Kabupaten Lombok Barat serta dalam rangka menekan perkembangan penyakit tersebut, maka penutupan sementara yang awalnya akan berakhir 25 Juli 2022 diperpanjang mulai tanggal 1 Agustus 2022 sampai dengan tanggal 25 Agustus 2022 kegiatan di Pasar Hewan Batu Kumbung ditutup sementara.</p>\r\n\r\n<p>demikian pengumuman ini kami sampaikan atas perhatian dan kerjasamanya diucapkan terima kasih.</p>\r\n\r\n<p>&nbsp;</p>\r\n\r\n<p>Wassalammualaikum Wr Wb</p>\r\n\r\n<p>Camat Lingsar</p>\r\n\r\n<p><img src=\"/media/uploads/lingsarlobar/2022/08/08/image.png\" style=\"height:78px; width:78px\" /></p>\r\n\r\n<p>Marzuqi, S.A.P.</p>\r\n\r\n<p>197812312008011039</p>\r\n", "view_count": 147, "share_count": 0, "word_count": 66, "status": "published", "created_at": "2022-08-08T13:29:09.153Z", "updated_at": "2024-07-08T18:11:57.178Z"}, "m2m": {"photo": [3985, 3986, 3987]}}, {"condition": {"id": 179}, "defaults": {"site_id": 32, "admin_id": 38, "judul": "Pengaturan Pelayanan Aminduk", "judul_seo": "pengaturan-pelayanan-aminduk", "isi_pengumuman": "<p>Pengumuman Pengaturan Pelayanan Aminduk di Kabupaten Lombok Barat</p>\r\n", "view_count": 374, "share_count": 0, "word_count": 8, "status": "published", "created_at": "2022-08-19T08:36:48.208Z", "updated_at": "2024-07-08T18:07:07.203Z"}, "m2m": {"photo": [4437]}}, {"condition": {"id": 180}, "defaults": {"site_id": 32, "admin_id": 38, "judul": "Mari Jaga Kantibmas", "judul_seo": "mari-jaga-kantibmas", "isi_pengumuman": "<p>Bismillahirrahmannirrahim</p><p>Assalammualaikum Wr Wb.</p><p>&nbsp;</p><p>&nbsp;</p>", "view_count": 400, "share_count": 0, "word_count": 3, "status": "published", "created_at": "2022-08-19T08:39:46.005Z", "updated_at": "2024-07-08T18:09:49.480Z"}, "m2m": {"photo": [4438]}}, {"condition": {"id": 764}, "defaults": {"site_id": 32, "admin_id": 38, "judul": "Tegakkan Netralitas ASN dalam Pemilu 2024", "judul_seo": "tegakkan-netralitas-asn-dalam-pemilu-2024", "isi_pengumuman": "", "view_count": 1863, "share_count": 0, "word_count": 0, "status": "published", "created_at": "2024-01-23T06:55:04.825Z", "updated_at": "2024-07-11T22:54:00.428Z"}, "m2m": {"photo": [15362]}}, {"condition": {"id": 842}, "defaults": {"site_id": 32, "admin_id": 38, "judul": "Selamat Menunaikan ibadah haji 2024", "judul_seo": "selamat-menunaikan-ibadah-haji-2024", "isi_pengumuman": "Selamat Menunaikan ibadah haji 2024, semoga mendapatkan haji yang mabrur", "view_count": 1085, "share_count": 0, "word_count": 9, "status": "published", "created_at": "2024-05-13T00:23:01.511Z", "updated_at": "2024-07-11T20:23:59.841Z"}, "m2m": {"photo": [18497]}}]