[{"condition": {"id": 8}, "defaults": {"site_id": 58, "admin_id": 76, "nama": "AGENDA ZOOM MEETING STRATEGI  KOMUNIKASI IMUNISASI 2022 - 2025", "nama_seo": "agenda-zoom-meeting-strategi-komunikasi-imunisasi-2022-2025-58", "deskripsi": "<p>Hi, Healthies<br />\r\nAda yang baru nih... Strategi Komunikasi Imunisasi 2022-2025 akan dilaunching pada Selasa, 19 Juli 2022. Kira-kira apa sih bedanya dengan strategi komunikasi sebelumnya? Biar ngga makin penasaran, langsung aja catat tanggalnya, dan pastikan untuk join tepat waktu ya.</p>\r\n\r\n<p>#BIAN2022 #ayoimunisasi #promkes</p>\r\n\r\n<p>&nbsp;</p>\r\n\r\n<p><img alt=\"\" src=\"/media/uploads/puskesmaspelanganlobar/2022/07/19/49ac86f1-164e-44c2-8276-addd45205cc8.jpg\" style=\"height:583px; width:500px\" /></p>", "lokasi": "PUSKESMAS PELANGAN", "tanggal": "2022-07-19", "jam": "09:00:00", "penyelenggara": "KEMENKES", "dihadiri_oleh": "STAF", "view_count": 0, "status": "published", "created_at": "2022-07-19T12:41:20.280Z", "updated_at": "2022-07-19T12:41:20.280Z"}}]