[{"condition": {"id": 13}, "defaults": {"site_id": 64, "admin_id": 82, "nama": "BIMTEK PENGELOLAAN WEBSITE TINGKAT PUSKESMAS DAN KABUPATEN", "nama_seo": "bimtek-pengelolaan-website-tingkat-puskesmas-dan-kabupaten--64", "deskripsi": "", "lokasi": "Hotel Puri Saron Senggigi", "tanggal": "2023-05-23", "jam": "07:30:00", "penyelenggara": "DINAS KESEHATAN KABUPATEN LOMBOK BARAT", "dihadiri_oleh": "Pengelola Sistem Informasi Puskesmas", "view_count": 0, "status": "published", "created_at": "2023-05-23T02:23:15.138Z", "updated_at": "2023-05-23T02:23:15.138Z"}}, {"condition": {"id": 14}, "defaults": {"site_id": 64, "admin_id": 82, "nama": "MONITORING DAN EVALUASI IMPLEMENTASI PEMBAYARAN KAPITASI BERBASIS KINERJA (KBK)", "nama_seo": "monitoring-dan-evaluasi-implementasi-pembayaran-kapitasi-berbasis-kinerja-kbk--64", "deskripsi": "", "lokasi": "AULA DINKES LOMBOK BARAT", "tanggal": "2023-05-23", "jam": "10:00:00", "penyelenggara": "BPJS KESEHATAN CABANG MATARAM", "dihadiri_oleh": "KTU PUSKESMAS SURANADI", "view_count": 0, "status": "published", "created_at": "2023-05-23T02:59:49.533Z", "updated_at": "2023-05-23T02:59:49.533Z"}}]