[{"condition": {"id": 9}, "defaults": {"site_id": 51, "admin_id": 69, "nama": "Pertemuan Validasi Data HIV-AIDS", "nama_seo": "pertemuan-validasi-data-hiv-aids-51", "deskripsi": "<p><a href=\"http://Undangan%20Pertemuan%20Validasi%20Data%20HIV%20AIDS%20NTB.pdf\">http://Undangan%20Pertemuan%20Validasi%20Data%20HIV%20AIDS%20NTB.pdf</a></p>", "lokasi": ": Ruangan Rapat Balatbang Kant", "tanggal": "2022-07-25", "jam": "08:00:00", "penyelenggara": "KOMISI PENANGGULANGAN AIDS PROVINSI NUSA TENGGARA BARAT", "dihadiri_oleh": "Pemegang Program HIV-AIDS", "view_count": 0, "status": "published", "created_at": "2022-07-23T12:16:01.059Z", "updated_at": "2022-07-23T12:16:01.059Z"}}]