[{"condition": {"id": 60}, "defaults": {"site_id": 58, "admin_id": 76, "judul": "PENERAPAN KAWASAN TANPA ROKOK", "judul_seo": "penerapan-kawasan-tanpa-rokok", "isi_artikel": "<p>Apa Sih Kawasan Tanpa Rokok (KTR) itu? Kawasan Tanpa Rokok (KTR) adalah ruangan atau area yang dinyatakan dilarang untuk kegiatan merokok atau kegiatan memproduksi, menjual, mengiklankan, dan atau mempromosikan produk tembakau. Mengapa Ada Kawasan Tanpa Rokok</p>\r\n", "view_count": 66, "share_count": 0, "word_count": 36, "status": "published", "created_at": "2022-06-30T11:57:03.076Z", "updated_at": "2024-07-04T17:21:56.863Z"}, "m2m": {"photo": [2265, 2266]}}, {"condition": {"id": 61}, "defaults": {"site_id": 58, "admin_id": 76, "judul": "CEGAH STANTING ITU PENTING !!", "judul_seo": "cegah-stanting-itu-penting", "isi_artikel": "<p>Hi Healthies.</p>\r\n\r\n<p>Stunting masih menjadi masalah yang serius di negara kita, Untuk itu, upaya pencegahan stunting menjadi tanggung jawab kita bersama.</p>\r\n\r\n<p>Yuk, cek beberapa tips pencegahan stunting yang ada di website kita, atau juga bisa dengan melakukan Scan QR Code pada postingan berikut ini.<br />\r\n#promkes #germas #cegahstunting</p>\r\n", "view_count": 48, "share_count": 0, "word_count": 47, "status": "published", "created_at": "2022-06-30T12:00:44.694Z", "updated_at": "2024-07-04T17:21:53.661Z"}, "m2m": {"photo": [2267, 2268]}}, {"condition": {"id": 62}, "defaults": {"site_id": 58, "admin_id": 76, "judul": "5 LANGKAH HIDUP SEHAT MENGHADAPI CUACA TIDAK MENENTU", "judul_seo": "5-langkah-hidup-sehat-menghadapi-cuaca-tidak-menentu", "isi_artikel": "<p>Hi Healthies,</p>\r\n\r\n<p>Di tengah kondisi cuaca yang tidak menentu, tubuh kita akan jadi lebih mudah untuk terserang penyakit.</p>\r\n\r\n<p>Untuk itu, yuk lakukan 5 langkah sehat berikut ini, agar tubuh kita tetap fit dan sehat selama beraktivitas di musim pancaroba seperti saat ini.<br />\r\n#pancaroba #tipssehat #germas</p>", "view_count": 58, "share_count": 0, "word_count": 44, "status": "published", "created_at": "2022-06-30T12:01:54.005Z", "updated_at": "2024-07-03T12:24:19.859Z"}, "m2m": {"photo": [2269]}}, {"condition": {"id": 67}, "defaults": {"site_id": 58, "admin_id": 76, "judul": "MANFAAT BERHENTI MEROKOK", "judul_seo": "manfaat-berhenti-merokok", "isi_artikel": "", "view_count": 47, "share_count": 0, "word_count": 0, "status": "published", "created_at": "2022-07-02T12:04:08.572Z", "updated_at": "2024-07-02T06:48:27.159Z"}, "m2m": {"photo": [2361, 2362, 2363]}}, {"condition": {"id": 68}, "defaults": {"site_id": 58, "admin_id": 76, "judul": "PROGRAM PIS-PK UPT PUSKESMAS PELANGAN", "judul_seo": "program-pis-pk-upt-puskesmas-pelangan", "isi_artikel": "<p>PROGRAM PIS-PK UPT PUSKESMAS PELANGAN</p>\r\n", "view_count": 43, "share_count": 0, "word_count": 4, "status": "published", "created_at": "2022-07-02T12:17:30.043Z", "updated_at": "2024-07-02T06:48:28.734Z"}, "m2m": {"photo": [2366, 2367]}}, {"condition": {"id": 69}, "defaults": {"site_id": 58, "admin_id": 76, "judul": "TIPS SEHAT JAMAN NOW", "judul_seo": "tips-sehat-jaman-now", "isi_artikel": "<p>TIPS SEHAT JAMAN NOW</p>\r\n", "view_count": 46, "share_count": 0, "word_count": 4, "status": "published", "created_at": "2022-07-02T12:18:51.293Z", "updated_at": "2024-07-04T19:11:48.852Z"}, "m2m": {"photo": [2368, 2369]}}, {"condition": {"id": 70}, "defaults": {"site_id": 58, "admin_id": 76, "judul": "ODGJ", "judul_seo": "odgj", "isi_artikel": "<p>ANDA DEPRESI SILAHKAN KE PUSKESMAS PELANGAN</p>\r\n", "view_count": 54, "share_count": 0, "word_count": 6, "status": "published", "created_at": "2022-07-02T12:23:27.166Z", "updated_at": "2024-07-02T06:48:39.048Z"}, "m2m": {"photo": [2370, 2371]}}, {"condition": {"id": 114}, "defaults": {"site_id": 58, "admin_id": 76, "judul": "MENGENAL PENYAKIT LIMFOMA ??", "judul_seo": "mengenal-penyakit-limfoma", "isi_artikel": "", "view_count": 69, "share_count": 0, "word_count": 0, "status": "published", "created_at": "2022-07-19T12:51:48.397Z", "updated_at": "2024-07-02T19:18:33.171Z"}, "m2m": {"photo": [2921, 2922, 2923]}}, {"condition": {"id": 115}, "defaults": {"site_id": 58, "admin_id": 76, "judul": "APA ITU OBESITAS ???", "judul_seo": "apa-itu-obesitas", "isi_artikel": "", "view_count": 58, "share_count": 0, "word_count": 0, "status": "published", "created_at": "2022-07-19T12:53:08.761Z", "updated_at": "2024-07-02T06:48:57.224Z"}, "m2m": {"photo": [2924]}}, {"condition": {"id": 116}, "defaults": {"site_id": 58, "admin_id": 76, "judul": "MENGETAHUI PERAWATAN COVID-19 DI RUMAH !!", "judul_seo": "mengetahui-perawatan-covid-19-di-rumah", "isi_artikel": "", "view_count": 50, "share_count": 0, "word_count": 0, "status": "published", "created_at": "2022-07-19T12:54:37.645Z", "updated_at": "2024-07-02T06:48:38.319Z"}, "m2m": {"photo": [2925]}}, {"condition": {"id": 117}, "defaults": {"site_id": 58, "admin_id": 76, "judul": "JANGAN LALAI TAATI PROKES", "judul_seo": "jangan-lalai-taati-prokes", "isi_artikel": "", "view_count": 50, "share_count": 0, "word_count": 0, "status": "published", "created_at": "2022-07-19T12:56:41.397Z", "updated_at": "2024-07-02T06:48:39.440Z"}, "m2m": {"photo": [2926]}}, {"condition": {"id": 118}, "defaults": {"site_id": 58, "admin_id": 76, "judul": "TIPS KELOLA LIMBAH MASKER HABIS PAKAI !!", "judul_seo": "tips-kelola-limbah-masker-habis-pakai", "isi_artikel": "", "view_count": 50, "share_count": 0, "word_count": 0, "status": "published", "created_at": "2022-07-19T12:57:25.354Z", "updated_at": "2024-07-02T06:48:38.055Z"}, "m2m": {"photo": [2927]}}, {"condition": {"id": 119}, "defaults": {"site_id": 58, "admin_id": 76, "judul": "AYOK WASPADA DEMAM BERDARAH !!!", "judul_seo": "ayok-waspada-demam-berdarah", "isi_artikel": "", "view_count": 51, "share_count": 0, "word_count": 0, "status": "published", "created_at": "2022-07-19T12:58:44.485Z", "updated_at": "2024-07-02T06:48:36.133Z"}, "m2m": {"photo": [2928]}}, {"condition": {"id": 120}, "defaults": {"site_id": 58, "admin_id": 76, "judul": "AYOK KURANGI KONSUMSI ROKOK !!!", "judul_seo": "ayok-kurangi-konsumsi-rokok", "isi_artikel": "", "view_count": 61, "share_count": 0, "word_count": 0, "status": "published", "created_at": "2022-07-19T13:01:27.908Z", "updated_at": "2024-07-02T06:48:35.297Z"}, "m2m": {"photo": [2929]}}, {"condition": {"id": 121}, "defaults": {"site_id": 58, "admin_id": 76, "judul": "AYOOK CERAMAH !!", "judul_seo": "ayook-ceramah", "isi_artikel": "", "view_count": 73, "share_count": 0, "word_count": 0, "status": "published", "created_at": "2022-07-19T13:02:53.772Z", "updated_at": "2024-07-02T11:11:23.424Z"}, "m2m": {"photo": []}}, {"condition": {"id": 122}, "defaults": {"site_id": 58, "admin_id": 76, "judul": "AYOOKK JAGA PENDENGARAN ANDA, HINDARI KEBISINGAN !!", "judul_seo": "ayookk-jaga-pendengaran-anda-hindari-kebisingan", "isi_artikel": "", "view_count": 91, "share_count": 0, "word_count": 0, "status": "published", "created_at": "2022-07-19T13:04:32.548Z", "updated_at": "2024-07-04T17:23:30.906Z"}, "m2m": {"photo": [2932]}}, {"condition": {"id": 418}, "defaults": {"site_id": 58, "admin_id": 76, "judul": "CARA PENGUKURAN BB/TB  ", "judul_seo": "cara-pengukuran-bb-tb", "isi_artikel": "<p>Yuk simak cara pengukuran BB/TB</p>\r\n", "view_count": 546, "share_count": 0, "word_count": 4, "status": "published", "created_at": "2022-09-27T14:24:24.218Z", "updated_at": "2024-07-02T21:46:34.016Z"}, "m2m": {"photo": [6080]}}, {"condition": {"id": 419}, "defaults": {"site_id": 58, "admin_id": 76, "judul": "SEMINAR BEBAS RABIES 2023", "judul_seo": "seminar-bebas-rabies-2023", "isi_artikel": "<h2 style=\"font-style:italic\">Yuk Ikuti seminar Bebas Rabies&nbsp;</h2>\r\n", "view_count": 639, "share_count": 0, "word_count": 5, "status": "published", "created_at": "2022-09-27T14:30:58.907Z", "updated_at": "2024-07-05T19:41:33.437Z"}, "m2m": {"photo": [6087]}}, {"condition": {"id": 650}, "defaults": {"site_id": 58, "admin_id": 76, "judul": "AYOK POSYANDU", "judul_seo": "ayok-posyandu", "isi_artikel": "", "view_count": 145, "share_count": 0, "word_count": 0, "status": "published", "created_at": "2023-07-20T17:19:23.553Z", "updated_at": "2024-07-04T21:24:31.580Z"}, "m2m": {"photo": [11829]}}, {"condition": {"id": 651}, "defaults": {"site_id": 58, "admin_id": 76, "judul": "TIPS MENJAGA POLA HIDUP SEHAT !!", "judul_seo": "tips-menjaga-pola-hidup-sehat", "isi_artikel": "", "view_count": 276, "share_count": 0, "word_count": 0, "status": "published", "created_at": "2023-07-20T17:39:06.052Z", "updated_at": "2024-07-11T08:19:31.857Z"}, "m2m": {"photo": [11830]}}, {"condition": {"id": 659}, "defaults": {"site_id": 58, "admin_id": 76, "judul": "MOTIVASI SANG PEJUANG !!", "judul_seo": "motivasi-sang-pejuang", "isi_artikel": "", "view_count": 51, "share_count": 0, "word_count": 0, "status": "published", "created_at": "2023-07-21T15:27:44.489Z", "updated_at": "2024-07-02T06:48:56.486Z"}, "m2m": {"photo": [11857]}}, {"condition": {"id": 660}, "defaults": {"site_id": 58, "admin_id": 76, "judul": "TIPS !! Mengunci Kelembapan Kulit", "judul_seo": "tips-mengunci-kelembapan-kulit", "isi_artikel": "", "view_count": 47, "share_count": 0, "word_count": 0, "status": "published", "created_at": "2023-07-21T15:29:04.877Z", "updated_at": "2024-07-05T12:49:55.376Z"}, "m2m": {"photo": [11858]}}, {"condition": {"id": 661}, "defaults": {"site_id": 58, "admin_id": 76, "judul": "Kamu Gak PD sama wajah mu, Nih Tips Perawatan Wajah Biar Tetap Awet Muda !!", "judul_seo": "kamu-gak-pd-sama-wajah-mu-nih-tips-perawatan-wajah-biar-tetap-awet-muda", "isi_artikel": "", "view_count": 46, "share_count": 0, "word_count": 0, "status": "published", "created_at": "2023-07-21T15:31:29.265Z", "updated_at": "2024-07-05T13:02:13.301Z"}, "m2m": {"photo": [11859]}}, {"condition": {"id": 662}, "defaults": {"site_id": 58, "admin_id": 76, "judul": "Solusi Bagi Kamu yang Sering Menggunakan Skincare !!", "judul_seo": "solusi-bagi-kamu-yang-sering-menggunakan-skincare", "isi_artikel": "", "view_count": 35, "share_count": 0, "word_count": 0, "status": "published", "created_at": "2023-07-21T15:34:01.857Z", "updated_at": "2024-07-07T23:15:16.392Z"}, "m2m": {"photo": [11860]}}, {"condition": {"id": 663}, "defaults": {"site_id": 58, "admin_id": 76, "judul": "Rutinitas Perawatan Diri Di Malam hari Untuk Merawat Diri Sendiri", "judul_seo": "rutinitas-perawatan-diri-di-malam-hari-untuk-merawat-diri-sendiri", "isi_artikel": "", "view_count": 41, "share_count": 0, "word_count": 0, "status": "published", "created_at": "2023-07-21T15:37:08.951Z", "updated_at": "2024-07-02T06:48:49.705Z"}, "m2m": {"photo": [11861]}}, {"condition": {"id": 664}, "defaults": {"site_id": 58, "admin_id": 76, "judul": "TIPS!! PERAWATAN KULIT PAGI", "judul_seo": "tips-perawatan-kulit-pagi", "isi_artikel": "", "view_count": 39, "share_count": 0, "word_count": 0, "status": "published", "created_at": "2023-07-21T15:38:38.113Z", "updated_at": "2024-07-02T06:48:44.101Z"}, "m2m": {"photo": [11862]}}, {"condition": {"id": 665}, "defaults": {"site_id": 58, "admin_id": 76, "judul": "TAHUKAH KAMU !! PENYEBAB GUSI BERDARAH ?", "judul_seo": "tahukah-kamu-penyebab-gusi-berdarah", "isi_artikel": "", "view_count": 42, "share_count": 0, "word_count": 0, "status": "published", "created_at": "2023-07-21T15:40:39.463Z", "updated_at": "2024-07-11T10:48:48.199Z"}, "m2m": {"photo": [11863]}}, {"condition": {"id": 667}, "defaults": {"site_id": 58, "admin_id": 76, "judul": "TIPS MENJAGA KESEHATAN !!", "judul_seo": "tips-menjaga-kesehatan", "isi_artikel": "", "view_count": 42, "share_count": 0, "word_count": 0, "status": "published", "created_at": "2023-07-21T15:42:27.184Z", "updated_at": "2024-07-02T06:48:48.391Z"}, "m2m": {"photo": [11865]}}, {"condition": {"id": 668}, "defaults": {"site_id": 58, "admin_id": 76, "judul": "TAHUKAH KAMU !! MADU BISA MENGHALUSKAN KULIT KITA", "judul_seo": "tahukah-kamu-madu-bisa-menghaluskan-kulit-kita", "isi_artikel": "", "view_count": 39, "share_count": 0, "word_count": 0, "status": "published", "created_at": "2023-07-21T15:43:53.600Z", "updated_at": "2024-07-02T06:48:42.449Z"}, "m2m": {"photo": [11866]}}, {"condition": {"id": 669}, "defaults": {"site_id": 58, "admin_id": 76, "judul": "Isi Piringku untuk Balita 2-5 Tahun", "judul_seo": "isi-piringku-untuk-balita-2-5-tahun", "isi_artikel": "<p><span style=\"background-color:rgb(255,255,255);color:rgb(0,0,0);\">Protein hewani dalam makanan sehari-hari merupakan hal yang baik bagi kesehatan. Untuk itu, Yuk ikuti isi piringku untuk balita 2-5 Tahun pada media berikut ini</span></p>", "view_count": 49, "share_count": 0, "word_count": 23, "status": "published", "created_at": "2023-07-21T15:53:36.995Z", "updated_at": "2024-07-11T09:53:02.710Z"}, "m2m": {"photo": [11867]}}, {"condition": {"id": 670}, "defaults": {"site_id": 58, "admin_id": 76, "judul": "Isi Piringku untuk Bayi 6-8 Bulan", "judul_seo": "isi-piringku-untuk-bayi-6-8-bulan", "isi_artikel": "<p><span style=\"background-color:rgb(255,255,255);color:rgb(0,0,0);\">Protein hewani dalam makanan sehari-hari merupakan hal yang baik bagi kesehatan. Untuk itu, Yuk ikuti isi piringku untuk bayi 6-8 Bulan pada media berikut ini</span></p>", "view_count": 46, "share_count": 0, "word_count": 23, "status": "published", "created_at": "2023-07-21T15:54:44.344Z", "updated_at": "2024-07-11T22:49:08.338Z"}, "m2m": {"photo": [11868]}}, {"condition": {"id": 671}, "defaults": {"site_id": 58, "admin_id": 76, "judul": "Isi Piringku untuk Bayi 9-11 Bulan", "judul_seo": "isi-piringku-untuk-bayi-9-11-bulan", "isi_artikel": "<p><span style=\"background-color:rgb(255,255,255);color:rgb(0,0,0);\">Protein hewani dalam makanan sehari-hari merupakan hal yang baik bagi kesehatan. Untuk itu, Yuk ikuti isi piringku untuk&nbsp;bayi 9-11 Bulan pada media berikut ini</span></p>", "view_count": 38, "share_count": 0, "word_count": 23, "status": "published", "created_at": "2023-07-21T15:57:09.612Z", "updated_at": "2024-07-02T06:48:41.710Z"}, "m2m": {"photo": [11869]}}, {"condition": {"id": 672}, "defaults": {"site_id": 58, "admin_id": 76, "judul": "Isi Piringku untuk Balita 12-23 Bulan", "judul_seo": "isi-piringku-untuk-balita-12-23-bulan", "isi_artikel": "<p><span style=\"background-color:rgb(255,255,255);color:rgb(0,0,0);\">Protein hewani dalam makanan sehari-hari merupakan hal yang baik bagi kesehatan. Untuk itu, Yuk ikuti isi piringku untuk balita 12-23 Bulan pada media berikut ini</span></p>", "view_count": 54, "share_count": 0, "word_count": 23, "status": "published", "created_at": "2023-07-21T15:58:56.298Z", "updated_at": "2024-07-12T01:52:46.063Z"}, "m2m": {"photo": [11870]}}, {"condition": {"id": 673}, "defaults": {"site_id": 58, "admin_id": 76, "judul": "Isi Piringku Kaya Protein Hewani untuk Ibu Menyusui", "judul_seo": "isi-piringku-kaya-protein-hewani-untuk-ibu-menyusui", "isi_artikel": "<p><span style=\"background-color:rgb(255,255,255);color:rgb(0,0,0);\">Protein hewani dalam makanan sehari-hari merupakan hal yang baik bagi kesehatan. Untuk itu, Yuk ikuti isi piringku untuk ibu menyusui pada media berikut ini</span></p>", "view_count": 45, "share_count": 0, "word_count": 23, "status": "published", "created_at": "2023-07-21T16:05:14.384Z", "updated_at": "2024-07-11T03:17:28.013Z"}, "m2m": {"photo": [11871]}}, {"condition": {"id": 674}, "defaults": {"site_id": 58, "admin_id": 76, "judul": "Isi Piringku Kaya Protein Hewani untuk Ibu Hamil", "judul_seo": "isi-piringku-kaya-protein-hewani-untuk-ibu-hamil", "isi_artikel": "<p><span style=\"background-color:rgb(255,255,255);color:rgb(0,0,0);\">Protein hewani dalam makanan sehari-hari merupakan hal yang baik bagi kesehatan. Untuk itu, Yuk ikuti isi piringku untuk ibu hamil pada media berikut ini</span></p>", "view_count": 38, "share_count": 0, "word_count": 23, "status": "published", "created_at": "2023-07-21T16:06:13.285Z", "updated_at": "2024-07-02T21:46:33.738Z"}, "m2m": {"photo": [11872]}}, {"condition": {"id": 675}, "defaults": {"site_id": 58, "admin_id": 76, "judul": "TIPS AGAR TUBUH MU TETAP SEHAT", "judul_seo": "tips-agar-tubuh-mu-tetap-sehat", "isi_artikel": "", "view_count": 55, "share_count": 0, "word_count": 0, "status": "published", "created_at": "2023-07-21T16:08:49.432Z", "updated_at": "2024-07-06T01:09:10.675Z"}, "m2m": {"photo": [11873]}}, {"condition": {"id": 676}, "defaults": {"site_id": 58, "admin_id": 76, "judul": "Peringatan Hari NTD Sedunia 2023", "judul_seo": "peringatan-hari-ntd-sedunia-2023", "isi_artikel": "<p><span style=\"background-color:rgb(255,255,255);color:rgb(0,0,0);\">Dalam rangka menyambut Peringatan Hari NTD Sedunia 2023</span></p>", "view_count": 137, "share_count": 0, "word_count": 7, "status": "published", "created_at": "2023-07-21T16:11:13.431Z", "updated_at": "2024-07-10T19:26:47.121Z"}, "m2m": {"photo": [11874, 11875]}}, {"condition": {"id": 677}, "defaults": {"site_id": 58, "admin_id": 76, "judul": "Dalam rangka menyambut bulan keselamatan Dan Kesehatan  Kerja (K3)", "judul_seo": "dalam-rangka-menyambut-bulan-keselamatan-dan-kesehatan-kerja-k3", "isi_artikel": "", "view_count": 284, "share_count": 0, "word_count": 0, "status": "published", "created_at": "2023-07-21T16:21:49.151Z", "updated_at": "2024-07-10T19:26:43.425Z"}, "m2m": {"photo": [11876, 11877, 11878]}}, {"condition": {"id": 678}, "defaults": {"site_id": 58, "admin_id": 76, "judul": "Protein Hewani Cegah Stunting", "judul_seo": "protein-hewani-cegah-stunting", "isi_artikel": "", "view_count": 327, "share_count": 0, "word_count": 0, "status": "published", "created_at": "2023-07-21T16:31:37.781Z", "updated_at": "2024-07-10T19:26:47.666Z"}, "m2m": {"photo": [11879]}}, {"condition": {"id": 679}, "defaults": {"site_id": 58, "admin_id": 76, "judul": "Pencegahan Stunting Pada Anak", "judul_seo": "pencegahan-stunting-pada-anak", "isi_artikel": "<p style=\"text-align:justify;\">Belakangan stunting sedang hangat diperbincangkan banyak orang, khususnya para ibu. Berdasarkan WHO, stunting adalah gangguan tumbuh kembang anak yang disebabkan kekurangan asupan gizi, terserang infeksi, maupun stimulasi yang tak memadai.</p><p style=\"text-align:justify;\">Jumlah penderita stunting di Indonesia menurut hasil Riskesdas 2018 terus menurun. Tetapi langkah pencegahan stunting sangat perlu dilakukan, apa sajakah caranya? Simak selengkapnya berikut ini.</p><p>Memenuhi kebutuhan gizi sejak hamil<br>Tindakan yang relatif ampuh dilakukan untuk mencegah stunting pada anak adalah selalu memenuhi gizi sejak masa kehamilan. Lembaga kesehatan Millenium Challenge Account Indonesia menyarankan agar ibu yang sedang mengandung selalu mengonsumsi makanan sehat nan bergizi maupun suplemen atas anjuran dokter. Selain itu, perempuan yang sedang menjalani proses kehamilan juga sebaiknya rutin memeriksakan kesehatannya ke dokter atau bidan.</p><p>Beri ASI Eksklusif sampai bayi berusia 6 bulan<br>Veronika Scherbaum, ahli nutrisi dari Universitas Hohenheim, Jerman, menyatakan ASI ternyata berpotensi mengurangi peluang stunting pada anak berkat kandungan gizi mikro dan makro. Oleh karena itu, ibu disarankan untuk tetap memberikan ASI Eksklusif selama enam bulan kepada sang buah hati. Protein whey dan kolostrum yang terdapat pada susu ibu pun dinilai mampu meningkatkan sistem kekebalan tubuh bayi yang terbilang rentan.</p><p>Dampingi ASI Eksklusif dengan MPASI sehat<br>Ketika bayi menginjak usia 6 bulan ke atas, maka ibu sudah bisa memberikan makanan pendamping atau MPASI. Dalam hal ini pastikan makanan-makanan yang dipilih bisa memenuhi gizi mikro dan makro yang sebelumnya selalu berasal dari ASI untuk mencegah stunting. WHO pun merekomendasikan fortifikasi atau penambahan nutrisi ke dalam makanan. Di sisi lain, sebaiknya ibu berhati-hati saat akan menentukan produk tambahan tersebut. Konsultasikan dulu dengan dokter.</p><p>Terus memantau tumbuh kembang anak<br>Orang tua perlu terus memantau tumbuh kembang anak mereka, terutama dari tinggi dan berat badan anak. Bawa si Kecil secara berkala ke Posyandu maupun klinik khusus anak. Dengan begitu, akan lebih mudah bagi ibu untuk mengetahui gejala awal gangguan dan penanganannya.</p><p>Selalu jaga kebersihan lingkungan<br>Seperti yang diketahui, anak-anak sangat rentan akan serangan penyakit, terutama kalau lingkungan sekitar mereka kotor. Faktor ini pula yang secara tak langsung meningkatkan peluang stunting. Studi yang dilakukan di Harvard Chan School menyebutkan diare adalah faktor ketiga yang menyebabkan gangguan kesehatan tersebut. Sementara salah satu pemicu diare datang dari paparan kotoran yang masuk ke dalam tubuh manusia.<br>Semoga informasi ini membantu para ibu mencegah stunting dan meningkatkan kualitas kesehatan anak.</p>", "view_count": 387, "share_count": 0, "word_count": 351, "status": "published", "created_at": "2023-07-21T16:39:39.772Z", "updated_at": "2024-07-10T19:26:47.146Z"}, "m2m": {"photo": [11880]}}, {"condition": {"id": 714}, "defaults": {"site_id": 58, "admin_id": 76, "judul": "DIRGAHAYU KE-78 2023", "judul_seo": "dirgahayu-ke-78-2023", "isi_artikel": "", "view_count": 1862, "share_count": 0, "word_count": 0, "status": "published", "created_at": "2023-08-08T02:31:30.569Z", "updated_at": "2024-07-10T19:42:53.630Z"}, "m2m": {"photo": [12464]}}]