[{"condition": {"id": 189}, "defaults": {"site_id": 62, "admin_id": 80, "judul": "Kelas Ibu Hamil", "judul_seo": "kelas-ibu-hamil-1", "isi_artikel": "<p style=\"text-align:center\"><span style=\"font-size:11pt\"><span style=\"font-family:Calibri,&quot;sans-serif&quot;\"><span style=\"font-size:12.0pt\"><span style=\"font-family:&quot;Times New Roman&quot;,&quot;serif&quot;\">LAPORAN KEGIATAN UPT PUSKESMAS SESELA</span></span></span></span></p>\r\n\r\n<p><span style=\"font-size:11pt\"><span style=\"font-family:Calibri,&quot;sans-serif&quot;\"><span style=\"font-size:12.0pt\"><span style=\"font-family:&quot;Times New Roman&quot;,&quot;serif&quot;\">Nama Kegiatan : Kelas Ibu Hamil</span></span></span></span></p>\r\n\r\n<p><span style=\"font-size:11pt\"><span style=\"font-family:Calibri,&quot;sans-serif&quot;\"><span style=\"font-size:12.0pt\"><span style=\"font-family:&quot;Times New Roman&quot;,&quot;serif&quot;\">Hari/Tanggal : Sabtu, 23 Juli 2022</span></span></span></span></p>\r\n\r\n<p><span style=\"font-size:11pt\"><span style=\"font-family:Calibri,&quot;sans-serif&quot;\"><span style=\"font-size:12.0pt\"><span style=\"font-family:&quot;Times New Roman&quot;,&quot;serif&quot;\">Lokasi Kegiatan : Dusun Barat Kubur</span></span></span></span></p>\r\n\r\n<p><span style=\"font-size:11pt\"><span style=\"font-family:Calibri,&quot;sans-serif&quot;\"><span style=\"font-size:12.0pt\"><span style=\"font-family:&quot;Times New Roman&quot;,&quot;serif&quot;\">Tujuan pelaksanaan : Meningkatkan pengetahuan ibu hamil dalam pentingnya tanda bahayab nifas dan bayi baru lahir sehat</span></span></span></span></p>\r\n\r\n<p><span style=\"font-size:11pt\"><span style=\"font-family:Calibri,&quot;sans-serif&quot;\"><span style=\"font-size:12.0pt\"><span style=\"font-family:&quot;Times New Roman&quot;,&quot;serif&quot;\">Narasumber/ petugas : Dewi Fitriani dan Zesty Vilarosa</span></span></span></span></p>\r\n\r\n<p><span style=\"font-size:11pt\"><span style=\"font-family:Calibri,&quot;sans-serif&quot;\"><span style=\"font-size:12.0pt\"><span style=\"font-family:&quot;Times New Roman&quot;,&quot;serif&quot;\">Peserta/sasaran: Ibu hamil</span></span></span></span></p>\r\n\r\n<p><span style=\"font-size:11pt\"><span style=\"font-family:Calibri,&quot;sans-serif&quot;\"><span style=\"font-size:12.0pt\"><span style=\"font-family:&quot;Times New Roman&quot;,&quot;serif&quot;\">Hasil kegiatan/Output :</span></span></span></span></p>\r\n\r\n<ol>\r\n\t<li><span style=\"font-size:11pt\"><span style=\"font-family:Calibri,&quot;sans-serif&quot;\"><span style=\"font-size:12.0pt\"><span style=\"font-family:&quot;Times New Roman&quot;,&quot;serif&quot;\">Ibu hamil mengetahui tanda bahaya selama masa nifas</span></span></span></span></li>\r\n\t<li><span style=\"font-size:11pt\"><span style=\"font-family:Calibri,&quot;sans-serif&quot;\"><span style=\"font-size:12.0pt\"><span style=\"font-family:&quot;Times New Roman&quot;,&quot;serif&quot;\">Ibu hamil mengetahui pentingnya menjaga bayi baru lagir agar tetap sehat</span></span></span></span></li>\r\n\t<li><span style=\"font-size:11pt\"><span style=\"font-family:Calibri,&quot;sans-serif&quot;\"><span style=\"font-size:12.0pt\"><span style=\"font-family:&quot;Times New Roman&quot;,&quot;serif&quot;\">Adanya timbal balik antara petugas dan peserta kelas ibu hamil</span></span></span></span></li>\r\n</ol>\r\n\r\n<p style=\"margin-left:48px\"><span style=\"font-size:11pt\"><span style=\"font-family:Calibri,&quot;sans-serif&quot;\"><span style=\"font-size:12.0pt\"><span style=\"font-family:&quot;Times New Roman&quot;,&quot;serif&quot;\">Laporan Dokumentasi/foto :</span></span></span></span></p>\r\n\r\n<p style=\"margin-left:48px\"><img src=\"/media/uploads/puskesmasseselalobar/2022/07/25/image-20220725115948-1.jpeg\" style=\"height:685px; width:706px\" /><img src=\"/media/uploads/puskesmasseselalobar/2022/07/25/image-20220725115948-2.jpeg\" style=\"height:685px; width:754px\" /><span style=\"font-size:11pt\"><span style=\"font-family:Calibri,&quot;sans-serif&quot;\">&nbsp;&nbsp;&nbsp;&nbsp; </span></span></p>\r\n\r\n<p>&nbsp;</p>\r\n", "view_count": 156, "share_count": 0, "word_count": 73, "status": "published", "created_at": "2022-07-25T12:02:07.999Z", "updated_at": "2024-06-26T17:12:22.858Z"}, "m2m": {"photo": [3208]}}, {"condition": {"id": 190}, "defaults": {"site_id": 62, "admin_id": 80, "judul": "Kunjungan KF dan KN", "judul_seo": "kunjungan-kf-dan-kn", "isi_artikel": "<p style=\"text-align:center\"><span style=\"font-size:11pt\"><span style=\"font-family:Calibri,&quot;sans-serif&quot;\"><span style=\"font-size:12.0pt\"><span style=\"font-family:&quot;Times New Roman&quot;,&quot;serif&quot;\">LAPORAN KEGIATAN UPT PUSKESMAS SESELA</span></span></span></span></p>\r\n\r\n<p><span style=\"font-size:11pt\"><span style=\"font-family:Calibri,&quot;sans-serif&quot;\"><span style=\"font-size:12.0pt\"><span style=\"font-family:&quot;Times New Roman&quot;,&quot;serif&quot;\">Nama Kegiatan : Kunjungan KF dan KN</span></span></span></span></p>\r\n\r\n<p><span style=\"font-size:11pt\"><span style=\"font-family:Calibri,&quot;sans-serif&quot;\"><span style=\"font-size:12.0pt\"><span style=\"font-family:&quot;Times New Roman&quot;,&quot;serif&quot;\">Hari/Tanggal : Sabtu, 23 Juli 2022</span></span></span></span></p>\r\n\r\n<p><span style=\"font-size:11pt\"><span style=\"font-family:Calibri,&quot;sans-serif&quot;\"><span style=\"font-size:12.0pt\"><span style=\"font-family:&quot;Times New Roman&quot;,&quot;serif&quot;\">Lokasi Kegiatan : Dusun Lendang</span></span></span></span></p>\r\n\r\n<p><span style=\"font-size:11pt\"><span style=\"font-family:Calibri,&quot;sans-serif&quot;\"><span style=\"font-size:12.0pt\"><span style=\"font-family:&quot;Times New Roman&quot;,&quot;serif&quot;\">Tujuan Pelaksanaan : untuk mengetahui perkembangan&nbsp; bayi baru lahir dan masa nifas </span></span></span></span></p>\r\n\r\n<p><span style=\"font-size:11pt\"><span style=\"font-family:Calibri,&quot;sans-serif&quot;\"><span style=\"font-size:12.0pt\"><span style=\"font-family:&quot;Times New Roman&quot;,&quot;serif&quot;\">Narasumber/Petugas : Zesty Vilarosa</span></span></span></span></p>\r\n\r\n<p><span style=\"font-size:11pt\"><span style=\"font-family:Calibri,&quot;sans-serif&quot;\"><span style=\"font-size:12.0pt\"><span style=\"font-family:&quot;Times New Roman&quot;,&quot;serif&quot;\">Peserta/Sasaran : Ibu Nifas dan bayi baru lahir</span></span></span></span></p>\r\n\r\n<p><span style=\"font-size:11pt\"><span style=\"font-family:Calibri,&quot;sans-serif&quot;\"><span style=\"font-size:12.0pt\"><span style=\"font-family:&quot;Times New Roman&quot;,&quot;serif&quot;\">Hasil kegiatan/Output :</span></span></span></span></p>\r\n\r\n<ol>\r\n\t<li><span style=\"font-size:11pt\"><span style=\"font-family:Calibri,&quot;sans-serif&quot;\"><span style=\"font-size:12.0pt\"><span style=\"font-family:&quot;Times New Roman&quot;,&quot;serif&quot;\">Bidan mulai mengajarkan tentang perawatan tali pusat dan personal hygiene untuk ibu nifas</span></span></span></span></li>\r\n\t<li><span style=\"font-size:11pt\"><span style=\"font-family:Calibri,&quot;sans-serif&quot;\"><span style=\"font-size:12.0pt\"><span style=\"font-family:&quot;Times New Roman&quot;,&quot;serif&quot;\">Menganjurkan ibu nifas untuk mengkonsumsi banyak makanan yang mengandung&nbsp; protein dan nutrisi</span></span></span></span></li>\r\n\t<li><span style=\"font-size:11pt\"><span style=\"font-family:Calibri,&quot;sans-serif&quot;\"><span style=\"font-size:12.0pt\"><span style=\"font-family:&quot;Times New Roman&quot;,&quot;serif&quot;\">Membuat laporan kegiatan dan mendokumentasikan DAUN dari pelayanan&nbsp; KN dan KF</span></span></span></span></li>\r\n</ol>\r\n\r\n<p style=\"margin-left:48px\"><span style=\"font-size:11pt\"><span style=\"font-family:Calibri,&quot;sans-serif&quot;\"><span style=\"font-size:12.0pt\"><span style=\"font-family:&quot;Times New Roman&quot;,&quot;serif&quot;\">Lampiran Dokumentasi/foto</span></span></span></span></p>\r\n\r\n<p style=\"margin-left:48px\">&nbsp;</p>\r\n\r\n<p style=\"margin-left:48px\"><img src=\"/media/uploads/puskesmasseselalobar/2022/07/25/image-20220725120256-1.jpeg\" style=\"height:809px; width:1023px\" /></p>\r\n\r\n<p>&nbsp;</p>\r\n\r\n<p>&nbsp;</p>\r\n", "view_count": 196, "share_count": 0, "word_count": 74, "status": "published", "created_at": "2022-07-25T12:03:41.740Z", "updated_at": "2024-07-04T19:02:47.540Z"}, "m2m": {"photo": [3212]}}]