[{"condition": {"id": 124}, "defaults": {"site_id": 53, "admin_id": 71, "judul": "Pelatihan Pengelolaan & Pengolahan Sampah Berbasis Rumah Tangga", "judul_seo": "pelatihan-pengelolaan-pengolahan-sampah-berbasis-rumah-tangga", "isi_artikel": "<p>Pelatihan pengelolaan &amp; pengolahan sampah berbasis Rumah Tangga untuk Kader Posyandu dan Masyarakat sekitar sasaran di Posyandu Keluarga Ceria Dusun Ranjok Utara, Desa Dopang Kec. Gunungsari Lombok Barat dari tanggal 15 &amp; 16 Juli 2022</p>\r\n", "view_count": 40, "share_count": 0, "word_count": 30, "status": "published", "created_at": "2022-07-19T15:13:16.810Z", "updated_at": "2024-07-08T22:53:03.215Z"}, "m2m": {"photo": [2943, 2944, 2945]}}, {"condition": {"id": 390}, "defaults": {"site_id": 53, "admin_id": 71, "judul": "Pemeriksaan SDIDTKA di seluruh posyandu wilayah kerja UPT Puskesmas Gunungsari", "judul_seo": "pemeriksaan-sdidtka-di-seluruh-posyandu-wilayah-kerja-upt-puskesmas-gunungsari", "isi_artikel": "<p>Guna memastikan tumbuh kembang anak usia dini sesuai dengan standar kesehatan, Puskesmas Gunungsari melaksanakan kegiatan Stimulasi Dini dan Intervensi Dini Tumbuh Kembang Anak (SDIDTKA) di seluruh paud yang ada di wilayah kerjanya. melalui kegiatan ini diharapkan semua anak balita terpantau kesehatan dan tumbuh kembangnya , jika nantinya ditemukan anak yang memiliki permasalahan baik dalam tubuh dan kembangnya dapat di deteksi secara dini dan dilakukan penanganan lebih lanjut</p>\r\n", "view_count": 71, "share_count": 0, "word_count": 66, "status": "published", "created_at": "2022-09-15T13:58:15.740Z", "updated_at": "2024-07-10T21:46:40.484Z"}, "m2m": {"photo": [5571, 5572, 5573]}}, {"condition": {"id": 391}, "defaults": {"site_id": 53, "admin_id": 71, "judul": "Kegiatan Penjaringan UKS di Sekolah Wilayah Kerja Puskesmas Gunungsari", "judul_seo": "kegiatan-penjaringan-uks-di-sekolah-wilayah-kerja-puskesmas-gunungsari", "isi_artikel": "<p>Pelaksanaan kegiatan penjaringan kesehatan pada siswa-siswi sekolah dasar oleh programer UKS berkolaborasi dengan petugas gizi, perawat dan petugas lab.</p>\r\n\r\n<p>Kegiatan ini bertujuan untuk meningkatkan derajat kesehatan peserta didik secara optimal.</p>\r\n", "view_count": 345, "share_count": 0, "word_count": 29, "status": "published", "created_at": "2022-09-15T14:05:54.589Z", "updated_at": "2024-05-30T13:59:50.783Z"}, "m2m": {"photo": [5574]}}, {"condition": {"id": 410}, "defaults": {"site_id": 53, "admin_id": 71, "judul": "Kemeriahan HUT RI Ke 77", "judul_seo": "kemeriahan-hut-ri-ke-77", "isi_artikel": "<p>Bencingah- Giri Menang, 26 Agustus 2022</p>\r\n\r\n<p>TIM Puskesmas Gunungsari berpartisipasi dalam rangka memeriahkan HUT RI ke 77 yang dirangkai dengan kegiatan implementasi GERMAS dan Aksi Bergizi&nbsp;<img alt=\"smiley\" src=\"https://puskesmasgunungsari-dikes.lombokbaratkab.go.id/static/ckeditor/ckeditor/plugins/smiley/images/regular_smile.png\" style=\"height:23px; width:23px\" title=\"smiley\" /></p>\r\n", "view_count": 95, "share_count": 0, "word_count": 23, "status": "published", "created_at": "2022-09-27T08:40:48.498Z", "updated_at": "2024-06-06T09:03:11.864Z"}, "m2m": {"photo": [6012, 6013]}}, {"condition": {"id": 411}, "defaults": {"site_id": 53, "admin_id": 71, "judul": "Pemeriksaan HBAIC dan kimia darah Lab. Klinik Prodia di UPT Puskesmas Gunungsari", "judul_seo": "pemeriksaan-hbaic-dan-kimia-darah-lab-klinik-prodia-di-upt-puskesmas-gunungsari", "isi_artikel": "<p>Gunungsari, 12 Agustus 2022</p>\r\n\r\n<p>Kegiatan tahunan program Pengelolaan Penyakit Kronis DM HT, pemeriksaan kesehatan HBA1C dan kima darah oleh Lab. Klinik Prodia di UPT Puskesmas Gunungsari dan diawali dengan senam bersama anggota prolanis dan setaf puskesmas gununungsari</p>\r\n\r\n<p>Pemeriksaan HbA1c merupakan pemeriksaan dengan&nbsp;mengukur kadar atau prosentase glukosa yang terikat dengan hemoglobin.&nbsp;emoglobin adalah protein pembawa oksigen yang terletak dalam sel darah merah. Pemeriksaan ini tergantung dari kadar glukosa dan jumlah serta umur sel darah merah.</p>\r\n", "view_count": 113, "share_count": 0, "word_count": 71, "status": "published", "created_at": "2022-09-27T08:56:09.709Z", "updated_at": "2024-05-30T21:49:04.200Z"}, "m2m": {"photo": [6014, 6015, 6016]}}, {"condition": {"id": 412}, "defaults": {"site_id": 53, "admin_id": 71, "judul": "Pertemuan Evaluasi Tablet Tambah Darah pada remaja", "judul_seo": "pertemuan-evaluasi-tablet-tambah-darah-pada-remaja", "isi_artikel": "<p>Gunungsari - 26 Juli 2022</p>\r\n\r\n<p>Pelaksana Gizi Puskesmas langsung turun Melaksanakan Pemberian Tablet Tambah Darah (TTD) bersama dengan guru sekolah untuk Remaja Putri di sekolah wilayah kerja UPT Puskesmas Gunungsari.&nbsp;Remaja putri memang mudah terkena anemia&nbsp;yang ditandai dengan tubuh mudah lemas ataupun mudah pingsan, karena mengalami&nbsp;menstruasi. Untuk itu tablet penambah darah dibutuhkan untuk mengatasi&nbsp;anemia.</p>\r\n\r\n<p>Saya remaja sehat, anti anemia</p>\r\n\r\n<p>Sayasehat, kuat dan pintar</p>\r\n", "view_count": 59, "share_count": 0, "word_count": 63, "status": "published", "created_at": "2022-09-27T09:11:39.138Z", "updated_at": "2024-05-20T03:55:14.570Z"}, "m2m": {"photo": [6032, 6033, 6034]}}, {"condition": {"id": 413}, "defaults": {"site_id": 53, "admin_id": 71, "judul": "TOSS TB ", "judul_seo": "toss-tb", "isi_artikel": "<p>Gunungsari - 21 Juli 2022</p>\r\n\r\n<p>Temukan dan Obati smpai sembuh</p>\r\n\r\n<p>Kegiatan CBA (Comunity Base Aprouch) yang dilaksanakan di wilayan kerja UPT Puskesmas Gunungsari adalah kegiatan yang bertujuan untuk meningkatkan pengetahuan masyarakat tentang penyakit TBC dan ikut berperan serta dalam penemuan kasus TBC di masyarakat sehingga memudahkan petugas dalam memberikanintervensi sedini mungkin untuk mencegah penularan pada masyarakat lainnya</p>\r\n\r\n<p>&nbsp;</p>\r\n", "view_count": 139, "share_count": 0, "word_count": 54, "status": "published", "created_at": "2022-09-27T09:22:05.901Z", "updated_at": "2024-05-29T07:53:03.929Z"}, "m2m": {"photo": [6037, 6038]}}, {"condition": {"id": 414}, "defaults": {"site_id": 53, "admin_id": 71, "judul": "Pencanangan Bulan Imunisasi Anak Nasional", "judul_seo": "pencanangan-bulan-imunisasi-anak-nasional", "isi_artikel": "<p>Gunungsari - Rabu, 18 Mei 2022</p>\r\n\r\n<p>Sekali lagi, Puskesmas Gunungsari dipercaya sebagai lokasi Pencangan Bulan Imunisasi Anak Nasional (BIAN)</p>\r\n\r\n<p>Ibu wakil Gubernur Nusa Tenggara Barat (NTB) beserta rombongan didampingi oleh Bapak Kepala Dinas Kesehatan Provonsi Nusa Tenggara Barat dan Bapak Kepala Dinas Kesehatan Kabupaten Lombok Barta hadir untuk mencanangkan kegiatan BIAN secara serentak di seluruh Indonesia di luar wilayah Jawa/Bali melalui video confrence</p>\r\n\r\n<p>Dalam kesempat itu juga diserahkan bantuan berupa Posyandu Keluarga KIT kepada posyandu kelurga dusun ranjok utara desa Dopang yang langsungdiserahkan oleh ibu wakil Gubernur NTB. BIAN adalah salah satu strategi pemerintah untuk meningkatkan cakupan imunisasi dasar lengkap pada anak, dimana cakupannya menurun akibat pandemi covid 19.</p>\r\n\r\n<p>Program ini bertujuan untuk melindungi bayi dan balita dari penyakit yang bisa dicegah dengan imunisasi, adapun jenis imunisasi yang diberikan adalah imunisasi tambahan campak rubella serta melengkapi dosis imunisasi polio, DPT, HB , HIB yang terlewati.</p>\r\n\r\n<p>Mari sukseskan Program BIAN dengan membawa bayi dan balita anda ke posyandu atau puskesmas terdekat untuk mendaptkan imunisasi untuk bayi dan balita yang lebih sehat.</p>\r\n", "view_count": 186, "share_count": 0, "word_count": 164, "status": "published", "created_at": "2022-09-27T09:50:39.593Z", "updated_at": "2024-05-29T07:53:20.396Z"}, "m2m": {"photo": [6043, 6044, 6045]}}, {"condition": {"id": 415}, "defaults": {"site_id": 53, "admin_id": 71, "judul": "Refreshing Kader Posyandu Keluarga", "judul_seo": "refreshing-kader-posyandu-keluarga", "isi_artikel": "<p>Gunungsari - 26 Maret 2022</p>\r\n\r\n<p>Dalam rangka meningkatkan pengetahuan, keterampilan dan kapasitas kader posyandu&nbsp; keluarga di wilayah kerja UPT Puskesmas Gunungsari telah dilaksanakan kegiatan refreshing kader posyandu keluarga yang diikuti oleh 90 orang kader yang terdiri dari kader lansia, kader posbindu, dan kader remaja. diharapkan dengan sudah dilatihnya kader-kader ini dapat meningkatkan pelaynan dasar kepada masyarakat yang berkunjung di posyandu. pada hari terakhir pelaksanaan kegiatan ini juga diberikan sertifikat kepada kader posyandu di 45 pos yang ada di wilayah kerja UPT Puskesmas Gunungsari&nbsp;</p>\r\n\r\n<p>&nbsp;</p>\r\n", "view_count": 146, "share_count": 0, "word_count": 77, "status": "published", "created_at": "2022-09-27T10:34:01.474Z", "updated_at": "2024-05-30T19:53:12.315Z"}, "m2m": {"photo": [6046, 6047, 6048]}}, {"condition": {"id": 416}, "defaults": {"site_id": 53, "admin_id": 71, "judul": "GELAS ANTIK", "judul_seo": "gelas-antik", "isi_artikel": "<p>Gunungsari - Minggu, 25 September 2022</p>\r\n\r\n<p>Pengajian rutin yang dirangkaikan dengan pemeriksaan kesehatan pada lansia.</p>\r\n\r\n<p>Lansia sehat, aktif dan produktif</p>\r\n", "view_count": 427, "share_count": 0, "word_count": 17, "status": "published", "created_at": "2022-09-27T10:43:20.969Z", "updated_at": "2024-05-30T14:27:21.676Z"}, "m2m": {"photo": [6049, 6050, 6051]}}, {"condition": {"id": 417}, "defaults": {"site_id": 53, "admin_id": 71, "judul": "Penerimaan mahasiswa praktik keperawatan dan kebidanan di UPT Puskesmas Gunungsari", "judul_seo": "penerimaan-mahasiswa-praktik-keperawatan-dan-kebidanan-di-upt-puskesmas-gunungsari", "isi_artikel": "<p>Gunungsari - Senin, 26 September 2022</p>\r\n\r\n<p>UPT Puskesmas Gunungsari menerima mahasiwa praktik keperawatan dan kebidanan yang berasal dari poltekkes mataram.</p>", "view_count": 504, "share_count": 0, "word_count": 17, "status": "published", "created_at": "2022-09-27T10:50:12.561Z", "updated_at": "2024-07-10T15:49:15.412Z"}, "m2m": {"photo": [6052]}}, {"condition": {"id": 453}, "defaults": {"site_id": 53, "admin_id": 71, "judul": "SABTU BUDAYA", "judul_seo": "sabtu-budaya", "isi_artikel": "<p>Puskesmas Gunungsari &#39;&#39;BERBUDAYA&#39;&#39;</p>\r\n\r\n<p>Semangat mengabdi untuk masyarakat yang dipadukan dengan keceriaan, kelapangan hati dan rasa syukur akan melahirkan rasa kebahagiaan yang sesungguhnya</p>\r\n\r\n<p>#PROMKESUPTPUSKESMASGUNUNGSARI#</p>\r\n", "view_count": 471, "share_count": 0, "word_count": 23, "status": "published", "created_at": "2022-12-01T11:10:09.937Z", "updated_at": "2024-07-03T01:07:22.870Z"}, "m2m": {"photo": [7550, 7551]}}, {"condition": {"id": 454}, "defaults": {"site_id": 53, "admin_id": 71, "judul": "Pemberian makanan tambahan pada ibu hamil KEK", "judul_seo": "pemberian-makanan-tambahan-pada-ibu-hamil-kek", "isi_artikel": "<p>Salah satu intervensi spesifik yang dilakukan dalam rangka meningkatkan status gizi masyrakat khususnya pada ibu hamil yang menderita kurang energi kronis (KEK) adalah berupa pemberian makanan tambahan pada ibu hamil yang berbasis pangan lokal yang berasal dari bahan pangan yang mudah diperoleh diwilayah setempat dengan harga terjangkau sesuai dengan prinsip gizi seimbang dan standar yang sudah ditetapkan.</p>\r\n\r\n<p>ada 56 ibu hamil KEK yang ada diseluruh wilayah kerja UPT Puskesmas Gunungsari dimana semua sasaran akan terus dipantau status gizi dan kesehatannya oleh petugas dan kader kesehatan selama 30 hari kedepan.&nbsp;</p>\r\n\r\n<p>Mari Kita Jaga Ibu Hamil dan Janin Agar Sehat dan Cerdas&nbsp;</p>\r\n", "view_count": 924, "share_count": 0, "word_count": 98, "status": "published", "created_at": "2022-12-01T11:25:12.529Z", "updated_at": "2024-07-10T21:17:46.007Z"}, "m2m": {"photo": [7552, 7553]}}, {"condition": {"id": 455}, "defaults": {"site_id": 53, "admin_id": 71, "judul": "Kunjungan ke UPT Puskesmas Gunungsari", "judul_seo": "kunjungan-ke-upt-puskesmas-gunungsari", "isi_artikel": "<p>Gunungsari - 30 November 2022</p>\r\n\r\n<p>Kujungan WHO, Kementrian kesehatan Republik Indonesia dan Universitas Ahmad Dahlan ke UPT Puskesmas Gunungsari dalam rangka vaccine post introduction atau evaluasi pasca pelaksanaan vaksinasi covid 19.</p>\r\n", "view_count": 752, "share_count": 0, "word_count": 27, "status": "published", "created_at": "2022-12-01T11:35:01.737Z", "updated_at": "2024-07-12T01:26:10.789Z"}, "m2m": {"photo": [7554, 7555, 7556]}}, {"condition": {"id": 456}, "defaults": {"site_id": 53, "admin_id": 71, "judul": "Keluarga besar UPT Puskesmas Gunungsari mengucapkan Selamat Hari AIDS Sedunia", "judul_seo": "keluarga-besar-upt-puskesmas-gunungsari-mengucapkan-selamat-hari-aids-sedunia", "isi_artikel": "", "view_count": 752, "share_count": 0, "word_count": 0, "status": "published", "created_at": "2022-12-01T11:40:12.292Z", "updated_at": "2024-07-11T23:34:21.539Z"}, "m2m": {"photo": [7557]}}, {"condition": {"id": 463}, "defaults": {"site_id": 53, "admin_id": 71, "judul": "Penghargaan Puskesmas Terbaik ", "judul_seo": "penghargaan-puskesmas-terbaik", "isi_artikel": "<p>Rapat koordinasi evaluasi Dinas Kesehatan Lombok Barat yang dirangkai dengan penganugrahan penghargaan kinerja Puskesmas tahun 2022.&nbsp;</p>\r\n\r\n<p>Selamat kepada Puskesmas Gunungsari sebagai Puskesmas terbaik dalam pengelolaan program imunisasi di Kabupaten Lombok Barat</p>\r\n\r\n<p>congrats......Together we can&nbsp;</p>\r\n", "view_count": 289, "share_count": 0, "word_count": 32, "status": "published", "created_at": "2022-12-19T08:26:13.922Z", "updated_at": "2024-07-08T06:48:07.472Z"}, "m2m": {"photo": [7927, 7928, 7929]}}]