[{"condition": {"id": 23}, "defaults": {"site_id": 50, "admin_id": 60, "judul": "MINILOKAKARYA LINTAS SEKTOR PUSKESMAS SEKOTONG", "judul_seo": "minilokakarya-lintas-sektor-puskesmas-sekotong", "isi_artikel": "<p style=\"text-align:justify\">Dalam rangka meningkatkan koordinasi pembangunan kesehatan terutama mengevaluasi hasil pelaksanaan vaksinasi covid-19 puskesmas sekotong mengadakan pertemuan lintas sektor yang dihadiri oleh semua kepala desa yang ada di wilayah kerja puskesmas sekotong , Kapolsek Sekotog serta Danramil Kec. sekotong........</p>\r\n", "view_count": 356, "share_count": 0, "word_count": 36, "status": "published", "created_at": "2021-09-28T11:37:49.883Z", "updated_at": "2024-07-10T08:37:20.149Z"}, "m2m": {"photo": [1354]}}, {"condition": {"id": 54}, "defaults": {"site_id": 50, "admin_id": 60, "judul": "SENAM SEHAT CERIA", "judul_seo": "senam-sehat-ceria", "isi_artikel": "<p>Sekotong,&nbsp;26 Juni 2022</p>\r\n\r\n<p>Lokasi kegiatan: Kantor Desa Taman Baru Kecamatan Sekotong&nbsp;</p>\r\n\r\n<p>Tujuan Pelaksanaan:&nbsp;<br />\r\n1. Untuk membantu menurunkan berat badan<br />\r\n2. Membantu menjaga kesehatan jantung<br />\r\n3. Meningkatkan stamina tubuh<br />\r\n4. Membuat mood menjadi lebih baik<br />\r\n5. Melindungi tubuh dari berbagai macam penyakit, dll</p>\r\n\r\n<p><br />\r\nNarasumber /Petugas:&nbsp;<br />\r\n1. Bidan desa<br />\r\n2. Kader posyandu<br />\r\n3. PKK desa Taman Baru<br />\r\n4. Teman2 KKN tematik Unram&nbsp;</p>\r\n\r\n<p><br />\r\nPeserta/ sasaran : masyarakat umum, PKK, Kader, forum anak KPPAD, KKN tematik Unram.</p>\r\n\r\n<p>Hasil Kegiatan/Output</p>\r\n\r\n<p>Keterangan tambahan : Advokasi agar kegiatan ini terus berlanjut&nbsp;</p>\r\n", "view_count": 38, "share_count": 0, "word_count": 70, "status": "published", "created_at": "2022-06-27T10:43:29.209Z", "updated_at": "2024-05-27T16:37:44.614Z"}, "m2m": {"photo": [2171]}}, {"condition": {"id": 55}, "defaults": {"site_id": 50, "admin_id": 60, "judul": "SOSIALISASI DAN FGD TERKAIT PENANGANAN PENYAKIT KULIT TERHADAP PENGGELONDONG DI KECAMATAN SEKOTONG\u00a0", "judul_seo": "sosialisasi-dan-fgd-terkait-penanganan-penyakit-kulit-terhadap-penggelondong-di-kecamatan-sekotong", "isi_artikel": "<p>SOSIALISASI DAN FGD TERKAIT PENANGANAN PENYAKIT KULIT TERHADAP PENGGELONDONG DI KECAMATAN SEKOTONG&nbsp;</p>\r\n\r\n<p>Sekotong, 25 Juni 2022</p>\r\n\r\n<p>Lokasi kegiatan :&nbsp;<br />\r\nAULA KANTOR CAMAT &nbsp;SEKOTONG&nbsp;</p>\r\n\r\n<p>Tujuan Pelaksanaan:&nbsp;<br />\r\n1. Menambah pengetahuan masyarakat tentang dampak merkuri bagi kesehatan<br />\r\n2. Menerapkan Penting nya PHBS dalam Kesehatan dalam bekerja<br />\r\n3. Mengetahui prosedur dalam menggunakan APD dalam bekerja Tambang pengolahan emas<br />\r\n4. Mengetahui penyakit penyakit yang di sebabkan oleh merkuri dan cara menanggulangi nya<br />\r\n5. Berdiskusi dalam FOKUS GRUP DISKUSI (FGD) dalam memecahkan dan mencari jalan keluar permasalahan&nbsp;<br />\r\n5. Agar masyarakat para penambang dan pengolahan memeriksa kan kesehatan secara rutin ke fasyankes.</p>\r\n\r\n<p>Narasumber /Petugas:&nbsp;<br />\r\n1. DOKTER DAN TIM FAKULTAS KEDOKTERAN UNIZAR NTB<br />\r\n&nbsp;<br />\r\nPeserta/ sasaran :&nbsp;<br />\r\n1. &nbsp;KECAMATAN<br />\r\n2. PERANGKAT DESA<br />\r\n3. PJ UKM DAN STAFF PUSKESMAS SEKOTONG<br />\r\n4. KADER KESEHATAN<br />\r\n5. MASYARAKAT UMUM YANG BERKAITAN DENGAN PENGOLAHAN EMAS</p>\r\n\r\n<p>Hasil Kegiatan/Output:<br />\r\nDiperolehnya data :<br />\r\n1. Peserta yang hadir 30 orang<br />\r\n2. Sosialisasi terkait tujuan diselenggarakannya kegiatan FGD oleh fasilitator dari dokter Unizar<br />\r\n3. Sosialisasi dan FGD dilaksanakannya dengan pembagian 2 Tim ( tim penambang ) dan Tim jajaran instansi<br />\r\n4. Didapatkan kesimpulan yakni masyarakat masih menggunakan Mercuri dalam pengolahan emas<br />\r\n5. Alternatif selain Mercuri yaitu sianida dan ada beberapa yang telah menggunakan nya<br />\r\n6. Penambang emas merupakan satu satunya mata pencaharian.<br />\r\n7. Adanya PERDA terkait tidak menggunakan merkuri ...</p>\r\n\r\n<p><br />\r\nKeterangan tambahan :&nbsp;</p>\r\n\r\n<p>Lampiran Dokumentasi/Foto :<br />\r\n&nbsp;</p>\r\n", "view_count": 33, "share_count": 0, "word_count": 184, "status": "published", "created_at": "2022-06-27T10:47:30.064Z", "updated_at": "2024-05-22T19:27:40.824Z"}, "m2m": {"photo": [2172]}}, {"condition": {"id": 56}, "defaults": {"site_id": 50, "admin_id": 60, "judul": "KELAS GIZI", "judul_seo": "kelas-gizi", "isi_artikel": "<p>Nama Kegiatan : Kelas Gizi</p>\r\n\r\n<p>Hari/Tanggal: Jum&#39;at, 24 Juni 2022</p>\r\n\r\n<p>Lokasi Kegiatan: Dusun &nbsp;Timbal</p>\r\n\r\n<p>Tujuan Pelaksanaan: Meningkatkan kesadaran, pengetahuan dan keterampilan ibu / keluaga dalam : memberikan AE, Pemberian MP ASI, memantau pertumbuhan balita di Posyandu, memberikan Vit A dan mikronutrien, memilih, menyiapkan makanan bergizi</p>\r\n\r\n<p>Narasumber/Petugas:<br />\r\nTPG</p>\r\n\r\n<p>Peserta/Sasaran: 12 balita yg bermasalah gizi beserta pendampingnya</p>\r\n\r\n<p>Hasil Kegiatan/Output: sasaran memahami dan mampu mengulang kembali materi yang diberikan serta mempraktekkannya di rumah</p>\r\n", "view_count": 30, "share_count": 0, "word_count": 59, "status": "published", "created_at": "2022-06-27T10:56:38.528Z", "updated_at": "2024-05-25T09:48:35.447Z"}, "m2m": {"photo": []}}, {"condition": {"id": 57}, "defaults": {"site_id": 50, "admin_id": 60, "judul": "PEMBERIAN PMT KEPADA IBU HAMIL BERSIKO - DESA TAMAN BARU", "judul_seo": "pemberian-pmt-kepada-ibu-hamil-bersiko-desa-taman-baru", "isi_artikel": "<p>&nbsp;Kegiatan : Pemberian PMT kepada ibu hamil beresiko oleh karena KEK dan bayi gizi kurang Gizi buruk di aula Desa Taman Baru&nbsp;</p>\r\n\r\n<p>Sekotong,16 Juni 2022</p>\r\n\r\n<p>Lokasi kegiatan: Aula Kantor Desa Taman Baru, Kec. Sekotong</p>\r\n\r\n<p>Tujuan Pelaksanaan:&nbsp;<br />\r\n1. Untuk mengurangi angka ibu hamil kek dan gizi kurang/gizi buruk<br />\r\n2. Untuk mencegah stunting&nbsp;<br />\r\n3. Sosialisasi pengertian gizi kurang, gizi buruk dan stunting, faktor penyebab stunting, dan cara mengatasinya ( sesuai dgn materi dari dokter spesialis anak di aula puskesmas sekotong)<br />\r\n4. Bentuk kepedulian pemdes taman baru kepada masyarakat dalam bidang kesehatan&nbsp;</p>\r\n\r\n<p><br />\r\nNarasumber /Petugas:&nbsp;<br />\r\n1. Bapak kades Taman Baru&nbsp;<br />\r\n3. Staf desa taman baru&nbsp;<br />\r\n4. Bidan desa</p>\r\n\r\n<p><br />\r\nPeserta/ sasaran : Masyarakat Desa Taman Baru yg bumil KEK bayi balita gizi kurang, gizi buruk</p>\r\n\r\n<p>Hasil Kegiatan/Output:<br />\r\n1. Semua sasaran mendapatkan PMT&nbsp;<br />\r\n2. Sasaran memahami apa itu gizi kurang, gizi buruk dan stunting Serta faktor resiko dan cara mengatasinya&nbsp;<br />\r\n3. Komitmen untuk merubah pola asuh, merubah kebiasaan agar hidup bersih dan sehat&nbsp;</p>\r\n\r\n<p>Keterangan tambahan : Advokasi agar kegiatan ini terus berlanjut&nbsp;</p>\r\n\r\n<p>Lampiran Dokumentasi/Foto :</p>\r\n", "view_count": 40, "share_count": 0, "word_count": 149, "status": "published", "created_at": "2022-06-27T11:11:43.710Z", "updated_at": "2024-05-22T21:18:31.229Z"}, "m2m": {"photo": [2174, 2175]}}, {"condition": {"id": 66}, "defaults": {"site_id": 50, "admin_id": 60, "judul": "PEMERIKSAAN KEBUGARAN STAF", "judul_seo": "pemeriksaan-kebugaran-staf", "isi_artikel": "<p>&nbsp;Kegiatan : Pemeriksaan Kebugaran Staf</p>\r\n\r\n<p>Sekotong, 01 Juli 2022</p>\r\n\r\n<p>Lokasi Kegiatan: Halaman Puskesmas Sekotong</p>\r\n\r\n<p>Tujuan Pelaksanaan: Menjaga dan Menilai Kebugaran Staf Puskesmas Sekotong&nbsp;</p>\r\n\r\n<p>Narasumber/Petugas: Tiem Kesjaor&nbsp;</p>\r\n\r\n<p>Peserta/Sasaran: Staf UPT Puskesmas sekotong&nbsp;</p>\r\n\r\n<p>Hasil Kegiatan/Output:&nbsp;<br />\r\n1. Masih Banyak Staf yg datang terlambat<br />\r\n2. Tes kebugaran masih melakukan manual karena Aplikasi Sipgar yg error karena terkendala sinyal dll<br />\r\n3. Kegiatan dimulai dengan mengutamakan peserta yg datang lebih awal dan di susul peserta yg terlambat&nbsp;<br />\r\n4. Kegiatan berjalan lancar&nbsp;</p>\r\n\r\n<p>Foto/Dokumen terlampir :</p>\r\n", "view_count": 41, "share_count": 0, "word_count": 66, "status": "published", "created_at": "2022-07-02T11:09:26.503Z", "updated_at": "2024-07-05T18:01:07.272Z"}, "m2m": {"photo": []}}, {"condition": {"id": 76}, "defaults": {"site_id": 50, "admin_id": 60, "judul": "POSYANDU BAYI DAN BALITA ", "judul_seo": "posyandu-bayi-dan-balita", "isi_artikel": "<p>&nbsp;</p>\r\n\r\n<p><br />\r\nPosyandu Bayi dan Balita</p>\r\n\r\n<p>Sekotong, 5 Juli 2022</p>\r\n\r\n<p>Lokasi kegiatan: Dusun Kelep Taman Desa Taman Baru</p>\r\n\r\n<p>Tujuan Pelaksanaan:&nbsp;<br />\r\n1. Posyandu rutin Balita, Ibu Hamil&nbsp;<br />\r\n2. Memantau pertumbuhan dan perkembangan Balita di Dusun Kelep Taman<br />\r\n3. Memantau kesehatan Ibu Hamil&nbsp;<br />\r\n4. Pelaksanaan Imunisasi Rutin terhadap balita agar melindungi tubuh dari berbagai macam penyakit, dll</p>\r\n\r\n<p><br />\r\nNarasumber /Petugas:&nbsp;<br />\r\n1. Petugas Imunisasi&nbsp;<br />\r\n2. Petugas Gizi<br />\r\n3. Bidan Desa<br />\r\n4. Kader Posyandu&nbsp;</p>\r\n\r\n<p><br />\r\nPeserta/ sasaran : Balita, Ibu Balita dan Ibu Hamil&nbsp;</p>\r\n\r\n<p>Hasil Kegiatan/Output</p>\r\n\r\n<p>Keterangan tambahan : Advokasi agar kegiatan ini terus berlanjut&nbsp;</p>\r\n\r\n<p>Lampiran Dokumentasi/Foto :</p>\r\n", "view_count": 40, "share_count": 0, "word_count": 75, "status": "published", "created_at": "2022-07-05T12:11:42.830Z", "updated_at": "2024-07-01T12:25:16.103Z"}, "m2m": {"photo": [2442]}}, {"condition": {"id": 90}, "defaults": {"site_id": 50, "admin_id": 60, "judul": "PEMBERANTASAN SARANG NYAMUK DAN SURVEY JENTIK", "judul_seo": "pemberantasan-sarang-nyamuk-dan-survey-jentik", "isi_artikel": "<p><br />\r\nPEMBERANTASAN SARANG NYAMUK</p>\r\n\r\n<p>sEKOTONG, 7 Juli 2022</p>\r\n\r\n<p>Lokasi kegiatan: Dusun Lingkoq Joet Desa Cendi Manik</p>\r\n\r\n<p>Tujuan Pelaksanaan:&nbsp;</p>\r\n\r\n<p>1.Untuk mengetahui kepadatan jentik nyamuk penular DBD secara berkala dan terus menerus sebagai indikator keberhasilan PSN DBD dalam masyarakat.&nbsp;<br />\r\n2. &nbsp;Untuk memotivasi masyarakat dalam memperhatikan tempat-tempat yang potensial untuk perkembang biakan nyamuk penular DBD.&nbsp;<br />\r\n3. &nbsp;Untuk meningkatkan peran serta masyarakat dalam PSN DBD.<br />\r\n4. Tujuan pemeriksaan jentik dilakukan untuk menurunkan populasi nyamuk penular demam berdarah dengue Aedes aegypti serta jentiknya dengan meningkatkan peran serta masyarakat dalam pemberantasan sarang nyamuk demam berdarah dengan PSN DBD (3M Plus) melalui Juru Pemantau Jentik&nbsp;</p>\r\n\r\n<p>Narasumber /Petugas:&nbsp;<br />\r\n1. &nbsp;Syamsul Arif ( kesling)<br />\r\n2. Zohri ( tim puskesmas)<br />\r\n3. Jumadil (Kader Jumantik)</p>\r\n\r\n<p><br />\r\nPeserta/ sasaran : masyarakat umum Dusun lingkoq Joet Desa Cendi manik</p>\r\n\r\n<p>Hasil Kegiatan/Output</p>\r\n\r\n<p>1.Pemantauan jentik dilakukan dengan cara memeriksa tempat penampungan air dan kontainer yang dapat menjadi habitat perkembangbiakan nyamuk Aedes sp. di dalam dan di luar rumah untuk mengetahui ada tidaknya jentik.<br />\r\n2. Dari 20 rumah yang diperiksa ada 1 Rumah yang positif jentik sehingga didapatkan ABJ 95%<br />\r\n3. Melalui survei jentik diharapkan kejadian DBD dapat dideteksi secara dini, sehingga pemberantasan dan penanggulangan DBD dapat segera dilakukan. Metode yang digunakan adalah metode survei dengan pendekatan Cross Sectional.<br />\r\n4. Gotong Royong membersihkan lingkungan. Periksa tempat-tempat penampungan air. Meletakkan pakaian bekas pakai dalam wadah tertutup. Memberikan larvasida pada penampungan air yang susah dikuras</p>\r\n\r\n<p>Keterangan tambahan : Advokasi agar kegiatan 3 M+ &nbsp;ini terus berlanjut dilaksanakan ditingkat rumah tangga</p>\r\n\r\n<p><br />\r\n&nbsp;</p>\r\n", "view_count": 37, "share_count": 0, "word_count": 215, "status": "published", "created_at": "2022-07-07T11:55:51.625Z", "updated_at": "2024-07-08T23:24:50.373Z"}, "m2m": {"photo": [2506]}}, {"condition": {"id": 96}, "defaults": {"site_id": 50, "admin_id": 60, "judul": "SENAM PROLANIS", "judul_seo": "senam-prolanis", "isi_artikel": "<p>Sekotong, 12 Juli 2022</p>\r\n\r\n<p>Kegiatan Senam Prolanis UPT Puskesmas Sekotong dalam rangka HUT BPJS ke-45 tahun 2022, dirangkai dengan Pemeriksaan Kesehatan dari Prodia Mataram dan Edukasi tentang Penyakit DM dan HT oleh Dokter Puskesmas Sekotong.</p>\r\n", "view_count": 52, "share_count": 0, "word_count": 31, "status": "published", "created_at": "2022-07-12T10:25:59.541Z", "updated_at": "2024-05-28T08:43:45.505Z"}, "m2m": {"photo": [2625, 2626]}}, {"condition": {"id": 125}, "defaults": {"site_id": 50, "admin_id": 60, "judul": "POSYANDU RUTIN", "judul_seo": "posyandu-rutin", "isi_artikel": "<p><span style=\"font-size:12px\">LAPORAN KEGIATAN</span></p>\r\n\r\n<p>Posyandu Rutin</p>\r\n\r\n<p>Sekotong, 20 Juli 2022</p>\r\n\r\n<p>Lokasi kegiatan: Dusun Pemegatan Desa Taman Baru</p>\r\n\r\n<p>Tujuan Pelaksanaan:&nbsp;<br />\r\n1. Posyandu rutin Balita, Ibu Hamil&nbsp;<br />\r\n2. Memantau pertumbuhan dan perkembangan Balita di Dusun Kelep Tengah&nbsp;<br />\r\n3. Memantau kesehatan Ibu Hamil&nbsp;<br />\r\n4. Pelaksanaan Imunisasi Rutin terhadap balita agar melindungi tubuh dari berbagai macam penyakit, dll</p>\r\n\r\n<p><br />\r\nNarasumber /Petugas:&nbsp;<br />\r\n1. Petugas Imunisasi&nbsp;<br />\r\n2. Petugas Gizi<br />\r\n3. Bidan Desa<br />\r\n4. Kader Posyandu&nbsp;</p>\r\n\r\n<p><br />\r\nPeserta/ sasaran : Balita, Ibu Balita, Ibu Hamil&nbsp;</p>\r\n\r\n<p>Hasil Kegiatan/Output</p>\r\n\r\n<p>Keterangan tambahan : Advokasi agar kegiatan ini terus berlanjut&nbsp;</p>\r\n\r\n<p>Lampiran Dokumentasi/Foto :</p>\r\n", "view_count": 83, "share_count": 0, "word_count": 73, "status": "published", "created_at": "2022-07-20T10:06:41.686Z", "updated_at": "2024-07-02T15:14:25.454Z"}, "m2m": {"photo": [2972]}}, {"condition": {"id": 137}, "defaults": {"site_id": 50, "admin_id": 60, "judul": "Kegiatan Penyuluhan keliling", "judul_seo": "kegiatan-penyuluhan-keliling", "isi_artikel": "<p><iframe frameborder=\"0\" height=\"820\" scrolling=\"no\" src=\"https://www.facebook.com/plugins/post.php?href=https%3A%2F%2Fwww.facebook.com%2Fpuskesmas.sekotong.712%2Fposts%2Fpfbid02Qe1JyHyMhkSXZmb3o6RcN2ffBXDf5RVHHKzyxX5UtfkU5omPj1yWpBeL8NXyNJtSl&amp;show_text=true&amp;width=500\" style=\"border:none;overflow:hidden\" width=\"500\"></iframe></p>", "view_count": 39, "share_count": 0, "word_count": 0, "status": "published", "created_at": "2022-07-20T20:24:19.926Z", "updated_at": "2024-05-22T17:07:55.722Z"}, "m2m": {"photo": [3032]}}, {"condition": {"id": 138}, "defaults": {"site_id": 50, "admin_id": 60, "judul": "Hari  Gizi Nasional 2022", "judul_seo": "hari-gizi-nasional-2022", "isi_artikel": "<p><strong>Kegiatan Hari Gizi Nasionas Tahun 2022</strong></p>\r\n\r\n<p>Aksi Bersama Cegah Stunting dan Obesitas<iframe frameborder=\"0\" height=\"781\" scrolling=\"no\" src=\"https://www.facebook.com/plugins/post.php?href=https%3A%2F%2Fwww.facebook.com%2Fpuskesmas.sekotong.712%2Fposts%2Fpfbid02eUGF46FmWKG5x3dHst4VJrNLT6NSokhrrD21sQvymvzRMfwRj3bSE3QfU77vNYsMl&amp;show_text=true&amp;width=500\" style=\"border:none;overflow:hidden\" width=\"500\"></iframe></p>\r\n", "view_count": 41, "share_count": 0, "word_count": 11, "status": "published", "created_at": "2022-07-20T20:35:42.997Z", "updated_at": "2024-05-30T15:30:13.750Z"}, "m2m": {"photo": [3033, 3034]}}, {"condition": {"id": 140}, "defaults": {"site_id": 50, "admin_id": 60, "judul": "GAMBARAN UMUM PUSKESMAS SEKOTONG", "judul_seo": "gambaran-umum-puskesmas-sekotong", "isi_artikel": "<p style=\"margin-left:72px; text-align:justify\"><span style=\"font-size:11pt\"><span style=\"font-family:Calibri,sans-serif\"><span style=\"font-size:12.0pt\"><span style=\"font-family:&quot;Arial&quot;,sans-serif\">&nbsp;&nbsp;&nbsp;&nbsp;&nbsp;&nbsp;&nbsp;&nbsp;&nbsp;&nbsp;&nbsp;&nbsp;<strong><span style=\"font-size:20px\"><span style=\"color:#ecf0f1\"><span style=\"background-color:#1abc9c\">GAMBARAN UMUM PUSKESMAS SEKOTONG</span></span></span></strong></span></span></span></span></p>\r\n\r\n<p style=\"margin-left:72px; text-align:justify\"><span style=\"font-size:11pt\"><span style=\"font-family:Calibri,sans-serif\"><span style=\"font-size:12.0pt\"><span style=\"font-family:&quot;Arial&quot;,sans-serif\">&nbsp;&nbsp;&nbsp;&nbsp;&nbsp;&nbsp;&nbsp;&nbsp;Puskesmas Sekotong merupakan salah satu puskesmas yang terletak di Desa Sekotong, &nbsp;Kecamatan Sekotong&nbsp; Kabupaten Lombok Barat.&nbsp; Letak geografis </span></span><span style=\"font-size:12.0pt\"><span style=\"font-family:&quot;Arial&quot;,sans-serif\">Puskesmas Sekotong</span></span><span style=\"font-size:12.0pt\"><span style=\"font-family:&quot;Arial&quot;,sans-serif\"> yaitu</span></span><span style=\"font-size:12.0pt\"><span style=\"font-family:&quot;Arial&quot;,sans-serif\"> pada ketinggian 10 meter </span></span><span style=\"font-size:12.0pt\"><span style=\"font-family:&quot;Arial&quot;,sans-serif\">diatas</span></span><span style=\"font-size:12.0pt\"><span style=\"font-family:&quot;Arial&quot;,sans-serif\"> permukaan laut</span></span><span style=\"font-size:12.0pt\"><span style=\"font-family:&quot;Arial&quot;,sans-serif\"> dengan</span></span><span style=\"font-size:12.0pt\"><span style=\"font-family:&quot;Arial&quot;,sans-serif\"> luas wilayah kerja yaitu 186,91 Km dan</span></span> <span style=\"font-size:12.0pt\"><span style=\"font-family:&quot;Arial&quot;,sans-serif\">wilayah kerja Puskesmas</span></span><span style=\"font-size:12.0pt\"><span style=\"font-family:&quot;Arial&quot;,sans-serif\"> yang</span></span><span style=\"font-size:12.0pt\"><span style=\"font-family:&quot;Arial&quot;,sans-serif\"> hampir 70 %</span></span><span style=\"font-size:12.0pt\"><span style=\"font-family:&quot;Arial&quot;,sans-serif\"> merupakan</span></span><span style=\"font-size:12.0pt\"><span style=\"font-family:&quot;Arial&quot;,sans-serif\"> dataran tinggi</span></span><span style=\"font-size:12.0pt\"><span style=\"font-family:&quot;Arial&quot;,sans-serif\">&nbsp; pegunungan</span></span> <span style=\"font-size:12.0pt\"><span style=\"font-family:&quot;Arial&quot;,sans-serif\">serta pulau kecil </span></span><span style=\"font-size:12.0pt\"><span style=\"font-family:&quot;Arial&quot;,sans-serif\">dan sulit dijangkau&nbsp; kendaraan bermotor dan ada beberapa tempat yang harus&nbsp; ditempuh dengan menggunakan perahu motor.</span></span> </span></span></p>\r\n\r\n<p style=\"margin-left:72px; text-align:justify\"><span style=\"font-size:11pt\"><span style=\"font-family:Calibri,sans-serif\">&nbsp;&nbsp;&nbsp;&nbsp;&nbsp;&nbsp;&nbsp;&nbsp;&nbsp;&nbsp;&nbsp;&nbsp;&nbsp;&nbsp; <span style=\"font-size:12.0pt\"><span style=\"font-family:&quot;Arial&quot;,sans-serif\">Puskesmas sekotong mempunyai 4 Desa wilayah kerja</span></span><span style=\"font-size:12.0pt\"><span style=\"font-family:&quot;Arial&quot;,sans-serif\"> yang terdiri dari</span></span><span style=\"font-size:12.0pt\"><span style=\"font-family:&quot;Arial&quot;,sans-serif\"> Desa Sekotong Tengah, Desa Cendi Manik, Desa Taman Baru dan Desa Buwun Mas.</span></span><span style=\"font-size:12.0pt\"><span style=\"font-family:&quot;Arial&quot;,sans-serif\"> P</span></span><span style=\"font-size:12.0pt\"><span style=\"font-family:&quot;Arial&quot;,sans-serif\">uskesmas sekotong juga terdiri dari</span></span><span style=\"font-size:12.0pt\"><span style=\"font-family:&quot;Arial&quot;,sans-serif\"> 4</span></span><span style=\"font-size:12.0pt\"><span style=\"font-family:&quot;Arial&quot;,sans-serif\">2</span></span><span style=\"font-size:12.0pt\"><span style=\"font-family:&quot;Arial&quot;,sans-serif\"> Dusun dan mempunyai 35&nbsp; Posyandu aktif dan 7 Pos Vaksin dengan jumlah kader rata-rata 5 orang</span></span><span style=\"font-size:12.0pt\"><span style=\"font-family:&quot;Arial&quot;,sans-serif\"> per pos. </span></span></span></span></p>\r\n\r\n<p style=\"margin-left:72px; text-align:justify\"><span style=\"font-size:11pt\"><span style=\"font-family:Calibri,sans-serif\">&nbsp;&nbsp;&nbsp;&nbsp;&nbsp;&nbsp;&nbsp;&nbsp;&nbsp;&nbsp;&nbsp;&nbsp;&nbsp;&nbsp; <span style=\"font-size:12.0pt\"><span style=\"font-family:&quot;Arial&quot;,sans-serif\">Jarak masing masing desa menuju puskesmas adalah 0 km</span></span><span style=\"font-size:12.0pt\"><span style=\"font-family:&quot;Arial&quot;,sans-serif\"> dari desa sekotong tengah</span></span><span style=\"font-size:12.0pt\"><span style=\"font-family:&quot;Arial&quot;,sans-serif\">, 5,5 km</span></span><span style=\"font-size:12.0pt\"><span style=\"font-family:&quot;Arial&quot;,sans-serif\"> dari desa taman baru</span></span><span style=\"font-size:12.0pt\"><span style=\"font-family:&quot;Arial&quot;,sans-serif\">, 7 km</span></span><span style=\"font-size:12.0pt\"><span style=\"font-family:&quot;Arial&quot;,sans-serif\"> dari desa cendi manik</span></span><span style=\"font-size:12.0pt\"><span style=\"font-family:&quot;Arial&quot;,sans-serif\"> dan 17 km</span></span><span style=\"font-size:12.0pt\"><span style=\"font-family:&quot;Arial&quot;,sans-serif\"> dari desa buwun mas</span></span><span style=\"font-size:12.0pt\"><span style=\"font-family:&quot;Arial&quot;,sans-serif\">. </span></span></span></span></p>\r\n\r\n<p style=\"margin-left:72px; text-align:justify\"><span style=\"font-size:11pt\"><span style=\"font-family:Calibri,sans-serif\">&nbsp;&nbsp;&nbsp;&nbsp;&nbsp;&nbsp;&nbsp;&nbsp;&nbsp;&nbsp;&nbsp;&nbsp;&nbsp;&nbsp; <span style=\"font-size:12.0pt\"><span style=\"font-family:&quot;Arial&quot;,sans-serif\">Dari 42 dusun yang ada diwilayah kerja puskesmas sekotong ada beberapa dusun yang memang sulit dijangkau dengan kendaraan bermotor&nbsp; yaitu sebanyak 8 dusun terdiri dari desa sekotong tengah sebanyak 2 dusun, desa buwun mas sebanyak 5 dusun, dan desa taman baru sebanyak 1 dusun</span></span><span style=\"font-size:12.0pt\"><span style=\"font-family:&quot;Arial&quot;,sans-serif\">, sedangkan jumlah penduduk di wilayah kerja Puskesmas Sekotong adalah 36240 jiwa (BPS kab Lobar 2021).</span></span></span></span></p>\r\n\r\n<p style=\"margin-left:72px; text-align:justify\"><span style=\"font-size:11pt\"><span style=\"font-family:Calibri,sans-serif\"><span style=\"font-size:12.0pt\"><span style=\"font-family:&quot;Arial&quot;,sans-serif\">RnD</span></span></span></span></p>", "view_count": 41, "share_count": 0, "word_count": 188, "status": "published", "created_at": "2022-07-20T23:58:02.204Z", "updated_at": "2024-05-22T20:05:24.272Z"}, "m2m": {"photo": [3043]}}, {"condition": {"id": 141}, "defaults": {"site_id": 50, "admin_id": 60, "judul": "Bersama Hadapi Covid  (Semangat Dapat Vaksinasi Lengkap)", "judul_seo": "bersama-hadapi-covid-semangat-dapat-vaksinasi-lengkap", "isi_artikel": "<p><img alt=\"\" src=\"/media/uploads/puskesmassekotonglobar/2022/07/21/screenshot_13.jpg\" style=\"height:91px; width:120px\" />mari bersama hadapi covid-19 dengan mendapatkan vaksinasi lengkap&nbsp;</p>\r\n\r\n<p>&nbsp;</p>\r\n\r\n<p><a href=\"https://promkes.kemkes.go.id/video-ilm-hlun-2022--bersama-kita-hadapi-covid-19-versi-untuk-medsos\">Simak Video Lengkap Bersama Kita Hadapi Covid-19 disini</a></p>", "view_count": 39, "share_count": 0, "word_count": 14, "status": "published", "created_at": "2022-07-21T10:40:42.472Z", "updated_at": "2024-05-30T15:47:48.857Z"}, "m2m": {"photo": [3044]}}, {"condition": {"id": 142}, "defaults": {"site_id": 50, "admin_id": 60, "judul": "4 Cara Terbaik Dalam Menggunakan Masker Menurut WHO", "judul_seo": "4-cara-terbaik-dalam-menggunakan-masker-menurut-who-1", "isi_artikel": "<p><iframe height=\"480\" src=\"https://promkes.kemkes.go.id/4-cara-terbaik-dalam-menggunakan-masker-menurut-who\" width=\"680\"></iframe></p>", "view_count": 36, "share_count": 0, "word_count": 0, "status": "published", "created_at": "2022-07-21T10:50:48.599Z", "updated_at": "2024-07-05T02:12:12.838Z"}, "m2m": {"photo": [3047]}}, {"condition": {"id": 143}, "defaults": {"site_id": 50, "admin_id": 60, "judul": "Penyakit Penyerta Akibat Obesitas", "judul_seo": "penyakit-penyerta-akibat-obesitas", "isi_artikel": "<p><img alt=\"\" src=\"/media/uploads/puskesmassekotonglobar/2022/07/21/screenshot_15.jpg\" style=\"height:64px; margin-left:75px; margin-right:75px; width:95px\" /><iframe height=\"480\" src=\"https://promkes.kemkes.go.id/penyakit-penyerta-akibat-obesitas\" width=\"680\"></iframe></p>\r\n", "view_count": 41, "share_count": 0, "word_count": 0, "status": "published", "created_at": "2022-07-21T11:00:09.143Z", "updated_at": "2024-07-01T21:27:15.375Z"}, "m2m": {"photo": [3048]}}, {"condition": {"id": 144}, "defaults": {"site_id": 50, "admin_id": 60, "judul": "Cegah Anemia Pada Remaja Putri dengan Tablet Tambah Darah", "judul_seo": "cegah-anemia-pada-remaja-putri-dengan-tablet-tambah-darah-1", "isi_artikel": "<p><img alt=\"\" src=\"/media/uploads/puskesmassekotonglobar/2022/07/21/screenshot_16.jpg\" style=\"height:60px; margin-left:75px; margin-right:75px; width:95px\" /><iframe height=\"480\" src=\"https://promkes.kemkes.go.id/cegah-anemia-pada-remaja-putri-dengan-tablet-tambah-darah\" width=\"680\"></iframe></p>", "view_count": 40, "share_count": 0, "word_count": 0, "status": "published", "created_at": "2022-07-21T11:08:28.547Z", "updated_at": "2024-05-22T21:15:38.577Z"}, "m2m": {"photo": [3050, 3051]}}, {"condition": {"id": 145}, "defaults": {"site_id": 50, "admin_id": 60, "judul": "3 manfaat Donor Darah Bagi Kesehatan Tubuh", "judul_seo": "3-manfaat-donor-darah-bagi-kesehatan-tubuh-1", "isi_artikel": "<p><iframe height=\"480\" src=\"https://promkes.kemkes.go.id/3-manfaat-donor-darah-bagi-kesehatan-tubuh\" width=\"680\"></iframe></p>\r\n", "view_count": 41, "share_count": 0, "word_count": 0, "status": "published", "created_at": "2022-07-21T11:17:45.772Z", "updated_at": "2024-07-01T20:14:20.393Z"}, "m2m": {"photo": [3052]}}, {"condition": {"id": 146}, "defaults": {"site_id": 50, "admin_id": 60, "judul": "5 Manfaat Olahraga Bagi Tubuh", "judul_seo": "5-manfaat-olahraga-bagi-tubuh", "isi_artikel": "<p><iframe height=\"480\" src=\"https://promkes.kemkes.go.id/5-manfaat-olahraga-bagi-tubuh\" width=\"680\"></iframe></p>\r\n", "view_count": 46, "share_count": 0, "word_count": 0, "status": "published", "created_at": "2022-07-21T11:20:30.030Z", "updated_at": "2024-06-30T21:31:10.489Z"}, "m2m": {"photo": [3053]}}, {"condition": {"id": 147}, "defaults": {"site_id": 50, "admin_id": 60, "judul": "Cegah Diabetes Melitus dengan 6 Langkah Sehat", "judul_seo": "cegah-diabetes-melitus-dengan-6-langkah-sehat", "isi_artikel": "<p><iframe height=\"480\" src=\"https://promkes.kemkes.go.id/cegah-diabetes-melitus-dengan-6-langkah-sehat\" width=\"680\"></iframe></p>", "view_count": 38, "share_count": 0, "word_count": 0, "status": "published", "created_at": "2022-07-21T11:22:18.336Z", "updated_at": "2024-06-03T22:50:40.499Z"}, "m2m": {"photo": [3054]}}, {"condition": {"id": 148}, "defaults": {"site_id": 50, "admin_id": 60, "judul": "Cegahan Stunting dengan 3 Langkah Berikut", "judul_seo": "cegahan-stunting-dengan-3-langkah-berikut", "isi_artikel": "<iframe src=\"https://promkes.kemkes.go.id/mengenal-3-tips-pencegahan-stunting\" width=\"680\" height=\"480\"></iframe>", "view_count": 38, "share_count": 0, "word_count": 0, "status": "published", "created_at": "2022-07-21T11:26:30.901Z", "updated_at": "2024-06-06T11:41:17.304Z"}, "m2m": {"photo": [3058]}}, {"condition": {"id": 149}, "defaults": {"site_id": 50, "admin_id": 60, "judul": "5 Tips Pencegahan Hepatitis Akut yang Harus Kamu Ketahui", "judul_seo": "5-tips-pencegahan-hepatitis-akut-yang-harus-kamu-ketahui-1", "isi_artikel": "<p><iframe height=\"480\" src=\"https://promkes.kemkes.go.id/-5-tips-pencegahan-hepatitis-akut-yang-harus-kamu-ketahui\" width=\"680\"></iframe></p>", "view_count": 36, "share_count": 0, "word_count": 0, "status": "published", "created_at": "2022-07-21T11:28:34.245Z", "updated_at": "2024-07-01T03:15:09.454Z"}, "m2m": {"photo": [3059]}}, {"condition": {"id": 150}, "defaults": {"site_id": 50, "admin_id": 60, "judul": "Cegah Pegal Selama Bekerja Dengan Peregangan Sederhana", "judul_seo": "cegah-pegal-selama-bekerja-dengan-peregangan-sederhana-1", "isi_artikel": "<p><iframe height=\"480\" src=\"https://promkes.kemkes.go.id/cegah-pegal-selama-bekerja--dengan-peregangan-sederhana\" width=\"680\"></iframe></p>", "view_count": 37, "share_count": 0, "word_count": 0, "status": "published", "created_at": "2022-07-21T11:34:33.260Z", "updated_at": "2024-06-03T23:21:26.612Z"}, "m2m": {"photo": [3060]}}, {"condition": {"id": 151}, "defaults": {"site_id": 50, "admin_id": 60, "judul": "Pentingnya Menjaga Kebersihan Alat Reproduksi", "judul_seo": "pentingnya-menjaga-kebersihan-alat-reproduksi", "isi_artikel": "<p><iframe height=\"480\" src=\"https://promkes.kemkes.go.id/pentingnya-menjaga-kebersihan-alat-reproduksi\" width=\"680\"></iframe></p>\r\n", "view_count": 43, "share_count": 0, "word_count": 0, "status": "published", "created_at": "2022-07-21T17:36:35.622Z", "updated_at": "2024-06-06T11:16:21.192Z"}, "m2m": {"photo": [3068]}}, {"condition": {"id": 152}, "defaults": {"site_id": 50, "admin_id": 60, "judul": "Pengertian Kesehatan Mental", "judul_seo": "pengertian-kesehatan-mental", "isi_artikel": "<p><iframe height=\"480\" src=\"https://promkes.kemkes.go.id/pengertian-kesehatan-mental\" width=\"680\"></iframe></p>", "view_count": 27, "share_count": 0, "word_count": 0, "status": "published", "created_at": "2022-07-21T17:39:05.003Z", "updated_at": "2024-07-01T12:30:59.089Z"}, "m2m": {"photo": [3069]}}, {"condition": {"id": 153}, "defaults": {"site_id": 50, "admin_id": 60, "judul": "Mengenal GERMAS - Gerakan Masyarakat Hidup Sehat", "judul_seo": "mengenal-germas-gerakan-masyarakat-hidup-sehat", "isi_artikel": "<p><iframe height=\"480\" src=\"https://promkes.kemkes.go.id/germas\" width=\"680\"></iframe></p>\r\n", "view_count": 37, "share_count": 0, "word_count": 0, "status": "published", "created_at": "2022-07-21T17:41:00.594Z", "updated_at": "2024-06-06T11:20:38.544Z"}, "m2m": {"photo": [3070]}}, {"condition": {"id": 154}, "defaults": {"site_id": 50, "admin_id": 60, "judul": "Mengenal PHBS - Perilaku Hidup Bersih dan Sehat", "judul_seo": "mengenal-phbs-perilaku-hidup-bersih-dan-sehat", "isi_artikel": "<p><iframe height=\"480\" src=\"https://promkes.kemkes.go.id/phbs\" width=\"680\"></iframe></p>\r\n", "view_count": 38, "share_count": 0, "word_count": 0, "status": "published", "created_at": "2022-07-21T17:42:46.469Z", "updated_at": "2024-05-22T21:32:03.020Z"}, "m2m": {"photo": [3071]}}, {"condition": {"id": 155}, "defaults": {"site_id": 50, "admin_id": 60, "judul": "KALENDER KESEHATAN", "judul_seo": "kalender-kesehatan", "isi_artikel": "<p><iframe height=\"480\" src=\"https://promkes.kemkes.go.id/kalender_kesehatan\" width=\"680\"></iframe></p>\r\n", "view_count": 43, "share_count": 0, "word_count": 0, "status": "published", "created_at": "2022-07-21T17:46:59.296Z", "updated_at": "2024-06-30T21:57:35.346Z"}, "m2m": {"photo": [3072]}}, {"condition": {"id": 156}, "defaults": {"site_id": 50, "admin_id": 60, "judul": "Peregangan Ternyata Bermanfaat Bagi Tubuh Lho!", "judul_seo": "peregangan-ternyata-bermanfaat-bagi-tubuh-lho", "isi_artikel": "<p><iframe height=\"480\" src=\"https://promkes.kemkes.go.id/peregangan-ternyata-bermanfaat-bagi-tubuh-lho\" width=\"680\"></iframe></p>", "view_count": 45, "share_count": 0, "word_count": 0, "status": "published", "created_at": "2022-07-21T18:02:31.947Z", "updated_at": "2024-05-22T18:34:27.146Z"}, "m2m": {"photo": [3076]}}, {"condition": {"id": 157}, "defaults": {"site_id": 50, "admin_id": 60, "judul": "Tanda Bahaya Kehamilan yang Harus Diketahui Oleh Ibu Hamil", "judul_seo": "tanda-bahaya-kehamilan-yang-harus-diketahui-oleh-ibu-hamil", "isi_artikel": "<p><iframe height=\"480\" src=\"https://promkes.kemkes.go.id/tanda-bahaya-kehamilan-yang-harus-diketahui-oleh-ibu-hamil\" width=\"680\"></iframe></p>", "view_count": 48, "share_count": 0, "word_count": 0, "status": "published", "created_at": "2022-07-21T18:14:08.696Z", "updated_at": "2024-07-02T22:14:21.552Z"}, "m2m": {"photo": [3077]}}, {"condition": {"id": 158}, "defaults": {"site_id": 50, "admin_id": 60, "judul": "Begini Cara Mengenali Gejala Stroke", "judul_seo": "begini-cara-mengenali-gejala-stroke-1", "isi_artikel": "<p><iframe height=\"480\" src=\"https://promkes.kemkes.go.id/begini-cara-mengenali-gejala-stroke\" width=\"680\"></iframe></p>", "view_count": 41, "share_count": 0, "word_count": 0, "status": "published", "created_at": "2022-07-21T19:19:52.583Z", "updated_at": "2024-07-03T23:22:49.768Z"}, "m2m": {"photo": [3078]}}, {"condition": {"id": 159}, "defaults": {"site_id": 50, "admin_id": 60, "judul": "Ayo, Ajak Anak ke Posyandu Rutin Setiap Bulan!", "judul_seo": "ayo-ajak-anak-ke-posyandu-rutin-setiap-bulan-1", "isi_artikel": "<p><iframe height=\"480\" src=\"https://promkes.kemkes.go.id/ayo-ajak-anak-ke-posyandu-rutin-setiap-bulan\" width=\"680\"></iframe></p>", "view_count": 26, "share_count": 0, "word_count": 0, "status": "published", "created_at": "2022-07-21T19:21:10.269Z", "updated_at": "2024-07-03T00:57:41.871Z"}, "m2m": {"photo": [3079]}}, {"condition": {"id": 160}, "defaults": {"site_id": 50, "admin_id": 60, "judul": "Ibu Hamil Jangan Malas Jalan Kaki Ya !! Inilah Manfaat Jalan Kaki untuk Ibu Hamil", "judul_seo": "ibu-hamil-jangan-malas-jalan-kaki-ya-inilah-manfaat-jalan-kaki-untuk-ibu-hamil", "isi_artikel": "<p><iframe height=\"480\" src=\"https://promkes.kemkes.go.id/manfaat-jalan-kaki-untuk-ibu-hamil\" width=\"680\"></iframe></p>\r\n", "view_count": 33, "share_count": 0, "word_count": 0, "status": "published", "created_at": "2022-07-21T19:32:01.152Z", "updated_at": "2024-05-22T21:52:51.047Z"}, "m2m": {"photo": [3080]}}, {"condition": {"id": 161}, "defaults": {"site_id": 50, "admin_id": 60, "judul": "Cegah Hipertensi, Kenali Gejala dan Bagaimana Mengatasinya", "judul_seo": "cegah-hipertensi-kenali-gejala-dan-bagaimana-mengatasinya", "isi_artikel": "<p><iframe height=\"480\" src=\"https://promkes.kemkes.go.id/cegah-hipertensi-kenali-gejala-dan-bagaimana-mengatasinya\" width=\"680\"></iframe></p>", "view_count": 36, "share_count": 0, "word_count": 0, "status": "published", "created_at": "2022-07-21T19:33:52.927Z", "updated_at": "2024-05-27T18:07:26.791Z"}, "m2m": {"photo": [3081]}}, {"condition": {"id": 162}, "defaults": {"site_id": 50, "admin_id": 60, "judul": "Penting, Ini yang Perlu Anda Ketahui Mengenai Konsumsi Gula, Garam dan Lemak", "judul_seo": "penting-ini-yang-perlu-anda-ketahui-mengenai-konsumsi-gula-garam-dan-lemak-1", "isi_artikel": "<p><iframe height=\"480\" src=\"https://promkes.kemkes.go.id/penting-ini-yang-perlu-anda-ketahui-mengenai-konsumsi-gula-garam-dan-lemak\" width=\"680\"></iframe></p>\r\n", "view_count": 36, "share_count": 0, "word_count": 0, "status": "published", "created_at": "2022-07-21T19:35:51.124Z", "updated_at": "2024-07-01T04:21:32.174Z"}, "m2m": {"photo": [3082]}}, {"condition": {"id": 163}, "defaults": {"site_id": 50, "admin_id": 60, "judul": "Cerdas Kelola Stres Agar Tetap Sehat", "judul_seo": "cerdas-kelola-stres-agar-tetap-sehat", "isi_artikel": "<p><iframe height=\"480\" src=\"https://promkes.kemkes.go.id/kiat-cerdas-kelola-stres-agar-tetap-sehat\" width=\"680\"></iframe></p>\r\n", "view_count": 40, "share_count": 0, "word_count": 0, "status": "published", "created_at": "2022-07-21T19:37:21.617Z", "updated_at": "2024-07-02T01:18:10.537Z"}, "m2m": {"photo": [3083]}}, {"condition": {"id": 164}, "defaults": {"site_id": 50, "admin_id": 60, "judul": "Ingin Berhenti Merokok? Lakukan Lima Langkah Cerdas Berikut Ini!", "judul_seo": "ingin-berhenti-merokok-lakukan-lima-langkah-cerdas-berikut-ini", "isi_artikel": "<p><iframe height=\"480\" src=\"https://promkes.kemkes.go.id/ingin-berhenti-merokok-lakukan-lima-langkah-cerdas-berikut-ini\" width=\"680\"></iframe></p>\r\n", "view_count": 40, "share_count": 0, "word_count": 0, "status": "published", "created_at": "2022-07-21T19:38:44.246Z", "updated_at": "2024-05-31T00:46:26.070Z"}, "m2m": {"photo": [3084]}}, {"condition": {"id": 165}, "defaults": {"site_id": 50, "admin_id": 60, "judul": "Berikan ASI untuk Tumbuh Kembang yang Optimal", "judul_seo": "berikan-asi-untuk-tumbuh-kembang-yang-optimal-1", "isi_artikel": "<p><iframe height=\"480\" src=\"https://promkes.kemkes.go.id/berikan-asi-untuk-tumbuh-kembang-yang-optimal\" width=\"680\"></iframe></p>\r\n", "view_count": 26, "share_count": 0, "word_count": 0, "status": "published", "created_at": "2022-07-21T19:41:27.127Z", "updated_at": "2024-05-22T08:27:53.385Z"}, "m2m": {"photo": [3085]}}, {"condition": {"id": 166}, "defaults": {"site_id": 50, "admin_id": 60, "judul": "40% Lebih Perokok di Seluruh Dunia Meninggal karena Penyakit Paru-Paru", "judul_seo": "40-lebih-perokok-di-seluruh-dunia-meninggal-karena-penyakit-paru-paru", "isi_artikel": "<p><iframe height=\"480\" src=\"https://promkes.kemkes.go.id/40-lebih-perokok-di-seluruh-dunia-meninggal-karena-penyakit-paru-paru\" width=\"680\"></iframe></p>\r\n", "view_count": 32, "share_count": 0, "word_count": 0, "status": "published", "created_at": "2022-07-21T19:45:07.802Z", "updated_at": "2024-05-23T00:13:17.203Z"}, "m2m": {"photo": [3086]}}, {"condition": {"id": 167}, "defaults": {"site_id": 50, "admin_id": 60, "judul": "Pentingnya Cek Kesehatan Gigi Berkala", "judul_seo": "pentingnya-cek-kesehatan-gigi-berkala-1", "isi_artikel": "<p><iframe height=\"480\" src=\"https://promkes.kemkes.go.id/pentingnya-cek-kesehatan-gigi-berkala\" width=\"680\"></iframe></p>\r\n", "view_count": 38, "share_count": 0, "word_count": 0, "status": "published", "created_at": "2022-07-21T19:47:06.353Z", "updated_at": "2024-07-03T19:39:37.943Z"}, "m2m": {"photo": [3087]}}, {"condition": {"id": 168}, "defaults": {"site_id": 50, "admin_id": 60, "judul": "Berbagai Manfaat Minum Air Putih Setelah Bangun Tidur", "judul_seo": "berbagai-manfaat-minum-air-putih-setelah-bangun-tidur-1", "isi_artikel": "<p><iframe height=\"480\" src=\"https://promkes.kemkes.go.id/berbagai-manfaat-minum-air-putih-setelah-bangun-tidur\" width=\"680\"></iframe></p>\r\n", "view_count": 32, "share_count": 0, "word_count": 0, "status": "published", "created_at": "2022-07-21T19:49:34.610Z", "updated_at": "2024-07-03T18:24:21.157Z"}, "m2m": {"photo": [3088]}}, {"condition": {"id": 169}, "defaults": {"site_id": 50, "admin_id": 60, "judul": "Kumpulan Media Buku Bacaan Kader Posyandu", "judul_seo": "kumpulan-media-buku-bacaan-kader-posyandu", "isi_artikel": "<p>&nbsp;</p>\r\n\r\n<p>Disini anda bisa mengunduh Kumpulan Media Buku Bacaan Kader Posyandu dalam berbagai format<a href=\"https://promkes.kemkes.go.id/kumpulan-media-buku-bacaan-kader-posyandu\"><img alt=\"\" src=\"/media/uploads/puskesmassekotonglobar/2022/07/21/screenshot_43.jpg\" style=\"height:144px; width:120px\" /></a><a href=\"https://promkes.kemkes.go.id/kumpulan-media-buku-bacaan-kader-posyandu\">Silahkan download disini</a></p>\r\n", "view_count": 41, "share_count": 0, "word_count": 15, "status": "published", "created_at": "2022-07-21T20:00:07.121Z", "updated_at": "2024-07-03T19:12:33.519Z"}, "m2m": {"photo": [3089]}}, {"condition": {"id": 170}, "defaults": {"site_id": 50, "admin_id": 60, "judul": "Apa Saja Jenis 5 Sayuran dengan Khasiat Luar Biasa untuk Kesehatan?", "judul_seo": "apa-saja-jenis-5-sayuran-dengan-khasiat-luar-biasa-untuk-kesehatan", "isi_artikel": "<p><iframe height=\"480\" src=\"https://promkes.kemkes.go.id/?p=8867\" width=\"680\"></iframe></p>", "view_count": 35, "share_count": 0, "word_count": 0, "status": "published", "created_at": "2022-07-22T01:05:35.854Z", "updated_at": "2024-05-19T22:42:41.706Z"}, "m2m": {"photo": [3090]}}, {"condition": {"id": 175}, "defaults": {"site_id": 50, "admin_id": 60, "judul": "Kamu Merasa Stres,? Ini dia 5 Hal Yang Harus Kamu Hindari", "judul_seo": "kamu-merasa-stres-ini-dia-5-hal-yang-harus-kamu-hindari", "isi_artikel": "<p dir=\"ltr\"><strong>Stres adalah</strong>&nbsp;reaksi yang muncul apabila ada perubahan dari lingkungan yang mengharuskan seseorang untuk menyesuaikan diri. Kondisi tersebut merupakan reaksi yang normal dialami oleh seseorang apabila berada di kondisi yang tidak nyaman, sehingga dengan demikian kita dituntut untuk dapat mengelola stres agar tidak terus berlanjut dalam waktu yang lama dan menyebabkan terganggunya kesehatan mental.</p>\r\n\r\n<p dir=\"ltr\">Dalam&nbsp;<strong>mengurangi rasa stres</strong>, terdapat banyak hal yang dapat dilakukan, seperti meningkatkan ibadah, melakukan hobi yang sesuai dengan minat dan bakat, berolahraga dan konsumsi makanan yang sehat.</p>\r\n\r\n<h2 dir=\"ltr\">Cara Mengatasi Stres yang Harus Dihindari</h2>\r\n\r\n<p dir=\"ltr\">Untuk sebagian orang, cara menghilangkan stres yang mereka lakukan adalah dengan melakukan tindakan negatif yang dapat merugikan diri dan kesehatan mereka. Berikut ini adalah beberapa&nbsp;<strong>cara mengatasi stres</strong>&nbsp;yang harus dihindari, diantaranya adalah:</p>\r\n\r\n<ol>\r\n\t<li dir=\"ltr\">\r\n\t<p dir=\"ltr\">Makan tidak teratur atau berlebihan.</p>\r\n\t</li>\r\n\t<li dir=\"ltr\">\r\n\t<p dir=\"ltr\">Konsumsi kafein secara berlebihan dan produk yang mengandung tinggi gula.</p>\r\n\t</li>\r\n\t<li dir=\"ltr\">\r\n\t<p dir=\"ltr\">Konsumsi alkohol dan narkoba.</p>\r\n\t</li>\r\n\t<li dir=\"ltr\">\r\n\t<p dir=\"ltr\">Menjauhi teman dan keluarga, sehingga masalah tidak dapat dikomunikasikan dengan baik.</p>\r\n\t</li>\r\n\t<li dir=\"ltr\">\r\n\t<p dir=\"ltr\">Menghabiskan waktu untuk berada di depan komputer/menonton TV/ berselancar di media sosial.</p>\r\n\t</li>\r\n</ol>\r\n\r\n<p dir=\"ltr\">Beberapa&nbsp;<strong>hal yang harus dihindari saat stres</strong>&nbsp;di atas, merupakan hal penting yang harus kita ketahui. Karena hal tersebut hanya akan menyebabkan rasa stres yang lebih berat dan berkepanjangan.</p>\r\n\r\n<p dir=\"ltr\">Tetap terapkan Perilaku Hidup Bersih dan Sehat (PHBS) serta bersegera dalam menghubungi tenaga kesehatan seperti psikolog apabila membutuhkan penanganan lebih lanjut dalam&nbsp;<strong>mengelola rasa stres</strong>.</p>\r\n\r\n<p><a href=\"https://promkes.kemkes.go.id/5-hal-yang-harus-dihindari-saat-merasakan-stres\">sumber artikel</a><iframe height=\"480\" src=\"hhttps://promkes.kemkes.go.id/5-hal-yang-harus-dihindari-saat-merasakan-stres\" width=\"680\"></iframe></p>", "view_count": 24, "share_count": 0, "word_count": 217, "status": "published", "created_at": "2022-07-22T16:11:33.718Z", "updated_at": "2024-05-20T05:03:10.144Z"}, "m2m": {"photo": [3124]}}, {"condition": {"id": 176}, "defaults": {"site_id": 50, "admin_id": 60, "judul": "Situasi COVID-19 di Indonesia (Update per 21 Juli 2022)", "judul_seo": "situasi-covid-19-di-indonesia-update-per-21-juli-2022", "isi_artikel": "<p><iframe height=\"480\" src=\"https://covid19.go.id/artikel/2022/07/21/situasi-covid-19-di-indonesia-update-21-juli-2022\" width=\"680\"></iframe></p>\r\n", "view_count": 41, "share_count": 0, "word_count": 0, "status": "published", "created_at": "2022-07-22T16:35:47.089Z", "updated_at": "2024-07-01T13:27:07.489Z"}, "m2m": {"photo": [3125]}}, {"condition": {"id": 177}, "defaults": {"site_id": 50, "admin_id": 60, "judul": "Yuk !! Temukan Lokasi Vaksinasi Terdekat di Sekitarmu", "judul_seo": "yuk-temukan-lokasi-vaksinasi-terdekat-di-sekitarmu", "isi_artikel": "<p>Kamu Bisa mencarinya dengan klik link berikut:&nbsp;<a href=\"https://covid19.go.id/faskesvaksin\">Cari Disini</a><iframe height=\"480\" src=\"https://covid19.go.id/faskesvaksin\" width=\"680\"></iframe></p>", "view_count": 41, "share_count": 0, "word_count": 9, "status": "published", "created_at": "2022-07-22T16:39:47.096Z", "updated_at": "2024-06-06T11:39:55.652Z"}, "m2m": {"photo": [3126]}}, {"condition": {"id": 178}, "defaults": {"site_id": 50, "admin_id": 60, "judul": "Apa itu KIPI (Kejadian Ikutan Pasca Imunisasi)?", "judul_seo": "apa-itu-kipi-kejadian-ikutan-pasca-imunisasi", "isi_artikel": "<h2>Hal-hal yang perlu diketahui!</h2>\r\n\r\n<p>Tidak semua orang yang divaksinasi COVID-19 mengalami reaksi atau Kejadian Ikutan Pasca Imunisasi (KIPI). Jika muncul reaksi atau KIPI, itu adalah sesuatu yang wajar.</p>\r\n\r\n<p>Ingat, KIPI atau reaksi yang muncul setelah vaksinasi jauh lebih ringan dibandingkan terkena COVID-19 atau komplikasi yang disebabkan oleh virus COVID-19.</p>\r\n\r\n<p>Para ahli sepakat bahwa vaksinasi dan penerapan protokol kesehatan (3M) adalah cara yang paling tepat untuk keluar dari pandemi ini.</p>\r\n\r\n<h2>Mengapa saya mengalami KIPI?</h2>\r\n\r\n<p>Reaksi vaksin dalam tubuh dapat berbeda pada masing-masing individu. Sebagian besar tidak mengalami keluhan atau keluhan ringan pasca vaksinasi.</p>\r\n\r\n<h2>Jika mengalami reaksi ringan seperti di atas, apa yang harus saya lakukan?</h2>\r\n\r\n<p>Jika merasa tidak nyaman, Anda sebaiknya beristirahat. Jika dibutuhkan, Anda dapat menggunakan obat penurun panas sesuai dosis yang dianjurkan dan minum air putih dengan cukup<br />\r\n<br />\r\nJika terdapat rasa nyeri di tempat suntikan, tetap gerakkan dan gunakan lengan seperti biasa. Apabila perlu, kompres bagian yang nyeri dengan kain bersih yang dibasahi dengan air dingin.</p>\r\n\r\n<h2>Apa saja yang termasuk KIPI?</h2>\r\n\r\n<p>KIPI biasanya bersifat ringan dan sementara, antara lain:</p>\r\n\r\n<ul>\r\n\t<li>Nyeri pada lengan, di tempat suntikan</li>\r\n\t<li>Sakit kepala atau nyeri otot</li>\r\n\t<li>Nyeri sendi</li>\r\n\t<li>Menggigil</li>\r\n\t<li>Mual atau muntah</li>\r\n\t<li>Rasa lelah</li>\r\n\t<li>Demam (ditandai dengan suhu di atas 37,8&deg;&nbsp;C)</li>\r\n</ul>\r\n\r\n<p>Anda dapat juga mengalami gejala mirip flu dan menggigil selama 1-2 hari.</p>\r\n\r\n<p>dikutip dari :&nbsp;<a href=\"https://kipi.covid19.go.id/\">kipi.covid19.go.id/</a></p>\r\n\r\n<p>&nbsp;</p>\r\n\r\n<p>&nbsp;</p>\r\n\r\n<p>RnD</p>\r\n", "view_count": 37, "share_count": 0, "word_count": 204, "status": "published", "created_at": "2022-07-22T16:49:25.939Z", "updated_at": "2024-06-06T10:22:15.077Z"}, "m2m": {"photo": [3130]}}, {"condition": {"id": 179}, "defaults": {"site_id": 50, "admin_id": 60, "judul": "PETA ZONASI RISIKO COVID-19", "judul_seo": "peta-zonasi-risiko-covid-19", "isi_artikel": "<p><iframe height=\"480\" src=\"https://covid19.go.id/peta-risiko\" width=\"680\"></iframe></p>\r\n", "view_count": 27, "share_count": 0, "word_count": 0, "status": "published", "created_at": "2022-07-22T16:56:30.144Z", "updated_at": "2024-05-27T16:04:00.930Z"}, "m2m": {"photo": [3131]}}, {"condition": {"id": 185}, "defaults": {"site_id": 50, "admin_id": 60, "judul": "Mengenal Limfoma dan Gejalanya", "judul_seo": "mengenal-limfoma-dan-gejalanya", "isi_artikel": "<p><iframe height=\"480\" src=\"https://upk.kemkes.go.id/new/mengenal-limfoma-dan-gejalanya\" width=\"680\"></iframe></p>\r\n", "view_count": 62, "share_count": 0, "word_count": 0, "status": "published", "created_at": "2022-07-24T20:06:28.193Z", "updated_at": "2024-05-30T17:26:06.834Z"}, "m2m": {"photo": [3182]}}, {"condition": {"id": 186}, "defaults": {"site_id": 50, "admin_id": 60, "judul": "3 Manfaat Penting Vaksinasi Covid-19", "judul_seo": "3-manfaat-penting-vaksinasi-covid-19-1", "isi_artikel": "<p><iframe height=\"480\" src=\"https://upk.kemkes.go.id/new/3-manfaat-penting-vaksinasi-covid-19\" width=\"680\"></iframe></p>\r\n", "view_count": 41, "share_count": 0, "word_count": 0, "status": "published", "created_at": "2022-07-24T20:29:55.694Z", "updated_at": "2024-05-22T21:17:37.418Z"}, "m2m": {"photo": [3183]}}, {"condition": {"id": 187}, "defaults": {"site_id": 50, "admin_id": 60, "judul": "Lama Waktu Tidur yang Dibutuhkan oleh Tubuh", "judul_seo": "lama-waktu-tidur-yang-dibutuhkan-oleh-tubuh-1", "isi_artikel": "<iframe src=\"https://upk.kemkes.go.id/new/lama-waktu-tidur-yang-dibutuhkan-oleh-tubuh\" width=\"680\" height=\"480\"></iframe>", "view_count": 39, "share_count": 0, "word_count": 0, "status": "published", "created_at": "2022-07-24T20:35:56.810Z", "updated_at": "2024-05-25T06:04:03.845Z"}, "m2m": {"photo": [3184]}}, {"condition": {"id": 191}, "defaults": {"site_id": 50, "admin_id": 60, "judul": "Mengapa Sarapan Tak Boleh Dilewatkan?", "judul_seo": "mengapa-sarapan-tak-boleh-dilewatkan-1", "isi_artikel": "<p><iframe height=\"480\" src=\"https://promkes.kemkes.go.id/mengapa-sarapan-tak-boleh-dilewatkan\" width=\"680\"></iframe></p>\r\n", "view_count": 40, "share_count": 0, "word_count": 0, "status": "published", "created_at": "2022-07-26T10:54:52.957Z", "updated_at": "2024-07-12T01:48:59.352Z"}, "m2m": {"photo": [3257]}}, {"condition": {"id": 399}, "defaults": {"site_id": 50, "admin_id": 60, "judul": "5 Tips Mengatasi Insomnia", "judul_seo": "5-tips-mengatasi-insomnia", "isi_artikel": "<p><iframe height=\"480\" src=\"https://promkes.kemkes.go.id/5-tips-mengatasi-insomnia\" width=\"680\"></iframe></p>", "view_count": 40, "share_count": 0, "word_count": 0, "status": "published", "created_at": "2022-09-26T12:00:40.352Z", "updated_at": "2024-07-12T01:30:29.492Z"}, "m2m": {"photo": [5977]}}, {"condition": {"id": 400}, "defaults": {"site_id": 50, "admin_id": 60, "judul": "7 Dampak Anemia pada Remaja", "judul_seo": "7-dampak-anemia-pada-remaja", "isi_artikel": "<p><iframe height=\"480\" src=\"https://promkes.kemkes.go.id/7-dampak-anemia-pada-remaja\" width=\"680\"></iframe></p>\r\n", "view_count": 39, "share_count": 0, "word_count": 0, "status": "published", "created_at": "2022-09-26T12:05:39.717Z", "updated_at": "2024-07-12T02:07:27.180Z"}, "m2m": {"photo": [5978]}}, {"condition": {"id": 401}, "defaults": {"site_id": 50, "admin_id": 60, "judul": "Mengenal Gejala Cacar Monyet", "judul_seo": "mengenal-gejala-cacar-monyet", "isi_artikel": "<iframe src=\"https://promkes.kemkes.go.id/mengenal-gejala-cacar-monyet\" width=\"680\" height=\"480\"></iframe>", "view_count": 42, "share_count": 0, "word_count": 0, "status": "published", "created_at": "2022-09-26T12:07:32.075Z", "updated_at": "2024-07-12T01:39:03.579Z"}, "m2m": {"photo": [5979, 5980]}}, {"condition": {"id": 402}, "defaults": {"site_id": 50, "admin_id": 60, "judul": "Mengenal Faktor Risiko Penyakit Jantung Koroner", "judul_seo": "mengenal-faktor-risiko-penyakit-jantung-koroner", "isi_artikel": "<p><iframe height=\"480\" src=\"https://promkes.kemkes.go.id/mengenal-faktor-risiko--penyakit-jantung-koroner\" width=\"680\"></iframe></p>\r\n", "view_count": 63, "share_count": 0, "word_count": 0, "status": "published", "created_at": "2022-09-26T12:09:17.609Z", "updated_at": "2024-07-12T02:09:28.225Z"}, "m2m": {"photo": [5981]}}, {"condition": {"id": 403}, "defaults": {"site_id": 50, "admin_id": 60, "judul": "Mengenal Penyakit Tidak Menular dan Pencegahannya", "judul_seo": "mengenal-penyakit-tidak-menular-dan-pencegahannya", "isi_artikel": "<p><iframe height=\"480\" src=\"https://promkes.kemkes.go.id/mengenal-penyakit-tidak-menular-dan-pencegahannya\" width=\"680\"></iframe></p>\r\n", "view_count": 841, "share_count": 0, "word_count": 0, "status": "published", "created_at": "2022-09-26T12:11:13.114Z", "updated_at": "2024-07-01T19:34:20.840Z"}, "m2m": {"photo": [5982, 5983]}}, {"condition": {"id": 404}, "defaults": {"site_id": 50, "admin_id": 60, "judul": "4 Gejala Umum Tubuh Mengalami Dehidrasi", "judul_seo": "4-gejala-umum-tubuh-mengalami-dehidrasi", "isi_artikel": "<iframe src=\"https://promkes.kemkes.go.id/4-gejala-umum-tubuh-mengalami-dehidrasi\" width=\"680\" height=\"480\"></iframe>", "view_count": 255, "share_count": 0, "word_count": 0, "status": "published", "created_at": "2022-09-26T12:14:28.299Z", "updated_at": "2024-06-29T06:51:29.263Z"}, "m2m": {"photo": [5984]}}, {"condition": {"id": 405}, "defaults": {"site_id": 50, "admin_id": 60, "judul": "Mengenal Gejala TBC Pada Anak<iframe src=\"https://www.example.com\" width=\"680\" height=\"480\"></iframe>", "judul_seo": "mengenal-gejala-tbc-pada-anak-iframe-src-https-www-example-com-width-680-height-480-iframe", "isi_artikel": "<p><iframe height=\"480\" src=\"https://promkes.kemkes.go.id/mengenal-gejala-tbc-pada-anak\" width=\"680\"></iframe></p>\r\n", "view_count": 334, "share_count": 0, "word_count": 0, "status": "published", "created_at": "2022-09-26T12:17:32.859Z", "updated_at": "2024-07-12T02:15:29.858Z"}, "m2m": {"photo": [5985]}}, {"condition": {"id": 406}, "defaults": {"site_id": 50, "admin_id": 60, "judul": "3 Tips Mencegah Obesitas Bagi Lansia", "judul_seo": "3-tips-mencegah-obesitas-bagi-lansia", "isi_artikel": "<p><iframe height=\"480\" src=\"https://promkes.kemkes.go.id/3-tips-mencegah-obesitas-bagi-lansia\" width=\"680\"></iframe></p>", "view_count": 430, "share_count": 0, "word_count": 0, "status": "published", "created_at": "2022-09-26T12:19:23.828Z", "updated_at": "2024-07-11T19:26:30.865Z"}, "m2m": {"photo": [5986]}}, {"condition": {"id": 508}, "defaults": {"site_id": 50, "admin_id": 60, "judul": "BIMTEK PENGELOLAAN WEBSITE KABUPATEN RUMAH SAKIT DAN PUSKESMAS KABUPATEN LOMBOK BARAT DALAM RANGKA OPTIMALISASI LAYANAN PUBLIK", "judul_seo": "bimtek-pengelolaan-website-kabupaten-rumah-sakit-dan-puskesmas-kabupaten-lombok-barat-dalam-rangka-optimalisasi-layanan-publik", "isi_artikel": "<p>Sekotong, 23 Mei 2023</p>\r\n\r\n<p>Pada era Digital sperti saat ini keterbukaan informasi Publik sangat penting &nbsp;sehingga masyarakat dapat ikut serta mengontrol &nbsp;setiap langkah kebijakan yang diambil oleh badan publik terutama pemerintah. dalam penyampaiannya Kepala Dinas Kesehatan Lombok Barat Arief Suryawan,S.Si.Apt.MPH, menekan kan agar kegiatan yang berkaitan dengan Kesehatan baik di dalam gedung maupun luar gedung bisa dijadikan sebuah berita yang kemudian di upload pada website masing-masing Puskesmas. terpisah, adapaun arahan Kabid Kominfo Lombok Barat selaku narasumber pada kegiatan Bimtek Pengelolaan Website Kabupaten Rumah Sakit dan Puskesmas menekan kan agar semua Puskesmas yang ada dilombok barat melengkapi atau mendesain terlebih dahulu websitenya masing-masing sebelum mengupload berita atau artikel sperti Alamat Instansi, Kontak, E-mail dan lain - lain, hal ini tentunya akan &nbsp;memudahkan masyarakat dalam mengakses informasi yang valid.&nbsp;</p>", "view_count": 296, "share_count": 0, "word_count": 120, "status": "published", "created_at": "2023-05-23T02:40:38.951Z", "updated_at": "2024-07-01T10:23:23.623Z"}, "m2m": {"photo": [9944]}}, {"condition": {"id": 509}, "defaults": {"site_id": 50, "admin_id": 60, "judul": "KELAS IBU HAMIL ", "judul_seo": "kelas-ibu-hamil", "isi_artikel": "<p>Sekotong, 23 Mei 2023</p>\r\n\r\n<p style=\"text-align:justify\">Kelas ibu hamil&nbsp; merupakan salah satu Program dalam upaya meningkatkan pengetahuan ibu hamil&nbsp; tentang kehamilan , , menghadapi persiapan persalinan dan lain - lain. hari ini , selasa, 23 mei 2023 bidan desa taman baru mengadakan kelas ibu hamil di dusun Batu Putih Desa Taman Baru kecamatan sekotong, salah satu materi bahasan pada kegiatan tersebut adalah tentang gizi seimbang pada ibu hamil dan menyusui yang disampaikan dengan metode tanya jawab.</p>\r\n\r\n<p style=\"text-align:justify\">pada kegiatan tersebut diharapkan dapat merubah pola pikir dan perilaku ibu hamil yang ada diwilayah kerja Puskesmas Sekotong sehingga derajat kesehatan masyarakat meningkat.</p>\r\n", "view_count": 343, "share_count": 0, "word_count": 89, "status": "published", "created_at": "2023-05-23T06:33:00.441Z", "updated_at": "2024-07-06T20:32:36.566Z"}, "m2m": {"photo": [9976]}}, {"condition": {"id": 771}, "defaults": {"site_id": 50, "admin_id": 60, "judul": "Dalam Rangka Memperingati Hari Kanker Sedunia UPT Puskesmas Sekotong Memberikan Edukasi Pentinga Perihal Kanker kepada Pengunjung", "judul_seo": "dalam-rangka-memperingati-hari-kanker-sedunia-upt-puskesmas-sekotong-memberikan-edukasi-pentinga-perihal-kanker-kepada-pengunjung", "isi_artikel": "<p>Tanggal 4 Februari setiap tahunnya menjadi momentum global yang signifikan, di mana seluruh dunia bersatu dalam peringatan Hari Kanker Sedunia. Puskesmas Sekotong sebagai garda terdepan pelayanan kesehatan masyarakat khususnya bagi masyarakat Sekotong memainkan peran penting dalam memperingati hari kanker sedunia dengan tujuan meningkatkan kesadaran seputar kanker dan memberikan pelayanan kesehatan yang optimal kepada masyarakat. Adapun langkah-langkah dan inisiatif yang diambil oleh puskesmas Sekotong dalam memperingati Hari Kanker Sedunia diantaranya :</p><p>1. Deteksi Dini Kanker Serviks Melalui Pemeriksaan IVa</p><p>Setiap tahun, jutaan perempuan di seluruh dunia menghadapi risiko terkena kanker serviks, tetapi upaya pencegahan dapat membuat perbedaan besar. Salah satu metode yang dilakukan oleh Puskesmas Sekotong adalah &nbsp;Pemeriksaan Inspeksi Visual dengan Asam Asetat (IVAA).</p><p>Proses dimulai dengan pemberian asam asetat pada serviks, yang akan mengubah warna sel-sel yang terinfeksi atau mengalami perubahan prakanker. Dengan bantuan lampu sederhana atau sumber cahaya khusus, petugas kesehatan dapat melihat perubahan warna ini, memungkinkan mereka untuk mengidentifikasi area yang perlu ditindaklanjuti lebih lanjut.</p><p>2. Pemeriksaan Berkala dan Skrining: Dalam rangka memerangi kanker, puskesmas meningkatkan upaya pemeriksaan berkala dan skrining. Program tersebut memberikan akses mudah bagi masyarakat untuk mendeteksi dini potensi risiko kanker, memungkinkan intervensi lebih cepat dan efektif.</p><p>3. Edukasi Gaya Hidup Sehat: Puskesmas fokus pada edukasi tentang gaya hidup sehat sebagai upaya pencegahan kanker. Ini mencakup promosi pola makan seimbang, olahraga teratur, penghindaran konsumsi tembakau, dan modifikasi kebiasaan hidup lain yang dapat mengurangi risiko kanker.</p><p>4. Pelayanan Konseling dan Dukungan: Dalam mendukung individu yang tengah menghadapi atau bertahan dari kanker, puskesmas menyediakan layanan konseling dan dukungan psikologis. Ini mencakup pembinaan kelompok pendukung untuk membangun solidaritas dan saling mendukung.</p><p>5. Peningkatan Pelayanan Kesehatan: Dalam mendukung pasien kanker, puskesmas terus meningkatkan pelayanan kesehatan yang komprehensif. Ini mencakup fasilitas diagnostik, perawatan onkologi, dan perawatan paliatif.</p><p>Melalui upaya bersama ini, puskesmas Sekotong berkomitmen untuk merangkul peran proaktif dalam memerangi kanker. Peringatan Hari Kanker Sedunia menjadi panggilan untuk meningkatkan kualitas hidup dan kesadaran masyarakat tentang upaya pencegahan dan pengelolaan kanker. Puskesmas sebagai garda terdepan terus berjuang untuk menciptakan komunitas yang lebih sehat dan terbebas dari ancaman kanker.</p>", "view_count": 976, "share_count": 0, "word_count": 319, "status": "published", "created_at": "2024-02-05T06:29:14.450Z", "updated_at": "2024-07-11T15:59:52.302Z"}, "m2m": {"photo": []}}]