[{"condition": {"id": 5}, "defaults": {"site_id": 46, "admin_id": 50, "judul": "Jenis Layanan Puskesmas Labuapi", "judul_seo": "jenis-layanan-puskesmas-labuapi", "isi_artikel": "<p>Jenis-jenis layanan di Puskesmas Labuapi:</p>\r\n\r\n<ol>\r\n\t<li>Poli Umum</li>\r\n\t<li>Poli Anak</li>\r\n\t<li>Poli Gigi</li>\r\n\t<li>Poli KIA</li>\r\n\t<li>Poli Konseling Terpadu</li>\r\n\t<li>UGD</li>\r\n\t<li>Ruang Bersalin</li>\r\n\t<li>Ruang Nifas</li>\r\n\t<li>Ruang Rawat Inap</li>\r\n\t<li>Laboratorium</li>\r\n\t<li>Apotek</li>\r\n\t<li>Vaksinasi Balita</li>\r\n\t<li>Vaksinasi Covid-19 (sesuai jadwal prioritas)</li>\r\n</ol>\r\n\r\n<p><img alt=\"\" src=\"http://puskesmaslabuapi-dikes.lombokbaratkab.go.id/media/poli_anak.png\" style=\"height:225px; width:300px\" /></p>", "view_count": 620, "share_count": 0, "word_count": 31, "status": "published", "created_at": "2021-06-15T09:38:46.138Z", "updated_at": "2024-07-11T01:47:09.624Z"}, "m2m": {"photo": [888]}}]