[{"condition": {"id": 577}, "defaults": {"site_id": 63, "admin_id": 81, "judul": "Basuh Anting the best innovation ", "judul_seo": "basuh-anting-the-best-innovation", "isi_artikel": "<p style=\"text-align:center\"><img src=\"/media/uploads/puskesmassigeronganlobar/2023/06/26/image-20230626120430-1.jpeg\" style=\"height:1600px; width:1375px\" /></p>\r\n\r\n<p><span style=\"font-size:12pt\"><span style=\"font-family:&quot;Times New Roman&quot;,&quot;serif&quot;\"><span style=\"font-family:&quot;Arial&quot;,&quot;sans-serif&quot;\">Pada tanggal 13 Juni 2023, Qurratul Aini, seorang PNS dari Kabupaten Lombok Barat, Nusa Tenggara Barat, berhasil meraih prestasi luar biasa dengan lolos ke tingkat nasional dalam lomba Nakes Teladan. Keberhasilannya ini tidak lepas dari inovasinya yang unik, Basuh Anting, yang berhasil mengatasi stunting melalui banner suluh dan konsultasi gizi online. Mari kita melihat perjalanan Qurratul Aini dan keberhasilannya dalam membantu masyarakat.</span></span></span></p>\r\n\r\n<p><span style=\"font-size:12pt\"><span style=\"font-family:&quot;Times New Roman&quot;,&quot;serif&quot;\"><span style=\"font-family:&quot;Arial&quot;,&quot;sans-serif&quot;\">Qurratul Aini lahir di Lombok Timur pada tahun 1992. Setelah menyelesaikan pendidikan D3 Gizi di Poltekkes Kemenkes Mataram pada tahun 2013, Qurratul Aini memperoleh berbagai pengalaman dalam bidang kesehatan. Selama beberapa tahun, dia bergabung sebagai enumerator kesehatan tingkat nasional dan menjadi instruktur praktikum di jurusan gizi Poltekkes Mataram selama 5 tahun. Pada bulan Desember 2020, dia resmi bergabung sebagai PNS di Kabupaten Lombok Barat, penempatan di UPT PKM Sigerongan.</span></span></span></p>\r\n\r\n<p><span style=\"font-size:12pt\"><span style=\"font-family:&quot;Times New Roman&quot;,&quot;serif&quot;\"><span style=\"font-family:&quot;Arial&quot;,&quot;sans-serif&quot;\">Munculnya keinginan Qurratul Aini untuk menjadi lebih dekat dengan masyarakat melatarbelakangi inovasi Basuh Anting, yaitu banner suluh dan konsultasi gizi online yang bertujuan untuk mengatasi stunting. Melalui desa Langko, inovasi ini menjadi media bagi masyarakat untuk meningkatkan pengetahuan ibu balita mengenai gizi. Dengan menyertakan kontak nomor hp di banner, masyarakat dapat dengan mudah melakukan konsultasi mengenai gizi dan kesehatan. Tim konsultasi terdiri dari dokter, nutrisionis, perawat, bidan, apoteker, sanitarian, promotor kesehatan, dan laboran, yang siap menjawab segala permasalahan kesehatan yang dihadapi masyarakat. </span></span></span></p>\r\n\r\n<p><img src=\"/media/uploads/puskesmassigeronganlobar/2023/06/26/image-20230626120430-2.jpeg\" style=\"height:493px; width:1040px\" /></p>\r\n\r\n<p><span style=\"font-size:12pt\"><span style=\"font-family:&quot;Times New Roman&quot;,&quot;serif&quot;\"><span style=\"font-family:&quot;Arial&quot;,&quot;sans-serif&quot;\">Pada tanggal 22 Mei 2023, Qurratul Aini mengikuti lomba Nakes Teladan tingkat kabupaten dan dinyatakan berhasil lolos ke tingkat nasional pada tanggal 13 Juni 2023. Keberhasilannya ini menjadi suatu pencapaian luar biasa, mengingat inovasi Basuh Anting yang berhasil mengatasi stunting dan memberikan solusi kesehatan kepada masyarakat. Dalam lomba ini, Qurratul Aini mewakili provinsi Nusa Tenggara Barat dan menarik perhatian para juri dengan dedikasinya yang luar biasa dalam bidang kesehatan.</span></span></span></p>\r\n\r\n<p><img src=\"/media/uploads/puskesmassigeronganlobar/2023/06/26/image-20230626120430-3.jpeg\" style=\"height:1275px; width:2100px\" /></p>\r\n\r\n<p><span style=\"font-size:12pt\"><span style=\"font-family:&quot;Times New Roman&quot;,&quot;serif&quot;\"><span style=\"font-family:&quot;Arial&quot;,&quot;sans-serif&quot;\">menjadi suatu kebanggaan bagi kami keluarga besar UPT Puskesmas Sigerongan memiliki staf seperti Qurratul Aini, dan semoga prestasi yang ditorehkan menjadi aura positif bagi staf di UPT Puskesmas sigerongan dalam memberikan pelayanan yang maksimal bagi masyarakat.</span></span></span></p>\r\n\r\n<p>&nbsp;</p>\r\n\r\n<p>&nbsp;</p>\r\n\r\n<p>&nbsp;</p>\r\n\r\n<p>&nbsp;</p>\r\n", "view_count": 272, "share_count": 0, "word_count": 307, "status": "published", "created_at": "2023-06-26T05:26:23.961Z", "updated_at": "2024-07-11T13:48:21.108Z"}, "m2m": {"photo": [11233, 11234, 11235]}}, {"condition": {"id": 742}, "defaults": {"site_id": 63, "admin_id": 81, "judul": "JAMBORE KADER POSYANDU  \u201cKADER TERAMPIL  MASYARAKAT SEHAT\u201d", "judul_seo": "jambore-kader-posyandu-kader-terampil-masyarakat-sehat", "isi_artikel": "<p style=\"margin-left:.75in;text-align:justify;\"><span style=\"background-color:white;color:#3B3B3B;\">Tujuan kegiatan&nbsp;jambore kader ini&nbsp;&nbsp;merupakan salah satu upaya pemerintah dalam mewujudkan pembangunan, khususnya di bidang kesehatan. Pasalnya, kemampuan hidup sehat setiap individu tentu menjadi faktor utama dalam mewujudkan pembangunan dari segala aspek secara menyeluruh.</span></p><p style=\"margin-left:.75in;text-align:justify;\">&nbsp;</p><p style=\"margin-left:.75in;text-align:justify;\"><span style=\"background-color:white;color:#3B3B3B;\">Acara Jambore Posyandu tersebut ada beberapa lomba seperti lomba yel-yel,Lomba Penyuluhan/Edukasi Kesehatan,Lomba Karung estafet dan Lomba Holihop berantai yang di ikuti oleh semua posyandu yang berada di wilayah kerja Puskesmas.</span></p><p style=\"margin-left:.75in;text-align:justify;\">&nbsp;</p><p style=\"margin-left:.75in;text-align:justify;\"><span style=\"color:#3B3B3B;\">Dengan mengikuti lomba ini bisa menambah pengalaman dan memacu semangatnya untuk membantu masyarakat dalam layanan kesehatan, khususnya bagi balita, ibu hamil, menyusui dan pengunjung posyandu,Kader posyandu merupakan salah satu yang memegang peranan penting dalam meningkatkan kualitas pelayanan pelaksana pendaftaran, penimbangan, pencatatan, melakukan penyuluhan, serta penggerakan sasaran posyandu.</span><span style=\"background-color:white;color:#3B3B3B;\">Adapun kegiatan ini juga&nbsp; bertujuan untuk memberikan informasi tentang ibu hamil anemia yang merupakan salah satu faktor penyebab terjadinya peningkatan stunting.&nbsp;</span></p><p style=\"margin-left:.75in;text-align:justify;\">&nbsp;</p><p style=\"margin-left:.75in;text-align:justify;\">&nbsp;</p><p style=\"margin-left:.75in;text-align:justify;\">ANEMIA</p><p style=\"margin-left:.75in;text-align:justify;\"><span style=\"color:black;\"><i><strong>PADA IBU HAMIL...!</strong></i></span></p><p style=\"margin-left:.75in;text-align:justify;\">&nbsp;</p><ol style=\"list-style-type:upper-alpha;\"><li style=\"text-align:justify;\"><strong>PENGERTIAN</strong></li></ol><p style=\"margin-left:.25in;text-align:justify;\">Anemia&nbsp;merupakan suatu keadaan yang menggambarkan kadar hemogalobin (Hb)dalam darah kurang dari nilai normal.Anemia adalah kekurangan sel darah merah,bukan kurang tekanan darah.</p><ol style=\"list-style-type:upper-alpha;\"><li style=\"text-align:justify;\"><strong>TANDA DAN GEJALA</strong></li></ol><ul><li style=\"text-align:justify;\">Mata berkunang-kunang&nbsp;</li><li style=\"text-align:justify;\">Lemah / cepat letih&nbsp;</li><li style=\"text-align:justify;\">Gampang mengantuk</li><li style=\"text-align:justify;\">Pucat, yang meliputi wajah, bibir, lidah dan kuku</li></ul><p style=\"text-align:justify;\">&nbsp;</p><p style=\"text-align:justify;\">&nbsp;</p><ol style=\"list-style-type:upper-alpha;\"><li style=\"text-align:justify;\"><strong>PENYEBAB KURANG DARAH PADA IBU HAMIL&nbsp;</strong></li></ol><ul><li style=\"text-align:justify;\">Penyebab utama adalah:&nbsp;</li></ul><p style=\"margin-left:.5in;text-align:justify;\">Kurang&nbsp; makan sayuran hijau, buah berwarna dan lauk-pauk&nbsp;</p><ul><li style=\"text-align:justify;\">Penyebab lain adalah:&nbsp;</li><li style=\"text-align:justify;\">Perdarahan akibat sering melahirkan&nbsp;</li><li style=\"text-align:justify;\">Jarak kelahiran anak terlalu dekat</li><li style=\"text-align:justify;\">Ibu hamil bekerja terlalu berat</li><li style=\"text-align:justify;\">Adanya cacing tambang dalam usus</li></ul><ol style=\"list-style-type:upper-alpha;\"><li style=\"text-align:justify;\"><strong>AKIBAT / BAHAYA KURANG DARAH</strong></li></ol><p style=\"margin-left:.25in;text-align:justify;\">Kurang darah pada ibu hamil menimbulkan bahaya:</p><ul><li style=\"text-align:justify;\">Ibu tidak kuat bekerja&nbsp;</li><li style=\"text-align:justify;\">Perdararahan</li><li style=\"text-align:justify;\">Keguguran</li><li style=\"text-align:justify;\">Bayi berat lahir rendah</li><li style=\"text-align:justify;\">Jiwa ibu terancam&nbsp;</li><li style=\"text-align:justify;\">Bayi lahir mati&nbsp;</li></ul><ol style=\"list-style-type:upper-alpha;\"><li style=\"text-align:justify;\"><strong>CARA MENCEGAH ANEMIA</strong></li></ol><ul><li style=\"text-align:justify;\">Makanlah sayuran berwarna hijau dan kacan-kacangan setiap hari&nbsp;</li><li style=\"text-align:justify;\">Minumlah 1 tablet tambah darah (Fe) setiap hari, paling sedikit 90 tablet selama kehamilan&nbsp;</li><li style=\"text-align:justify;\">Aturlah jarak kelahiran dan batasi kehamilan&nbsp;</li><li style=\"text-align:justify;\">Periksakan kehamilan secara rutin</li></ul><p style=\"text-align:justify;\">&nbsp;</p><p>F.APA ITU TABLET TAMBAH DARAH?</p><p>&nbsp;</p><ul><li style=\"text-align:justify;\">Tablet untuk menambah sel-sel darah merah bukan menambah tekanan darah</li><li style=\"text-align:justify;\">Tablet zat besi tidak akan menambah tekanan darah dan tidak akan membuat janin menjadi terlalu bexar.</li></ul><figure class=\"table\"><table><tbody><tr><td style=\"background-color:white;border:.75pt solid white;vertical-align:top;\"><figure class=\"table\"><table><tbody><tr><td>&nbsp;</td></tr></tbody></table></figure></td></tr></tbody></table></figure>", "view_count": 853, "share_count": 0, "word_count": 277, "status": "published", "created_at": "2024-01-10T05:56:43.567Z", "updated_at": "2024-07-12T00:55:22.886Z"}, "m2m": {"photo": []}}, {"condition": {"id": 743}, "defaults": {"site_id": 63, "admin_id": 81, "judul": "DESA SIAGA", "judul_seo": "desa-siaga", "isi_artikel": "<p style=\"text-align:justify;\">Desa siaga adalah desa yg penduduknya memiliki kesiapan sumber daya dan kemampuan serta kemauan untuk mencegah dan mengatasi masalah-masalah kesehatan, bencana dan kegawatdaruratan kesehatan, secara mandiri&nbsp;</p><p>&nbsp;</p><p>Si (siap), yaitu pendataan dan mengamati seluruh ibu hamil, siap mendampingi ibu, siap menjadi donor darah, siap memberi bantuan kendaraanuntuk rujukan, siap membantu pendanaan, dan&nbsp;<a href=\"http://jurnalbidandiah.blogspot.com/2012/04/pengertian-definisi-bidan-dan-falsafah.html\">bidan</a> wilayah kelurahan selalu siap memberi pelayanan.</p><p>A (antar), yaitu warga desa,&nbsp;<a href=\"http://jurnalbidandiah.blogspot.com/2012/04/pengertian-definisi-bidan-dan-falsafah.html\">bidan</a> wilayah, dan komponen lainnya dengan cepat dan sigap mendampingi dan mengatur ibu yang akan melahirkan jika memerlukan tindakan gawat darurat.</p><p>Ga (jaga), yaitu menjaga ibu pada saat dan setelah ibu melahirkan serta menjaga kesehatan bayi yang baru dilahirkan.</p><p style=\"text-align:justify;\">&nbsp;</p><p style=\"text-align:justify;\">&nbsp;</p><p style=\"text-align:justify;\"><strong>Pengertian ambulan desa</strong></p><p style=\"text-align:justify;\">&nbsp; &nbsp; &nbsp; &nbsp;a.&nbsp;&nbsp;&nbsp;&nbsp;Ambulan desa adalah salah satu bentuk semangat gotong royong dan saling peduli sesama warga desa dalam sistem rujukan dari desa ke unit rujukan kesehatan yang berbentuk alat transportasi.</p><p style=\"text-align:justify;\">&nbsp; &nbsp; &nbsp; &nbsp;b.&nbsp;&nbsp;Ambulan desa adalah suatu alat transportasi yang dapat digunakan untuk mengantarkan warga yang membutuhkan pertolongan dan perawatan di tempat pelayanan kesehatan.</p><p style=\"margin-left:.25in;text-align:justify;\"><img src=\"https://cdn.lombokbaratkab.go.id/media/image_IF0pKjh.jpeg\" alt=\"http://cimg.antaranews.com/mataram/2014/11/ori/20141117ambulans.jpg\"></p><p style=\"text-align:justify;\"><strong>2. Tujuan ambulan desa</strong></p><p style=\"text-align:justify;\">&nbsp;&nbsp;&nbsp;&nbsp;&nbsp;&nbsp;&nbsp; a. &nbsp;&nbsp;&nbsp; Tujuan umum.</p><p style=\"text-align:justify;\">Mempercepat pelayanan kegawat daruratan masa1ah kesehatan, bencana serta kesiapsiagaan mengatasi masalah kesehatan yang terjadi atau mungkin terjadi dalam masyarakat.</p><p style=\"text-align:justify;\">&nbsp;&nbsp;&nbsp; b. &nbsp;&nbsp;&nbsp;&nbsp;&nbsp;&nbsp; Tujuan khusus.</p><p style=\"text-align:justify;\">Mempercepat penurunan AKI dan AKB karena hamil, nifas dan melahirkan.&nbsp;</p><p style=\"text-align:justify;\">&nbsp;</p><p style=\"text-align:justify;\"><strong>3. Sasaran menjadi ambulan desa</strong></p><p style=\"text-align:justify;\">Pihak-pihak yang berpengaruh terhadap perubahan prilaku individu dan keluarga yang dapat menciptakan iklim yang kondusif terhadap perubahan prilaku tersebut. Semua individu dan keluarga yang tanggap dan peduli terhadap permasalahan kesehatan dalam hal ini kesiapsiagaan memenuhi sarana transportasi sebagai ambulan desa.</p><p style=\"text-align:justify;\">&nbsp;</p><p style=\"text-align:justify;\"><strong>4. Kriteria ambulan desa</strong></p><p style=\"text-align:justify;\">a. Kendaraan yang bermesin yang sesuai standart (mobil sehat).</p><p style=\"text-align:justify;\">&nbsp;b. Mobil pribadi, perusahaan, pemerintah pengusaha.</p><p style=\"text-align:justify;\">c. ONLINE (siap pakai), misalnya : tandu, kereta/delman kuda, becak, gerobak, andong, motor dll.</p><p style=\"text-align:justify;\">&nbsp;</p><p style=\"text-align:justify;\"><strong>5. Indikator Proses Pembentukan Ambulan Desa.</strong></p><p style=\"text-align:justify;\">a. Ada forum kesehatan desa yang aktif</p><p style=\"text-align:justify;\">b. Gerakan bersama atau gotong royong oleh masyarakat dalam upaya mencegah dan mengatasi masalah kesehatan. bencana serta kegawat daruratan kesehatan dengan pengendalian faktor resikonya.</p><p style=\"text-align:justify;\">c. UKBM berkualitas (misalnya; Posyandu)</p><p style=\"text-align:justify;\">d. Pengamatan dan pemantauan masalah kesehatan.</p><p style=\"text-align:justify;\">e. Penurunan kasus masalah kesehatan, bencana atau kegawat daruratan kesehatan.</p><p style=\"text-align:justify;\">&nbsp;</p><p style=\"text-align:justify;\"><strong>Pengelolaan Ambulan Desa</strong></p><p style=\"text-align:justify;\">Ambulan desa dikelola oleh masyarakat sendiri baik termasuk toma, toga, dan forum masyarakat lainnya dimana sasarannya adalah warga yang memiliki kendaraan/alat transportasi serta siap bersiaga dalam jadwal yang ditentukan (setiap harinya) untuk mengantarkan masyarakat yang mengalami kegawat daruratan ketempat pelayanan kesehatan/rujukan.&nbsp;</p><p style=\"text-align:justify;\">&nbsp;</p><p style=\"text-align:justify;\"><strong>2. Pembiayaan Ambulan Desa</strong></p><p>Pembiayaan ambulan desa bisa berasal dari dana sehat ataupun dari Dasolin (Dana sosial bersalin) ataupun iuran rutin yang dibuat khusus oleh masyarakat, hal tersebut dapat dimusywarahkan oleh masyarakat untuk disepakati bersama agar alat transportasi yang digunakan sebagai ambulan desa dapat berjalan baik dan bertahan lama digunakan dalam menolong kesehatan masyarakat.</p><p><strong>3. Pengaturan Jadwal:</strong></p><ol><li>Jadwal yang ditentukan adalah hasil musyawarah dari sasaran ambulan desa, tokoh masyarakat/penaggung jawab serta pihak warga lainnya.</li><li style=\"text-align:justify;\">Dengan diadakannya musyawarah desa jadwal dapat diatur secara bergantian baik secara harian atau berkala sesuai dengan kesepakatan warga.&nbsp;</li></ol><p style=\"margin-left:.5in;text-align:justify;\"><img src=\"https://cdn.lombokbaratkab.go.id/media/image_jHEAAOS.jpeg\" alt=\"https://encrypted-tbn0.gstatic.com/images?q=tbn:ANd9GcRXGIKPYISmY5tGxYO9CxCB666hayXindCq_VaPrqTv4ML5KTrJ\"></p><p style=\"text-align:justify;\">&nbsp;</p><p style=\"text-align:center;\">&nbsp;</p>", "view_count": 1854, "share_count": 0, "word_count": 424, "status": "published", "created_at": "2024-01-10T05:59:14.586Z", "updated_at": "2024-07-11T23:31:26.247Z"}, "m2m": {"photo": []}}, {"condition": {"id": 748}, "defaults": {"site_id": 63, "admin_id": 81, "judul": "Mencegah Stunting pada Anak: Peran Penting Gizi dan Perhatian Keluarga", "judul_seo": "mencegah-stunting-pada-anak-peran-penting-gizi-dan-perhatian-keluarga", "isi_artikel": "<figure class=\"image\"><img src=\"https://tse1.mm.bing.net/th?id=OIP.7T8Srb3kxMzdMnBomlo4GAHaEK&amp;pid=Api&amp;P=0&amp;h=220\"></figure><p style=\"margin-left:0px;\">Stunting merupakan masalah kesehatan serius yang memengaruhi pertumbuhan fisik dan perkembangan anak-anak di seluruh dunia. Kondisi ini muncul akibat kekurangan gizi kronis pada masa pertumbuhan awal, yaitu pada 1.000 hari pertama kehidupan sejak konsepsi hingga usia dua tahun. Artikel ini akan mengulas lebih dalam mengenai stunting, faktor penyebab, serta langkah-langkah yang dapat diambil oleh keluarga untuk mencegahnya.</p><p style=\"margin-left:0px;\"><strong>Apa itu Stunting dan Bagaimana Terjadi:</strong> Stunting adalah kondisi di mana pertumbuhan anak terhambat sehingga tinggi badannya lebih rendah dari yang seharusnya pada usianya. Ini dapat terjadi karena kurangnya asupan gizi yang memadai, terutama protein, zat besi, vitamin, dan mineral penting lainnya selama masa pertumbuhan kritis.</p><figure class=\"image image_resized\" style=\"width:51.12%;\"><img src=\"https://akcdn.detik.net.id/community/media/visual/2020/05/28/54a4d2ee-002d-47ed-b323-283d86707781.jpeg?w=800\"></figure><p style=\"margin-left:0px;\"><strong>Faktor Penyebab Stunting:</strong> a. <strong>Kurangnya Asupan Gizi:</strong> Asupan gizi yang tidak mencukupi, baik dalam jumlah maupun variasi makanan, dapat menyebabkan stunting.</p><p style=\"margin-left:0px;\">b. <strong>Infeksi yang Sering Terjadi:</strong> Anak-anak yang rentan terhadap infeksi berulang-ulang, seperti infeksi saluran pernapasan dan diare, lebih mungkin mengalami stunting.</p><p style=\"margin-left:0px;\">c. <strong>Sanitasi yang Buruk:</strong> Lingkungan yang tidak bersih dan sanitasi yang buruk dapat meningkatkan risiko infeksi, yang kemudian berkontribusi pada stunting.</p><p style=\"margin-left:0px;\"><strong>Peran Gizi dalam Pencegahan Stunting:</strong> a. <strong>ASI Eksklusif:</strong> Pemberian ASI (Air Susu Ibu) secara eksklusif selama enam bulan pertama kehidupan memberikan nutrisi yang optimal untuk pertumbuhan bayi.</p><p style=\"margin-left:0px;\">b. <strong>Pemilihan Makanan Seimbang:</strong> Keluarga perlu memastikan anak-anak mendapatkan makanan seimbang yang mengandung protein, vitamin, dan mineral yang diperlukan untuk pertumbuhan yang optimal.</p><p style=\"margin-left:0px;\">c. <strong>Suplemen Gizi:</strong> Pada kasus tertentu, pemberian suplemen gizi dapat direkomendasikan, terutama jika anak mengalami kekurangan zat-zat tertentu.</p><p style=\"margin-left:0px;\">&nbsp;</p><p style=\"margin-left:0px;\"><strong>Perhatian Keluarga dan Lingkungan yang Sehat:</strong> a. <strong>Kebersihan dan Sanitasi:</strong> Menciptakan lingkungan bersih dan sanitasi yang baik dapat membantu mencegah infeksi dan meningkatkan kesehatan anak.</p><p style=\"margin-left:0px;\">b. <strong>Pemantauan Pertumbuhan:</strong> Orang tua perlu secara rutin memantau pertumbuhan anak, dengan mengukur tinggi dan berat badan serta berkonsultasi dengan petugas kesehatan jika terdapat perubahan yang mencemaskan.</p><p style=\"margin-left:0px;\">c. <strong>Pendidikan Gizi:</strong> Keluarga dapat mendapatkan pengetahuan tentang gizi yang benar melalui kampanye edukasi dan konsultasi dengan petugas kesehatan.</p><p style=\"margin-left:0px;\"><strong>Peran Masyarakat dan Pemerintah:</strong> a. <strong>Program Pendidikan Gizi:</strong> Pemerintah dapat melibatkan masyarakat melalui program-program edukasi yang menekankan pentingnya gizi optimal pada masa pertumbuhan.</p><p style=\"margin-left:0px;\">b. <strong>Akses Layanan Kesehatan:</strong> Masyarakat perlu memiliki akses yang mudah ke layanan kesehatan, terutama untuk pemantauan pertumbuhan anak dan konsultasi gizi.</p><p style=\"margin-left:0px;\">c. <strong>Kebijakan Dukungan Keluarga:</strong> Kebijakan yang mendukung cuti melahirkan, hak ibu bekerja, dan dukungan ekonomi keluarga dapat membantu dalam memberikan perhatian optimal terhadap pertumbuhan anak.</p><p style=\"margin-left:0px;\">Kesimpulan: Mencegah stunting memerlukan peran aktif dari keluarga, masyarakat, dan pemerintah. Dengan memberikan perhatian khusus terhadap gizi anak, menciptakan lingkungan yang bersih, dan mendukung kebijakan yang mendukung keluarga, kita dapat bersama-sama mengurangi angka stunting dan memberikan anak-anak peluang pertumbuhan dan perkembangan yang optimal.</p>", "view_count": 726, "share_count": 0, "word_count": 381, "status": "published", "created_at": "2024-01-31T07:38:24.488Z", "updated_at": "2024-07-12T02:11:57.275Z"}, "m2m": {"photo": [15630]}}, {"condition": {"id": 749}, "defaults": {"site_id": 63, "admin_id": 81, "judul": "Meningkatkan Kesehatan Anak dengan Imunisasi", "judul_seo": "meningkatkan-kesehatan-anak-dengan-imunisasi", "isi_artikel": "<p>&nbsp;</p><figure class=\"image\"><img src=\"https://tse3.mm.bing.net/th?id=OIP.1wuF5D9KO_PsPmmy2RKOuwHaD5&amp;pid=Api&amp;P=0&amp;h=220\"></figure><p style=\"margin-left:0px;\">Imunisasi merupakan salah satu pencapaian gemilang dalam dunia kesehatan yang telah menyelamatkan jutaan nyawa dan mencegah penyakit menular. Artikel ini akan mengulas secara mendalam mengenai pentingnya imunisasi, manfaatnya bagi individu dan komunitas, serta beberapa informasi yang relevan terkait imunisasi.</p><p style=\"margin-left:0px;\"><strong>Definisi dan Dasar Ilmiah Imunisasi:</strong> Imunisasi adalah pemberian vaksin yang mengandung antigen yang melemahkan atau membunuh mikroorganisme penyebab penyakit. Tujuannya adalah merangsang sistem kekebalan tubuh untuk mengenali dan melawan penyakit tertentu.</p><p style=\"margin-left:0px;\"><strong>Manfaat Imunisasi untuk Individu:</strong> a. <strong>Perlindungan Terhadap Penyakit Serius:</strong> Imunisasi memberikan perlindungan terhadap penyakit serius seperti campak, polio, difteri, dan hepatitis B.</p><p style=\"margin-left:0px;\">b. <strong>Mencegah Penularan:</strong> Dengan meminimalkan risiko terkena penyakit menular, individu yang divaksinasi juga berperan dalam mencegah penularan penyakit kepada orang lain.</p><p style=\"margin-left:0px;\">c. <strong>Meningkatkan Kesehatan Anak:</strong> Anak-anak yang menjalani imunisasi memiliki peluang pertumbuhan dan perkembangan yang lebih baik karena terhindar dari risiko penyakit yang dapat merugikan kesehatan mereka.</p><figure class=\"image\"><img src=\"https://tse2.mm.bing.net/th?id=OIP.ce7oAh7Mrw7I4f2L0x_qRAHaJQ&amp;pid=Api&amp;P=0&amp;h=220\"></figure><p style=\"margin-left:0px;\"><strong>Manfaat Imunisasi untuk Komunitas:</strong> a. <strong>Kekebalan Kelompok (Herd Immunity):</strong> Imunisasi membantu menciptakan kekebalan kelompok, mengurangi penyebaran penyakit dan melindungi individu yang tidak dapat atau belum divaksinasi.</p><p style=\"margin-left:0px;\">b. <strong>Mengendalikan Wabah Penyakit:</strong> Keberhasilan program imunisasi berkontribusi pada pengendalian dan bahkan eradikasi penyakit tertentu di beberapa wilayah.</p><p style=\"margin-left:0px;\">c. <strong>Pengurangan Beban Sistem Kesehatan:</strong> Dengan mencegah penyakit, imunisasi membantu mengurangi beban pada sistem kesehatan dan sumber daya medis.</p><p style=\"margin-left:0px;\"><strong>Jadwal Imunisasi dan Jenis Vaksin:</strong> a. <strong>Vaksin Dasar Bayi dan Anak:</strong> Program imunisasi bayi mencakup vaksin dasar seperti BCG, hepatitis B, polio, DPT, Hib, dan lainnya.</p><p style=\"margin-left:0px;\">b. <strong>Vaksin Tambahan untuk Remaja dan Dewasa:</strong> Remaja dan dewasa juga membutuhkan vaksin tambahan, seperti vaksin HPV, vaksin influenza, dan vaksin meningitis.</p><p style=\"margin-left:0px;\"><strong>Peran Orang Tua dan Masyarakat:</strong> a. <strong>Pemahaman Terhadap Manfaat Imunisasi:</strong> Orang tua perlu memahami manfaat imunisasi untuk anak-anak mereka dan berperan aktif dalam mengikuti jadwal imunisasi yang direkomendasikan.</p><p style=\"margin-left:0px;\">b. <strong>Edukasi Masyarakat:</strong> Kampanye edukasi masyarakat perlu ditingkatkan untuk mengatasi miskonsepsi dan meningkatkan kepercayaan terhadap imunisasi.</p><p style=\"margin-left:0px;\">c. <strong>Kemudahan Akses ke Layanan Imunisasi:</strong> Pemerintah dan lembaga kesehatan perlu memastikan akses mudah dan terjangkau ke layanan imunisasi di berbagai wilayah.</p><p style=\"margin-left:0px;\">Kesimpulan:</p><p style=\"margin-left:0px;\">Imunisasi bukan hanya penting untuk kesehatan individu, tetapi juga merupakan investasi dalam kesehatan masyarakat secara keseluruhan. Dengan memahami manfaat imunisasi dan bersikap proaktif dalam mendukung program-program imunisasi, kita dapat menciptakan masyarakat yang lebih sehat dan terlindungi dari ancaman penyakit menular.</p><p style=\"margin-left:-0.25rem;\">&nbsp;</p><p style=\"margin-left:-0.25rem;\">&nbsp;</p><p style=\"margin-left:auto;\">&nbsp;</p><p><br>&nbsp;</p>", "view_count": 552, "share_count": 0, "word_count": 327, "status": "published", "created_at": "2024-01-31T08:08:04.949Z", "updated_at": "2024-07-11T16:34:14.638Z"}, "m2m": {"photo": [15636, 15637]}}, {"condition": {"id": 750}, "defaults": {"site_id": 63, "admin_id": 81, "judul": " Mengenal Lebih Jauh Tentang Demam Berdarah Dengue (DBD): Penyebab, Gejala, dan Pencegahan", "judul_seo": "mengenal-lebih-jauh-tentang-demam-berdarah-dengue-dbd-penyebab-gejala-dan-pencegahan", "isi_artikel": "<p style=\"margin-left:0px;\">Penyakit Demam Berdarah Dengue (DBD) merupakan salah satu masalah kesehatan global yang membutuhkan perhatian serius. Penyakit yang disebabkan oleh virus dengue yang ditularkan melalui gigitan nyamuk Aedes aegypti ini dapat berakibat fatal jika tidak ditangani dengan cepat. Dalam artikel ini, kita akan menjelajahi aspek-aspek kunci tentang DBD, termasuk penyebab, gejala, dan langkah-langkah pencegahan yang dapat diambil.</p><h3 style=\"margin-left:0px;\"><strong>1. Penyebab DBD:</strong></h3><p style=\"margin-left:0px;\">DBD disebabkan oleh empat jenis virus dengue yang berbeda (DENV-1, DENV-2, DENV-3, dan DENV-4), yang ditularkan melalui gigitan nyamuk Aedes aegypti dan Aedes albopictus. Nyamuk ini aktif pada pagi dan sore hari, meninggalkan jendela waktu potensial untuk penularan penyakit.</p><figure class=\"image\"><img src=\"http://2.bp.blogspot.com/-ggIUOwFzpI4/UMBiwwnt3SI/AAAAAAAAAAs/G3wOc63Yxs0/s1600/dbd.gif\"></figure><h3 style=\"margin-left:0px;\"><strong>2. Gejala DBD:</strong></h3><p style=\"margin-left:0px;\">Gejala DBD muncul beberapa hari setelah seseorang terinfeksi virus dengue. Gejala umum meliputi:</p><ul><li>Demam tinggi mendadak</li><li>Nyeri otot dan sendi</li><li>Sakit kepala, terutama di belakang mata</li><li>Ruam kulit yang mirip ruam campak</li><li>Mual dan muntah</li></ul><p style=\"margin-left:0px;\">Penting untuk diingat bahwa gejala DBD dapat berkembang menjadi kondisi serius, seperti demam berdarah atau syok dengue. Deteksi dini dan penanganan medis segera sangat penting.</p><figure class=\"image image_resized\" style=\"width:39.23%;\"><img src=\"https://tse2.mm.bing.net/th?id=OIP.UYxvs75I016IGPlfh-5wvwHaFY&amp;pid=Api&amp;P=0&amp;h=220\"></figure><h3 style=\"margin-left:0px;\"><strong>3. Pencegahan DBD:</strong></h3><p style=\"margin-left:0px;\">Tindakan pencegahan dapat membantu mengurangi risiko penularan DBD. Beberapa langkah pencegahan yang dapat diambil meliputi:</p><ul><li>Menghilangkan tempat-tempat yang dapat menjadi sarang nyamuk, seperti genangan air di wadah tertentu.</li><li>Pasang kelambu di tempat tidur dan jendela.</li><li>Gunakan repelan nyamuk yang aman dan efektif.</li><li>Pakai pakaian tertutup untuk melindungi kulit dari gigitan nyamuk.</li><li>Bersihkan bak mandi, vas bunga, dan tempat air lainnya secara teratur.</li></ul><figure class=\"image image_resized\" style=\"width:34.54%;\"><img src=\"https://tse3.mm.bing.net/th?id=OIP.dIL9I70uLhTqrPt4fi2nKgHaI3&amp;pid=Api&amp;P=0&amp;h=220\"></figure><h3 style=\"margin-left:0px;\"><strong>4. Peran Masyarakat:</strong></h3><p style=\"margin-left:0px;\">Peran masyarakat sangat penting dalam memerangi DBD. Melalui kampanye kesadaran, pendidikan, dan partisipasi aktif dalam menjaga kebersihan lingkungan, kita dapat menciptakan lingkungan yang kurang ramah bagi nyamuk pembawa virus dengue.</p><h3 style=\"margin-left:0px;\"><strong>Kesimpulan:</strong></h3><p style=\"margin-left:0px;\">DBD adalah ancaman serius terhadap kesehatan global. Peningkatan kesadaran, pencegahan yang efektif, dan respons yang cepat terhadap gejala sangat penting dalam mengatasi penyakit ini. Mari bersama-sama berkontribusi untuk melindungi diri kita, keluarga, dan masyarakat dari risiko DBD.</p><p style=\"margin-left:0px;\">Dengan langkah-langkah preventif yang tepat, kita dapat mengurangi dampak dan penyebaran DBD, menciptakan masyarakat yang lebih sehat dan aman dari ancaman penyakit ini.</p>", "view_count": 175, "share_count": 0, "word_count": 273, "status": "published", "created_at": "2024-02-01T07:54:20.520Z", "updated_at": "2024-07-10T03:54:12.520Z"}, "m2m": {"photo": [15668]}}, {"condition": {"id": 751}, "defaults": {"site_id": 63, "admin_id": 81, "judul": "Mengungkap Ancaman Leptospirosis: Penyebab, Gejala, dan Langkah Pencegahan", "judul_seo": "mengungkap-ancaman-leptospirosis-penyebab-gejala-dan-langkah-pencegahan", "isi_artikel": "<p style=\"margin-left:0px;\">Leptospirosis, sebuah penyakit zoonosis yang disebabkan oleh bakteri Leptospira, menjadi perhatian serius dalam konteks kesehatan global. Penyakit ini dapat menyerang manusia melalui kontak langsung dengan air atau tanah yang terkontaminasi oleh urine hewan yang terinfeksi. Dalam artikel ini, mari kita telaah lebih dalam tentang penyebab, gejala, dan langkah-langkah pencegahan leptospirosis.</p><figure class=\"image image_resized\" style=\"width:51.46%;\"><img src=\"https://tse4.mm.bing.net/th?id=OIP.gobD0TjEAPTrJJP3Hw_XNQHaEG&amp;pid=Api&amp;P=0&amp;h=220\"></figure><p style=\"margin-left:0px;\">Leptospirosis disebabkan oleh bakteri Leptospira, yang biasanya ditemukan di urine hewan, seperti tikus, anjing, sapi, dan hewan lainnya. Penularan utama terjadi melalui kontak langsung dengan air, tanah, atau lingkungan yang terkontaminasi oleh urine hewan yang terinfeksi.</p><figure class=\"image image_resized\" style=\"width:39.43%;\"><img src=\"https://tse4.mm.bing.net/th?id=OIP.XZJspUv9yQCGlnmhMcLocQHaHa&amp;pid=Api&amp;P=0&amp;h=220\"></figure><h3 style=\"margin-left:0px;\">Gejala leptospirosis dapat bervariasi dari ringan hingga parah, dan seringkali mirip dengan gejala flu. Beberapa gejala yang umumnya terkait dengan leptospirosis meliputi:</h3><ul><li>Demam tinggi</li><li>Sakit kepala</li><li>Nyeri otot dan sendi</li><li>Mual dan muntah</li><li>Mata kemerahan</li><li>Gangguan fungsi hati</li></ul><figure class=\"image image_resized\" style=\"width:51.89%;\"><img src=\"https://tse3.mm.bing.net/th?id=OIP.tDhHOooRwfJ7iiiY3VGvbwHaFG&amp;pid=Api&amp;P=0&amp;h=220\"></figure><p style=\"margin-left:0px;\">Leptospirosis dapat menular melalui air, tanah, atau lingkungan yang terkontaminasi oleh urine hewan yang terinfeksi. Aktivitas seperti berenang, mandi, atau bermain di perairan yang terkontaminasi dapat meningkatkan risiko penularan. Selain itu, luka terbuka pada kulit juga dapat menjadi pintu masuk bagi bakteri Leptospira.</p><p style=\"margin-left:0px;\">Langkah-langkah pencegahan sangat penting untuk mengurangi risiko leptospirosis. Beberapa langkah yang dapat diambil meliputi:</p><ul><li>Hindari kontak langsung dengan air atau tanah yang mungkin terkontaminasi.</li><li>Gunakan alat pelindung seperti sepatu dan sarung tangan jika berada di daerah yang potensial terpapar.</li><li>Pastikan kebersihan diri dan lingkungan sekitar.</li><li>Hati-hati dengan luka terbuka pada kulit, dan segera bersihkan jika terpapar air yang mungkin terkontaminasi.</li></ul><p style=\"margin-left:0px;\">Kampanye kesadaran dan edukasi masyarakat tentang bahaya leptospirosis dapat memainkan peran penting dalam pencegahan penyakit ini. Melibatkan masyarakat dalam menjaga kebersihan lingkungan, mengontrol populasi hewan pembawa, dan memahami tanda dan gejala leptospirosis dapat membantu mengurangi risiko penularan.</p><p style=\"margin-left:0px;\">Leptospirosis adalah ancaman serius terhadap kesehatan manusia, tetapi langkah-langkah pencegahan yang tepat dapat membantu mengurangi risiko penularan. Dengan meningkatkan kesadaran dan mengambil langkah-langkah preventif, kita dapat menjaga kesehatan diri, keluarga, dan masyarakat dari dampak yang mungkin timbul akibat penyakit ini.</p>", "view_count": 89, "share_count": 0, "word_count": 275, "status": "published", "created_at": "2024-02-01T08:01:48.216Z", "updated_at": "2024-07-11T19:51:18.572Z"}, "m2m": {"photo": [15669, 15670]}}, {"condition": {"id": 763}, "defaults": {"site_id": 63, "admin_id": 81, "judul": "Disminore: Memahami dan Mengatasi Nyeri Menstruasi yang Berlebihan", "judul_seo": "disminore-memahami-dan-mengatasi-nyeri-menstruasi-yang-berlebihan", "isi_artikel": "<p style=\"margin-left:0px;\">Menstruasi adalah proses alamiah dalam kehidupan setiap wanita, tetapi bagi sebagian, itu bisa menjadi pengalaman yang tidak menyenangkan. Salah satu masalah umum yang dihadapi wanita adalah dismenore, atau nyeri menstruasi yang berlebihan. Mengenal lebih jauh tentang dismenore dan bagaimana mengatasi gejala dapat membantu meningkatkan kualitas hidup selama siklus menstruasi.</p><p style=\"margin-left:0px;\"><strong>Apa itu Disminore?</strong></p><p style=\"margin-left:0px;\">Disminore adalah istilah medis yang digunakan untuk menggambarkan nyeri menstruasi yang lebih intens dibandingkan dengan rata-rata. Kondisi ini dapat mempengaruhi kualitas hidup sehari-hari dan muncul dalam dua bentuk utama: disminore primer, yang tidak memiliki penyebab medis yang jelas, dan disminore sekunder, yang berkaitan dengan kondisi kesehatan lain seperti endometriosis atau fibroid.</p><p style=\"margin-left:0px;\"><strong>Gejala yang Dapat Dialami:</strong></p><ul><li style=\"margin-left:0px;\"><strong>Nyeri Perut yang Intens:</strong> Rasa sakit yang terlokalisasi di bagian bawah perut seringkali sangat hebat, terkadang disertai dengan sensasi menarik atau tajam.</li><li style=\"margin-left:0px;\"><strong>Gangguan Pencernaan:</strong> Beberapa wanita mungkin mengalami masalah pencernaan seperti mual, muntah, atau diare selama periode menstruasi.</li><li style=\"margin-left:0px;\"><strong>Perubahan Mood:</strong> Fluktuasi hormon dapat mempengaruhi suasana hati, menyebabkan perubahan mood yang signifikan seperti iritabilitas atau kecemasan.</li><li style=\"margin-left:0px;\"><strong>Kelelahan dan Sakit Kepala:</strong> Rasa lelah yang berlebihan dan sakit kepala bisa menjadi bagian dari gejala disminore.</li></ul><p style=\"margin-left:0px;\"><strong>Pengelolaan Disminore:</strong></p><ul style=\"list-style-type:square;\"><li style=\"margin-left:0px;\"><strong>Obat Pereda Nyeri:</strong> Penggunaan obat pereda nyeri non-steroid, seperti ibuprofen atau asam mefenamat, dapat membantu mengurangi intensitas nyeri.</li><li style=\"margin-left:0px;\"><strong>Pemanfaatan Panas:</strong> Kompress hangat atau botol air panas ditempatkan di perut bagian bawah dapat memberikan relief yang signifikan.</li><li style=\"margin-left:0px;\"><strong>Latihan Teratur:</strong> Aktivitas fisik teratur dapat membantu mengurangi ketegangan otot dan meningkatkan kesejahteraan selama menstruasi.</li><li style=\"margin-left:0px;\"><strong>Nutrisi yang Seimbang:</strong> Diet sehat dengan asupan nutrisi yang seimbang dapat mendukung kesehatan reproduksi dan mengurangi gejala disminore.</li><li style=\"margin-left:0px;\"><strong>Manajemen Stres:</strong> Teknik relaksasi seperti meditasi, yoga, atau pernapasan dalam dapat membantu mengatasi stres yang dapat memperburuk nyeri menstruasi.</li><li style=\"margin-left:0px;\"><strong>Konsultasi Profesional:</strong> Jika gejala disminore sangat mengganggu, berkonsultasilah dengan profesional kesehatan untuk evaluasi dan rencana pengelolaan yang sesuai.</li></ul><p style=\"margin-left:0px;\">Mengetahui dan memahami disminore adalah langkah pertama menuju pengelolaan yang efektif. Setiap wanita memiliki pengalaman menstruasi yang unik, dan penting untuk mendiskusikan gejala dengan profesional kesehatan untuk merancang rencana pengelolaan yang sesuai. Dengan perhatian yang tepat, disminore tidak harus menghambat kualitas hidup dan kesejahteraan sehari-hari</p>", "view_count": 40, "share_count": 0, "word_count": 298, "status": "published", "created_at": "2024-02-02T06:28:05.840Z", "updated_at": "2024-07-04T16:38:46.869Z"}, "m2m": {"photo": [15722, 15723]}}, {"condition": {"id": 764}, "defaults": {"site_id": 63, "admin_id": 81, "judul": "Mengatasi dan Memahami Cegukan: Tips Sederhana untuk Kesehatan Optimal", "judul_seo": "mengatasi-dan-memahami-cegukan-tips-sederhana-untuk-kesehatan-optimal", "isi_artikel": "<p style=\"margin-left:0px;\"><br>Cegukan adalah respons tubuh yang umum, namun terkadang dapat menjadi pengalaman yang menjengkelkan. Meskipun biasanya tidak berbahaya, cegukan dapat terjadi dengan berbagai tingkat keparahan dan durasi. Dalam artikel ini, kita akan membahas penyebab cegukan, cara mengatasi, dan kapan sebaiknya mencari pertolongan medis.</p><figure class=\"image\"><img src=\"https://tse1.mm.bing.net/th?id=OIP.vOf0QxGbubhw0VNn8vF9MwHaE8&amp;pid=Api&amp;P=0&amp;h=220\"></figure><p style=\"margin-left:0px;\"><strong>Apa itu Cegukan?</strong></p><p style=\"margin-left:0px;\">Cegukan terjadi ketika otot diafragma, yang memisahkan rongga dada dari rongga perut, berkontraksi tak terkendali. Kontraksi ini diikuti oleh penutupan tiba-tiba pita suara, yang menghasilkan suara \"hik.\" Cegukan dapat disebabkan oleh berbagai faktor, mulai dari konsumsi makanan atau minuman secara cepat hingga perubahan suhu yang mendadak.</p><figure class=\"image\"><img src=\"https://mama-pintar.com/wp-content/uploads/2018/12/Cegukan.jpg\"></figure><p style=\"margin-left:0px;\"><strong>Penyebab Cegukan:</strong></p><ul><li><strong>Konsumsi Makanan atau Minuman Secara Cepat:</strong> Menelan makanan atau minuman dengan cepat dapat merangsang saraf di tenggorokan, menyebabkan cegukan.</li><li><strong>Perubahan Suhu yang Mendadak:</strong> Terpapar perubahan suhu yang drastis, seperti makan es krim setelah minuman panas, dapat memicu cegukan.</li><li><strong>Emosi dan Stres:</strong> Stres atau kecemasan dapat memengaruhi sistem saraf, yang pada gilirannya dapat menyebabkan cegukan.</li><li><strong>Konsumsi Minuman Bersoda atau Berkarbonasi:</strong> Gas dalam minuman bersoda atau berkarbonasi dapat merangsang diafragma, menyebabkan cegukan.</li></ul><p style=\"margin-left:0px;\"><strong>Penyebab Medis:</strong> Beberapa kondisi medis seperti refluks asam, gangguan saraf, atau iritasi diafragma dapat menjadi penyebab cegukan.</p><figure class=\"image image_resized\" style=\"width:38.62%;\"><img src=\"https://tse1.mm.bing.net/th?id=OIP.2oJFqHAsDlDg4Wwum7McSwAAAA&amp;pid=Api&amp;P=0&amp;h=220\"></figure><p style=\"margin-left:0px;\"><strong>Cara Mengatasi Cegukan:</strong></p><ul><li><strong>Minum Air Secara Perlahan:</strong> Minum air perlahan-lahan dapat membantu merelaksasi otot dan menghentikan cegukan.</li><li><strong>Teknik Pernafasan:</strong> Ambil napas dalam-dalam dan tahan sejenak sebelum mengeluarkannya secara perlahan. Teknik ini dapat membantu mengatasi iritasi di tenggorokan.</li><li><strong>Menelan Gula atau Madu:</strong> Menelan satu sendok teh gula atau madu secara perlahan dapat membantu merangsang saraf di tenggorokan dan menghentikan cegukan.</li><li><strong>Menekan Lidah:</strong> Teknik ini melibatkan menekan lembut bagian belakang lidah dengan jarimu, yang dapat membantu menghentikan cegukan.</li><li><strong>Mengonsumsi Makanan Pedas:</strong> Makan makanan pedas dapat merangsang saraf dan membantu menghentikan cegukan.</li></ul><p style=\"margin-left:0px;\"><strong>Kapan Harus Mencari Pertolongan Medis?</strong></p><p style=\"margin-left:0px;\">Cegukan biasanya bersifat sementara dan dapat diatasi dengan cara-cara sederhana di atas. Namun, jika cegukan berlangsung lebih dari 48 jam atau menjadi kronis, disertai dengan nyeri, atau merupakan gejala dari kondisi medis yang mendasarinya, segera konsultasikan dengan profesional kesehatan.</p><p style=\"margin-left:0px;\">Cegukan, meskipun umum, dapat mengganggu kenyamanan sehari-hari. Dengan memahami penyebabnya dan menerapkan cara-cara sederhana untuk mengatasi, kita dapat meredakan cegukan dengan efektif dan menjaga kesehatan tubuh secara keseluruhan.</p>", "view_count": 523, "share_count": 0, "word_count": 300, "status": "published", "created_at": "2024-02-02T06:40:44.143Z", "updated_at": "2024-07-11T23:02:53.389Z"}, "m2m": {"photo": [15726]}}, {"condition": {"id": 765}, "defaults": {"site_id": 63, "admin_id": 81, "judul": "Mengapa Sendawa Penting dan Bagaimana Mengelolanya dengan Sehat", "judul_seo": "mengapa-sendawa-penting-dan-bagaimana-mengelolanya-dengan-sehat", "isi_artikel": "<figure class=\"image\"><img src=\"https://tse1.mm.bing.net/th?id=OIP.JpfhLXeruxmG9bWNHhnZ4QHaEK&amp;pid=Api&amp;P=0&amp;h=220\"></figure><p style=\"margin-left:0px;\">Sendawa, meskipun sering kali dianggap sebagai tindakan yang kurang sopan, sebenarnya adalah respon tubuh yang alami dan sehat. Sendawa adalah cara tubuh untuk melepaskan gas yang terjebak di dalam sistem pencernaan. Dalam artikel ini, kita akan menjelajahi mengapa sendawa penting untuk kesehatan dan bagaimana mengelolanya dengan sehat.</p><p style=\"margin-left:0px;\"><strong>Fungsi Sendawa:</strong></p><p style=\"margin-left:0px;\"><strong>Melepaskan Udara Berlebih:</strong> Sendawa adalah cara tubuh untuk melepaskan udara berlebih yang dapat terperangkap di dalam perut saat kita mengonsumsi makanan atau minuman.</p><p style=\"margin-left:0px;\"><strong>Mengurangi Ketidaknyamanan:</strong> Sendawa membantu mengurangi rasa kembung dan ketidaknyamanan yang mungkin timbul akibat penumpukan gas di saluran pencernaan.</p><p style=\"margin-left:0px;\"><strong>Melindungi Lambung:</strong> Sendawa juga dapat membantu mencegah peningkatan tekanan di dalam lambung, yang dapat menyebabkan refluks asam atau kondisi pencernaan lainnya.</p><p style=\"margin-left:0px;\"><strong>Penyebab Sendawa:</strong></p><ul><li style=\"margin-left:0px;\"><strong>Konsumsi Udara Secara Cepat:</strong> Mengonsumsi makanan atau minuman terlalu cepat dapat menyebabkan penumpukan udara di perut dan menyebabkan sendawa.</li><li style=\"margin-left:0px;\"><strong>Minuman Berkarbonasi:</strong> Gas dalam minuman bersoda atau berkarbonasi dapat menyebabkan peningkatan produksi gas di dalam sistem pencernaan.</li><li style=\"margin-left:0px;\"><strong>Makanan yang Membentuk Gas:</strong> Beberapa makanan seperti kacang, kol, dan kembang kol dapat menyebabkan produksi gas dan memicu sendawa.</li><li style=\"margin-left:0px;\"><strong>Asupan Udara Selama Menelan:</strong> Beberapa orang mungkin menelan udara secara tidak sadar, terutama saat makan atau minum.</li></ul><p style=\"margin-left:0px;\"><strong>Cara Mengelola Sendawa dengan Sehat:</strong></p><ul><li style=\"margin-left:0px;\"><strong>Makan dan Minum dengan Perlahan:</strong> Mengonsumsi makanan dan minuman secara perlahan dapat mengurangi risiko menelan udara berlebih dan mengurangi sendawa.</li><li style=\"margin-left:0px;\"><strong>Hindari Minuman Bersoda:</strong> Mengurangi konsumsi minuman bersoda atau berkarbonasi dapat membantu mengurangi produksi gas dan sendawa.</li><li style=\"margin-left:0px;\"><strong>Pilih Makanan dengan Bijak:</strong> Menghindari makanan yang dikenal dapat menyebabkan gas berlebih dapat membantu mengelola sendawa.</li><li style=\"margin-left:0px;\"><strong>Hindari Mengunyah Permen Karet:</strong> Mengunyah permen karet dapat menyebabkan penelan udara yang berlebihan.</li><li style=\"margin-left:0px;\"><strong>Konsumsi Teh Jahe:</strong> Teh jahe dapat membantu meredakan ketidaknyamanan pencernaan dan mengurangi produksi gas.</li></ul><p style=\"margin-left:0px;\"><strong>Kapan Harus Berkonsultasi dengan Profesional Kesehatan?</strong></p><p style=\"margin-left:0px;\">Meskipun sendawa adalah respon tubuh yang normal, ada beberapa situasi di mana sendawa dapat menjadi tanda masalah kesehatan yang lebih serius. Jika sendawa berlebihan, disertai dengan gejala seperti nyeri perut yang parah, perubahan berat badan yang drastis, atau kesulitan menelan, penting untuk berkonsultasi dengan profesional kesehatan.</p><p style=\"margin-left:0px;\">Dalam kesimpulan, sendawa adalah bagian alami dari proses pencernaan dan membantu tubuh mempertahankan keseimbangan. Dengan memahami penyebabnya dan mengelolanya dengan bijak, kita dapat memastikan bahwa sendawa berkontribusi pada kesehatan pencernaan secara keseluruhan.</p>", "view_count": 4274, "share_count": 0, "word_count": 317, "status": "published", "created_at": "2024-02-02T07:06:26.803Z", "updated_at": "2024-07-12T02:45:27.555Z"}, "m2m": {"photo": [15730, 15731]}}, {"condition": {"id": 800}, "defaults": {"site_id": 63, "admin_id": 81, "judul": "Mengenal Lebih Dekat Anemia: Gejala, Penyebab, dan Pengobatan", "judul_seo": "mengenal-lebih-dekat-anemia-gejala-penyebab-dan-pengobatan", "isi_artikel": "<figure class=\"image image_resized image-style-align-center\" style=\"width:53.6%;\"><img src=\"https://www.verywellhealth.com/thmb/OOHPAu_UYw1Il0pYRsynzeyX7-w=/2000x1500/filters:fill(87E3EF,1)/GettyImages-1124672707-9f2db837e44b4bc38db7158d41c4e831.jpg\"></figure><p><span style=\"background-color:rgb(255,255,255);color:rgb(13,13,13);\">Anemia adalah kondisi medis yang ditandai oleh kadar hemoglobin dalam darah yang rendah, sehingga menyebabkan jumlah sel darah merah yang kurang dari normal. Hal ini dapat mengganggu kemampuan tubuh untuk membawa oksigen ke seluruh jaringan dan organ yang memerlukannya. Anemia bisa terjadi pada siapa saja, tetapi lebih umum pada wanita, terutama selama kehamilan dan menstruasi. Mari kita bahas lebih lanjut tentang gejala, penyebab, serta cara pengobatan dan pencegahannya</span></p><p style=\"margin-left:0px;\">Gejala</p><ol><li><strong>Kelelahan Berlebihan</strong>: Orang dengan anemia sering merasa lelah dan lemas bahkan setelah istirahat yang cukup.</li><li><strong>Pucat</strong>: Kulit dan gusi dapat terlihat pucat karena kurangnya sel darah merah.</li><li><strong>Napas Pendek</strong>: Terjadi karena tubuh berusaha untuk mendapatkan lebih banyak oksigen.</li><li><strong>Detak Jantung Cepat</strong>: Tubuh mencoba mengompensasi jumlah sel darah merah yang rendah dengan memompa darah lebih cepat.</li><li><strong>Pusing atau Sakit Kepala</strong>: Kekurangan oksigen dapat menyebabkan gejala ini.</li></ol><p style=\"margin-left:0px;\">Penyebab</p><ol><li><strong>Kekurangan Zat Besi</strong>: Ini adalah penyebab paling umum anemia. Tubuh membutuhkan zat besi untuk membuat hemoglobin.</li><li><strong>Kekurangan Vitamin B12</strong>: Vitamin B12 penting untuk produksi sel darah merah yang sehat.</li><li><strong>Kekurangan Asam Folat</strong>: Asam folat diperlukan untuk pembentukan sel darah merah dalam tubuh.</li><li><strong>Penyakit Kronis</strong>: Beberapa kondisi seperti gagal ginjal, arthritis, atau kanker dapat menyebabkan anemia.</li><li><strong>Kerusakan Sel Darah Merah</strong>: Terjadi dalam kondisi seperti talasemia atau anemia sel sabit.</li></ol><figure class=\"image\"><img src=\"https://tse4.mm.bing.net/th?id=OIP.aEvCT2jzjuic_O-eRH41uAHaE8&amp;pid=Api&amp;P=0&amp;h=220\"></figure><p style=\"margin-left:0px;\">Pengobatan dan Pencegahan</p><ol><li><strong>Suplemen Zat Besi</strong>: Dapat diresepkan oleh dokter untuk meningkatkan kadar zat besi dalam tubuh.</li><li><strong>Suplemen Vitamin B12 atau Asam Folat</strong>: Diperlukan jika kekurangan nutrisi menjadi penyebab anemia.</li><li><strong>Transfusi Darah</strong>: Diperlukan dalam kasus-kasus anemia yang parah atau darah yang hilang.</li><li><strong>Perubahan Gaya Hidup</strong>: Makan makanan kaya zat besi, vitamin B12, dan asam folat; hindari merokok; dan atasi stres dengan baik.</li><li><strong>Pengobatan Penyakit Penyebab</strong>: Penting untuk mengobati penyakit yang mendasari anemia, seperti gagal ginjal atau kanker.</li></ol><p style=\"margin-left:0px;\">Kesimpulan</p><p style=\"margin-left:0px;\">Anemia adalah kondisi serius yang mempengaruhi kualitas hidup seseorang. Penting untuk mengenali gejalanya dan berkonsultasi dengan dokter untuk diagnosis dan pengobatan yang tepat. Dengan pengelolaan yang tepat, banyak kasus anemia dapat diatasi dan kualitas hidup dapat ditingkatkan. Pencegahan juga penting, termasuk memperhatikan pola makan yang sehat dan mengelola kondisi kesehatan yang mendasarinya.</p>", "view_count": 1412, "share_count": 0, "word_count": 293, "status": "published", "created_at": "2024-02-24T06:00:10.515Z", "updated_at": "2024-07-11T01:38:58.851Z"}, "m2m": {"photo": [16434]}}, {"condition": {"id": 801}, "defaults": {"site_id": 63, "admin_id": 81, "judul": "Menjaga Kesehatan Gigi dan Mulut: Pentingnya Perawatan Rutin", "judul_seo": "menjaga-kesehatan-gigi-dan-mulut-pentingnya-perawatan-rutin", "isi_artikel": "<figure class=\"image image-style-align-center\"><img src=\"https://image.slidesharecdn.com/gosokgigi2kalisetiaphari-150803114422-lva1-app6892/95/penyuluhan-kesehatan-gigi-dan-mulut-3-638.jpg?cb=1438602379\"></figure><p style=\"margin-left:0px;\">Kesehatan gigi dan mulut adalah bagian integral dari kesehatan secara keseluruhan. Merawat gigi dan mulut dengan baik tidak hanya penting untuk menjaga senyum yang indah, tetapi juga untuk mencegah berbagai masalah kesehatan yang dapat mempengaruhi tubuh secara keseluruhan. Artikel ini akan membahas pentingnya perawatan gigi dan mulut, tips untuk menjaga kebersihan mulut, serta peran penting kunjungan rutin ke dokter gigi.</p><p style=\"margin-left:0px;\">Pentingnya Kesehatan Gigi dan Mulut</p><ol><li><strong>Mencegah Penyakit Gusi</strong>: Gingivitis dan periodontitis adalah penyakit gusi yang umum dan dapat menyebabkan kerusakan pada gusi serta kerusakan tulang rahang jika tidak diobati.</li><li><strong>Mencegah Karies Gigi</strong>: Karies gigi adalah masalah umum yang disebabkan oleh pembusukan gigi akibat bakteri. Jika tidak diobati, karies dapat menyebabkan rasa sakit, infeksi, bahkan kehilangan gigi.</li><li><strong>Mencegah Bau Mulut</strong>: Kebersihan mulut yang buruk dapat menyebabkan bau mulut yang tidak sedap, yang dapat memengaruhi rasa percaya diri seseorang.</li><li><strong>Mendukung Kesehatan Umum</strong>: Penelitian telah menunjukkan hubungan antara kesehatan mulut dengan kondisi medis lainnya, seperti penyakit jantung, diabetes, dan bahkan masalah kehamilan.</li></ol><p style=\"margin-left:0px;\">Tips untuk Menjaga Kesehatan Gigi dan Mulut</p><ol><li><strong>Sikat Gigi Secara Teratur</strong>: Sikat gigi setidaknya dua kali sehari selama dua menit menggunakan pasta gigi dengan fluoride.</li><li><strong>Gunakan Benang Gigi</strong>: Benang gigi membantu membersihkan sela-sela gigi yang sulit dijangkau oleh sikat gigi.</li><li><strong>Hindari Makanan Manis dan Asam</strong>: Makanan dan minuman manis serta asam dapat menyebabkan kerusakan gigi jika tidak dibersihkan dengan baik.</li><li><strong>Kunjungan Rutin ke Dokter Gigi</strong>: Rutin mengunjungi dokter gigi setidaknya dua kali setahun untuk pemeriksaan gigi dan pembersihan profesional.</li><li><strong>Hindari Kebiasaan Merokok</strong>: Merokok tidak hanya merusak paru-paru, tetapi juga merusak gigi dan gusi serta meningkatkan risiko penyakit gusi.</li></ol><p style=\"margin-left:0px;\">Peran Dokter Gigi</p><p style=\"margin-left:0px;\">Dokter gigi tidak hanya membantu dalam perawatan gigi dan gusi, tetapi juga memberikan edukasi tentang kebiasaan makan dan kebersihan mulut yang baik. Mereka dapat membantu mendiagnosis dan mengobati masalah mulut sejak dini sebelum menjadi lebih serius.</p><p style=\"margin-left:0px;\">Kesimpulan</p><p style=\"margin-left:0px;\">Kesehatan gigi dan mulut sangat penting untuk kesehatan secara keseluruhan. Dengan menjaga kebersihan mulut dan rutin mengunjungi dokter gigi, kita dapat mencegah berbagai masalah mulut yang dapat memengaruhi kualitas hidup kita. Mulailah dengan kebiasaan perawatan gigi yang baik hari ini untuk senyum yang sehat dan indah dalam jangka panjang.</p>", "view_count": 2380, "share_count": 0, "word_count": 318, "status": "published", "created_at": "2024-02-24T06:09:39.176Z", "updated_at": "2024-07-12T02:46:19.905Z"}, "m2m": {"photo": [16435]}}, {"condition": {"id": 802}, "defaults": {"site_id": 63, "admin_id": 81, "judul": "Pentingnya Minum Obat Cacing Bagi Anak", "judul_seo": "pentingnya-minum-obat-cacing-bagi-anak", "isi_artikel": "<p style=\"margin-left:0px;\">&nbsp;</p><figure class=\"image image_resized image-style-align-center\" style=\"width:44.99%;\"><img src=\"https://i.ytimg.com/vi/CrmTNQ123GM/maxresdefault.jpg\"></figure><p style=\"margin-left:0px;\">Penyakit cacingan masih menjadi salah satu masalah kesehatan yang sering terjadi pada anak-anak di berbagai belahan dunia, terutama di daerah dengan sanitasi yang kurang baik. Oleh karena itu, minum obat cacing secara berkala merupakan langkah penting dalam menjaga kesehatan anak dan mencegah penyakit yang dapat memengaruhi pertumbuhan serta perkembangan mereka.</p><h3 style=\"margin-left:0px;\"><strong>Mengapa Penyakit Cacingan Perlu Diwaspadai?</strong></h3><p style=\"margin-left:0px;\">Penyakit cacingan disebabkan oleh infeksi cacing parasit yang biasanya masuk ke dalam tubuh manusia melalui tanah, air, atau makanan yang terkontaminasi oleh telur cacing. Gejala yang umumnya muncul pada anak-anak yang terinfeksi cacingan meliputi gangguan pencernaan, kekurangan gizi, anemia, gangguan pertumbuhan, dan penurunan daya tahan tubuh.</p><h3 style=\"margin-left:0px;\"><strong>Peran Obat Cacing dalam Pencegahan</strong></h3><p style=\"margin-left:0px;\">Minum obat cacing secara rutin membantu menghilangkan cacing-cacing parasit yang mungkin telah masuk ke dalam tubuh anak-anak. Obat cacing yang diberikan biasanya efektif untuk mengatasi berbagai jenis cacing, seperti cacing gelang, cacing tambang, dan cacing pita. Dengan memberikan perlindungan terhadap cacingan, anak-anak dapat tumbuh dan berkembang dengan lebih baik serta menjalani aktivitas sehari-hari tanpa terganggu oleh penyakit tersebut.</p><figure class=\"image image_resized image-style-align-center\" style=\"width:52.71%;\"><img src=\"https://id-test-11.slatic.net/p/0e8069fd05222b42afe220225cb040bc.jpg\"></figure><h3 style=\"margin-left:0px;\"><strong>Kapan Anak Perlu Minum Obat Cacing?</strong></h3><p style=\"margin-left:0px;\">Anak-anak yang tinggal di daerah dengan risiko tinggi terkena cacingan, terutama di lingkungan dengan sanitasi yang buruk, sebaiknya minum obat cacing secara teratur. Program pemberian obat cacing biasanya dilakukan oleh instansi kesehatan setempat, seperti puskesmas atau lembaga kesehatan masyarakat, dengan jadwal yang telah ditentukan.</p><p style=\"margin-left:0px;\">Selain itu, jika seorang anak menunjukkan gejala-gejala infeksi cacingan, seperti perut kembung, diare, atau penurunan berat badan yang tidak wajar, segera konsultasikan dengan petugas kesehatan untuk diagnosis dan pengobatan yang tepat.</p><h3 style=\"margin-left:0px;\"><strong>Pentingnya Edukasi dan Kesadaran Masyarakat</strong></h3><p style=\"margin-left:0px;\">Selain pemberian obat cacing, penting juga untuk memberikan edukasi kepada masyarakat, terutama orang tua dan pendidik, tentang pentingnya menjaga kebersihan diri, lingkungan, dan makanan. Upaya pencegahan ini mencakup mencuci tangan dengan sabun sebelum makan dan setelah buang air, memasak makanan dengan baik, serta menjaga kebersihan lingkungan sekitar.</p><p style=\"margin-left:0px;\">Dengan kesadaran yang tinggi dan kerjasama antara berbagai pihak, diharapkan angka infeksi cacingan pada anak-anak dapat ditekan, sehingga mereka dapat tumbuh dan berkembang dengan optimal tanpa terganggu oleh penyakit yang dapat dicegah ini.</p><p style=\"margin-left:0px;\"><span style=\"background-color:rgb(255,255,255);color:rgb(13,13,13);\">Minum obat cacing secara berkala merupakan langkah penting dalam menjaga kesehatan anak dan mencegah penyakit cacingan yang dapat memengaruhi pertumbuhan serta perkembangan mereka. Dukungan dari berbagai pihak, termasuk orang tua, pendidik, dan petugas kesehatan, sangat diperlukan untuk menciptakan lingkungan yang sehat dan bebas dari penyakit cacingan bagi anak-anak di seluruh dunia.</span></p><p style=\"margin-left:0px;\">&nbsp;</p><p style=\"margin-left:0px;\">&nbsp;</p>", "view_count": 2106, "share_count": 0, "word_count": 352, "status": "published", "created_at": "2024-02-26T07:18:12.942Z", "updated_at": "2024-07-12T02:05:24.394Z"}, "m2m": {"photo": [16462]}}, {"condition": {"id": 810}, "defaults": {"site_id": 63, "admin_id": 81, "judul": "Tips Menjalani Ibadah Puasa Bagi Lansia: Menjaga Kesehatan Selama Bulan Suci", "judul_seo": "tips-menjalani-ibadah-puasa-bagi-lansia-menjaga-kesehatan-selama-bulan-suci", "isi_artikel": "<h3 style=\"margin-left:0px;\"><strong>Tips Menjalani Ibadah Puasa Bagi Lansia: Menjaga Kesehatan Selama Bulan Suci</strong></h3><p style=\"margin-left:0px;\">Bulan Ramadan adalah bulan yang dinanti-nantikan oleh umat Islam di seluruh dunia. Bagi banyak orang, termasuk lansia, Ramadan adalah kesempatan untuk meningkatkan spiritualitas, introspeksi diri, dan meningkatkan kebersamaan dengan keluarga dan komunitas. Namun, bagi lansia, menjalani ibadah puasa bisa menimbulkan tantangan kesehatan tertentu. Berikut adalah beberapa tips penting bagi lansia agar bisa menjalani ibadah puasa dengan sehat dan nyaman:</p><p style=\"margin-left:0px;\">1. Konsultasikan dengan Dokter</p><p style=\"margin-left:0px;\">Sebelum memulai puasa Ramadan, lansia sebaiknya berkonsultasi dengan dokter terlebih dahulu, terutama jika memiliki kondisi medis tertentu seperti diabetes, tekanan darah tinggi, atau gangguan kesehatan lainnya. Dokter akan memberikan saran yang spesifik sesuai dengan kondisi kesehatan individu.</p><p style=\"margin-left:0px;\">2. Perhatikan Asupan Nutrisi</p><p style=\"margin-left:0px;\">Saat berbuka dan sahur, pastikan asupan nutrisi lansia seimbang dan bergizi. Pilih makanan yang kaya akan serat, protein, vitamin, dan mineral. Hindari makanan yang mengandung banyak gula dan lemak jenuh. Konsumsilah buah-buahan dan sayuran segar untuk menjaga keseimbangan gula darah dan memastikan tubuh tetap terhidrasi.</p><p style=\"margin-left:0px;\">3. Batasi Konsumsi Garam dan Gula</p><p style=\"margin-left:0px;\">Lansia cenderung lebih rentan terhadap masalah tekanan darah tinggi dan diabetes. Oleh karena itu, batasi konsumsi garam dan gula selama bulan puasa. Hindari makanan dan minuman yang mengandung kadar gula dan garam tinggi, karena dapat meningkatkan risiko komplikasi kesehatan.</p><p style=\"margin-left:0px;\">4. Hindari Aktivitas Berat di Siang Hari</p><p style=\"margin-left:0px;\">Lansia disarankan untuk menghindari aktivitas fisik yang berat di siang hari selama bulan Ramadan. Cuaca panas dan kurangnya asupan cairan dapat meningkatkan risiko dehidrasi dan kelelahan. Lebih baik pilih waktu di pagi atau sore hari untuk berolahraga ringan atau melakukan aktivitas fisik.</p><p style=\"margin-left:0px;\">5. Istirahat yang Cukup</p><p style=\"margin-left:0px;\">Istirahat yang cukup sangat penting bagi lansia selama bulan puasa. Pastikan untuk tidur yang cukup di malam hari agar tubuh mendapatkan waktu pemulihan yang optimal. Kurang tidur dapat menyebabkan penurunan konsentrasi, lemahnya sistem kekebalan tubuh, dan peningkatan risiko terkena penyakit.</p><p style=\"margin-left:0px;\">6. Perhatikan Tanda-tanda Kesehatan</p><p style=\"margin-left:0px;\">Selama menjalani puasa, lansia perlu memperhatikan tanda-tanda kesehatan seperti pusing, lemah, atau dehidrasi. Jika mengalami gejala tersebut, segera istirahat dan minum air putih secukupnya. Jika kondisi tidak membaik, segera hubungi profesional medis.</p><p style=\"margin-left:0px;\">7. Jaga Keseimbangan Emosi dan Spiritual</p><p style=\"margin-left:0px;\">Selain menjaga kesehatan fisik, lansia juga perlu menjaga keseimbangan emosional dan spiritual selama bulan Ramadan. Manfaatkan waktu untuk berdoa, meditasi, dan refleksi diri. Tingkatkan ibadah dan kegiatan sosial yang memberi kebahagiaan dan kedamaian.</p><p style=\"margin-left:0px;\">Dengan memperhatikan tips-tips di atas, lansia dapat menjalani ibadah puasa Ramadan dengan nyaman dan sehat. Penting untuk selalu memperhatikan kondisi kesehatan dan mendengarkan sinyal tubuh. Semoga Ramadan ini menjadi waktu yang penuh berkah dan meningkatkan kedekatan spiritual bagi semua umat Islam, termasuk lansia.</p>", "view_count": 1659, "share_count": 0, "word_count": 387, "status": "published", "created_at": "2024-03-15T05:12:08.183Z", "updated_at": "2024-07-11T20:21:22.482Z"}, "m2m": {"photo": [17063]}}, {"condition": {"id": 811}, "defaults": {"site_id": 63, "admin_id": 81, "judul": " Manfaat Puasa Bagi Kesehatan: Lebih dari Sekadar Tradisi Keagamaan", "judul_seo": "manfaat-puasa-bagi-kesehatan-lebih-dari-sekadar-tradisi-keagamaan", "isi_artikel": "<p style=\"margin-left:0px;\">Puasa telah lama menjadi bagian integral dari praktik keagamaan di berbagai budaya dan agama di seluruh dunia. Selain nilai-nilai spiritualnya, puasa juga telah terbukti memiliki berbagai manfaat bagi kesehatan manusia. Inilah mengapa banyak penelitian ilmiah telah dilakukan untuk memahami dampak positif puasa pada tubuh. Berikut adalah beberapa manfaat kesehatan yang terbukti dari puasa:</p><h3 style=\"margin-left:0px;\"><strong>1. Menurunkan Berat Badan</strong></h3><p style=\"margin-left:0px;\">Salah satu manfaat paling terkenal dari puasa adalah kemampuannya untuk membantu menurunkan berat badan. Dengan membatasi waktu makan dan jumlah kalori yang dikonsumsi selama periode puasa, tubuh akan mulai membakar lemak yang tersimpan untuk memperoleh energi. Ini dapat membantu mengurangi lemak tubuh dan meningkatkan komposisi tubuh secara keseluruhan.</p><h3 style=\"margin-left:0px;\"><strong>2. Meningkatkan Kesehatan Jantung</strong></h3><p style=\"margin-left:0px;\">Puasa telah terbukti dapat meningkatkan kesehatan jantung dengan menurunkan faktor risiko penyakit jantung seperti tekanan darah tinggi, kolesterol LDL (kolesterol jahat), dan peradangan dalam tubuh. Selama puasa, tubuh memiliki kesempatan untuk memulihkan dan membersihkan sistem kardiovaskular, sehingga mengurangi risiko penyakit jantung.</p><h3 style=\"margin-left:0px;\"><strong>3. Meningkatkan Sensitivitas Insulin</strong></h3><p style=\"margin-left:0px;\">Puasa intermiten, di mana seseorang mengonsumsi makanan dalam jendela waktu tertentu, telah terbukti meningkatkan sensitivitas insulin. Hal ini dapat membantu mengatur kadar gula darah dan mencegah atau mengelola diabetes tipe 2.</p><h3 style=\"margin-left:0px;\"><strong>4. Memperbaiki Fungsi Otak</strong></h3><p style=\"margin-left:0px;\">Beberapa penelitian menunjukkan bahwa puasa dapat memiliki efek positif pada fungsi otak. Puasa dapat merangsang produksi faktor neurotropik yang mendukung pertumbuhan sel-sel otak dan meningkatkan plasticity otak, yang berkaitan dengan pembelajaran dan memori.</p><h3 style=\"margin-left:0px;\"><strong>5. Memperpanjang Umur</strong></h3><p style=\"margin-left:0px;\">Penelitian pada hewan telah menunjukkan bahwa pembatasan kalori, yang merupakan bagian dari puasa, dapat memperpanjang umur dan menunda penuaan. Sementara penelitian pada manusia masih terbatas, namun puasa diyakini memiliki potensi untuk memperpanjang umur dan meningkatkan kualitas hidup.</p><h3 style=\"margin-left:0px;\"><strong>6. Mendukung Detoksifikasi Tubuh</strong></h3><p style=\"margin-left:0px;\">Puasa memberikan kesempatan bagi sistem pencernaan untuk beristirahat dan membersihkan diri dari racun yang terakumulasi dalam tubuh. Hal ini dapat meningkatkan fungsi organ-organ penting seperti hati dan ginjal, serta membantu mengurangi peradangan dalam tubuh.</p><p style=\"margin-left:0px;\">Dengan memperhatikan manfaat-manfaat tersebut, puasa dapat dianggap sebagai praktik yang tidak hanya bermanfaat secara spiritual, tetapi juga memiliki dampak positif pada kesehatan tubuh secara keseluruhan. Namun, sebelum memulai puasa atau mengubah pola makan, penting untuk berkonsultasi dengan profesional medis terlebih dahulu, terutama bagi individu dengan kondisi kesehatan tertentu.</p>", "view_count": 1718, "share_count": 0, "word_count": 324, "status": "published", "created_at": "2024-03-15T05:26:10.224Z", "updated_at": "2024-07-11T20:21:19.941Z"}, "m2m": {"photo": [17066]}}, {"condition": {"id": 833}, "defaults": {"site_id": 63, "admin_id": 81, "judul": "Menyelami Diabetes: Pemahaman, Pencegahan, dan Pengelolaan", "judul_seo": "menyelami-diabetes-pemahaman-pencegahan-dan-pengelolaan", "isi_artikel": "<p>Diabetes mellitus, lebih dikenal sebagai diabetes, adalah kondisi kronis yang ditandai oleh tingginya kadar gula darah dalam tubuh. Ini terjadi ketika tubuh tidak dapat menggunakan insulin dengan efisien atau tidak dapat menghasilkan insulin yang cukup. Insulin adalah hormon yang diproduksi oleh pankreas dan berperan dalam mengatur kadar gula darah. Dengan pemahaman yang lebih dalam tentang diabetes, kita dapat mengambil langkah-langkah untuk mencegahnya dan mengelola kondisi ini.</p><p><strong>Tipe Diabetes</strong></p><p>Ada dua jenis diabetes utama: tipe 1 dan tipe 2.</p><p><strong>Diabetes Tipe 1</strong>: Pada diabetes tipe 1, sistem kekebalan tubuh menyerang sel-sel penghasil insulin di pankreas, sehingga tubuh tidak dapat memproduksi insulin. Ini membutuhkan penggunaan insulin buatan untuk mengatur kadar gula darah. Diabetes tipe 1 umumnya didiagnosis pada masa kanak-kanak dan remaja, meskipun bisa terjadi pada usia berapa pun.</p><p><strong>Diabetes Tipe 2</strong>: Diabetes tipe 2 terjadi ketika tubuh tidak menggunakan insulin dengan efisien. Faktor risiko untuk diabetes tipe 2 termasuk obesitas, kurangnya aktivitas fisik, dan pola makan yang tidak sehat. Diabetes tipe 2 dapat dikendalikan dengan diet yang sehat, olahraga teratur, dan pengobatan jika diperlukan.</p><p><strong>Gejala Diabetes</strong></p><p>Gejala diabetes dapat bervariasi, tetapi beberapa yang umum termasuk:</p><ul><li>Sering merasa haus dan lapar</li><li>Sering buang air kecil</li><li>Kelelahan yang berlebihan</li><li>Penurunan berat badan tanpa sebab yang jelas</li><li>Luka yang sulit sembuh</li><li>Penglihatan kabur</li><li>Kesemutan atau mati rasa pada tangan dan kaki</li></ul><p><strong>Pencegahan Diabetes</strong></p><p>Meskipun diabetes tidak selalu dapat dicegah, ada langkah-langkah yang dapat diambil untuk mengurangi risiko terkena diabetes tipe 2, termasuk:</p><ul><li>Menjaga berat badan yang sehat melalui diet seimbang dan olahraga teratur.</li><li>Mengonsumsi makanan yang kaya serat dan rendah lemak.</li><li>Membatasi konsumsi gula dan karbohidrat sederhana.</li><li>Menghindari merokok dan minum alkohol dalam jumlah berlebihan.</li><li>Menjalani pemeriksaan kesehatan secara teratur untuk memantau kadar gula darah dan faktor risiko lainnya.</li></ul><p><strong>Pengelolaan Diabetes</strong></p><p>Bagi mereka yang telah didiagnosis dengan diabetes, pengelolaan kondisi tersebut sangat penting untuk mencegah komplikasi jangka panjang. Langkah-langkah pengelolaan meliputi:</p><ul><li>Memantau kadar gula darah secara teratur.</li><li>Mengikuti rencana makan yang sehat dan seimbang.</li><li>Melakukan aktivitas fisik secara teratur.</li><li>Menggunakan obat-obatan sesuai petunjuk dokter.</li><li>Mengelola stres dengan baik.</li><li>Menghindari rokok dan alkohol.</li></ul><p><strong>Kesimpulan</strong></p><p>Diabetes adalah kondisi serius yang memengaruhi jutaan orang di seluruh dunia. Namun, dengan pemahaman yang tepat tentang penyebab, gejala, pencegahan, dan pengelolaannya, kita dapat mengurangi risiko terkena diabetes atau mengelola kondisi tersebut dengan baik. Penting untuk berbicara dengan profesional kesehatan tentang langkah-langkah yang dapat diambil untuk menjaga kesehatan gula darah dan mencegah komplikasi yang mungkin timbul.</p>", "view_count": 249, "share_count": 0, "word_count": 331, "status": "published", "created_at": "2024-06-05T05:24:33.484Z", "updated_at": "2024-07-11T14:15:03.245Z"}, "m2m": {"photo": [19419, 19420]}}]