[{"condition": {"id": 78}, "defaults": {"site_id": 44, "admin_id": 47, "judul": "AYO PERIKSA IVA", "judul_seo": "ayo-periksa-iva", "isi_artikel": "<p>Salam Sehat !!</p>\r\n\r\n<p>Bu..Ibu... Untuk diketahui bahwa kanker leher rahim masih menjadi ancaman kematian nomor 1 bagi perempuan Indonesia, maka dari itu</p>\r\n\r\n<p>AYOOO ! PERIKSA IVA SEKARANG JUGA.</p>\r\n\r\n<p>Apa itu periksa IVA ? dapat dibaca pada flayer di bawah ini ya Bu, dan bila memerlukan konsultasi masalah seputar pemeriksaan IVA ini dapat dihubungi kontak WhatsApp berikut : 08596700001. Terima kasih</p>\r\n", "view_count": 70, "share_count": 0, "word_count": 53, "status": "published", "created_at": "2022-07-06T08:39:30.407Z", "updated_at": "2024-07-10T19:25:32.656Z"}, "m2m": {"photo": [2458]}}, {"condition": {"id": 81}, "defaults": {"site_id": 44, "admin_id": 47, "judul": "HIDUP SEHAT DENGAN GIZI SEIMBANG", "judul_seo": "hidup-sehat-dengan-gizi-seimbang", "isi_artikel": "<p>Reposted from @ditjenkesmas Salah satu ciri bangsa maju adalah bangsa yang memiliki tingkat kesehatan, kecerdasan, dan produktivitas kerja yang tinggi. Ketiga hal ini dipengaruhi oleh keadaan gizi.</p>\r\n\r\n<p>Pola makan merupakan perilaku paling penting yang dapat mempengaruhi keadaan gizi. Hal ini disebabkan karena kuantitas dan kualitas makanan dan minuman yang dikonsumsi akan mempengaruhi asupan gizi sehingga akan mempengaruhi kesehatan individu dan masyarakat.</p>\r\n\r\n<p>Gizi yang optimal sangat penting untuk pertumbuhan normal serta perkembangan fisik dan kecerdasan bayi, anak-anak, serta seluruh kelompok umur. Gizi baik membuat berat badan normal atau sehat, tubuh tidak mudah terkena penyakit infeksi, produktivitas kerja meningkat serta terlindung dari penyakit kronis dan kematian dini.</p>\r\n\r\n<p>Agar tubuh tetap sehat dan terhindar dari berbagai penyakit kronis atau penyakit tidak menular terkait gizi, maka pola makan masyarakat perlu ditingkatkan kearah konsumsi gizi seimbang. Keadaan gizi yang baik dapat meningkatkan kesehatan individu dan masyarakat.</p>\r\n", "view_count": 131, "share_count": 0, "word_count": 140, "status": "published", "created_at": "2022-07-06T09:14:55.307Z", "updated_at": "2024-07-11T16:24:36.348Z"}, "m2m": {"photo": [2462, 2463]}}, {"condition": {"id": 82}, "defaults": {"site_id": 44, "admin_id": 47, "judul": "BAHAYA OBESITAS", "judul_seo": "bahaya-obesitas", "isi_artikel": "<p>Reposted from <a href=\"https://l.facebook.com/l.php?u=https%3A%2F%2Fwww.instagram.com%2F_u%2Fdit.promkes%3Ffbclid%3DIwAR1LL_mTrFpuDvj8v1nNoh4Rbr1y09hyIsWrnFCE0U_UTa9AHU3DNEO57dw&amp;h=AT3IbbGlCmKtotYPcgOUC_MHSxBggajtceOUM_d1m99FirBjC39bEnjkcKl4QM19Pe7ewPp2uITPS2jF1L3CRNZ3FELXkfqzWfzsjpwLCFFTDveyLec6AorAB0xUrXtkFV8w&amp;__tn__=-UK-R&amp;c[0]=AT1haJLZASZPOjU-9PQV4D1yVPEgrZSkEwT4pZwhNoL0V8uLv9Zsxgx_4vHRxD-HQT-T8O7rNKZUxb9wyPXYYd76Aaqls9WwsfaHH1TmYTsCfRg25yeS8NheYMWGIozy7gd_iUVSUZM5IlXpYf0wXYVtfroBOwDRCvmcaQvAaA8q8RL9gNy-\" rel=\"nofollow noopener\" tabindex=\"0\" target=\"_blank\">@dit.promkes</a> Hi Healthies,</p>\r\n\r\n<p>Tahukah kamu, jika obesitas merupakan salah satu kondisi yang mampu menimbulkan banyak penyakit bagi tubuh?</p>\r\n\r\n<p>Yuk ketahui berbagai penyakit penyerta akibat dari obesitas pada postingan berikut ini!</p>\r\n", "view_count": 161, "share_count": 0, "word_count": 31, "status": "published", "created_at": "2022-07-06T09:16:20.617Z", "updated_at": "2024-07-11T22:40:59.666Z"}, "m2m": {"photo": [2464]}}, {"condition": {"id": 171}, "defaults": {"site_id": 44, "admin_id": 47, "judul": "STATUS 5 PILAR STBM UPT PUSKESMAS NARMADA", "judul_seo": "status-5-pilar-stbm-upt-puskesmas-narmada", "isi_artikel": "<p>Sanitasi Total Berbasis Masyarakat yang atau disingkat STBM&nbsp;<br />\r\nadalah pendekatan untuk mengubah perilaku higienis dan saniter<br />\r\nmelalui pemberdayaan masyarakat dengan cara pemicuan.&nbsp;<br />\r\nPilar Sanitasi Total Berbasis Masyarakat atau disebut<br />\r\nPilar STBM adalah perilaku higienis dan saniter yang digunakan&nbsp;<br />\r\nsebagai acuan dalam penyelenggaraan Sanitasi Total Berbasis&nbsp;<br />\r\nMasyarakat.</p>\r\n\r\n<p>Pemicuan adalah cara untuk mendorong perubahan perilaku higiene&nbsp;<br />\r\ndan sanitasi individu atau masyarakat atas kesadaran sendiri dengan&nbsp;<br />\r\nmenyentuh perasaan, pola pikir, perilaku, dan kebiasaan individu atau&nbsp;<br />\r\nmasyarakat.</p>\r\n\r\n<p><br />\r\nPilar STBM sebagaimana yang dimaksud di atas terdiri dari perilaku :<br />\r\na. Stop Buang Air Besar Sembarangan;<br />\r\nb. Cuci Tangan Pakai Sabun;<br />\r\nc. Pengelolaan Air Minum dan Makanan Rumah Tangga;<br />\r\nd. Pengamanan Sampah Rumah Tangga;&nbsp;<br />\r\ne. Pengamanan Limbah Cair Rumah Tangga;</p>\r\n\r\n<p>(1) Perilaku stop buang air besar sembarangan &nbsp;diwujudkan melalui kegiatan paling&nbsp;<br />\r\nsedikit terdiri atas:&nbsp;<br />\r\na. Membudayakan perilaku buang air besar sehat yang dapat&nbsp;<br />\r\nmemutus alur kontaminasi kotoran manusia sebagai sumber&nbsp;<br />\r\npenyakit secara berkelanjutan; dan<br />\r\nb. Menyediakan dan memelihara sarana buang air besar yang&nbsp;<br />\r\nmemenuhi standar dan persyaratan kesehatan.&nbsp;</p>\r\n\r\n<p><br />\r\n(2) Perilaku Cuci Tangan Pakai Sabun &nbsp;diwujudkan melalui kegiatan paling sedikit&nbsp;<br />\r\nterdiri atas:&nbsp;<br />\r\na. membudayakan perilaku cuci tangan dengan air bersih yang&nbsp;<br />\r\nmengalir dan sabun secara berkelanjutan; dan&nbsp;<br />\r\nb. menyediakan dan memelihara sarana cuci tangan yang dilengkapi&nbsp;<br />\r\ndengan air mengalir, sabun, dan saluran pembuangan air limbah.&nbsp;</p>\r\n\r\n<p><br />\r\n(3) Perilaku Pengelolaan Air Minum dan Makanan Rumah Tangga&nbsp;<br />\r\n&nbsp;diwujudkan&nbsp;<br />\r\nmelalui kegiatan paling sedikit terdiri atas:&nbsp;<br />\r\na. membudayakan perilaku pengolahan air layak minum dan&nbsp;<br />\r\nmakanan yang aman dan bersih secara berkelanjutan; dan<br />\r\nb. menyediakan dan memelihara tempat pengolahan air minum dan<br />\r\nmakanan rumah tangga yang sehat.&nbsp;</p>\r\n\r\n<p><br />\r\n(4) Perilaku Pengamanan Sampah Rumah Tangga diwujudkan melalui kegiatan paling&nbsp;<br />\r\nsedikit terdiri atas:&nbsp;<br />\r\na. membudayakan perilaku memilah sampah rumah tangga sesuai&nbsp;<br />\r\ndengan jenisnya dan membuang sampah rumah tangga di luar&nbsp;<br />\r\nrumah secara rutin;<br />\r\nb. melakukan pengurangan (reduce), penggunaan kembali (reuse),&nbsp;<br />\r\ndan pengolahan kembali (recycle); dan<br />\r\nc. menyediakan dan memelihara sarana pembuangan sampah rumah&nbsp;<br />\r\ntangga di luar rumah.&nbsp;</p>\r\n\r\n<p><br />\r\n(5) Perilaku Pengamanan Limbah Cair Rumah Tangga &nbsp;diwujudkan melalui kegiatan<br />\r\npaling sedikit terdiri atas:&nbsp;<br />\r\na. melakukan pemisahan saluran limbah cair rumah tangga melalui&nbsp;<br />\r\nsumur resapan dan saluran pembuangan air limbah;&nbsp;<br />\r\nb. menyediakan dan menggunakan penampungan limbah cair rumah&nbsp;<br />\r\ntangga; dan<br />\r\nc. memelihara saluran pembuangan dan penampungan limbah cair&nbsp;<br />\r\nrumah tangga.&nbsp;</p>\r\n\r\n<p>Pelaksanaan Program STBM ini di UPT Puskesmas Narmada dimulai sejak tahun 2009 berdasarkan kebijakan Menteri Kesehatan melalui Keputusan Menteri Kesehatan Republik Indonesia Nomor 852/Menkes/SK/IX/2008 Tentang Strategi Nasional Sanitasi Total Berbasis Masyarakat. dan pada Tahun 2014 keluar kebijakan Peraturan Menteri Kesehatan RI No. 3 tahun 2014 tentang Sanitasi Total Berbasis Masyarakat.</p>\r\n\r\n<p>Untuk status 5 Pilar STBM di UPT Puskesmas Narmada sebagai berikut :<br />\r\na. Stop Buang Air Besar Sembarangan : 100%<br />\r\nb. Cuci Tangan Pakai Sabun : 100%<br />\r\nc. Pengelolaan Air Minum dan Makanan Rumah Tangga : 92.60%<br />\r\nd. Pengamanan Sampah Rumah Tangga : 91.13%<br />\r\ne. Pengamanan Limbah Cair Rumah Tangga : 72.18%</p>\r\n\r\n<p><br />\r\nSumber artikel : Permenkes No. 3 Tahun 2014 dan data Program Kesling UPT Puskesmas Narmada</p>", "view_count": 159, "share_count": 0, "word_count": 452, "status": "published", "created_at": "2022-07-22T11:04:45.160Z", "updated_at": "2024-07-10T19:25:39.220Z"}, "m2m": {"photo": [3116]}}, {"condition": {"id": 526}, "defaults": {"site_id": 44, "admin_id": 47, "judul": "Pencegahan dan Pengendalian Hipertensi", "judul_seo": "pencegahan-dan-pengendalian-hipertensi", "isi_artikel": "<p>Repost from @dit.promkes</p>\r\n\r\n<p>Hi Healthies,</p>\r\n\r\n<p>Hipertensi, atau tekanan darah tinggi, adalah masalah kesehatan serius yang dapat berdampak pada kualitas hidup kita.</p>\r\n\r\n<p>Meski demikian, pencegahan dan pengendalian penyakit hipertensi ternyata bukanlah hal yang mustahil loh.</p>\r\n\r\n<p>Yuk lakukan pencegahan dan pengendalian hipertensi dengan mengikuti panduan pada postingan berikut ini</p>\r\n", "view_count": 518, "share_count": 0, "word_count": 46, "status": "published", "created_at": "2023-05-31T02:37:39.887Z", "updated_at": "2024-07-10T19:25:38.861Z"}, "m2m": {"photo": [10295, 10296]}}, {"condition": {"id": 828}, "defaults": {"site_id": 44, "admin_id": 47, "judul": "Puskesmas Narmada Siap dalam Penilaian Zona Integritas Tahun 2024", "judul_seo": "puskesmas-narmada-siap-dalam-penilaian-zona-integritas-tahun-2024", "isi_artikel": "<p><span style=\"background-color:rgb(255,255,255);color:rgb(0,0,0);\">Narmada, 17 Mei 2024</span></p><p><br><span style=\"background-color:rgb(255,255,255);color:rgb(0,0,0);\">Pada tahun 2024 ini, Alhamdulillah UPT Puskesmas Narmada banyak diberikan kepercayaan untuk mengikuti berbagai penilaian salah satunya adalah Penilaian Zona Integritas (ZI), maka dari itu pada Pagi Kamis, 16 Mei 2024, Kepala UPT Puskesmas Narmada, dr. I Dewa Gede Ngurah Agung mengumpulkan Tim Penilaian Zona Integritas di aula Puskesmas dalam rangka mempersiapkan Penilaian tersebut.</span><br><br><span style=\"background-color:rgb(255,255,255);color:rgb(0,0,0);\">Zona Integritas (ZI) adalah predikat yang diberikan kepada instansi pemerintah yang pimpinan dan jajarannya mempunyai komitmen untuk mewujudkan Wilayah Bebas Dari Korupsi (WBK) atau Wilayah Birokrasi Bersih Dan Melayani (WBBM) melalui reformasi birokrasi, khususnya dalam hal pencegahan korupsi dan peningkatan kualitas pelayanan publik.</span><br><br><span style=\"background-color:rgb(255,255,255);color:rgb(0,0,0);\">Mohon dukungannya yaaa...Sahabat Sehat Puskesmas Narmada, semoga kami dapat menyandang predikat WBK tersebut.</span><br><br><span style=\"background-color:rgb(255,255,255);color:rgb(0,0,0);\">Terima Kasih</span><br><span style=\"background-color:rgb(255,255,255);color:rgb(0,0,0);\">**UPT PUSKESMAS NARMADA SATU HATI**</span><br><span style=\"background-color:rgb(255,255,255);color:rgb(0,0,0);\">Menebar Salam dan Senyum dalam Pelayanan</span></p>", "view_count": 1616, "share_count": 0, "word_count": 110, "status": "published", "created_at": "2024-05-17T13:05:22.611Z", "updated_at": "2024-07-11T20:21:21.544Z"}, "m2m": {"photo": [18774, 18775, 18776]}}, {"condition": {"id": 829}, "defaults": {"site_id": 44, "admin_id": 47, "judul": "Puskesmas Narmada Lakukan ini untuk Mengantisipasi Peningkatan Kasus DBD", "judul_seo": "puskesmas-narmada-lakukan-ini-untuk-mengantisipasi-peningkatan-kasus-dbd", "isi_artikel": "<p>Narmada, 17 Mei 2024</p><p>Dengan meningkatnya Kasus Demam Berdarah Dengue (DBD) di Kabupaten Lombok Barat, Bupati Lombok Barat mengeluarkan surat edaran nomor 440/113/DIKES/2024 Tentang Antisipasi Peningkatan Kasus DBD Pada Musim Hujan Tahun 2024, yang salah satu isinya menginstruksikan melakukan penyuluhan kepada masyarakat terus ditingkatkan melalui penyuluhan langsung dan/ atau melalui media cetak dan/atau media elektronik, Penyuluhan difokuskan kepada pencegahan dan tanda tanda bahaya DBD.</p><p>Untuk menindaklanjuti SE tersebut di atas, UPT Puskesmas Narmada, melalui Tim Promosi Kesehatan melaksanakan penyuluhan baik secara langsung seperti di Posyandu Keluarga, Penyuluhan Keliling maupun melalui media sosial, seperti halnya pada hari ini Jum'at, 17 Mei 2024, Puskesmas Narmada melakukan Penyuluhan keliling di Desa Mekar Sari dan Sembung, dan selanjutnya diteruskan ke desa-desa wilayah kerja Puskesmas Narmada lainnya terutama yang menjadi peta kasus DBD.</p><p>Untuk diketahui bahwa kasus DBD di UPT Puskesmas Narmada sampai dengan tanggal 13 Mei 2024 sebanyak 23 kasus dengan sebaran kasus di Desa Mekar Sari, Sembung, Badrain, Krama Jaya, Dasan Tereng, Lembuak dan Tanak Beak.</p><p>Kami berharap kerja sama dari semua pihak untuk mengantisipasi lonjakan kasus DBD ini.</p><p>Yuuukkk...Mari sama-sama cegah DBD dengan PSN 3M Plus.</p><p>&nbsp;</p><p><a href=\"https://www.instagram.com/explore/tags/cegahdemamberdarah/\">#cegahdemamberdarah</a><span style=\"background-color:rgb(255,255,255);color:rgb(0,0,0);\"> </span><a href=\"https://www.instagram.com/explore/tags/dbd/\">#dbd</a><span style=\"background-color:rgb(255,255,255);color:rgb(0,0,0);\"> </span><a href=\"https://www.instagram.com/explore/tags/cegahdbd/\">#cegahdbd</a><span style=\"background-color:rgb(255,255,255);color:rgb(0,0,0);\"> </span><a href=\"https://www.instagram.com/explore/tags/cegahdbddenganpsn/\">#cegahdbddenganpsn</a></p>", "view_count": 1444, "share_count": 0, "word_count": 165, "status": "published", "created_at": "2024-05-17T15:20:13.478Z", "updated_at": "2024-07-11T20:21:20.548Z"}, "m2m": {"photo": [18781, 18782, 18783]}}]