[{"condition": {"id": 7}, "defaults": {"site_id": 47, "admin_id": 51, "judul": "Cegah dan Kendalikan Hipertensi", "judul_seo": "cegah-dan-kendalikan-hipertensi", "isi_artikel": "<p>Hipertensi dikenal oleh masyarakat awam dengan sebutan &ldquo;darah tinggi&rdquo; karena kondisi ini memang mengindikasikan tingginya tekanan darah. Tekanan darah sendiri dapat dibagi menjadi tekanan sistol (tekanan di pembuluh darah saat jantung memompa darah) dan diastol (tekanan di pembuluh darah saat jantung dalam keadaan istirahat). Hipertensi merupakan kondisi ketika tekanan sistol terukur &ge;140 mmHg atau tekanan diastol terukur &ge;90 mmHg (WHO, 2019)</p>\r\n\r\n<p><span style=\"background-color:transparent; color:rgb(0, 0, 0)\"><strong>Hipertensi</strong> adalah istilah medis dari penyakit tekanan darah tinggi. Kondisi ini dapat mengakibatkan berbagai komplikasi kesehatan yang membahayakan nyawa sekaligus meningkatkan risiko terjadinya penyakit jantung, stroke, bahkan kematian.</span></p>\r\n\r\n<h2><strong>Faktor Risiko Hipertensi</strong></h2>\r\n\r\n<p><span style=\"background-color:transparent; color:rgb(0, 0, 0)\">Seiring bertambahnya usia, seseorang akan memiliki kemungkinan yang lebih tinggi untuk mengalami hipertensi. Beberapa faktor yang bisa meningkatkan risiko hipertensi yaitu:</span></p>\r\n\r\n<ul>\r\n\t<li><span style=\"color:#000000\"><span style=\"background-color:transparent\">Berusia di atas 65 tahun.</span></span></li>\r\n\t<li><span style=\"color:#000000\"><span style=\"background-color:transparent\">Konsumsi makanan tinggi garam berlebihan.</span></span></li>\r\n\t<li><span style=\"color:#000000\"><span style=\"background-color:transparent\">Kelebihan berat badan atau obesitas.</span></span></li>\r\n\t<li><span style=\"color:#000000\"><span style=\"background-color:transparent\">Adanya riwayat keluarga dengan kondisi medis yang sama.</span></span></li>\r\n\t<li><span style=\"color:#000000\"><span style=\"background-color:transparent\">Kurang asupan buah dan sayuran.</span></span></li>\r\n\t<li><span style=\"color:#000000\"><span style=\"background-color:transparent\">Jarang berolahraga.</span></span></li>\r\n\t<li><span style=\"color:#000000\"><span style=\"background-color:transparent\">Mengonsumsi terlalu banyak makanan atau minuman yang mengandung kafein.</span></span></li>\r\n\t<li><span style=\"color:#000000\"><span style=\"background-color:transparent\">Mengonsumsi minuman beralkohol.</span></span></li>\r\n</ul>\r\n\r\n<p><span style=\"background-color:transparent; color:rgb(0, 0, 0)\">Meski demikian, risiko hipertensi dapat dicegah dengan mengubah pola hidup dan pola makan menjadi lebih sehat secara rutin. Penuhi asupan gizi tubuh seimbang, asupan cairan harian tubuh, dan&nbsp;</span>berolahraga<span style=\"background-color:transparent; color:rgb(0, 0, 0)\">&nbsp;secara teratur.</span></p>\r\n\r\n<h2><strong>Penyebab Hipertensi</strong></h2>\r\n\r\n<p><span style=\"background-color:transparent; color:rgb(0, 0, 0)\">Hipertensi terbagi menjadi dua jenis, yaitu hipertensi primer dan sekunder. Masing-masing memiliki penyebab yang berbeda, seperti berikut ini.</span></p>\r\n\r\n<h3><strong>1. Hipertensi Primer</strong></h3>\r\n\r\n<p><span style=\"background-color:transparent; color:rgb(0, 0, 0)\">Sering kali, penyebab terjadinya hipertensi pada kebanyakan orang dewasa tidak diketahui. Hipertensi primer cenderung berkembang secara bertahap selama bertahun-tahun.</span></p>\r\n\r\n<h3><strong>2. Hipertensi Sekunder</strong></h3>\r\n\r\n<p><span style=\"background-color:transparent; color:rgb(0, 0, 0)\">Beberapa orang memiliki tekanan darah tinggi karena kondisi kesehatan yang mendasarinya. Hipertensi sekunder cenderung muncul tiba-tiba dan menyebabkan tekanan darah lebih tinggi daripada hipertensi primer.</span></p>\r\n\r\n<p><span style=\"background-color:transparent; color:rgb(0, 0, 0)\">Berbagai kondisi yang dapat menyebabkan hipertensi sekunder, antara lain:</span></p>\r\n\r\n<ul>\r\n\t<li><span style=\"background-color:transparent\">Obstruktif sleep apnea (OSA).</span></li>\r\n\t<li><span style=\"background-color:transparent\">Masalah ginjal.</span></li>\r\n\t<li><span style=\"background-color:transparent\">Tumor kelenjar adrenal.</span></li>\r\n\t<li><span style=\"background-color:transparent\">Masalah tiroid.</span></li>\r\n\t<li><span style=\"background-color:transparent\">Cacat bawaan di pembuluh darah.</span></li>\r\n\t<li><span style=\"background-color:transparent\">Obat-obatan, seperti pil KB, obat flu, dekongestan, obat penghilang rasa sakit yang dijual bebas.&nbsp;</span></li>\r\n\t<li><span style=\"background-color:transparent\">Obat-obatan terlarang.</span></li>\r\n</ul>\r\n\r\n<p>&nbsp;</p>\r\n\r\n<h2><strong>Gejala Hipertensi</strong></h2>\r\n\r\n<p><span style=\"background-color:transparent; color:rgb(0, 0, 0)\">Seseorang yang mengidap hipertensi akan merasakan beberapa gejala yang timbul, antara lain:</span></p>\r\n\r\n<ul>\r\n\t<li>Sakit kepala<span style=\"background-color:transparent\">;</span></li>\r\n\t<li><span style=\"background-color:transparent\">Lemas;</span></li>\r\n\t<li><span style=\"background-color:transparent\">Masalah penglihatan;</span></li>\r\n\t<li><span style=\"background-color:transparent\">Nyeri dada;</span></li>\r\n\t<li><span style=\"background-color:transparent\">Sesak napas;</span></li>\r\n\t<li><span style=\"background-color:transparent\">Aritmia; dan</span></li>\r\n\t<li><span style=\"background-color:transparent\">Adanya darah dalam urine.</span></li>\r\n</ul>\r\n\r\n<p><span style=\"background-color:transparent; color:rgb(0, 0, 0)\">&nbsp;</span></p>\r\n\r\n<h2><strong>Diagnosis Hipertens</strong><span style=\"background-color:transparent; color:rgb(0, 0, 0)\">i</span></h2>\r\n\r\n<p><span style=\"background-color:transparent; color:rgb(0, 0, 0)\">Dokter atau tenaga ahli biasanya akan memakaikan manset lengan tiup di sekitar lengan dan mengukur tekanan darah dengan menggunakan alat pengukur tekanan.&nbsp;</span></p>\r\n\r\n<p><span style=\"background-color:transparent; color:rgb(0, 0, 0)\">Hasil pengukuran tekanan darah dibagi menjadi empat kategori umum:</span></p>\r\n\r\n<ul>\r\n\t<li><span style=\"background-color:transparent\">Tekanan darah normal adalah tekanan darah di bawah 120/80 mmHg.</span></li>\r\n\t<li><span style=\"background-color:transparent\">Prahipertensi adalah tekanan sistolik yang berkisar dari 120&ndash;139 mmHg, atau tekanan darah diastolik yang berkisar dari 80&ndash;89 mmHg. Prahipertensi cenderung dapat memburuk dari waktu ke waktu.</span></li>\r\n\t<li><span style=\"background-color:transparent\">Hipertensi tahap 1 adalah tekanan sistolik berkisar 140&ndash;159 mmHg, atau tekanan diastolik berkisar 90&ndash;99 mm Hg.</span></li>\r\n\t<li><span style=\"background-color:transparent\">Hipertensi tahap 2 tergolong lebih parah. Hipertensi tahap 2 adalah tekanan sistolik 160 mmHg atau lebih tinggi, atau tekanan diastolik 100 mmHg atau lebih tinggi.</span></li>\r\n</ul>\r\n\r\n<p>&nbsp;</p>\r\n\r\n<h2><strong>Pengobatan Hipertensi</strong></h2>\r\n\r\n<p><span style=\"background-color:transparent; color:rgb(0, 0, 0)\">Sebagian pengidap hipertensi harus mengonsumsi obat seumur hidup guna mengatur tekanan darah. Namun, jika tekanan darah sudah terkendali melalui perubahan gaya hidup, penurunan dosis obat atau konsumsinya dapat dihentikan. Perhatikan selalu dosis obat yang diberikan dan efek samping yang mungkin terjadi.</span></p>\r\n\r\n<p><span style=\"background-color:transparent; color:rgb(0, 0, 0)\">Obat-obatan yang umumnya diberikan kepada para pengidap hipertensi, antara lain:</span></p>\r\n\r\n<ul>\r\n\t<li><span style=\"background-color:transparent\">Obat untuk membuang kelebihan garam dan cairan di tubuh melalui urine. Pasalnya, hipertensi membuat pengidapnya rentan terhadap kadar garam tinggi dalam tubuh.</span></li>\r\n\t<li><span style=\"background-color:transparent\">Obat untuk melebarkan pembuluh darah sehingga tekanan darah bisa menurun. Perlu diketahui bahwa hipertensi membuat pengidapnya rentan mengalami sumbatan pada pembuluh darah.&nbsp;</span></li>\r\n\t<li><span style=\"background-color:transparent\">Obat yang bekerja untuk memperlambat detak jantung dan melebarkan pembuluh darah.</span></li>\r\n\t<li><span style=\"background-color:transparent\">Obat penurun tekanan darah yang berfungsi untuk membuat dinding pembuluh darah lebih rileks.&nbsp;</span></li>\r\n\t<li><span style=\"background-color:transparent\">Obat penghambat renin untuk menghambat kerja enzim yang berfungsi menaikkan tekanan darah. Jika renin bekerja berlebihan, tekanan darah akan naik tidak terkendali.&nbsp;</span></li>\r\n</ul>\r\n\r\n<p><span style=\"background-color:transparent; color:rgb(0, 0, 0)\">Selain konsumsi obat-obatan, pengobatan hipertensi juga bisa dilakukan melalui terapi relaksasi, misalnya terapi meditasi atau terapi yoga. Namun, pengobatan hipertensi tidak akan berjalan lancar jika tidak disertai dengan perubahan gaya hidup, seperti menjalani pola makan dan hidup sehat, serta olahraga teratur.</span></p>\r\n\r\n<p>&nbsp;</p>\r\n\r\n<h2><strong>Pencegahan Hipertensi</strong></h2>\r\n\r\n<p><span style=\"background-color:transparent; color:rgb(0, 0, 0)\">Terdapat beberapa langkah yang bisa dilakukan untuk mencegah hipertensi, yaitu:</span></p>\r\n\r\n<ul>\r\n\t<li><span style=\"background-color:transparent\">Mengonsumsi makanan sehat.</span></li>\r\n\t<li><span style=\"background-color:transparent\">Batasi asupan garam.&nbsp;</span></li>\r\n\t<li><span style=\"background-color:transparent\">Mengurangi konsumsi kafein yang berlebihan.</span></li>\r\n\t<li>Berhenti merokok<span style=\"background-color:transparent\">.</span></li>\r\n\t<li><span style=\"background-color:transparent\">Berolahraga secara teratur.</span></li>\r\n\t<li><span style=\"background-color:transparent\">Menjaga berat badan.</span></li>\r\n\t<li><span style=\"background-color:transparent\">Mengurangi konsumsi minuman beralkohol.</span></li>\r\n</ul>\r\n\r\n<p>&nbsp;</p>\r\n\r\n<p><span style=\"background-color:transparent\">Sumber :<br />\r\n<a href=\"https://dinkes.ntbprov.go.id/artikel/cegah-dan-kendalikan-hipertensi-dengan-tepat-untuk-hidup-sehat-lebih-lama/\">Dinas Kesehatan Provinsi NTB</a><br />\r\n<a href=\"https://www.halodoc.com/kesehatan/hipertensi\">Halodoc.com</a></span><br />\r\n&nbsp;</p>\r\n", "view_count": 1479, "share_count": 0, "word_count": 635, "status": "published", "created_at": "2021-06-24T09:52:26.361Z", "updated_at": "2024-07-11T22:05:02.631Z"}, "m2m": {"photo": [949]}}, {"condition": {"id": 16}, "defaults": {"site_id": 47, "admin_id": 51, "judul": "Etika Batuk dan Bersin Yang Benar Menurut WHO", "judul_seo": "etika-batuk-dan-bersin-yang-benar-menurut-who", "isi_artikel": "<p><iframe frameborder=\"0\" height=\"315\" src=\"https://www.youtube.com/embed/al8NWVM6z48?controls=0\" title=\"YouTube video player\" width=\"560\"></iframe></p>\r\n\r\n<div class=\"news-title\">&nbsp;</div>\r\n\r\n<div class=\"news-title\">Jangan Asal Bersin Dan Batuk, Kenali Etika Bersin Dan Batuk Agar Tidak Menularkan Penyakit</div>\r\n\r\n<p>&nbsp;</p>\r\n\r\n<div class=\"addthis_inline_share_toolbox\">&nbsp;</div>\r\n\r\n<p>&nbsp;</p>\r\n\r\n<p><img alt=\"Jangan Asal Bersin Dan Batuk, Kenali Etika Bersin Dan Batuk Agar Tidak Menularkan Penyakit\" class=\"img-responsive\" src=\"https://promkes.kemkes.go.id/imagex/content/494dc8b3images_(3).jpeg\" style=\"margin-bottom:20px; max-width:100%\" /></p>\r\n\r\n<p><em>Jangan Asal Bersin Dan Batuk, Kenali Etika Bersin Dan Batuk Agar Tidak Menularkan Penyakit</em></p>\r\n\r\n<div class=\"news-desc\" style=\"text-align:justify\">\r\n<p style=\"text-align:justify\"><strong>Penyakit</strong> bisa dengan mudah menginfeksi melalui udara. Tanpa sadar, bersin dan batuklah yang bisa menyebarkan <em>virus penyakit.</em> Oleh karena itu, jangan asal batuk dan bersin, kenali beberapa etika yang harus dilakukan. Hal ini menjadi bentuk pencegahan penularan penyakit.</p>\r\n\r\n<p style=\"text-align:justify\"><strong>Etika saat bersin dan batuk menurut kesehatan</strong></p>\r\n\r\n<p style=\"text-align:justify\">Saat ingin bersin atau batuk, sangat penting untuk mengetahui etika. Hal ini dilakukan agar penularan virus tida terjadi. Selain itu, menghindarkan infeksi terjadi. Mungkin, kebanyakan dari kita saat ingin bersin atau batuk, refleks menggunakan tangan untuk menutupinya. Namun cara ini belum sepenuhnya benar.</p>\r\n\r\n<p style=\"text-align:justify\">Pasalnya, bisa saja <strong>virus dan bakteri</strong> berpindah pada telapak tangan. Setelah itu, menular pada orang lain saat bersalaman. Oleh karena itu, etika saat bersin dan batuk sangat perlu diperhatikan. Pertama, saat Anda merasa ingin bersin dan batuk segera ambil tisu untuk menutup hidung dan mulut. Setelah itu, buang tisu tersebut.</p>\r\n\r\n<p style=\"text-align:justify\">Bagi yang tidak membawa tisu, jangan menutup hidung dan mulut dengan telapak tangan. Namun gunakan lengan atas Anda. Selalu cuci tangan Anda dengan sabun dan air mengalir. Apabila tidak ada hand sanitizer dengan bahan alkohol sangat diperlukan.</p>\r\n\r\n<p style=\"text-align:justify\"><strong>Tujuan melakukan etika saat bersin dan batuk </strong></p>\r\n\r\n<p style=\"text-align:justify\">Tujuan dari melakukan <a href=\"https://promkes.kemkes.go.id/phbs\"><strong>etika saat bersin dan batuk</strong></a> adalah menghindarkan penyebaran virus. Mungkin, beberapa bersin dan batuk tidak mengandung kuman berbahaya. Namun, kuman dan virus bisa berasal dari rongga mulut yang dikeluarkan saat bersin dan batuk dilakukan.</p>\r\n\r\n<p style=\"text-align:justify\">Hal ini kemungkinan besar membentuk koloni yang menyebabkan infeksi. Bagi Anda yang sedang menderita batuk, sebaiknya menggunakan masker. Bila perlu sedikit jauhkan diri agar orang lain tidak terkena infeksi.</p>\r\n\r\n<p style=\"text-align:justify\">Namun alangkah baiknya lagi, Anda istirahat di rumah hingga batuk benar &ndash; benar sembuh. Terlebih, jika batuk disebabkan karena suatu <em>penyakit</em>. Penularan penyakit dari bersin dan batuk bisa terjadi dimana saja, seperti sekolah, kantor, pusat keramaian hingga rumah sekalipun. Sangat penting untuk memperhatikan etika dalam bersin dan batuk.</p>\r\n\r\n<p style=\"text-align:justify\">Itulah sedikit pengetahuan akan etika bersin dan batuk yang perlu Anda lakukan agar penularan penyakit bisa dicegah</p>\r\n\r\n<p style=\"text-align:justify\">&nbsp;</p>\r\n\r\n<p style=\"text-align:justify\">Sumber : <a href=\"https://promkes.kemkes.go.id/jangan-asal-bersin-dan-batuk-kenali-etika-bersin-dan-batuk-agar-tidak-menularkan-penyaki\">https://promkes.kemkes.go.id/jangan-asal-bersin-dan-batuk-kenali-etika-bersin-dan-batuk-agar-tidak-menularkan-penyaki</a></p>\r\n</div>", "view_count": 2040, "share_count": 0, "word_count": 341, "status": "published", "created_at": "2021-08-26T11:03:47.760Z", "updated_at": "2024-07-11T21:59:40.892Z"}, "m2m": {"photo": [1243]}}, {"condition": {"id": 504}, "defaults": {"site_id": 47, "admin_id": 51, "judul": "STOP MEROKOK", "judul_seo": "stop-merokok", "isi_artikel": "<p>Informasi Update tentang Penyakit Tidak Menular dengan kemasan menarik dan santai :</p>\r\n\r\n<p>BISIKIN (Bincang Asik dengan Internis) bersama dr. I Ketut Adi Suryana, Sp.PD</p>\r\n\r\n<p>#bincangasik #internis #bisikin #bincangasikdenganinternis #penyakittidakmenular #dokterspesialis #dokterspesialispenyakitdalam #podcast #podcastkesehatan<br />\r\n#rokok #bahayamerokok #merokok #rokokelektrik</p>\r\n\r\n<p>&mdash;&mdash;&mdash;&mdash;&mdash;&mdash;&mdash;&mdash;&mdash;&mdash;&mdash;&mdash;&mdash;&mdash;&mdash;&mdash;-</p>\r\n\r\n<p>Social Media RSUD Awet Muda Narmada<br />\r\nInstagram : https://instagram.com/rsudawetmudanarmada?igshid=NTc4MTIwNjQ2YQ==</p>\r\n\r\n<p>Youtube : https://www.youtube.com/@rsudawetmudaofficial7130</p>\r\n\r\n<p>Noise : https://open.noice.id/user/204c0e07-8050-491f-816a-76b9c1c6da6a</p>\r\n\r\n<p><iframe frameborder=\"0\" height=\"360\" src=\"https://www.youtube.com/embed/98kHREoC3ZI\" width=\"640\"></iframe></p>", "view_count": 378, "share_count": 0, "word_count": 44, "status": "published", "created_at": "2023-05-18T12:51:21.473Z", "updated_at": "2024-07-08T04:09:29.734Z"}, "m2m": {"photo": [9888]}}, {"condition": {"id": 505}, "defaults": {"site_id": 47, "admin_id": 51, "judul": "KB PASCA PERSALINAN", "judul_seo": "kb-pasca-persalinan", "isi_artikel": "<p>Ibu yang baru bersalin tidak dianjurkan untuk langsung hamil lagi, perlu waktu interval. Dengan ber KB, Pasangan mengatur jarak kelahiran anak mereka antara 3 sampai 5 tahun sehingga akan meningkatkan kesehatan, kesejahteraan dan Angka harapan hidup anak-anak &amp; ibunya.</p>\r\n\r\n<p>RSUD Awet Muda Narmada Lombok Barat memberikan pelayanan KB Pasca Salin, dengan penggunaan metode kontrasepsi pada masa nifas sampai dengan 42 hari setelah melahirkan. Melalui program ini juga dapat mencegah kehilangan kesempatan ber-KB (missed opportunity).</p>\r\n\r\n<p><big><strong>Apa itu KB Pasca Persalinan?</strong></big></p>\r\n\r\n<p>KB Pascapersalinan yaitu pemanfaatan/ pnggunaan metode kontrasepsi sesudah bersalin. Ada dua jenis pelayanan KB pasca salin yaitu:</p>\r\n\r\n<p>1. Immediate postpartum - sesudah melahirkan sampai 48 jam.</p>\r\n\r\n<p>2. Early Postpartum - sesudah 48 jam sampal minggu ke 6 sesudah melahirkan.</p>\r\n\r\n<p><strong><big>Tujuan KB Pascapersalinan</big></strong></p>\r\n\r\n<p>1. Menurunkan salah satu komponen EMPAT TERLALU (terlalu dekat) &rarr; menjaga jarak kehamilan sehingga berkontribusi terhadap penurunan Angka kematian ibu maupun bayi</p>\r\n\r\n<p>2. Berkontribusi secara tidak langsung terhadap pengendalian pertumbuhan penduduk beserta dampaknya</p>\r\n\r\n<p><iframe allowfullscreen=\"\" frameborder=\"0\" height=\"360\" src=\"https://www.youtube.com/embed/1ggM3FC2Auc\" width=\"640\"></iframe></p>\r\n", "view_count": 396, "share_count": 0, "word_count": 138, "status": "published", "created_at": "2023-05-19T01:13:44.844Z", "updated_at": "2024-07-08T08:52:43.437Z"}, "m2m": {"photo": [9889]}}, {"condition": {"id": 506}, "defaults": {"site_id": 47, "admin_id": 51, "judul": "TB PADA ANAK", "judul_seo": "tb-pada-anak", "isi_artikel": "<p><big>Tuberkulosis (TBC) alias TB merupakan penyakit infeksi yang paling banyak menyebabkan kematian. WHO memperkirakan kematian akibat TB lebih banyak daripada kematian akibat malaria dan AIDS. Tidak hanya menyerang orang dewasa, TBC juga dapat terjadi pada anak. Sekitar 10&mdash;15% kasus TBC di Indonesia terjadi pada anak berusia 0&mdash;14 tahun.</big></p>\r\n\r\n<p><span style=\"font-size:16px\"><strong><big>Gejala umum TBC pada anak:</big></strong></span></p>\r\n\r\n<p><big>Ciri-ciri tuberkulosis atau TBC pada anak tidak selalu batuk. Ini yang membuat orangtua terkadang sulit mengetahuinya.</big></p>\r\n\r\n<p><big>Berikut adalah gejala-gejala yang umum bila anak mengalami tuberkulosis.</big></p>\r\n\r\n<p><strong><big>1. Nafsu makan berkurang atau hilang (anoreksia)</big></strong></p>\r\n\r\n<p><big>Pada orang dewasa, gejala TBC umumnya adalah batuk-batuk yang menggangu. Namun, berbeda dengan anak, gejalanya adalah nafsu makan berkurang bahkan menghilang.</big></p>\r\n\r\n<p><big>Kondisi ini membuat pertumbuhan anak sedikit terhambat dan tubuhnya lebih kecil dari teman-teman seusia.</big></p>\r\n\r\n<p><big>Anak juga terlihat lebih kurus dari anak-anak seusianya dan kemungkinan mengalami gagal tumbuh lebih besar.</big></p>\r\n\r\n<p><strong><big>2. Permasalahan pada berat badan</big></strong></p>\r\n\r\n<p><big>Berat badan anak akan turun selama 2&mdash;3 bulan berturut-turut tanpa sebab yang jelas atau berat badan tidak naik dengan cukup.</big></p>\r\n\r\n<p><big>Dalam beberapa kasus TBC pada anak, berat badan tidak naik dalam 1 bulan walaupun anak telah menjalani upaya perbaikan gizi yang sesuai.</big></p>\r\n\r\n<p><big>Selain berat badan yang tidak naik-naik atau pertumbuhan yang terhambat, orangtua wajib memperhatikan beberapa gejala tuberkulosis lainnya.</big></p>\r\n\r\n<p><em><strong><big>Apa saja gejala atau ciri yang mungkin timbul akibat TB pada anak?</big></strong></em></p>\r\n\r\n<p><big>Berikut penjelasannya mengutip dari situs resmi Ikatan Dokter Anak Indonesia (IDAI) tahun 2013.</big></p>\r\n\r\n<p><em><big>a. Demam yang tidak kunjung sembuh selama lebih dari dua minggu.</big></em></p>\r\n\r\n<p><em><big>b. Berkali-kali kena demam dalam kurun waktu beberapa minggu (panasnya naik-turun).</big></em></p>\r\n\r\n<p><em><big>c. Batuk yang tidak kunjung sembuh atau tambah parah selama lebih dari tiga minggu.</big></em></p>\r\n\r\n<p><em><big>d. Berat badan turun atau tidak naik selama dua bulan atau lebih.</big></em></p>\r\n\r\n<p><em><big>e. Berkeringat di malam hari.</big></em></p>\r\n\r\n<p><em><big>f. Anak terlihat lemas, tidak bertenaga, dan tidak aktif.</big></em></p>\r\n\r\n<p><em><big>g. Pembengkakan kelenjar getah bening&nbsp;(biasanya terlihat dari adanya benjolan di sekitar leher atau bawah rahang anak).</big></em></p>\r\n\r\n<p><em><big>h. Tinggal di wilayah persebaran tuberkulosis atau berdekatan dengan orang yang baru saja terinfeksi.</big></em></p>\r\n\r\n<p><big>Bila anak menunjukkan ciri-ciri di atas, segera bawa anak untuk periksa ke dokter atau ke rumah sakit.</big></p>\r\n\r\n<p><strong><big>3. Pengaruh nafsu makan pada gejala TB pada anak</big></strong></p>\r\n\r\n<p><big>Gejala TBC pada anak yang pertama kali orang tua ketahui adalah pertumbuhan anak yang terhambat. Ini membuat tubuhnya lebih kecil dari anak-anak sebayanya. Anak terlihat kurus dan nafsu makan berkurang. Akan tetapi, tidak semua gejala yang terlihat seperti itu.</big></p>\r\n\r\n<p><big>TBC pada anak juga tetap bisa terjadi jika anak tetap mau makan seperti biasanya, tapi berat badan tidak mengalami kenaikan atau justru menurun.</big></p>\r\n\r\n<p><big>Pada dasarnya, kebutuhan kalori tubuh akan juga meningkat, jika seseorang memiliki penyakit kronis, seperti TB.</big></p>\r\n\r\n<p><big>Untuk tahu berapa kalori yang dibutuhkan dalam sehari, Anda bisa masuk ke tautan kebutuhan kalori ini.</big></p>\r\n\r\n<p><big>Oleh karena itu, beberapa anak tetap memiliki nafsu makan yang normal untuk memenuhi kebutuhan kalori tersebut.</big></p>\r\n\r\n<p><big>Namun, kebutuhan kalori ini tidak akan terpenuhi karena infeksi pada tubuh membuat anak membutuhkan asupan kalori lebih dari biasanya.</big></p>\r\n\r\n<p><big>Tingginya kebutuhan kalori ini merupakan cara tubuh mendapatkan energi tambahan yang digunakan untuk menyerang infeksi.</big></p>\r\n\r\n<p><big>Kebutuhan kalori ini juga tubuh gunakan untuk memperbaiki jaringan yang rusak. Selain itu, nutrisi makanan yang anak konsumsi tidak terserap dengan baik.</big></p>\r\n\r\n<p><big>Hal ini karena tubuh sangat sibuk untuk menyerang infeksi yang anak miliki.</big></p>\r\n\r\n<p><big>Kondisi tersebut membuat berat badan anak tidak mengalami peningkatan meski nafsu makan normal.</big></p>\r\n\r\n<p><big>Beberapa orangtua tidak menyadari hal ini sehingga tidak menambah asupan makanan anak.</big></p>\r\n\r\n<p><big>Ini yang membuat anak tetap kurus dan TB tetap ada di tubuh anak tanpa orangtua sadari.</big></p>\r\n\r\n<p><big>Jika anak tidak mengalami kenaikan berat badan dalam waktu lama, segera periksakan keluhan ini ke dokter untuk mendapatkan solusi yang tepat.</big></p>\r\n\r\n<p><big>Sumber :</big></p>\r\n\r\n<p><big>www.alodokter.com</big></p>", "view_count": 356, "share_count": 0, "word_count": 564, "status": "published", "created_at": "2023-05-19T01:41:17.711Z", "updated_at": "2024-07-09T06:13:42.542Z"}, "m2m": {"photo": [9890]}}, {"condition": {"id": 507}, "defaults": {"site_id": 47, "admin_id": 51, "judul": "DIABETES MELLITUS", "judul_seo": "diabetes-mellitus", "isi_artikel": "<p>&nbsp;</p>\r\n\r\n<p><strong>Diabetes</strong> adalah penyakit kronis&nbsp;yang&nbsp;ditandai dengan tingginya&nbsp;kadar&nbsp;gula&nbsp;darah.&nbsp;Glukosa merupakan sumber energi utama bagi sel tubuh manusia.&nbsp;Akan tetapi, pada penderita diabetes, glukosa tersebut tidak dapat digunakan oleh tubuh.</p>\r\n\r\n<p>Kadar gula (glukosa) dalam darah dikendalikan oleh hormon insulin yang diproduksi&nbsp;pankreas. Namun, pada penderita diabetes, pankreas tidak mampu memproduksi insulin sesuai kebutuhan tubuh. Tanpa insulin, sel-sel tubuh tidak dapat menyerap dan mengolah glukosa menjadi energi.</p>\r\n\r\n<p>Penyebab Diabetes</p>\r\n\r\n<p>Secara umum, diabetes dibedakan menjadi dua, yaitu&nbsp;diabetes tipe 1&nbsp;dan tipe 2. Berikut adalah penjelasannya:</p>\r\n\r\n<ul>\r\n\t<li><strong>Diabetes tipe 1</strong></li>\r\n</ul>\r\n\r\n<p>Diabetes tipe 1&nbsp;terjadi ketika sistem kekebalan tubuh secara keliru menyerang dan menghancurkan sel-sel pankreas yang memproduksi insulin. Hal ini menyebabkan kadar glukosa darah meningkat sehingga memicu kerusakan pada organ-organ tubuh.</p>\r\n\r\n<p>Diabetes tipe 1 dikenal juga dengan diabetes autoimun. Penyebab diabetes tipe 1 masih belum diketahui secara pasti. Namun, ada dugaan penyakit ini terkait dengan faktor genetik dan faktor lingkungan.</p>\r\n\r\n<ul>\r\n\t<li><strong>Diabetes tipe 2</strong></li>\r\n</ul>\r\n\r\n<p>Diabetes tipe 2&nbsp;merupakan jenis diabetes yang paling banyak terjadi, yakni sekitar 90&ndash;95%. Diabetes tipe 2 terjadi ketika sel-sel tubuh menjadi kurang sensitif terhadap insulin sehingga insulin yang dihasilkan tidak bisa digunakan dengan baik. Kondisi ini dikenal juga dengan istilah resistensi insulin.</p>\r\n\r\n<p>Selain kedua jenis diabetes tersebut, ada jenis diabetes yang biasa terjadi pada ibu hamil, yakni&nbsp;diabetes gestasional. Diabetes jenis ini disebabkan oleh perubahan hormon pada masa kehamilan, tetapi biasanya gula darah penderita akan kembali normal setelah masa persalinan.</p>\r\n\r\n<p>Faktor risiko diabetes</p>\r\n\r\n<p>Seseorang akan lebih berisiko terkena diabetes tipe 1 jika memiliki&nbsp;faktor risiko&nbsp;berikut:</p>\r\n\r\n<ul>\r\n\t<li><em>Berusia 4&ndash;7 tahun atau 10&ndash;14 tahun</em></li>\r\n\t<li><em>Memiliki keluarga dengan riwayat diabetes tipe 1</em></li>\r\n\t<li><em>Menderita penyakit yang disebabkan oleh infeksi virus</em></li>\r\n\t<li><em>Menderita penyakit autoimun, seperti penyakit Grave, penyakit Hashimoto, dan&nbsp;penyakit Addison</em></li>\r\n\t<li><em>Mengalami cedera pada pankreas akibat infeksi, tumor, cedera, kecelakaan, atau efek samping setelah operasi besar</em></li>\r\n</ul>\r\n\r\n<p>Sementara itu, diabetes tipe 2 lebih berisiko terjadi pada seseorang dengan faktor-faktor berikut:</p>\r\n\r\n<ul>\r\n\t<li><em>Berusia lebih dari 45 tahun</em></li>\r\n\t<li><em>Memiliki keluarga dengan riwayat diabetes tipe 2</em></li>\r\n\t<li><em>Jarang beraktivitas fisik atau berolahraga</em></li>\r\n\t<li><em>Memiliki&nbsp;berat badan berlebih&nbsp;atau obesitas</em></li>\r\n\t<li><em>Menderita prediabetes</em></li>\r\n\t<li><em>Menderita kolesterol tinggi</em></li>\r\n\t<li><em>Menderita tekanan darah tinggi (hipertensi)</em></li>\r\n</ul>\r\n\r\n<p>Khusus pada&nbsp;wanita, ibu hamil yang menderita diabetes gestasional dapat lebih mudah mengalami diabetes tipe 2. Selain itu, wanita yang memiliki riwayat penyakit&nbsp;polycystic ovarian syndrome&nbsp;(PCOS)&nbsp;juga lebih mudah mengalami diabetes tipe 2.</p>\r\n\r\n<p><strong>Gejala Diabetes</strong></p>\r\n\r\n<p>Diabetes tipe 1 dapat berkembang dengan cepat dalam beberapa minggu atau bahkan beberapa hari saja. Sedangkan pada diabetes tipe 2, banyak penderitanya yang tidak menyadari bahwa mereka telah menderita diabetes selama bertahun-tahun, karena gejalanya cenderung tidak spesifik.</p>\r\n\r\n<p>Beberapa&nbsp;ciri-ciri penyakit gula&nbsp;atau diabetes tipe 1 dan tipe 2 meliputi:</p>\r\n\r\n<ul>\r\n\t<li><em>Sering merasa haus atau sangat lapar</em></li>\r\n\t<li><em>Sering buang air kecil, terutama pada malam hari</em></li>\r\n\t<li><em>Penurunan berat badan tanpa sebab yang jelas</em></li>\r\n\t<li><em>Penurunan massa otot</em></li>\r\n\t<li><em>Pandangan kabur</em></li>\r\n\t<li><em>Urine mengandung keton</em></li>\r\n\t<li><em>Tubuh mudah lelah dan lemas</em></li>\r\n\t<li><em>Luka&nbsp;menjadi lebih sulit sembuh</em></li>\r\n\t<li><em>Mudah mengalami infeksi, seperti di gusi, kulit, vagina, atau&nbsp;saluran kemih</em></li>\r\n</ul>\r\n\r\n<p>Selain itu, ada beberapa gejala lain yang juga bisa dialami penderita diabetes, antara lain:</p>\r\n\r\n<ul>\r\n\t<li><em>Mulut kering</em></li>\r\n\t<li><em>Gatal-gatal di kulit atau timbul&nbsp;prurigo</em></li>\r\n\t<li><em>Disfungsi ereksi atau&nbsp;impotensi</em></li>\r\n\t<li><em>Rasa terbakar, kaku, dan nyeri pada kaki</em></li>\r\n\t<li><em>Hipoglikemia reaktif, yaitu&nbsp;hipoglikemia&nbsp;yang terjadi beberapa jam setelah makan akibat produksi insulin yang berlebihan</em></li>\r\n\t<li><em>Bercak-bercak hitam di sekitar leher, ketiak, dan selangkangan, (akantosis nigrikans) yang menjadi tanda resistensi insulin</em></li>\r\n</ul>\r\n\r\n<p>Sementara itu, ada juga beberapa orang yang mengalami&nbsp;prediabetes, yaitu kondisi ketika glukosa dalam darah berada di atas rentang normal tetapi tidak cukup tinggi untuk didiagnosis sebagai diabetes. Meski demikian, seorang penderita prediabetes juga dapat menderita diabetes tipe 2 jika tidak ditangani dengan baik.</p>\r\n\r\n<p><em><strong>Kapan harus ke dokter?</strong></em></p>\r\n\r\n<p>Lakukan pemeriksaan ke dokter jika Anda mengalami gejala-gejala utama diabetes, yaitu:</p>\r\n\r\n<ul>\r\n\t<li><em>Sering merasa haus</em></li>\r\n\t<li><em>Mudah lelah</em></li>\r\n\t<li><em>Lebih sering buang air kecil daripada biasanya, terutama pada malam hari</em></li>\r\n\t<li><em>Penurunan berat badan dan kehilangan massa otot</em></li>\r\n\t<li><em>Gatal di sekitar penis atau vagina</em></li>\r\n\t<li><em>Penyembuhan luka terasa lambat</em></li>\r\n\t<li><em>Sering mengalami sariawan</em></li>\r\n\t<li><em>Penglihatan kabur</em></li>\r\n</ul>\r\n\r\n<p>Jika Anda memiliki faktor-faktor yang dapat meningkatkan risiko terkena diabetes, dianjurkan untuk menjalani pemeriksaan gula darah rutin. Tujuannya adalah agar penyakit ini dapat terdeteksi dan ditangani sejak dini. Segera periksakan diri anda ke fasilitas kesehatan terdekat jika ada mengalami gejala-gejala tersebut diatas agar segera mendapatkan penanganan dari dokter.</p>\r\n\r\n<p><em>Sumber:</em> www.alodokter.com</p>\r\n\r\n<p>&nbsp;</p>\r\n\r\n<p><iframe frameborder=\"0\" height=\"360\" src=\"https://www.youtube.com/embed/m9JmzTMVmvc\" width=\"640\"></iframe></p>", "view_count": 469, "share_count": 0, "word_count": 648, "status": "published", "created_at": "2023-05-20T02:22:17.034Z", "updated_at": "2024-07-09T02:36:33.225Z"}, "m2m": {"photo": [9906]}}, {"condition": {"id": 512}, "defaults": {"site_id": 47, "admin_id": 51, "judul": "PENYAKIT PPOK AKIBAT MEROKOK", "judul_seo": "penyakit-ppok-akibat-merokok", "isi_artikel": "<p>Informasi Update tentang Penyakit Tidak Menular dengan kemasan menarik dan santai :</p>\r\n\r\n<p>BISIKIN (Bincang Asik dengan Internis) bersama dr. I Ketut Adi Suryana, Sp.PD</p>\r\n\r\n<p>#bincangasik #internis #bisikin #bincangasikdenganinternis #penyakittidakmenular #dokterspesialis #dokterspesialispenyakitdalam #podcast #podcastkesehatan<br />\r\n#rokok #bahayamerokok #merokok #rokokelektrik</p>\r\n\r\n<p>&mdash;&mdash;&mdash;&mdash;&mdash;&mdash;&mdash;&mdash;&mdash;&mdash;&mdash;&mdash;&mdash;&mdash;&mdash;&mdash;-</p>\r\n\r\n<p>Social Media RSUD Awet Muda Narmada<br />\r\nInstagram : <a href=\"http://instagram.com/rsudawetmudanarmada\">http://instagram.com/rsudawetmudanarmada</a></p>\r\n\r\n<p>Youtube :&nbsp;<a href=\"http://www.youtube.com/@rsudawetmudaofficial7130\">http://www.youtube.com/@rsudawetmudaofficial7130</a></p>\r\n\r\n<p>Noise :&nbsp;<a href=\"http://open.noice.id/user/204c0e07-8050-491f-816a-76b9c1c6da6a\">http://open.noice.id/user/204c0e07-8050-491f-816a-76b9c1c6da6a</a></p>\r\n\r\n<p>&mdash;&mdash;&mdash;&mdash;&mdash;&mdash;&mdash;&mdash;&mdash;&mdash;&mdash;&mdash;&mdash;&mdash;&mdash;&mdash;-</p>\r\n\r\n<p>Terima kasih sudah menonton !</p>\r\n\r\n<p>&mdash;&mdash;&mdash;&mdash;&mdash;&mdash;&mdash;&mdash;&mdash;&mdash;&mdash;&mdash;&mdash;&mdash;&mdash;&mdash;</p>\r\n\r\n<p><iframe frameborder=\"0\" height=\"360\" src=\"https://www.youtube.com/embed/BoxbnNEHybQ\" width=\"640\"></iframe></p>", "view_count": 136, "share_count": 0, "word_count": 48, "status": "published", "created_at": "2023-05-24T01:47:25.426Z", "updated_at": "2024-06-28T07:54:20.338Z"}, "m2m": {"photo": [10030]}}, {"condition": {"id": 525}, "defaults": {"site_id": 47, "admin_id": 51, "judul": "KANKER PARU AKIBAT MEROKOK", "judul_seo": "kanker-paru-akibat-merokok", "isi_artikel": "<p>Informasi Update tentang Penyakit Tidak Menular dengan kemasan menarik dan santai :</p>\r\n\r\n<p>BISIKIN (Bincang Asik dengan Internis) bersama dr. I Ketut Adi Suryana, Sp.PD</p>\r\n\r\n<p>#bincangasik #internis #bisikin #bincangasikdenganinternis #penyakittidakmenular #dokterspesialis #dokterspesialispenyakitdalam #podcast #podcastkesehatan<br />\r\n#rokok #bahayamerokok #merokok #rokokelektrik</p>\r\n\r\n<p>&mdash;&mdash;&mdash;&mdash;&mdash;&mdash;&mdash;&mdash;&mdash;&mdash;&mdash;&mdash;&mdash;&mdash;&mdash;&mdash;</p>\r\n\r\n<p>Social Media RSUD Awet Muda Narmada<br />\r\nInstagram :&nbsp;<a href=\"http://instagram.com/rsudawetmudanarmada\">http://instagram.com/rsudawetmudanarmada</a></p>\r\n\r\n<p>Youtube :&nbsp;<a href=\"https://www.youtube.com/@rsudawetmudaofficial7130\">https://www.youtube.com/@rsudawetmudaofficial7130</a></p>\r\n\r\n<p>Noise :&nbsp;<a href=\"http://open.noice.id/user/204c0e07-8050-491f-816a-76b9c1c6da6a\">http://open.noice.id/user/204c0e07-8050-491f-816a-76b9c1c6da6a</a></p>\r\n\r\n<p>&mdash;&mdash;&mdash;&mdash;&mdash;&mdash;&mdash;&mdash;&mdash;&mdash;&mdash;&mdash;&mdash;&mdash;&mdash;&mdash;</p>\r\n\r\n<p>Terima kasih sudah menonton !</p>\r\n\r\n<p>&mdash;&mdash;&mdash;&mdash;&mdash;&mdash;&mdash;&mdash;&mdash;&mdash;&mdash;&mdash;&mdash;&mdash;&mdash;&mdash;</p>\r\n\r\n<p><iframe frameborder=\"0\" height=\"360\" src=\"https://www.youtube.com/embed/S8C7dgtpvFE\" width=\"640\"></iframe></p>", "view_count": 382, "share_count": 0, "word_count": 48, "status": "published", "created_at": "2023-05-31T00:37:58.856Z", "updated_at": "2024-07-10T20:46:32.516Z"}, "m2m": {"photo": [10274]}}, {"condition": {"id": 547}, "defaults": {"site_id": 47, "admin_id": 51, "judul": "FAKTA DAN MITOS TENTANG MEROKOK", "judul_seo": "fakta-dan-mitos-tentang-merokok", "isi_artikel": "<h3><span style=\"font-family:Lucida Sans Unicode,Lucida Grande,sans-serif\"><strong>BISIKIN Eps 8</strong></span></h3>\r\n\r\n<p><span style=\"font-family:Lucida Sans Unicode,Lucida Grande,sans-serif\">Fakta dan Mitos tentang Merokok !! Ternyata Rokok Elektrik juga membahayakan Paru kita !!<br />\r\nInformasi Update tentang Penyakit Tidak Menular dengan kemasan menarik dan santai :</span></p>\r\n\r\n<p><span style=\"font-family:Lucida Sans Unicode,Lucida Grande,sans-serif\">BISIKIN (Bincang Asik dengan Internis) bersama dr. I Ketut Adi Suryana, Sp.PD</span></p>\r\n\r\n<p><span style=\"font-family:Lucida Sans Unicode,Lucida Grande,sans-serif\">#bincangasik #internis #bisikin #bincangasikdenganinternis #penyakittidakmenular #dokterspesialis #dokterspesialispenyakitdalam #podcast #podcastkesehatan<br />\r\n#rokok #bahayamerokok #merokok #rokokelektrik #kankerparu #kanker #kankerparuakibatmerokok #faktamitosmerokok #fakta #mitos</span></p>\r\n\r\n<p><span style=\"font-family:Lucida Sans Unicode,Lucida Grande,sans-serif\"><u>Social Media RSUD Awet Muda Narmada&nbsp;</u></span><br />\r\n<span style=\"font-family:Lucida Sans Unicode,Lucida Grande,sans-serif\"><a href=\"https://www.youtube.com/channel/UCo0hzPy5ysWk_SlAlC36FuA\">https://www.youtube.com/channel/UCo0hzPy5ysWk_SlAlC36FuA</a></span></p>\r\n\r\n<p><span style=\"font-family:Lucida Sans Unicode,Lucida Grande,sans-serif\"><a href=\"https://www.instagram.com/rsudawetmudanarmada\">https://www.instagram.com/rsudawetmudanarmada</a></span></p>\r\n\r\n<p><span style=\"font-family:Lucida Sans Unicode,Lucida Grande,sans-serif\"><a href=\"http://open.noice.id/user/204c0e07-8050-491f-816a-76b9c1c6da6a\">http://open.noice.id/user/204c0e07-8050-491f-816a-76b9c1c6da6a</a></span></p>\r\n\r\n<p><span style=\"font-family:Lucida Sans Unicode,Lucida Grande,sans-serif\">--------------------------------------------------------</span></p>\r\n\r\n<p><span style=\"font-family:Lucida Sans Unicode,Lucida Grande,sans-serif\">Terimakasih sudah menonton!</span></p>\r\n\r\n<p><span style=\"font-family:Lucida Sans Unicode,Lucida Grande,sans-serif\">--------------------------------------------------------</span></p>\r\n\r\n<p>&nbsp;</p>\r\n\r\n<p><span style=\"font-family:Lucida Sans Unicode,Lucida Grande,sans-serif\"><iframe frameborder=\"0\" height=\"360\" src=\"https://www.youtube.com/embed/8Taj4-9ZWK0\" width=\"640\"></iframe></span></p>", "view_count": 264, "share_count": 0, "word_count": 64, "status": "published", "created_at": "2023-06-09T01:55:44.596Z", "updated_at": "2024-07-11T16:39:15.192Z"}, "m2m": {"photo": [10582]}}, {"condition": {"id": 553}, "defaults": {"site_id": 47, "admin_id": 51, "judul": "KONJUNGTIVITIS", "judul_seo": "konjungtivitis", "isi_artikel": "<p><img alt=\"\" src=\"/media/uploads/rsudnarmadalobar/2023/06/14/konjungtivitis.jpg\" style=\"height:5215px; width:3374px\" /></p>\r\n", "view_count": 181, "share_count": 0, "word_count": 0, "status": "published", "created_at": "2023-06-14T13:39:49.068Z", "updated_at": "2024-07-05T17:55:16.272Z"}, "m2m": {"photo": [10802]}}, {"condition": {"id": 554}, "defaults": {"site_id": 47, "admin_id": 51, "judul": "PTERYGIUM", "judul_seo": "pterygium", "isi_artikel": "<p><img alt=\"\" src=\"/media/uploads/rsudnarmadalobar/2023/06/14/pterigium.jpg\" style=\"height:5220px; width:3374px\" /></p>", "view_count": 234, "share_count": 0, "word_count": 0, "status": "published", "created_at": "2023-06-14T13:43:05.702Z", "updated_at": "2024-06-18T03:08:42.890Z"}, "m2m": {"photo": [10803]}}, {"condition": {"id": 556}, "defaults": {"site_id": 47, "admin_id": 51, "judul": "MENGENAL KANKER SERVIKS", "judul_seo": "mengenal-kanker-serviks", "isi_artikel": "<p><img alt=\"\" src=\"/media/uploads/rsudnarmadalobar/2023/06/15/srrviks.jpg\" style=\"height:4219px; width:3375px\" /></p>\r\n", "view_count": 242, "share_count": 0, "word_count": 0, "status": "published", "created_at": "2023-06-15T10:42:44.954Z", "updated_at": "2024-06-29T05:20:12.638Z"}, "m2m": {"photo": [10851]}}, {"condition": {"id": 573}, "defaults": {"site_id": 47, "admin_id": 51, "judul": "Mengenal LUPUS", "judul_seo": "mengenal-lupus", "isi_artikel": "<p><strong>Systemic Lupus Erythematosus (SLE)</strong>&nbsp;atau penyakit lupus adalah salah satu&nbsp;jenis penyakit autoimun&nbsp;kronis yang menimbulkan peradangan pada beberapa bagian tubuh, seperti sendi, kulit, ginjal, hingga otak.&nbsp;Seperti halnya penyakit autoimun lain, lupus terjadi karena sistem kekebalan tubuh melawan sel sehat dalam tubuh.</p>\r\n\r\n<p>Tahukah Anda bahwa penyakit ini terkenal dengan istilah penyakit seribu wajah? Hal ini dikarenakan gejala-gejala yang ditimbulkan lupus mirip dengan penyakit lain. Meski begitu, ada tiga gejala utama yang umum dialami oleh penderita lupus, antara lain:</p>\r\n\r\n<p><em>1. Nyeri pada Persendian</em></p>\r\n\r\n<p>Gejala pertama yang umum dialami penderita lupus adalah rasa nyeri di persendian. Gejala ini lebih sering terjadi pada tangan dan kaki. Rasa nyeri tersebut dapat berpindah-pindah dari satu sendi ke sendi lainnya.</p>\r\n\r\n<p>Nyeri pada persendian hanya bersifat sementara. Dengan kata lain, kondisi ini tidak akan menyebabkan kerusakan atau cacat permanen pada persendian.</p>\r\n\r\n<p><em>2. Muncul Ruam pada Kulit</em></p>\r\n\r\n<p>Gejala umum selanjutnya adalah munculnya ruam yang menyebar di pipi dan batang hidung. Penyebaran ruam tersebut memiliki bentuk menyerupai kupu-kupu, sehingga dikenal juga dengan istilah ruam kupu-kupu.</p>\r\n\r\n<p>Selain di pipi dan batang hidung, ruam pada penderita lupus juga sering terjadi pada tangan dan pergelangan tangan. Ruam akibat lupus dapat membekas dan bersifat permanen serta akan bertambah parah jika terpapar sinar matahari secara langsung.</p>\r\n\r\n<p><em>3. Mudah Merasa Lelah</em></p>\r\n\r\n<p>Penderita lupus mudah merasa lelah meskipun hanya melakukan aktivitas sederhana sehari-hari, seperti rutinitas pekerjaan atau urusan rumah tangga. Pada penderita lupus, rasa lelah ini tidak kunjung pulih sekalipun telah beristirahat dengan cukup.</p>\r\n\r\n<p><strong>Pengobatan Lupus</strong></p>\r\n\r\n<p>Perlu digaris bawahi bahwa lupus adalah penyakit yang tidak dapat disembuhkan. Namun, dokter akan memberikan obat-obatan untuk mengurangi gejala serta mencegah pasien mengalami komplikasi lebih parah.&nbsp;</p>\r\n\r\n<p>Selain mengonsumsi obat-obatan, penderita lupus juga disarankan menerapkan gaya hidup sehat, seperti berolahraga secara rutin, mengelola stres, menghindari paparan matahari langsung, dan menjaga pola makan sehat.</p>\r\n\r\n<p><strong>Komplikasi Lupus</strong></p>\r\n\r\n<p>Lupus adalah kondisi yang serius dan jika tidak mendapatkan penanganan dengan tepat berisiko menyebabkan komplikasi, seperti:</p>\r\n\r\n<ol>\r\n\t<li>Kerusakan ginjal, salah satunya&nbsp;gagal ginjal.</li>\r\n\t<li>Gangguan pada otak dan sistem saraf pusat yang menyebabkan sakit kepala, masalah penglihatan, kejang, bahkan&nbsp;stroke.</li>\r\n\t<li>Masalah pada darah dan pembuluh darah yang menyebabkan&nbsp;anemia, peradangan pada pembuluh darah serta meningkatkan risiko penggumpalan darah.</li>\r\n\t<li>Masalah kesehatan pada organ paru-paru, seperti&nbsp;pneumonia.</li>\r\n\t<li>Meningkatkan risiko serangan jantung dan&nbsp;penyakit jantung&nbsp;lainnya.</li>\r\n</ol>\r\n\r\n<p>Jika anda memiliki gejala penyakit lupus seperti yang telah disebutkan di atas, silahkan berkonsultasi dengan dokter Spesialis Penyakit Dalam RSUD Awet Muda Narmada dan dapatkan pengobatan penyakit lupus yang tepat bersama dokter kami.</p>\r\n\r\n<p>Sumber :&nbsp;<a href=\"https://p2ptm.kemkes.go.id/infographic-p2ptm/penyakit-gangguan-imunologi/apa-itu-penyakit-lupus\">https://p2ptm.kemkes.go.id/infographic-p2ptm/penyakit-gangguan-imunologi/apa-itu-penyakit-lupus</a>&nbsp;</p>\r\n", "view_count": 53, "share_count": 0, "word_count": 389, "status": "published", "created_at": "2023-06-26T02:06:43.598Z", "updated_at": "2024-07-10T06:54:53.354Z"}, "m2m": {"photo": [11220]}}, {"condition": {"id": 574}, "defaults": {"site_id": 47, "admin_id": 51, "judul": "Yuk Kenali Gejala Serangan Jantung!", "judul_seo": "yuk-kenali-gejala-serangan-jantung", "isi_artikel": "<p>Serangan jantung atau disebut juga infark miokard terjadi akibat terhambatnya aliran darah ke otot jantung. Penyebab utama terjadinya serangan jantung adalah&nbsp;tersumbatnya pembuluh darah yang men-suplai makanan ke otot jantung yang dikenal dengan nama pembuluh darah koroner/penyakit jantung koroner. Sumbatan ini bisa macam-macam, seperti plak, sobekan dinding jantung, tumpukan lemak (kolesterol), bekuan darah, dll.&nbsp;Serangan jantung dapat menyebabkan kematian bila tidak segera tertangani.&nbsp;</p>\r\n\r\n<p><strong>Gejala&nbsp;dan Komplikasi Serangan Jantung</strong></p>\r\n\r\n<p>Gejala yang dapat dirasakan penderita serangan jantung adalah&nbsp;nyeri dada, sesak napas atau&nbsp;napas berat, pusing, gelisah,&nbsp;keringat dingin, mual, muntah, atau&nbsp;sakit perut. Namun, ada juga penderita serangan jantung yang tidak mengalami gejala dan langsung mengalami&nbsp;henti jantung mendadak.</p>\r\n\r\n<p>Serangan jantung yang parah atau terlambat ditangani bisa menyebabkan beberapa komplikasi berbahaya. Komplikasi tersebut antara lain gangguan irama jantung atau aritmia, gagal jantung,&nbsp;syok kardiogenik, dan henti jantung.</p>\r\n\r\n<p>Untuk pencegahan serangan jantung dan penyakit jantung lainnya, anda dapat melakukan pemeriksaan kesehatan secara rutin. Salah satunya dengan menjalani&nbsp;&nbsp;medical check up&nbsp;di RSUD Awet Muda Narmada. Yuk kunjungi RSUD Awet Muda Narmada dan konsultasikan kondisi kesehatan anda bersama dokter kami.</p>\r\n\r\n<p>Sumber:&nbsp;<a href=\"https://p2ptm.kemkes.go.id/infographic/penyebab-utama-serangan-jantung\">https://p2ptm.kemkes.go.id/infographic/penyebab-utama-serangan-jantung</a>&nbsp;<a href=\"https://www.alodokter.com/serangan-jantung\">https://www.alodokter.com/serangan-jantung</a></p>", "view_count": 93, "share_count": 0, "word_count": 175, "status": "published", "created_at": "2023-06-26T02:14:05.484Z", "updated_at": "2024-06-29T06:29:42.270Z"}, "m2m": {"photo": [11221]}}, {"condition": {"id": 575}, "defaults": {"site_id": 47, "admin_id": 51, "judul": "Apa Itu Glaukoma dan Bagaimana Pencegahannya?", "judul_seo": "apa-itu-glaukoma-dan-bagaimana-pencegahannya", "isi_artikel": "<p><span style=\"font-family:Arial,Helvetica,sans-serif\"><strong>Glaukoma </strong>adalah kerusakan pada saraf mata akibat tingginya tekanan di dalam bola mata. Kondisi ini ditandai dengan sakit mata, mata merah, penglihatan kabur, serta mual dan muntah. Glaukoma perlu segera ditangani untuk mencegah kebutaan.</span></p>\r\n\r\n<p><span style=\"font-family:Arial,Helvetica,sans-serif\">Di bagian dalam mata terdapat cairan bola mata (aqueous humour) yang mengalir melalui bilik depan mata dan keluar melalui aliran yang disebut&nbsp;trabecular meshwork.&nbsp;Aqueous humour&nbsp;berfungsi untuk menjaga bentuk mata, menyalurkan nutrisi, dan membersihkan kotoran.</span></p>\r\n\r\n<p><span style=\"font-family:Arial,Helvetica,sans-serif\"><strong>Penyebab dan Gejala Glaukoma</strong></span></p>\r\n\r\n<p><span style=\"font-family:Arial,Helvetica,sans-serif\">Penyebab glaukoma adalah kerusakan di saraf mata akibat penumpukan cairan bola mata yang tidak dapat mengalir dengan baik. Gejala kondisi ini tergantung jenisnya. Pada penderita glaukoma sudut terbuka, gejala umumnya adalah penglihatan kabur.</span></p>\r\n\r\n<p><span style=\"font-family:Arial,Helvetica,sans-serif\"><strong>Pencegahan Glaukoma&nbsp;</strong></span></p>\r\n\r\n<p><span style=\"font-family:Arial,Helvetica,sans-serif\">Sebagian besar faktor risiko glaukoma seperti usia, keturunan dan etnik tidak dapat dicegah. Jika Anda memiliki sejarah glaukoma dalam keluarga atau mengkonsumsi obat-obatan berisiko tinggi,pemeriksaan mata teratur sangatlah penting untuk deteksi dini glaukoma. Begitu terdeteksi glaukoma, umumnya memerlukan pemeriksaan dan kontrol seumur hidup.Tujuan terapi glaukoma adalah untuk mengontrol tekanan bola mata. Menjaga tekanan bola mata dalam kisaran normal atau sesuai dengan target tekanan, sangat penting dalam menjaga penglihatan.</span></p>\r\n\r\n<p><span style=\"font-family:Arial,Helvetica,sans-serif\">Diagnosa dini adalah kunci untuk mencegah kebutaan, karena kerusakan saraf glaukoma tidak dapat dikembalikan. Glaukoma hanya bisa dikontrol, namun tidak bisa disembuhkan.&nbsp;</span></p>\r\n\r\n<p><span style=\"font-family:Arial,Helvetica,sans-serif\">Yuk konsultasikan bersama dokter spesialis mata kami di RSUD Awet Muda Narmada jika anda memiliki gejala mirip glaukoma dan dapatkan penanganan terbaik dari dokter spesialis mata kami.</span></p>\r\n\r\n<p><span style=\"font-family:Arial,Helvetica,sans-serif\">Sumber :&nbsp;</span><a href=\"https://p2ptm.kemkes.go.id/infographic/bagaimana-upaya-pencegahan-glaukoma\">https://p2ptm.kemkes.go.id/infographic/bagaimana-upaya-pencegahan-glaukoma</a>&nbsp;<a href=\"https://www.alodokter.com/glaukoma\">https://www.alodokter.com/glaukoma</a></p>", "view_count": 91, "share_count": 0, "word_count": 224, "status": "published", "created_at": "2023-06-26T02:20:42.417Z", "updated_at": "2024-05-30T16:39:29.792Z"}, "m2m": {"photo": [11222]}}, {"condition": {"id": 576}, "defaults": {"site_id": 47, "admin_id": 51, "judul": "Apakah Asma bisa menyerang Orang Dewasa?", "judul_seo": "apakah-asma-bisa-menyerang-orang-dewasa", "isi_artikel": "<p>Asma memang dapat menyerang seseorang pertama kali di usia dewasa. Ketika diserang asma untuk pertama kalinya di usia dewasa, Anda dan orang - orang terdekat memang kemungkinan akan merasa ragu, dan jangan - jangan justru menganggap bahwa hal ini mengarah ke suatu penyakit paru-paru yang lain.</p>\r\n\r\n<p>Berikut ini beberapa gejala serangan asma yang perlu Anda ketahui, diantaranya adalah : batuk batuk terutama di malam hari, sulit bernafas, nafas yang berbunyi, nafas terengah-engah, dada terasa sesak dan sakit terutama saat menarik nafas.</p>\r\n\r\n<p>Asma pada saat dewasa dikenal dengan sebutan adult-onset asthma. Penyakit ini seringkali sulit dideteksi karena saat Anda bertambah usia, kapasitas paru menjadi lebih rendah. Hal ni disebabkan oleh karena terdapat perubahan pada otot serta kelenturan dinding rongga dada orang dewasa.</p>\r\n\r\n<ul>\r\n\t<li>Berikut ini beberapa faktor risiko yang memicu timbulnya asma saat dewasa, yaitu :</li>\r\n\t<li>lingkungan kerja itu tempat tinggal yang penuh debu</li>\r\n\t<li>serbuk bahan bangunan</li>\r\n\t<li>bulu binatang</li>\r\n\t<li>asap rokok</li>\r\n\t<li>riwayat alergi. Riwayat terdapatnya penyakit asam lambung, riwayat penyakit asma dalam keluarga atau alergi dalam keluarga, dan lain sebagainya.</li>\r\n</ul>\r\n\r\n<p>&ldquo;Waspada serangan Asma berat. Apabila terjadi gejala yang memberat dan tidak dapat berkurang dengan obat-obatan yang biasa digunakan,&nbsp;segera bawa ke IGD/Pelayanan Emergency Rumah Sakit terdekat.</p>\r\n\r\n<p>Dikutip dari :&nbsp;<a href=\"https://p2ptm.kemkes.go.id/infographic-p2ptm/penyakit-paru-kronik/apa-saja-si-gejala-asma-pada-dewasa\">https://p2ptm.kemkes.go.id/infographic-p2ptm/penyakit-paru-kronik/apa-saja-si-gejala-asma-pada-dewasa</a></p>", "view_count": 172, "share_count": 0, "word_count": 186, "status": "published", "created_at": "2023-06-26T02:41:00.739Z", "updated_at": "2024-06-28T10:22:37.825Z"}, "m2m": {"photo": [11223]}}, {"condition": {"id": 578}, "defaults": {"site_id": 47, "admin_id": 51, "judul": "Yuk cari tau tentang Migrain!", "judul_seo": "yuk-cari-tau-tentang-migrain", "isi_artikel": "<p>Migrain adalah sakit kepala yang terasa berdenyut dan biasanya terjadi pada salah satu sisi kepala.&nbsp;Migrain&nbsp;dapat berlangsung singkat dan mereda sendiri, tetapi terkadang bisa juga menetap selama beberapa jam atau bahkan beberapa hari.&nbsp;Berdasarkan hasil penelitian WHO, dari total kelompok usia 18&ndash;65 tahun yang pernah menderita sakit kepala, 30 persen di antaranya adalah penderita&nbsp;migrain.</p>\r\n\r\n<ul>\r\n\t<li>Pada sebagian orang, serangan migrain dapat muncul hanya beberapa kali dalam setahun.</li>\r\n\t<li>Akan tetapi, pada penderita lainnya, migrain dapat muncul hingga beberapa kali dalam seminggu.</li>\r\n\t<li>Pada kasus tertentu, nyeri dapat muncul di kedua sisi kepala dan bahkan menyerang leher penderita.</li>\r\n</ul>\r\n\r\n<p><strong>Gejala dan Pemicu Migrain</strong></p>\r\n\r\n<p>Gejala utama migrain adalah nyeri kepala hebat di salah satu sisi kepala. Nyeri yang dirasakan umumnya nyeri berdenyut dengan intensitas sedang hingga berat yang makin terasa ketika bergerak, melihat cahaya terang, atau mendengar suara bising.</p>\r\n\r\n<p>Kemunculan migrain dapat dipicu oleh peningkatan kadar hormon estrogen, atau faktor emosional seperti&nbsp;stres&nbsp;atau cemas, penggunaan obat tertentu misalnya pil KB,&nbsp;perubahan hormonal, makanan dan minuman tertentu, stres, dan olahraga.</p>\r\n\r\n<p><strong>Pencegahan Migrain</strong></p>\r\n\r\n<p>Pencegahan migrain dapat dilakukan dengan menghindari faktor pemicunya, antara lain dengan memperbaiki kualitas tidur, berolahraga rutin, berhenti merokok, dan memeriksakan kesehatan secara berkala.</p>\r\n\r\n<p>Pernah merasakan keluhan datau gejala migrain seperti tersebut diatas? Segera periksakan ke diri anda ke fasilitas pelayanan kesehatan terdekat atau bisa langsung konsultasikan keluhan anda bersama Dokter Spesialis Saraf/Neurologi Di RSUD Awet Muda Narmada. Untuk jadwal dokter bisa dicek di Menu Pelayanan Publik kemudian Pilih Jadwal Dokter Spesialis ya!</p>\r\n\r\n<p>Sumber :&nbsp;<a href=\"https://www.alodokter.com/migrain\">https://www.alodokter.com/migrain</a>&nbsp;<a href=\"https://p2ptm.kemkes.go.id/infographic/adakah-sobat-sehat-yang-pernah-mengalami-migrain\">https://p2ptm.kemkes.go.id/infographic/adakah-sobat-sehat-yang-pernah-mengalami-migrain</a></p>", "view_count": 194, "share_count": 0, "word_count": 238, "status": "published", "created_at": "2023-06-27T00:32:04.387Z", "updated_at": "2024-06-18T03:08:43.672Z"}, "m2m": {"photo": [11250]}}, {"condition": {"id": 579}, "defaults": {"site_id": 47, "admin_id": 51, "judul": "Kenal lebih dekat dengan Katarak", "judul_seo": "kenal-lebih-dekat-dengan-katarak", "isi_artikel": "<p><strong>Katarak</strong> adalah suatu penyakit ketika lensa mata menjadi keruh dan berawan. Pada umumnya, katarak berkembang perlahan dan awalnya tidak terasa mengganggu. Namun, lama-kelamaan, katarak akan mengganggu penglihatan dan membuat pengidap merasa seperti melihat jendela berkabut, sulit menyetir, membaca, serta melakukan aktivitas sehari-hari.&nbsp;Penyakit mata&nbsp;ini merupakan penyebab kebutaan utama di dunia yang dapat diobati.&nbsp;</p>\r\n\r\n<p><strong>Penyebab Katarak</strong></p>\r\n\r\n<p>Penyebab katarak yang paling umum ditemui adalah akibat proses penuaan atau trauma yang menyebabkan perubahan pada jaringan mata. Lensa mata sebagian besar terdiri dari air dan protein. Dengan bertambahnya usia, lensa menjadi semakin tebal dan tidak fleksibel.&nbsp;</p>\r\n\r\n<p>Hal tersebut menyebabkan gumpalan protein dan mengurangi cahaya yang masuk ke retina, sebuah lapisan yang sensitif terhadap cahaya yang terletak di belakang dalam mata. Kondisi tersebut pada akhirnya menyebabkan pandangan kabur dan tidak tajam. Perubahan lensa diawali dengan warna kuning kecoklatan ringan, tetapi semakin memburuk seiring dengan bertambahnya waktu.</p>\r\n\r\n<p>Beberapa kelainan genetik bawaan juga bisa menyebabkan masalah kesehatan lain yang bisa meningkatkan risiko katarak. Selain itu, katarak juga bisa disebabkan oleh kondisi mata lain, operasi mata sebelumnya, atau kondisi medis seperti diabetes. Penggunaan obat steroid jangka panjang juga bisa menyebabkan penyakit mata tersebut berkembang.</p>\r\n\r\n<p><strong>Gejala Katarak</strong></p>\r\n\r\n<p>Pengidapnya bisa mengalami beberapa gejala, contohnya seperti:&nbsp;</p>\r\n\r\n<ul>\r\n\t<li>Pandangan kabur seperti berkabut.</li>\r\n\t<li>Melihat lingkaran di sekeliling cahaya.</li>\r\n\t<li>Pandangan ganda.</li>\r\n\t<li>Penurunan penglihatan pada malam hari.</li>\r\n\t<li>Rasa silau saat melihat lampu mobil, matahari, atau lampu.</li>\r\n\t<li>Sering mengganti ukuran kacamata.</li>\r\n\t<li>Warna di sekitar terlihat memudar.</li>\r\n</ul>\r\n\r\n<p><strong>Pengobatan Katarak</strong></p>\r\n\r\n<p>Jika katarak tidak terlalu mengganggu, kamu mungkin hanya perlu mengenakan kacamata baru untuk membantu kamu melihat lebih baik.</p>\r\n\r\n<p>Jika katarak menyebabkan penglihatan semakin memburuk dan sulit menjalani aktivitas sehari-hari, prosedur operasi merupakan pengobatan yang bisa dilakukan untuk mengatasi masalah mata tersebut.&nbsp;</p>\r\n\r\n<p>Operasi katarak pada umumnya aman dan tidak membutuhkan rawat inap. Ada dua jenis operasi katarak, yaitu:</p>\r\n\r\n<ul>\r\n\t<li>Small incision cataract surgery&nbsp;(phacoemulsification). Operasi ini dilakukan dengan melakukan insisi kecil pada tepi kornea. Selanjutnya, dokter akan menyinarkan gelombang ultrasound untuk menghancurkan lensa lalu diambil menggunakan alat penghisap.</li>\r\n\t<li>Extracapsular surgery. Operasi ini membutuhkan insisi yang lebih besar untuk mengeluarkan inti lensa yang berkabut. Selanjutnya, sisa lensa dikeluarkan dengan menggunakan alat penghisap.</li>\r\n</ul>\r\n\r\n<p>Pada proses kedua jenis operasi tersebut, lensa buatan yang disebut juga lensa intraokular dimasukan untuk menggantikan lensa yang asli. Operasi ini membutuhkan waktu sekitar satu jam dan tanpa rasa nyeri. Dokter umumnya menggunakan obat tetes mata untuk membuat mata menjadi baal dan pengidap tetap sadar selama menjalani operasi.</p>\r\n\r\n<p>Sekarang di RSUD Awet Muda sudah bisa dilakukan Operasi Mata Katarak Gratis! Semua biaya ditanggung oleh BPJS kesehatan. Yuk, konsultasikan segera bersama Dokter Spesialis Mata kami. Jangan sampai katarak menutupi dunia indahmu!</p>\r\n\r\n<p>Sumber :&nbsp;<a href=\"https://www.halodoc.com/kesehatan/katarak\">https://www.halodoc.com/kesehatan/katarak</a>&nbsp;<a href=\"https://p2ptm.kemkes.go.id/infographic-p2ptm/gangguan-indera/apa-itu-katarak\">https://p2ptm.kemkes.go.id/infographic-p2ptm/gangguan-indera/apa-itu-katarak</a></p>", "view_count": 235, "share_count": 0, "word_count": 419, "status": "published", "created_at": "2023-06-27T01:22:29.013Z", "updated_at": "2024-06-18T03:08:39.013Z"}, "m2m": {"photo": [11252]}}, {"condition": {"id": 585}, "defaults": {"site_id": 47, "admin_id": 51, "judul": "Si Cantik PSA dari Awet Muda!", "judul_seo": "si-cantik-psa-dari-awet-muda", "isi_artikel": "<p><span style=\"font-size:16px\"><span style=\"font-family:Lucida Sans Unicode,Lucida Grande,sans-serif\">Sobat sehat awet muda, sekarang di RSUD Awet Muda sudah tersedia layanan perawatan saluran akar looo! Semua biaya perawatan ditanggung oleh BPJS Kesehatan. Yuk simak dan tonton video dibawah ini...!</span></span></p>\r\n\r\n<p>&nbsp;</p>\r\n\r\n<p><iframe allowfullscreen=\"\" frameborder=\"0\" height=\"360\" src=\"https://www.youtube.com/embed/3IUCkxRdYyU\" width=\"640\"></iframe></p>\r\n", "view_count": 57, "share_count": 0, "word_count": 30, "status": "published", "created_at": "2023-07-01T01:19:52.495Z", "updated_at": "2024-06-18T03:08:42.968Z"}, "m2m": {"photo": [11323]}}, {"condition": {"id": 623}, "defaults": {"site_id": 47, "admin_id": 51, "judul": "BB anak naik tapi TB tidak? Stunting ga ya?", "judul_seo": "bb-anak-naik-tapi-tb-tidak-stunting-ga-ya", "isi_artikel": "<p>&nbsp;</p>\r\n\r\n<p>Orang tua mana yang nggak senang melihat berat badan (BB) anaknya terus bertambah dan sesuai dengan grafik pertumbuhan. Sebab, pertambahan BB menjadi salah satu tolak ukur penting untuk mengetahui apakah tumbuh kembang anak optimal atau tidak. Namun, terkadang ada kasus di mana BB anak naik, tapi tinggi badan (TB)&nbsp;stuck. Bahaya nggak, ya?</p>\r\n\r\n<p><strong>Apakah termasuk gejala&nbsp;stunting?</strong></p>\r\n\r\n<p>Penambahan tinggi badan dipengaruhi oleh berbagai hal, mulai dari etnis, genetik, hormonal, nutrisi, penyakit, dan faktor lingkungan lainnya. Selain itu, tinggi badan juga perlu bertambah sesuai dengan kecepatan tumbuh normal berdasarkan usia. Apabila kecepatan tumbuh melambat dan akhirnya tinggi badan anak berada di bawah -2 SD kurva WHO atau di bawah persentil 3 kurva CDC, maka anak dikatakan mengalami perawakan pendek. Namun, tidak semua perawakan pendek adalah&nbsp;stunting. Perlu dilakukan evaluasi lebih dalam mengenai apa yang menjadi penyebab anak berperawakan pendek.</p>\r\n\r\n<p><strong>Apakah BB dan TB akan mengalami pertumbuhan dalam waktu bersamaan?</strong></p>\r\n\r\n<p>Betul, berat dan tinggi badan anak akan bertambah bersama-sama walaupun dengan kecepatan yang berbeda. Sebagai contoh, dalam satu tahun pertama kehidupan, berat badan mencapai 3 kali berat lahir dan panjang badan bertambah 50% dari panjang lahir. Oleh sebab itu, pemantauan pertumbuhan baik berat dan tinggi badan perlu dilakukan secara berkala. Frekuensi yang disarankan adalah tiap 1 bulan sampai usia 1 tahun, tiap 3 bulan sampai usia 3 tahun, tiap 6 bulan sampai usia 6 tahun, dan setelahnya dilakukan per tahun [2].</p>\r\n\r\n<p><strong>Cara agar pertumbuhan BB dan TB anak dapat seimbang</strong></p>\r\n\r\n<p>Karena pertumbuhan dipengaruhi oleh berbagai faktor, maka MomDad perlu memastikan bahwa kebutuhan anak sudah tercukupi baik dari segi nutrisi, aktivitas fisik, lingkungan psikososial, serta mencegah atau mendeteksi dini adanya penyakit yang berpotensi mengganggu pertumbuhan.</p>\r\n\r\n<p>Apabila MomDad menyadari bahwa TB anak&nbsp;stuck&nbsp;sedangkan BB anak tetap naik, lakukan pemeriksaan dengan dokter untuk mengetahui apakah kondisi tersebut merupakan gejala stunting. Selain itu, jangan lupa untuk selalu cukup kebutuhan nutrisi sehari-hari anak, ya. MomDad juga bisa langsung konsultasikan tumbuh kembang buah hatinya bersama Dokter Spesialis Anak RSUD Awet Muda Narmada. Layanan Dokter Spesialis Anak buka setiap hari mulai senin sampai sabtu loh. Yuk segera cek jadwal dokter di menu layanan publik kemudian pilih jadwal dokter spesialis ya.&nbsp;</p>\r\n\r\n<p>Sumber :&nbsp;<a href=\"https://primaku.com/v2/articles/bb-anak-naik--tapi-tb-stuck--perlukah-khawatir--1681382058202\">https://primaku.com</a></p>", "view_count": 73, "share_count": 0, "word_count": 340, "status": "published", "created_at": "2023-07-04T01:04:34.248Z", "updated_at": "2024-07-02T01:21:37.720Z"}, "m2m": {"photo": [11437]}}, {"condition": {"id": 624}, "defaults": {"site_id": 47, "admin_id": 51, "judul": "Anak telat bicara (Speech Delay), orangtua harus bagaimana?", "judul_seo": "anak-telat-bicara-speech-delay-orangtua-harus-bagaimana", "isi_artikel": "<p>Di awal bulan Juli ini, masyarakat dihebohkan dengan berita seorang&nbsp;balita laki-laki berusia 4 tahun di Tangerang Selatan, dianiaya orang tuanya hingga meninggal dunia. Ironi, penyebab orang tuanya menganiaya korban adalah karena mereka kesal, sang anak mengalami keterlambatan bicara atau&nbsp;speech delay. Dalam hal parenting, tentu orang tua perlu kesabaran dan yang terpenting, memahami bahwa perkembangan setiap anak berbeda.</p>\r\n\r\n<p>Alih-alih melakukan tindakan tak layak ke anak, sebaiknya terapkan tips berikut agar MomDad bisa tetap sabar menghadapi anak yang mengalami&nbsp;speech delay:</p>\r\n\r\n<p><strong>Edukasi diri sendiri</strong></p>\r\n\r\n<p>Pelajari tentang kapan anak disebut terlambat bicara, , faktor penyebabnya, dan strategi yang efektif untuk membantu anak mengatasi masalah tersebut. Semakin memahami kondisi anak, semakin mudah bagi MomDad untuk menghadapinya dengan kesabaran.</p>\r\n\r\n<p><strong>Konsultasikan dengan ahli</strong></p>\r\n\r\n<p>Konsultasikan dengan dokter anak, ahli terapi wicara, atau spesialis pendidikan khusus untuk mendapatkan panduan dan saran yang tepat. Mereka dapat memberikan pengetahuan dan strategi yang relevan untuk membantu perkembangan bicara anak. Apabila memiliki&nbsp;budget&nbsp;terbatas, MomDad bisa mengikuti sesi konsultasi gratis di TikTok Live PrimaKu yang diadakan setiap minggunya.</p>\r\n\r\n<p><strong>Ciptakan lingkungan yang mendukung</strong></p>\r\n\r\n<p>Buat lingkungan yang menyenangkan dan penuh stimulasi untuk anak. Bicaralah dengan anak secara teratur, gunakan bahasa yang jelas dan sederhana, dan berikan kesempatan kepada anak untuk berbicara dan berkomunikasi.</p>\r\n\r\n<p><strong>Bersabar dan tetap positif</strong></p>\r\n\r\n<p>Ingatlah bahwa setiap anak berkembang dengan kecepatan yang berbeda. Tetaplah sabar dan positif dalam mendukung anak. Hindari membandingkan anak dengan anak lain atau mengungkapkan kekecewaan. Fokus pada kemajuan kecil dan apresiasi usaha anak.</p>\r\n\r\n<p><strong>Gunakan strategi komunikasi alternatif</strong></p>\r\n\r\n<p>Selain bicara verbal, eksplorasi komunikasi alternatif seperti bahasa isyarat, gambar, atau aplikasi komunikasi khusus untuk membantu anak berkomunikasi dengan lebih efektif.</p>\r\n\r\n<p><strong>Cari dukungan</strong></p>\r\n\r\n<p>Temukan kelompok pendukung atau forum online untuk berbagi pengalaman dengan orang tua lain yang memiliki anak dengan keterlambatan bicara. Dukungan dan pemahaman dari orang tua lain dapat memberikan kekuatan dan inspirasi. Hindari lingkungan yang memberikan dampak negatif, terutama bagi kesehatan mental MomDad.</p>\r\n\r\n<p>Teruslah berusaha, tetap sabar, dan jangan ragu untuk mencari bantuan profesional untuk mendukung perkembangan bicara anak. Semoga kejadian seperti ini tidak terjadi lagi dan tidak ada anak lain yang menjadi korban kekerasan ya karena kekerasan pada anak tidak dibenarkan ya MomDad, apapun alasannya. Jika buah hati MomDad belum bisa bicara atau terlambat berbicara pada usia tertentu segera konsultasikan dengan dokter anak ya.</p>\r\n\r\n<p>Sumber :&nbsp;<a href=\"https://primaku.com/v2/articles/anak-speech-delay-disiksa-hingga-meninggal--tetap-sabar-dalam-parenting-1688385017468\">https://primaku.com</a></p>", "view_count": 90, "share_count": 0, "word_count": 366, "status": "published", "created_at": "2023-07-04T01:22:15.753Z", "updated_at": "2024-06-18T03:08:25.487Z"}, "m2m": {"photo": [11439]}}, {"condition": {"id": 625}, "defaults": {"site_id": 47, "admin_id": 51, "judul": "Anak tumbuh gigi dan menolak makanan? Yuk intip tipsnya!", "judul_seo": "anak-tumbuh-gigi-dan-menolak-makanan-yuk-intip-tipsnya", "isi_artikel": "<p><strong>GTM</strong> atau gerakan tutup mulut adalah salah satu problem yang sering dijumpai saat anak sudah mulai MPASI. Ada banyak penyebab anak GTM, salah satunya ternyata anak sedang tumbuh gigi. Kalau sudah begini, si Kecil akan rewel dan makin sulit untuk makan. Bagi MomDad yang lagi bingung, mungkin bisa coba beberapa cara di bawah ini untuk mengatasinya:</p>\r\n\r\n<ul>\r\n\t<li><strong>Berikan makanan yang lembut</strong></li>\r\n</ul>\r\n\r\n<p>Jika anak sudah mengonsumsi MPASI dan sedang tumgi, maka Mom bisa memberikan makanan yang dihaluskan atau makanan yang lembut seperti puree daging, puree buah atau sayuran, yoghurt dingin, hingga pasta yang dimasak&nbsp;&ldquo;overcooked&rdquo;,&nbsp;sehingga teksturnya menjadi lunak dan anak tidak perlu menggunakan gusinya yang sedang bengkak untuk mengunyah makanan [1,2].</p>\r\n\r\n<ul>\r\n\t<li><strong>Berikan makanan dingin</strong></li>\r\n</ul>\r\n\r\n<p>Makanan dingin dapat membantu menyamankan anak yang sedang tumbuh gigi. Apabila anak sudah mulai MPASI, maka MomDad dapat memberikan makanan yang biasanya ia makan dengan menyimpannya terlebih dahulu di lemari es dan menyajikannya dingin. Namun jika anak belum MPASI, MomDad juga bisa membekukan ASI perah dan menyajikannya seperti es potong atau memasukkannya ke&nbsp;mesh feeder&nbsp;untuk dihisap oleh bayi.</p>\r\n\r\n<p>Pilihan lain yang dapat disajikan misalnya puree beku buah atau sayuran seperti wortel, timun, atau brokoli. Pada anak yang lebih besar, Mom juga dapat memberikan potongan buah dingin dari kulkas seperti semangka potong, mangga potong, dan lain-lain.</p>\r\n\r\n<ul>\r\n\t<li><strong>Makanan yang dapat dikunyah atau digigit bayi untuk mengurangi nyeri</strong></li>\r\n</ul>\r\n\r\n<p>Memberi makanan yang dapat dikunyah atau digigit bayi juga bisa dilakukan, lho. Bayi yang sedang tumbuh gigi akan tampak sering mengunyah benda atau makanan yang bertekstur keras untuk mengalihkan nyeri di gusi mereka karena tekanan ringan yang berasal dari permukaan benda tersebut. MomDad bisa memberikan bayi teether yang dapat dimasukkan ke kulkas atau potongan buah atau sayur dingin, potongan wortel, potongan roti panggang dan lain-lain.</p>\r\n\r\n<ul>\r\n\t<li><strong>Jangan memaksa anak makan</strong></li>\r\n</ul>\r\n\r\n<p>Memaksa anak makan karena ia sedang GTM ketika sakit justru malah akan membuat GTM berlangsung lebih lama karena menimbulkan trauma makan pada anak. Biasanya anak yang sedang sakit akan menolak makan karena nafsu makannya menurun. Jadi, penting bagi MomDad untuk memberikan makan dengan tetap responsif dan melihat respon anak. Jika GTM berlangsung terus menerus, maka sebaiknya bawa anak ke dokter, ya.</p>\r\n\r\n<ul>\r\n\t<li><strong>Berikan makanan yang disukai bayi</strong></li>\r\n</ul>\r\n\r\n<p>Keinginan untuk mencoba makanan baru biasanya akan menurun ketika si Kecil sedang sakit. Jadi, untuk meningkatkan kemungkinan anak mau makan, usahakan untuk hanya memberikan makanan yang disukai anak saja.</p>\r\n\r\n<ul>\r\n\t<li><strong>Optimalkan densitas kalori yang masuk</strong></li>\r\n</ul>\r\n\r\n<p>Pada anak yang sedang sakit, asupannya akan menurun dan jumlah atau volume makan akan berkurang. MomDad dapat menyiapkan makanan dengan kepadatan kalori yang tinggi, misalnya dengan menambahkan minyak atau santan pada makan si Kecil agar meskipun jumlah yang masuk hanya sedikit, namun si Kecil tetap mendapat asupan kalori yang cukup per harinya.</p>\r\n\r\n<ul>\r\n\t<li><strong>Berikan &ldquo;comfort food&rdquo; untuk anak</strong></li>\r\n</ul>\r\n\r\n<p>Cara terakhir yaitu memberikan&nbsp;comfort food&nbsp;untuk anak. Misalnya, jika ia sedang sakit maka MomDad dapat menyiapkan makanan yang hangat dan berkuah seperti sup krim ayam jamur jika ia menyukainya atau jika ia menyukai&nbsp;french fries&nbsp;maka MomDad dapat menyediakan makanan olahan kentang lainnya yang lebih mudah dikunyah atau ditelah anak saat sedang sakit, contohnya&nbsp;mashed potato.</p>\r\n\r\n<p>Anak GTM memang kondisi yang memusingkan karena jika anak tidak mau makan, kebutuhan nutrisi sehari-harinya tidak akan terpenuhi. Jadi, semoga dengan mencoba 7 cara di atas, MomDad bisa mengatasi masalah anak GTM saat tumbuh gigi ya.</p>\r\n\r\n<p>&nbsp;</p>\r\n\r\n<p>Sumber :&nbsp;<a href=\"https://primaku.com/v2/articles/anak-gtm-saat-tumgi--begini-cara-mengatasinya--1688355782612\">https://primaku.com</a></p>\r\n", "view_count": 106, "share_count": 0, "word_count": 531, "status": "published", "created_at": "2023-07-04T01:42:53.983Z", "updated_at": "2024-06-30T21:35:26.550Z"}, "m2m": {"photo": [11443]}}, {"condition": {"id": 635}, "defaults": {"site_id": 47, "admin_id": 51, "judul": "Kacamata bisa diklaim menggunakan BPJS Kesehatan loh!", "judul_seo": "kacamata-bisa-diklaim-menggunakan-bpjs-kesehatan-loh", "isi_artikel": "<p style=\"text-align:justify\">Cara untuk klaim kacamata dengan BPJS Kesehatan cukup mudah sebenarnya:</p>\r\n\r\n<ol>\r\n\t<li style=\"text-align:justify\">Peserta BPJS harus ke Faskes pertama terlebih dahulu (Puskesmas/Klinik Dokter Umum)&nbsp;untuk mendapatkan rujukan pemeriksaan mata ke dokter mata di Rumah Sakit.</li>\r\n\t<li style=\"text-align:justify\">Lalu melakukan pemeriksaan mata ke dokter mata.</li>\r\n\t<li style=\"text-align:justify\">Setelah itu akan membawa resep dokter untuk mendapatkan kacamata.</li>\r\n\t<li style=\"text-align:justify\">Resep tersebut diberikan ke Optik yang sudah bekerjsama dengan BPJS Kesehatan.</li>\r\n\t<li style=\"text-align:justify\">Seperti membeli kacamata pada umumnya, pasien akan diminta memilih dari sekian pilihan frame kacamata yang disediakan. Setelah menentukan frame, optik akan membuatkan lensa kcamata sesuai dengan resep dari dokter mata.</li>\r\n</ol>\r\n\r\n<p style=\"text-align:justify\"><br />\r\nSupaya lancar saat klaim Kacamata Gratis dari BPJS Kesehatan, Jangan Lupa siapkan:</p>\r\n\r\n<ul>\r\n\t<li style=\"text-align:justify\">1. Fotokopi Kartu Tanda Penduduk (KTP)</li>\r\n\t<li style=\"text-align:justify\">2. Kartu BPJS Kesehatan aktif</li>\r\n\t<li style=\"text-align:justify\">3. Fotokopi kartu BPJS</li>\r\n</ul>\r\n\r\n<p style=\"text-align:justify\"><br />\r\nNah cukup simpel kan cara klaim kacamata gratis BPJS Kesehatan?<br />\r\nKamu udah pernah nyoba?</p>\r\n\r\n<p style=\"text-align:justify\">source :&nbsp;</p>\r\n\r\n<p style=\"text-align:justify\"><a href=\"https://www.instagram.com/reel/CufylSHJU-N/?utm_source=ig_web_button_share_sheet&amp;igshid=MzRlODBiNWFlZA==\">https://www.instagram.com/reel/CufylSHJU-N/?utm_source=ig_web_button_share_sheet&amp;igshid=MzRlODBiNWFlZA==</a></p>", "view_count": 4474, "share_count": 0, "word_count": 127, "status": "published", "created_at": "2023-07-10T01:23:18.010Z", "updated_at": "2024-07-12T02:09:15.666Z"}, "m2m": {"photo": [11631]}}, {"condition": {"id": 636}, "defaults": {"site_id": 47, "admin_id": 51, "judul": "Apa Saja Operasi yang ditangggung BPJS Kesehatan?", "judul_seo": "apa-saja-operasi-yang-ditangggung-bpjs-kesehatan", "isi_artikel": "<p style=\"text-align:justify\"><u><strong>OPERASI YANG DITANGGUNG OLEH BPJS KESEHATAN</strong></u></p>\r\n\r\n<p style=\"text-align:justify\">Berdasarkan pedoman pelaksanaan Jaminan Kesehatan Nasional (JKN), yaitu Peraturan Menteri Kesehatan (PMK) No. 28 Tahun 2014, berikut operasi yang dilakukan sebagai tindakan pengobatan akan ditanggung oleh BPJS Kesehatan:<br />\r\n<br />\r\n1. Operasi Jantung<br />\r\n2. Operasi Caesar<br />\r\n3. Operasi Kista<br />\r\n4. Operasi Miom<br />\r\n5. Operasi Tumor<br />\r\n6. Operasi Odontektomi<br />\r\n7. Operasi Bedah Mulut<br />\r\n8. Operasi Usus Buntu<br />\r\n9. Operasi Batu Empedu<br />\r\n10. Operasi Mata<br />\r\n11. Operasi Bedah Vaskuler<br />\r\n12. Operasi Amandel<br />\r\n13. Operasi Katarak<br />\r\n14. Operasi Hernia<br />\r\n15. Operasi Kanker<br />\r\n16. Operasi Kelenjar Getah Bening<br />\r\n17. Operasi Pencabutan Pen<br />\r\n18. Operasi Penggantian Sendi Lutut<br />\r\n19. Operasi Timektomi</p>\r\n\r\n<p style=\"text-align:justify\"><u><strong>OPERASI YANG TIDAK DITANGGUNG BPJS KESEHATAN</strong></u><br />\r\nBanyak masyarakat yang tidak memahami kebijakan BPJS Kesehatan dan terlalu mengandalkan BPJS Kesehatan. Sehingga saat melakukan tindakan operasi, ternyata biayanya tidak ditanggung dan akhirnya pasien menjadi kesulitan dalam membayar biaya layanan kesehatannya.<br />\r\n<strong>Berikut beberapa operasi yang tidak akan ditanggung oleh BPJS Kesehatan, yaitu:</strong><br />\r\n<br />\r\n1. Operasi Akibat Dampak Kecelakaan<br />\r\n2. Operasi Kosmetika atau Estetika (operasi yang bersifat tidak membahayakan kesehatan)<br />\r\n3. Operasi Akibat Melukai Diri Sendiri (operasi akibat tindakan ketidaktelitian atau kecerobohan yang mengakibatkan luka)<br />\r\n4. Operasi pada Rumah Sakit Luar Negeri (operasi yang dilakukan di luar jangkauan BPJS Kesehatan)<br />\r\n5. Operasi yang Tidak Sesuai dengan Prosedur BPJS Kesehatan (operasi yang tidak menyelesaikan prosedur pengajuan yang sesuai)<br />\r\n<br />\r\n<strong>Prosedur pengajuan operasi menggunakan layanan BPJS Kesehatan</strong><br />\r\nSelain itu untuk mendapatkan perlindungan penuh, peserta perlu mengikuti prosedur yang berlaku. Jika telah dilakukan sesuai prosedur yang berlaku, maka BPJS Kesehatan akan menanggung seluruh biaya tindakan operasi serta perawatan yang dijalankan.</p>\r\n\r\n<ol>\r\n\t<li style=\"text-align: justify;\">pasien diminta untuk berobat pada faskes (puskesmas atau klinik) yang telah disetujui oleh BPJS Kesehatan.</li>\r\n\t<li style=\"text-align: justify;\">jika diperlukan tindakan operasi, maka pasien akan diberi surat rujukan ke rumah sakit.</li>\r\n\t<li style=\"text-align: justify;\">dokter rumah sakit akan memeriksa pasien terkait dan mengatur jadwal operasi (apabila pasien dalam keadaan gawat darurat, maka akan dilakukan penanganan langsung).</li>\r\n</ol>\r\n\r\n<p style=\"text-align:justify\">Untuk proses operasi, dibutuhkan beberapa syarat antara lain:</p>\r\n\r\n<ol>\r\n\t<li style=\"text-align: justify;\">Kartu BPJS Kesehatan atau Kartu Indonesia Sehat (KIS).</li>\r\n\t<li style=\"text-align: justify;\">Kartu identitas diri (KTP/KK)</li>\r\n\t<li style=\"text-align: justify;\">Surat rujukan dari Puskesmas/Faskes tingkat pertama.</li>\r\n\t<li style=\"text-align: justify;\">Kartu pasien yang didapatkan dari rumah sakit setelah pasien melakukan pendaftaran.</li>\r\n</ol>\r\n\r\n<p style=\"text-align:justify\">Source :&nbsp;<a href=\"http://apps.detik.com/detik/\">http://apps.detik.com/detik/</a></p>\r\n", "view_count": 14924, "share_count": 0, "word_count": 311, "status": "published", "created_at": "2023-07-10T02:16:08.029Z", "updated_at": "2024-07-12T02:14:59.119Z"}, "m2m": {"photo": [11632]}}, {"condition": {"id": 637}, "defaults": {"site_id": 47, "admin_id": 51, "judul": "Kemudahan akses layanan BPJS Kesehatan dari rumah", "judul_seo": "kemudahan-akses-layanan-bpjs-kesehatan-dari-rumah", "isi_artikel": "<p>Yuk manfaatkan gadget atau handphone kamu untuk mendapatkan akses pelayanan BPJS Kesehatan cukup dari rumah saja. Kamu bisa download aplikasi resmi Mobile JKN dari BPJS Kesehatan di Appstore atau Playstore kamu atau chat langsung ke nomor PANDAWA dan CHIKA. Registrasi menggunakan NIK dan nomer Handphone, kamu bisa daftar pelayanan ke Faskes TK 1 maupun Rumah Sakit tanpa perlu antri ke loket pendaftaran. Tapi selalu pastikan BPJS kamu selalu aktif ya, jangan menunggak pembayaran.</p>\r\n\r\n<p><img alt=\"\" src=\"/media/uploads/rsudnarmadalobar/2023/07/10/image.png\" style=\"height:1024px; width:768px\" /></p>\r\n\r\n<p><img alt=\"\" src=\"/media/uploads/rsudnarmadalobar/2023/07/10/43-20220722-143115-347229.png\" style=\"height:540px; width:720px\" /></p>\r\n\r\n<p>&nbsp;</p>\r\n\r\n<p>image source :</p>\r\n\r\n<ol>\r\n\t<li>&nbsp;<a href=\"http://www.tribunnews.com\">http://www.tribunnews.com</a>&nbsp;</li>\r\n\t<li><a href=\"http://www.google.com\">http://www.google.com</a></li>\r\n</ol>", "view_count": 877, "share_count": 0, "word_count": 74, "status": "published", "created_at": "2023-07-10T02:30:58.755Z", "updated_at": "2024-07-12T02:23:46.838Z"}, "m2m": {"photo": [11633]}}, {"condition": {"id": 710}, "defaults": {"site_id": 47, "admin_id": 51, "judul": "PENYAKIT ANJING GILA ATAU RABIES", "judul_seo": "penyakit-anjing-gila-atau-rabies", "isi_artikel": "<p>Halo sobat sehat awet muda Narmada, dr. Teguh dari IGD RSUD Awet Muda Narmada ada informasi menarik buat sobat sehat tentang Rabies. Sobat sehat bisa klik video dibawah ini untuk informasi selengkapnya. Jangan lupa like, share dan subscribers ya sobat jika informasi yang dibagikan oleh dr.Teguh ini bermanfaat untuk sobat sehat semuanya. Sampai ketemu di informasi kesehatan berikutnya ya sobat sehat..</p><figure class=\"media\"><div data-oembed-url=\"https://youtu.be/U1z4AvzutbY?si=OWgVRT2M-DbhYLv-\"><div style=\"position: relative; padding-bottom: 100%; height: 0; padding-bottom: 56.2493%;\"><iframe src=\"https://www.youtube.com/embed/U1z4AvzutbY\" style=\"position: absolute; width: 100%; height: 100%; top: 0; left: 0;\" frameborder=\"0\" allow=\"autoplay; encrypted-media\" allowfullscreen=\"\"></iframe></div></div></figure>", "view_count": 992, "share_count": 0, "word_count": 60, "status": "published", "created_at": "2023-08-03T00:46:32.986Z", "updated_at": "2024-07-11T05:29:19.526Z"}, "m2m": {"photo": [12286]}}, {"condition": {"id": 716}, "defaults": {"site_id": 47, "admin_id": 51, "judul": "Masa Kadaluarsa Obat-obatan", "judul_seo": "masa-kadaluarsa-obat-obatan", "isi_artikel": "<p>Halo sobat sehat awet muda narmada. Ketemu lagi di Edukasi kesehatan bersama apoteker kita. Kali ini kita akan mengupas tentang Masa kadaluarsa obat. Klik link video dibawah ini ya sobat sehat untuk video lengkapnya. Jangan lupa share ke teman dan keluarga anda jika video edukasi kita ini dirasa bermanfaat. Terimakasih sobat sehat.&nbsp;</p><figure class=\"media\"><div data-oembed-url=\"https://youtu.be/ox0XFyenCnI\"><div style=\"position: relative; padding-bottom: 100%; height: 0; padding-bottom: 56.2493%;\"><iframe src=\"https://www.youtube.com/embed/ox0XFyenCnI\" style=\"position: absolute; width: 100%; height: 100%; top: 0; left: 0;\" frameborder=\"0\" allow=\"autoplay; encrypted-media\" allowfullscreen=\"\"></iframe></div></div></figure>", "view_count": 2261, "share_count": 0, "word_count": 52, "status": "published", "created_at": "2023-08-11T01:11:36.729Z", "updated_at": "2024-07-11T00:57:42.178Z"}, "m2m": {"photo": [12549]}}, {"condition": {"id": 721}, "defaults": {"site_id": 47, "admin_id": 51, "judul": "Perhatikan pemakaian antibiotik anda!", "judul_seo": "perhatikan-pemakaian-antibiotik-anda", "isi_artikel": "<p>Halo sobat sehat awet muda. Ini dia yang sudah ditunggu-tunggu, #tanyaapoteker part 3 akhirnya rilis. Kali ini apoteker RSUD Awet Muda Narmada bakalan ngasih kamu informasi tentang pemakaian antibiotik. Yuk klik video dibawah ini, jangan lupa share ke teman dan kerabat sobat sehat kalau informasi dari apoteker kita bermanfaat ya.&nbsp;</p><figure class=\"media\"><div data-oembed-url=\"https://youtu.be/CRzIC6n8Qu0?si=5JegYeUwoQlewZ7M\"><div style=\"position: relative; padding-bottom: 100%; height: 0; padding-bottom: 56.2493%;\"><iframe src=\"https://www.youtube.com/embed/CRzIC6n8Qu0\" style=\"position: absolute; width: 100%; height: 100%; top: 0; left: 0;\" frameborder=\"0\" allow=\"autoplay; encrypted-media\" allowfullscreen=\"\"></iframe></div></div></figure>", "view_count": 2734, "share_count": 0, "word_count": 48, "status": "published", "created_at": "2023-09-05T01:53:31.430Z", "updated_at": "2024-07-11T22:29:31.112Z"}, "m2m": {"photo": [13155]}}, {"condition": {"id": 729}, "defaults": {"site_id": 47, "admin_id": 51, "judul": "Diet Pada Pasien Hipertensi", "judul_seo": "diet-pada-pasien-hipertensi", "isi_artikel": "<figure class=\"image\"><img src=\"/media/DIET%20HIPERTENSI_20231116_195111_0000_page-0002.jpg\"></figure>", "view_count": 1558, "share_count": 0, "word_count": 0, "status": "published", "created_at": "2023-11-20T10:44:50.678Z", "updated_at": "2024-07-11T18:11:29.047Z"}, "m2m": {"photo": [14121]}}, {"condition": {"id": 730}, "defaults": {"site_id": 47, "admin_id": 51, "judul": "Diet pada pasien Diabetes", "judul_seo": "diet-pada-pasien-diabetes", "isi_artikel": "<figure class=\"image\"><img src=\"/media/DIET%20DM.pdf_20231116_194544_0000_page-0002.jpg\"></figure>", "view_count": 1762, "share_count": 0, "word_count": 0, "status": "published", "created_at": "2023-11-20T10:58:32.345Z", "updated_at": "2024-07-11T23:49:20.013Z"}, "m2m": {"photo": [14122]}}, {"condition": {"id": 731}, "defaults": {"site_id": 47, "admin_id": 51, "judul": "VIRAL! CACAR MONYET MASUK INDONESIA", "judul_seo": "viral-cacar-monyet-masuk-indonesia", "isi_artikel": "<p>Lagi viral pemberitaan tentang cacar monyet atau monkeyfox nih Sahabat Cemerlang!</p><p>Apakah cacar monyet berbahaya? Kira-kira bagaimana ya cara penularannya?</p><p>Simak informasi menarik dari dr.Kurnia ini ya!</p><p>Tetap jaga kesehatan dan terapkan pola hidup sehat ya Sahabat Cemerlang.</p><p>Jika informasi ini bermanfaat like dan share video ini ya, Salam sehat Awet Muda. Terimakasih.</p><figure class=\"media\"><div data-oembed-url=\"https://youtu.be/90AYHi5LPB4\"><div style=\"position: relative; padding-bottom: 100%; height: 0; padding-bottom: 56.2493%;\"><iframe src=\"https://www.youtube.com/embed/90AYHi5LPB4\" style=\"position: absolute; width: 100%; height: 100%; top: 0; left: 0;\" frameborder=\"0\" allow=\"autoplay; encrypted-media\" allowfullscreen=\"\"></iframe></div></div></figure>", "view_count": 1474, "share_count": 0, "word_count": 43, "status": "published", "created_at": "2023-12-08T03:00:08.695Z", "updated_at": "2024-07-11T07:28:09.932Z"}, "m2m": {"photo": [14359]}}, {"condition": {"id": 732}, "defaults": {"site_id": 47, "admin_id": 51, "judul": "Bagaimana gejala Flu Singapore dan cara penularannya?", "judul_seo": "bagaimana-gejala-flu-singapore-dan-cara-penularannya", "isi_artikel": "<p>Halo sahabat Cemerlang, apa kabar?</p><p>Di musim hujan seperti sekarang, kita harus tetap menjaga kesehatan agar daya tahan tubuh kita tetap kuat.<br>Karena ada banyak sekali penyakit menular yang disebabkan oleh virus yang bisa menyerang kita dan keluarga, salah satunya yaitu Flu Singapore.</p><p>Nah bagi sahabat Cemerlang yang belum tau apa dan bagaimana penularan flu singapore mari simak dan tonton video ini sampai habis ya!</p><p>Jika informasi ini bermanfaat like dan share Vidio ini ya,<br>Salam Sehat Awet Muda.<br>Terima kasih.</p><figure class=\"media\"><div data-oembed-url=\"https://youtu.be/GQ73ZVUN4PI\"><div style=\"position: relative; padding-bottom: 100%; height: 0; padding-bottom: 56.2493%;\"><iframe src=\"https://www.youtube.com/embed/GQ73ZVUN4PI\" style=\"position: absolute; width: 100%; height: 100%; top: 0; left: 0;\" frameborder=\"0\" allow=\"autoplay; encrypted-media\" allowfullscreen=\"\"></iframe></div></div></figure>", "view_count": 1595, "share_count": 0, "word_count": 69, "status": "published", "created_at": "2023-12-09T03:22:46.983Z", "updated_at": "2024-07-12T00:23:03.768Z"}, "m2m": {"photo": [14360]}}, {"condition": {"id": 736}, "defaults": {"site_id": 47, "admin_id": 51, "judul": "LOMBA DEKOR RUANGAN ", "judul_seo": "lomba-dekor-ruangan", "isi_artikel": "<figure class=\"media\"><div data-oembed-url=\"https://youtu.be/NrFlf9AYljs?si=poSqZUzJKXhIkmPn\"><div style=\"position: relative; padding-bottom: 100%; height: 0; padding-bottom: 56.2493%;\"><iframe src=\"https://www.youtube.com/embed/NrFlf9AYljs\" style=\"position: absolute; width: 100%; height: 100%; top: 0; left: 0;\" frameborder=\"0\" allow=\"autoplay; encrypted-media\" allowfullscreen=\"\"></iframe></div></div></figure>", "view_count": 1972, "share_count": 0, "word_count": 0, "status": "published", "created_at": "2023-12-30T11:49:42.748Z", "updated_at": "2024-07-11T20:00:06.343Z"}, "m2m": {"photo": [14637]}}, {"condition": {"id": 779}, "defaults": {"site_id": 47, "admin_id": 51, "judul": "Waspada Polio pada Anak!", "judul_seo": "waspada-polio-pada-anak", "isi_artikel": "<figure class=\"image image_resized\" style=\"width:39.43%;\"><img src=\"https://cdn.lombokbaratkab.go.id/media/WhatsApp%20Image%202024-02-07%20at%2008.32.21_790f6f63_GFQ1Zeq.jpg\"></figure><p>&nbsp;</p><figure class=\"image image_resized\" style=\"width:39.36%;\"><img src=\"https://cdn.lombokbaratkab.go.id/media/WhatsApp%20Image%202024-02-07%20at%2008.32.22_8deba38d_Vz9bl1C.jpg\"></figure><p>&nbsp;</p><figure class=\"image image_resized\" style=\"width:40.94%;\"><img src=\"https://cdn.lombokbaratkab.go.id/media/WhatsApp%20Image%202024-02-07%20at%2008.32.23_d9702f15_TzASpXL.jpg\"></figure><p>&nbsp;</p><figure class=\"image image_resized\" style=\"width:40.32%;\"><img src=\"https://cdn.lombokbaratkab.go.id/media/WhatsApp%20Image%202024-02-07%20at%2008.32.23_e7584206.jpg\"></figure>", "view_count": 450, "share_count": 0, "word_count": 0, "status": "published", "created_at": "2024-02-12T00:44:33.800Z", "updated_at": "2024-07-11T10:33:13.539Z"}, "m2m": {"photo": [15922]}}]