[{"condition": {"id": 103}, "defaults": {"site_id": 51, "admin_id": 69, "judul": "KEGIATAN GERMAS UPT PUSKESMAS BANYUMU", "judul_seo": "kegiatan-germas-upt-puskesmas-banyumu", "isi_artikel": "<p><span style=\"font-size:11pt\"><span style=\"font-family:Calibri,sans-serif\"><span style=\"font-family:&quot;Times New Roman&quot;,serif\">Nama Kegiatan : Pelaksanaan Germas, Aktifitas Fisik dan Penyuluhan PHBS dan Edukasi Gizi&nbsp; Seimbang terintegrasi dengan simulasi CTPS DI tingkat Masyarakat</span></span></span></p>\r\n\r\n<p><span style=\"font-size:11pt\"><span style=\"font-family:Calibri,sans-serif\"><span style=\"font-family:&quot;Times New Roman&quot;,serif\">hari/ tanggal : Selasa/12 Juli 2022</span></span></span></p>\r\n\r\n<p><span style=\"font-size:11pt\"><span style=\"font-family:Calibri,sans-serif\"><span style=\"font-family:&quot;Times New Roman&quot;,serif\">Lokasi kegiatan: Halaman Upt Puskesmas Banyumulek</span></span></span></p>\r\n\r\n<p><span style=\"font-size:11pt\"><span style=\"font-family:Calibri,sans-serif\"><span style=\"font-family:&quot;Times New Roman&quot;,serif\">Tujuan Pelaksanaan umum: &nbsp;1. <span style=\"background-color:white\"><span style=\"color:black\">Meningkatka</span></span><span style=\"background-color:white\"><span style=\"color:black\">n kesadaran,kemauan&nbsp;</span></span><span style=\"background-color:white\"><span style=\"color:black\">dan&nbsp;</span></span><span style=\"background-color:white\"><span style=\"color:black\">kemampuan&nbsp;</span></span><span style=\"background-color:white\"><span style=\"color:black\">masyaraka</span></span><span style=\"background-color:white\"><span style=\"color:black\">t </span></span><span style=\"background-color:white\"><span style=\"color:black\">untuk berperilaku sehat dalam upaya meningkatkan kualitas hidup, Meningkatkan partisipasi dan peran serta masyarakat untuk hidup sehat , Meningkatkan Produktifitas Masyarakat dan Mengurangi beban biaya kesehatan . </span></span></span></span></span></p>\r\n\r\n<p><span style=\"font-size:11pt\"><span style=\"font-family:Calibri,sans-serif\"><span style=\"font-family:&quot;Times New Roman&quot;,serif\">Narasumber /Petugas: Promkes,Petugas Gizi, Petugas Hs, Petugas PTM, dan PJ UKM.</span></span></span></p>\r\n\r\n<p><span style=\"font-size:11pt\"><span style=\"font-family:Calibri,sans-serif\"><span style=\"font-family:&quot;Times New Roman&quot;,serif\">Peserta/ sasaran : 90 orang yang terdisi dari unsur kader, pendamping desa, PKK dan karang taruna serta Anggota SBH </span></span></span></p>\r\n\r\n<p><span style=\"font-size:11pt\"><span style=\"font-family:Calibri,sans-serif\"><span style=\"font-family:&quot;Times New Roman&quot;,serif\">Hasil Kegiatan/Output:</span><span style=\"background-color:white\"><span style=\"font-family:&quot;Arial&quot;,sans-serif\"><span style=\"color:black\"> &nbsp;sasaran germas ber</span></span></span><span style=\"background-color:white\"><span style=\"font-family:&quot;Helvetica&quot;,sans-serif\"><span style=\"color:#333333\"> perilaku hidup sehat terkait kegiatan aktifitas fisik secara rutin, makan buah dan sayur, Cek kesehatan secara rutin memberikan ASIEKslusif, Enyahkan asap rokok dan penangan dan pengendalian stunting dan TOSS TB </span></span></span><span style=\"background-color:white\"><span style=\"font-family:&quot;Arial&quot;,sans-serif\"><span style=\"color:black\">.serta untuk mencegah terjadinya Penyakit Tidak Menular.</span></span></span></span></span></p>\r\n", "view_count": 51, "share_count": 0, "word_count": 129, "status": "published", "created_at": "2022-07-18T20:02:45.454Z", "updated_at": "2024-05-31T12:02:36.584Z"}, "m2m": {"photo": [2784, 2785]}}, {"condition": {"id": 104}, "defaults": {"site_id": 51, "admin_id": 69, "judul": "PEMANTAUAN JENTIK BERKALA", "judul_seo": "pemantauan-jentik-berkala", "isi_artikel": "<p style=\"text-align:left\"><span style=\"font-size:11pt\"><span style=\"font-family:Calibri,sans-serif\"><span style=\"color:black\">Nama Kegiatan : Pemantauan jentik berkala</span></span></span></p>\r\n\r\n<p style=\"text-align:left\"><span style=\"font-size:11pt\"><span style=\"font-family:Calibri,sans-serif\"><span style=\"color:black\">hari/ tanggal : Senin 18 &nbsp;Juli 2022</span></span></span></p>\r\n\r\n<p style=\"text-align:left\"><span style=\"font-size:11pt\"><span style=\"font-family:Calibri,sans-serif\"><span style=\"color:black\">Lokasi Dusun Bebae Luar Desa Dasan Baru &nbsp;Kecamatan Kediri</span></span></span></p>\r\n\r\n<p style=\"text-align:left\"><span style=\"font-size:11pt\"><span style=\"font-family:Calibri,sans-serif\">&nbsp;</span></span></p>\r\n\r\n<p style=\"text-align:left\"><span style=\"font-size:11pt\"><span style=\"font-family:Calibri,sans-serif\"><span style=\"color:black\">Tujuan Pelaksanaan: Menurunkan Populasi Nyamuk penular Demam Berdarah Dengue Serta jentiknya.Serta meningkatkan peran serta masyarakat dalam pemberantasan Sarang nyamuk dengan melakukan 3MPlus</span></span></span></p>\r\n\r\n<p style=\"text-align:left\"><span style=\"font-size:11pt\"><span style=\"font-family:Calibri,sans-serif\"><span style=\"color:black\">Narasumber /Petugas: progremer Survaylen</span></span></span></p>\r\n\r\n<p style=\"text-align:left\"><span style=\"font-size:11pt\"><span style=\"font-family:Calibri,sans-serif\"><span style=\"color:black\">Peserta/ sasaran : Masyarakat/Tempat penampungan air</span></span></span></p>\r\n\r\n<p style=\"text-align:left\"><span style=\"font-size:11pt\"><span style=\"font-family:Calibri,sans-serif\"><span style=\"color:black\">Hasil Kegiatan/Output:dari 20Rumah yang di periksa terdapat 2Rumah yang di temukan&nbsp; jentik,</span></span></span></p>\r\n\r\n<p><span style=\"font-size:11.0pt\"><span style=\"font-family:&quot;Calibri&quot;,sans-serif\"><span style=\"color:black\">jadi ABJ 90%</span></span></span></p>\r\n", "view_count": 46, "share_count": 0, "word_count": 57, "status": "published", "created_at": "2022-07-18T21:00:18.946Z", "updated_at": "2024-07-03T23:37:43.548Z"}, "m2m": {"photo": [2791, 2792]}}, {"condition": {"id": 105}, "defaults": {"site_id": 51, "admin_id": 69, "judul": "POSYANDU KELUARGA ", "judul_seo": "posyandu-keluarga", "isi_artikel": "<p><span style=\"font-size:11pt\"><span style=\"font-family:Calibri,sans-serif\">Nama Kegiatan : Posyandu Keluarga</span></span></p>\r\n\r\n<p><span style=\"font-size:11pt\"><span style=\"font-family:Calibri,sans-serif\">hari/ tanggal : Kamis/14 Juli 2022</span></span></p>\r\n\r\n<p><span style=\"font-size:11pt\"><span style=\"font-family:Calibri,sans-serif\">Lokasi kegiatan: Posyandu Bebae Dalem di Desa Dasan Baru dan Dusun Rumak Timur 2 Desa Rumak</span></span></p>\r\n\r\n<p><span style=\"font-size:11pt\"><span style=\"font-family:Calibri,sans-serif\">Tujuan Pelaksanaan: Meningkatkan akses keluarga terhadap pelayanan kesehatan dasar yang komprehensif dan terintegrasi</span></span></p>\r\n\r\n<p><span style=\"font-size:11pt\"><span style=\"font-family:Calibri,sans-serif\">Narasumber /Petugas: Promkes,Jurim, TPG Desa, PTM/Puskel, dokter, Programmer lansia, Programmer remaja</span></span></p>\r\n\r\n<p><span style=\"font-size:11pt\"><span style=\"font-family:Calibri,sans-serif\">Peserta/ sasaran : Ibu hamil, Bayi, Balita , PUS, Remaja dan Lansia</span></span></p>\r\n\r\n<p><span style=\"font-size:11.0pt\"><span style=\"font-family:&quot;Calibri&quot;,sans-serif\">Hasil Kegiatan/Output:cakupan hasil kegiatan penimbangan, pelayanan pemberian makanan tambahan, distribusi paket perbaikan gizi, pelayanan imunisasi, pelayanan keluarga berencana, pelayanan sasaran lansia, pelayanan sasaran remaja, pelayanan sasaran PUS dan penyuluhan</span></span></p>\r\n", "view_count": 47, "share_count": 0, "word_count": 82, "status": "published", "created_at": "2022-07-18T21:06:43.316Z", "updated_at": "2024-07-03T23:37:43.249Z"}, "m2m": {"photo": [2793, 2794]}}, {"condition": {"id": 106}, "defaults": {"site_id": 51, "admin_id": 69, "judul": "SKRINING KATARAK", "judul_seo": "skrining-katarak", "isi_artikel": "<p><span style=\"font-size:11pt\"><span style=\"font-family:Calibri,sans-serif\">Nama Kegiatan : Skrining Katarak </span></span></p>\r\n\r\n<p>&nbsp;</p>\r\n\r\n<p><span style=\"font-size:11pt\"><span style=\"font-family:Calibri,sans-serif\">hari/ tanggal : Jumat, 15 Juli 2022</span></span></p>\r\n\r\n<p>&nbsp;</p>\r\n\r\n<p><span style=\"font-size:11pt\"><span style=\"font-family:Calibri,sans-serif\">Lokasi kegiatan:Posyandu Rumak Barat 1 desa Rumak Kecamatan Kediri</span></span></p>\r\n\r\n<p>&nbsp;</p>\r\n\r\n<p><span style=\"font-size:11pt\"><span style=\"font-family:Calibri,sans-serif\">Tujuan Pelaksanaan: Terdeteksi atau Terjaringnya penyakit katarak dan penyakit mata lainnya</span></span></p>\r\n\r\n<p>&nbsp;</p>\r\n\r\n<p><span style=\"font-size:11pt\"><span style=\"font-family:Calibri,sans-serif\">Narasumber /Petugas: progremer Kesehatan indera dan dokter</span></span></p>\r\n\r\n<p>&nbsp;</p>\r\n\r\n<p><span style=\"font-size:11pt\"><span style=\"font-family:Calibri,sans-serif\">Peserta/ sasaran : Lansia dan PUS</span></span></p>\r\n\r\n<p>&nbsp;</p>\r\n\r\n<p><span style=\"font-size:11.0pt\"><span style=\"font-family:&quot;Calibri&quot;,sans-serif\">Hasil Kegiatan/Output:Sasaran yang datang </span></span><span style=\"font-size:11.0pt\"><span style=\"font-family:&quot;Calibri&quot;,sans-serif\">12</span></span><span style=\"font-size:11.0pt\"><span style=\"font-family:&quot;Calibri&quot;,sans-serif\"> orang,dimana kasus katarak&nbsp; dan pterigium </span></span><span style=\"font-size:11.0pt\"><span style=\"font-family:&quot;Calibri&quot;,sans-serif\">tdk di temukan.</span></span></p>\r\n", "view_count": 49, "share_count": 0, "word_count": 48, "status": "published", "created_at": "2022-07-18T21:10:10.144Z", "updated_at": "2024-07-03T23:38:00.237Z"}, "m2m": {"photo": [2795, 2796]}}, {"condition": {"id": 107}, "defaults": {"site_id": 51, "admin_id": 69, "judul": "LOKA KARYA MINI LINTAS SEKTOR", "judul_seo": "loka-karya-mini-lintas-sektor", "isi_artikel": "<p>Selasa, 25 Mei 2022</p>\r\n\r\n<p>Lokmin Lintas Sektor Bulan Mei 2022 menyepakati jadwal BIAN sasaran di Posyandu, sekolah Paud, TK dan SD Sederajat</p>\r\n\r\n<p>Lokmin Tri bulanan Lintas Sektor diadakan pada bulan Februari, Mei, Agustus dan November setiap tahun. Lokmin Linsek pada pada bulan Mei ini yang dilaksanakan pada hari Selasa 25 mei 2022 Bertema &quot; Sukseskan bulan Imunisasi Anak Nasional di fasilitas kesehatan, Posyandu dan sekolah&quot;</p>\r\n\r\n<p>Lokmin Linsek diadakan di Aula Puskesmas Banyumulek, dihadiri oleh lintas sektor , dari unsur Muspika, Kepala Desa, Da&#39;i kesehatan, kepala sekolah , Kader Kesehatan, Pendamping Desa, Penggerak PKK.</p>\r\n\r\n<p>Kegiatan dirangkai dengan sosialisasi tentang BIAN oleh Nara Sumber Kabupaten, pada kesempatan ini juga Kepala Puskesmas Banyumulek &quot;dr. Qudusiyah Fahriati menyampaikan ucapan terima kasih kepada semua Pihak karena BIAN sudah terlaksana dan berjalan dengan Baik di Posyandu pada tanggal 19 Mei sehari setelah di launching oleh wakil gubernur di Gunung sari tanggal 18 Mei 2022.</p>\r\n\r\n<p>Hal dibahas dalam Lokakarya Mini Tribulanan terkait Kesepakatan Jadwal BIAN di Posyandu, Paud, TK dan Sekolah karena sasarannya usia 9 bulan s/d 12 Tahun. Adapun jadwal yang telah disepakati adalah sebagai berikut :</p>\r\n\r\n<p>1. Untuk Sasaran di Posyandu akan mengikuti jadwal yang sudah di sebarkan di masing-masing Posyandu pada bulan sebelumnya</p>\r\n\r\n<p>2. Untuk Sasaran Sekolah Paud dan TK akan terintegrasi dengan jadwal Posyandu di Dusun yang bersangkutan</p>\r\n\r\n<p>3. Adapun untuk Sasaran Sekolah SD/ Sederajat adalah</p>\r\n\r\n<p>Hari Senin 30 Mei:(SDN 1 dan SDN 2 Rumak)</p>\r\n\r\n<p>Hari Selasa 31 Mei : (SDN 3 Rumak dan SDN 1 Lelede )</p>\r\n\r\n<p>Hari Kamis 2 Juni : ( SDN 1 dan SDN 2 Banyumulek)</p>\r\n\r\n<p>Hari Jum&#39;at 3 Juni : ( SDN 3 Banyumulek )</p>\r\n\r\n<p>Hari Sabtu 4 Juni ( SDN 4 dan SDN 5 Banyumulek)</p>\r\n\r\n<p>Hari Selasa 7 Juni ( Mi Al Mujahidin)</p>\r\n\r\n<p>Hari Rabu 8 Juni ( SDN 1 Dasan Baru )</p>\r\n\r\n<p><a href=\"https://web.facebook.com/hashtag/ayosukseskanbian?__eep__=6&amp;__cft__[0]=AZW5beh5G6FhbzzCH7kkwSDtL0J_wvJ73pz1OinClQ-XEaA7P34nmQZA1fqNjClj1uqQJYO99h4OD1Tv8bTR861rxdZuzTkpsF8iped6UgHWpYC-dgziDsi2gmKmahwMMLM&amp;__tn__=*NK-R\" tabindex=\"0\">#ayosukseskanBIAN</a></p>\r\n\r\n<p><a href=\"https://web.facebook.com/hashtag/umur9bulansampaidengan12tahun?__eep__=6&amp;__cft__[0]=AZW5beh5G6FhbzzCH7kkwSDtL0J_wvJ73pz1OinClQ-XEaA7P34nmQZA1fqNjClj1uqQJYO99h4OD1Tv8bTR861rxdZuzTkpsF8iped6UgHWpYC-dgziDsi2gmKmahwMMLM&amp;__tn__=*NK-R\" tabindex=\"0\">#umur9bulansampaidengan12tahun</a></p>\r\n\r\n<p><a href=\"https://web.facebook.com/hashtag/bawasasarankeposyandudansekolah?__eep__=6&amp;__cft__[0]=AZW5beh5G6FhbzzCH7kkwSDtL0J_wvJ73pz1OinClQ-XEaA7P34nmQZA1fqNjClj1uqQJYO99h4OD1Tv8bTR861rxdZuzTkpsF8iped6UgHWpYC-dgziDsi2gmKmahwMMLM&amp;__tn__=*NK-R\" tabindex=\"0\">#bawasasarankeposyandudansekolah</a></p>\r\n\r\n<p><a href=\"https://web.facebook.com/hashtag/puskesmasbanyumulekmemikat?__eep__=6&amp;__cft__[0]=AZW5beh5G6FhbzzCH7kkwSDtL0J_wvJ73pz1OinClQ-XEaA7P34nmQZA1fqNjClj1uqQJYO99h4OD1Tv8bTR861rxdZuzTkpsF8iped6UgHWpYC-dgziDsi2gmKmahwMMLM&amp;__tn__=*NK-R\" tabindex=\"0\">#Puskesmasbanyumulekmemikat</a></p>\r\n\r\n<p><a href=\"https://web.facebook.com/hashtag/promkessiti?__eep__=6&amp;__cft__[0]=AZW5beh5G6FhbzzCH7kkwSDtL0J_wvJ73pz1OinClQ-XEaA7P34nmQZA1fqNjClj1uqQJYO99h4OD1Tv8bTR861rxdZuzTkpsF8iped6UgHWpYC-dgziDsi2gmKmahwMMLM&amp;__tn__=*NK-R\" tabindex=\"0\">#Promkessiti</a></p>\r\n", "view_count": 50, "share_count": 0, "word_count": 250, "status": "published", "created_at": "2022-07-18T21:48:05.475Z", "updated_at": "2024-06-02T23:44:41.894Z"}, "m2m": {"photo": [2798, 2799, 2800]}}, {"condition": {"id": 113}, "defaults": {"site_id": 51, "admin_id": 69, "judul": "Senam Prolanis UPT Puskesmas Banyumulek", "judul_seo": "senam-prolanis-upt-puskesmas-banyumulek", "isi_artikel": "<p><a href=\"https://m.facebook.com/story.php?story_fbid=pfbid028QqF6EPRLMn2pnVx3cNNQ5NoxHrgtRdPxzk8cpWdiANhhSMNBzyMBrxti9CbWkWQl&amp;id=104444035328036&amp;sfnsn=wiwspwa\">https://m.facebook.com/story.php?story_fbid=pfbid028QqF6EPRLMn2pnVx3cNNQ5NoxHrgtRdPxzk8cpWdiANhhSMNBzyMBrxti9CbWkWQl&amp;id=104444035328036&amp;sfnsn=wiwspwa</a></p>\r\n", "view_count": 46, "share_count": 0, "word_count": 0, "status": "published", "created_at": "2022-07-19T12:45:42.882Z", "updated_at": "2024-07-03T23:37:54.145Z"}, "m2m": {"photo": [2915, 2916]}}, {"condition": {"id": 193}, "defaults": {"site_id": 51, "admin_id": 69, "judul": "LOKAKARYA MINI PUSKESMAS BANYUMULEK", "judul_seo": "lokakarya-mini-puskesmas-banyumulek", "isi_artikel": "<p>Puskesmas Banyumulek Mengadakan Lokakarya Mini setiap bulannya, sebagai sarana evaluasi Pelayanan Puskesmas baik didalam maupun diluar gedung. Lokakarya Mini juga bertujuan sebagai tempat mengumpulkan ide-ide&nbsp;inovasi pelayanan baru untuk meningkatkan&nbsp; kualitas pelayanan Puskesmas kedepannya, tidak cukup sampai disitu Lokakarya Mini juga sebagai tempat mempererat kekompakan dan kekeluargaan antara smua staff Puskesmas.</p>\r\n\r\n<p>&quot; PUSKESMAS BANYUMULEK PARIPURNA ! PASTI !!! &quot;</p>\r\n", "view_count": 53, "share_count": 0, "word_count": 54, "status": "published", "created_at": "2022-07-27T21:24:07.001Z", "updated_at": "2024-07-03T23:37:54.017Z"}, "m2m": {"photo": [3400, 3401]}}, {"condition": {"id": 208}, "defaults": {"site_id": 51, "admin_id": 69, "judul": "posyandu Keluarga di Wilayah Upt Puskesmas Banyumulek", "judul_seo": "posyandu-keluarga-di-wilayah-upt-puskesmas-banyumulek", "isi_artikel": "<p>Banyumulek, 5 Agustus 2022</p>\r\n\r\n<p>Kegiatan posyandu Keluarga di Wilayah Upt Puskesmas Banyumulek</p>\r\n\r\n<p>Posyandu Keluarga merupakan sebuah wadah dari, oleh dan untuk masyarakat dan juga pilar utama dalam meningkatkan derajat kesehatan masyarakat. Terobosan dalam upaya menanggulangi bmasalah keluarga yang dilaksanakan secara rutin setiap bulan disemua posyandu yang ada di Wilayah Upt Puskesmas Banyumulek.</p>\r\n\r\n<p>Dengan cakupan 5 program utama ( KIA, KB, Imunisasi, Gizi dan Diare) ditambah integrasi program dr lintas sektor ada jg kelas remaja, penyuluhan kesehatan, kelas lansia, dan posbindu PTM)</p>\r\n\r\n<p>Kegiatan posyandu keluarga meliputi 5 langkah yaitu :</p>\r\n\r\n<p>1) pendaftaran</p>\r\n\r\n<p>2) pengukuran tinggi badan dan berat badan</p>\r\n\r\n<p>3) pencatatan</p>\r\n\r\n<p>4 ) penyuluhan kesehatan</p>\r\n\r\n<p>5) pelayanan kesehatan</p>\r\n\r\n<p>Yuk, ayah dan bunda bawa si kecil, serta seluruh anggota keluarga ke posyandu agar pertumbuhan dan perkembangan terpantau oleh tenaga kesehatan dan manfaat lainnya dari posyandu</p>\r\n\r\n<p><a href=\"https://www.facebook.com/104444035328036/posts/pfbid02gk66oR1kqoFCDQwLdgnGuBDqpfmFrWXXaF65Z1EVRG1CwQD3mizZynvoB7BEfaGEl/?sfnsn=wiwspmo\">https://www.facebook.com/104444035328036/posts/pfbid02gk66oR1kqoFCDQwLdgnGuBDqpfmFrWXXaF65Z1EVRG1CwQD3mizZynvoB7BEfaGEl/?sfnsn=wiwspmo</a></p>\r\n", "view_count": 50, "share_count": 0, "word_count": 121, "status": "published", "created_at": "2022-08-05T09:34:04.068Z", "updated_at": "2024-07-03T23:37:57.423Z"}, "m2m": {"photo": [3868, 3869, 3870]}}, {"condition": {"id": 231}, "defaults": {"site_id": 51, "admin_id": 69, "judul": "Pemeriksaan Berkala Anak Sekolah ", "judul_seo": "pemeriksaan-berkala-anak-sekolah", "isi_artikel": "<p><a href=\"https://www.facebook.com/104444035328036/posts/179850514454054/?flite=scwspnss\">https://www.facebook.com/104444035328036/posts/179850514454054/?flite=scwspnss</a></p>\r\n", "view_count": 60, "share_count": 0, "word_count": 0, "status": "published", "created_at": "2022-08-06T18:34:23.662Z", "updated_at": "2024-07-03T23:37:53.772Z"}, "m2m": {"photo": [3939, 3940]}}, {"condition": {"id": 232}, "defaults": {"site_id": 51, "admin_id": 69, "judul": "vaksin dosis 4 / booster ke-2 staff Puskesmas Banyumulek", "judul_seo": "vaksin-dosis-4-booster-ke-2-staff-puskesmas-banyumulek", "isi_artikel": "<p><span style=\"font-size:11pt\"><span style=\"font-family:Calibri,sans-serif\">Nama Kegiatan : Pelayanan Imunisasi Vaksin Booster 2 Covid 19&nbsp;</span></span></p>\r\n\r\n<p><span style=\"font-size:11pt\"><span style=\"font-family:Calibri,sans-serif\">hari/ tanggal : Sabtu/ 6 Agustus 2022</span></span></p>\r\n\r\n<p><span style=\"font-size:11pt\"><span style=\"font-family:Calibri,sans-serif\">Lokasi kegiatan: Aula Puskesmas Banyumulek</span></span></p>\r\n\r\n<p><span style=\"font-size:11pt\"><span style=\"font-family:Calibri,sans-serif\">Tujuan Pelaksanaan: Meningkatkan imunitas Tenaga Kesehatan dalam penanganan kasus Covid 19</span></span></p>\r\n\r\n<p><span style=\"font-size:11pt\"><span style=\"font-family:Calibri,sans-serif\">Narasumber /Petugas: Fasilitator Imunisasi&nbsp;</span></span></p>\r\n\r\n<p><span style=\"font-size:11pt\"><span style=\"font-family:Calibri,sans-serif\">Peserta/ sasaran : Tenaga Kesehatan Puskesmas Banyumulek</span></span></p>\r\n\r\n<p><span style=\"font-size:11pt\"><span style=\"font-family:Calibri,sans-serif\">Hasil Kegiatan/Output: pelayanan vaksinasi covid 19 booster ke 2 telah dilaksanakan dengan lancar dan tidak ada keluhan yang di alami setelah pemberian imunisasi </span></span><span style=\"font-size:11pt\"><span style=\"font-family:Calibri,sans-serif\"><em>moderna</em></span></span><span style=\"font-size:11pt\"><span style=\"font-family:Calibri,sans-serif\"> selama observasi 10 menit, dengan jumlah 27 sasaran orang.</span></span></p>\r\n", "view_count": 73, "share_count": 0, "word_count": 64, "status": "published", "created_at": "2022-08-06T21:09:52.390Z", "updated_at": "2024-07-09T12:59:01.721Z"}, "m2m": {"photo": [3942, 3943]}}, {"condition": {"id": 269}, "defaults": {"site_id": 51, "admin_id": 69, "judul": "Pemeriksaan Berkala Anak Sekolah SMP/SMA sederajat", "judul_seo": "pemeriksaan-berkala-anak-sekolah-smp-sma-sederajat", "isi_artikel": "<p><a href=\"https://www.facebook.com/104444035328036/posts/180606247711814/?app=fbl\">https://www.facebook.com/104444035328036/posts/180606247711814/?app=fbl</a></p>\r\n", "view_count": 77, "share_count": 0, "word_count": 0, "status": "published", "created_at": "2022-08-10T21:48:40.583Z", "updated_at": "2024-07-09T12:58:56.548Z"}, "m2m": {"photo": [4160, 4161, 4162]}}, {"condition": {"id": 283}, "defaults": {"site_id": 51, "admin_id": 69, "judul": "DIRGAHAYU REPUBLIK INDONESIA", "judul_seo": "dirgahayu-republik-indonesia", "isi_artikel": "<p><a href=\"https://www.facebook.com/104444035328036/posts/181792647593174/?app=fbl\">https://www.facebook.com/104444035328036/posts/181792647593174/?app=fbl</a></p>\r\n", "view_count": 150, "share_count": 0, "word_count": 0, "status": "published", "created_at": "2022-08-17T19:49:16.297Z", "updated_at": "2024-07-11T16:10:35.135Z"}, "m2m": {"photo": [4391]}}, {"condition": {"id": 349}, "defaults": {"site_id": 51, "admin_id": 69, "judul": "implementasi Germas dan aksi Bergizi ", "judul_seo": "implementasi-germas-dan-aksi-bergizi", "isi_artikel": "<p><a href=\"https://www.facebook.com/104444035328036/posts/183367594102346/?app=fbl\">https://www.facebook.com/104444035328036/posts/183367594102346/?app=fbl</a></p>\r\n", "view_count": 205, "share_count": 0, "word_count": 0, "status": "published", "created_at": "2022-08-26T19:31:23.611Z", "updated_at": "2024-07-11T16:09:20.105Z"}, "m2m": {"photo": [4790, 4791]}}, {"condition": {"id": 357}, "defaults": {"site_id": 51, "admin_id": 69, "judul": "Inovasi Puskeamas Banyumulek ", "judul_seo": "inovasi-puskeamas-banyumulek", "isi_artikel": "", "view_count": 722, "share_count": 0, "word_count": 0, "status": "published", "created_at": "2022-09-02T19:14:59.499Z", "updated_at": "2024-07-11T16:09:49.462Z"}, "m2m": {"photo": [5108]}}, {"condition": {"id": 519}, "defaults": {"site_id": 51, "admin_id": 69, "judul": "PUSKESMAS BANYUMULEK MENYEDIAKAN PELAYANAN KESEHATAN PRIMA UNTUK MASYARAKAT", "judul_seo": "puskesmas-banyumulek-menyediakan-pelayanan-kesehatan-prima-untuk-masyarakat", "isi_artikel": "<p style=\"text-align:right\"><span style=\"font-size:11pt\"><span style=\"font-family:Calibri,sans-serif\">Banyumulek, 25 Mei 2023 </span></span></p>\r\n\r\n<p><span style=\"font-size:11pt\"><span style=\"font-family:Calibri,sans-serif\">Puskesmas Banyumulek terus berkomitmen untuk menyediakan pelayanan kesehatan berkualitas dan terjangkau bagi masyarakat setempat. Dalam beberapa tahun terakhir, puskesmas ini telah memperluas fasilitas dan meningkatkan layanan guna memenuhi kebutuhan kesehatan penduduk.</span></span></p>\r\n\r\n<p><span style=\"font-size:11pt\"><span style=\"font-family:Calibri,sans-serif\">Pada hari Senin, Puskesmas Banyumulek meluncurkan program baru untuk meningkatkan kualitas pelayanan. Program tersebut mencakup penambahan dokter umum, perawat terlatih, dan peralatan medis mutakhir. Langkah ini diambil untuk memastikan masyarakat dapat mendapatkan diagnosis yang akurat dan perawatan yang efektif.</span></span></p>\r\n\r\n<p><span style=\"font-size:11pt\"><span style=\"font-family:Calibri,sans-serif\">Selain itu, Puskesmas Banyumulek juga mengadakan berbagai kegiatan promotif dan preventif untuk meningkatkan kesadaran masyarakat tentang kesehatan. Beberapa kegiatan yang dilakukan antara lain penyuluhan kesehatan tentang pola makan seimbang, olahraga, dan deteksi dini penyakit tertentu.</span></span></p>\r\n\r\n<p><span style=\"font-size:11pt\"><span style=\"font-family:Calibri,sans-serif\">Dr. Qudusiyah fahriati, kepala Puskesmas Banyumulek, mengatakan, &quot;Kami berkomitmen untuk meningkatkan kualitas hidup masyarakat melalui pelayanan kesehatan yang berkualitas. Kami terus berupaya untuk memperluas jangkauan layanan kami dan meningkatkan keterampilan tenaga medis kami agar dapat memberikan pelayanan yang optimal.&quot;</span></span></p>\r\n\r\n<p><span style=\"font-size:11pt\"><span style=\"font-family:Calibri,sans-serif\">Puskesmas Banyumulek juga memprioritaskan pelayanan kesehatan bagi kelompok rentan, seperti anak-anak, ibu hamil, dan lansia. Program imunisasi rutin dan pemeriksaan kesehatan berkala telah diimplementasikan secara teratur guna meningkatkan keberhasilan upaya pencegahan penyakit dan pengobatan dini.</span></span></p>\r\n\r\n<p><span style=\"font-size:11.0pt\"><span style=\"font-family:&quot;Calibri&quot;,sans-serif\">Dengan langkah-langkah ini, Puskesmas Banyumulek berharap dapat menciptakan masyarakat yang lebih sehat dan sadar akan pentingnya menjaga kesehatan.</span></span></p>\r\n", "view_count": 320, "share_count": 0, "word_count": 197, "status": "published", "created_at": "2023-05-25T01:54:49.629Z", "updated_at": "2024-07-11T19:36:28.425Z"}, "m2m": {"photo": [10095]}}]