[{"condition": {"id": 114}, "defaults": {"site_id": 58, "photo_id": 1359, "link": "", "position": "middle1", "created_at": "2021-09-29T12:47:53.132Z", "updated_at": "2022-06-27T13:45:41.077Z"}}, {"condition": {"id": 115}, "defaults": {"site_id": 58, "photo_id": 1360, "link": "", "position": "bottom", "created_at": "2021-09-29T12:48:15.365Z", "updated_at": "2023-06-10T15:17:20.776Z"}}, {"condition": {"id": 116}, "defaults": {"site_id": 58, "photo_id": 1373, "link": "", "position": "middle2", "created_at": "2021-09-30T22:27:57.266Z", "updated_at": "2022-06-27T13:45:07.504Z"}}, {"condition": {"id": 146}, "defaults": {"site_id": 58, "photo_id": 3470, "link": "", "position": "top", "created_at": "2022-07-28T11:45:53.093Z", "updated_at": "2023-09-03T19:18:18.854Z"}}]