[{"condition": {"id": 155}, "defaults": {"site_id": 52, "photo_id": 4327, "link": "", "position": "top", "created_at": "2022-08-15T18:20:20.577Z", "updated_at": "2022-08-18T22:16:35.045Z"}}, {"condition": {"id": 173}, "defaults": {"site_id": 52, "photo_id": 13339, "link": "", "position": "middle1", "created_at": "2023-09-24T16:02:47.142Z", "updated_at": "2024-01-09T06:48:51.450Z"}}, {"condition": {"id": 174}, "defaults": {"site_id": 52, "photo_id": 13340, "link": "", "position": "middle2", "created_at": "2023-09-24T16:21:22.464Z", "updated_at": "2024-01-09T06:50:04.044Z"}}]