[{"condition": {"id": 172}, "defaults": {"site_id": 82, "photo_id": 13029, "link": "", "position": "top", "created_at": "2023-08-26T03:19:48.443Z", "updated_at": "2024-02-02T15:24:00.463Z"}}, {"condition": {"id": 181}, "defaults": {"site_id": 82, "photo_id": 14354, "link": "", "position": "middle1", "created_at": "2023-12-08T02:37:55.547Z", "updated_at": "2024-07-08T00:37:38.212Z"}}, {"condition": {"id": 182}, "defaults": {"site_id": 82, "photo_id": 14355, "link": "", "position": "middle2", "created_at": "2023-12-08T02:38:43.952Z", "updated_at": "2024-07-08T01:21:00.091Z"}}, {"condition": {"id": 183}, "defaults": {"site_id": 82, "photo_id": 14358, "link": "", "position": "bottom", "created_at": "2023-12-08T02:55:25.986Z", "updated_at": "2024-02-02T15:24:51.879Z"}}]