[{"condition": {"id": 129}, "defaults": {"site_id": 61, "photo_id": 2446, "link": "", "position": "bottom", "created_at": "2022-07-05T13:44:38.747Z", "updated_at": "2023-05-24T13:57:07.776Z"}}, {"condition": {"id": 138}, "defaults": {"site_id": 61, "photo_id": 2672, "link": "", "position": "top", "created_at": "2022-07-14T10:14:29.474Z", "updated_at": "2023-05-24T14:07:42.090Z"}}, {"condition": {"id": 143}, "defaults": {"site_id": 61, "photo_id": 2678, "link": "", "position": "middle2", "created_at": "2022-07-14T10:50:39.596Z", "updated_at": "2022-07-14T10:50:39.596Z"}}]