[{"condition": {"id": 144}, "defaults": {"site_id": 51, "photo_id": 2787, "link": "", "position": "top", "created_at": "2022-07-18T20:35:49.540Z", "updated_at": "2022-08-07T12:40:31.097Z"}}, {"condition": {"id": 149}, "defaults": {"site_id": 51, "photo_id": 3950, "link": "", "position": "bottom", "created_at": "2022-08-07T12:37:51.261Z", "updated_at": "2022-08-07T12:37:51.261Z"}}, {"condition": {"id": 150}, "defaults": {"site_id": 51, "photo_id": 3988, "link": "", "position": "middle1", "created_at": "2022-08-08T14:02:33.515Z", "updated_at": "2022-08-08T14:02:33.515Z"}}, {"condition": {"id": 151}, "defaults": {"site_id": 51, "photo_id": 3992, "link": "", "position": "middle2", "created_at": "2022-08-08T14:04:59.713Z", "updated_at": "2022-08-08T14:04:59.713Z"}}]