[{"condition": {"id": 139}, "defaults": {"site_id": 60, "photo_id": 2673, "link": "", "position": "middle1", "created_at": "2022-07-14T10:39:45.038Z", "updated_at": "2022-12-20T15:42:38.365Z"}}, {"condition": {"id": 140}, "defaults": {"site_id": 60, "photo_id": 2674, "link": "", "position": "middle2", "created_at": "2022-07-14T10:41:50.321Z", "updated_at": "2022-07-14T10:41:50.321Z"}}, {"condition": {"id": 141}, "defaults": {"site_id": 60, "photo_id": 2676, "link": "", "position": "top", "created_at": "2022-07-14T10:50:18.987Z", "updated_at": "2023-06-07T13:46:40.360Z"}}]