[{"condition": {"id": 92}, "defaults": {"site_id": 44, "photo_id": 704, "link": "", "position": "top", "created_at": "2021-06-15T11:57:53.641Z", "updated_at": "2021-06-16T09:03:00.034Z"}}, {"condition": {"id": 96}, "defaults": {"site_id": 44, "photo_id": 803, "link": "", "position": "middle1", "created_at": "2021-06-16T11:11:02.970Z", "updated_at": "2021-06-24T11:10:02.955Z"}}, {"condition": {"id": 97}, "defaults": {"site_id": 44, "photo_id": 804, "link": "", "position": "middle2", "created_at": "2021-06-16T11:20:55.464Z", "updated_at": "2021-06-19T09:28:11.573Z"}}]