[{"condition": {"id": 125}, "defaults": {"site_id": 63, "photo_id": 2214, "link": "", "position": "top", "created_at": "2022-06-29T08:31:39.650Z", "updated_at": "2023-07-13T05:18:04.569Z"}}, {"condition": {"id": 169}, "defaults": {"site_id": 63, "photo_id": 2214, "link": "", "position": "", "created_at": "2023-07-13T04:42:53.441Z", "updated_at": "2023-07-13T04:42:53.441Z"}}, {"condition": {"id": 170}, "defaults": {"site_id": 63, "photo_id": 11689, "link": "", "position": "middle1", "created_at": "2023-07-13T05:03:47.971Z", "updated_at": "2023-07-13T05:06:08.600Z"}}, {"condition": {"id": 171}, "defaults": {"site_id": 63, "photo_id": 11690, "link": "", "position": "bottom", "created_at": "2023-07-13T05:07:29.886Z", "updated_at": "2023-07-13T05:14:23.657Z"}}]