[{"condition": {"id": 2}, "defaults": {"name": "LAPOR", "link": "https://lombokbarat.lapor.go.id/", "photo_id": 4144, "status": "published", "created_at": "2022-08-10T15:50:38.463Z", "updated_at": "2023-05-09T07:34:02.719Z"}}, {"condition": {"id": 3}, "defaults": {"name": "Desain Spanduk & Baliho HUT RI ke 77", "link": "https://diskominfo.lombokbaratkab.go.id/pengumuman/desain-spanduk-baliho-hut-ri-ke-77-68/", "photo_id": 4346, "status": "draft", "created_at": "2022-08-16T14:11:52.569Z", "updated_at": "2022-08-31T08:59:48.801Z"}}, {"condition": {"id": 5}, "defaults": {"name": "DIRGAHAYU KOTA MATARAM KE-29", "link": null, "photo_id": 4995, "status": "draft", "created_at": "2022-08-31T09:00:49.220Z", "updated_at": "2022-09-06T07:59:30.514Z"}}, {"condition": {"id": 6}, "defaults": {"name": "SENGGIGI CYCLING DAY", "link": null, "photo_id": 5050, "status": "draft", "created_at": "2022-09-01T10:17:32.861Z", "updated_at": "2022-09-06T07:59:19.137Z"}}, {"condition": {"id": 7}, "defaults": {"name": "BESEMPEDE! KEDIRI LABUAPI", "link": null, "photo_id": 5181, "status": "draft", "created_at": "2022-09-07T09:24:35.491Z", "updated_at": "2022-09-12T08:11:05.472Z"}}, {"condition": {"id": 8}, "defaults": {"name": "BAPENDA KABUPATEN LOMBOK BARAT", "link": "https://bapenda.lombokbaratkab.go.id/pengumuman/pembayaran-pbb-p2-sekarang-sudah-on-line--29/", "photo_id": 5532, "status": "draft", "created_at": "2022-09-15T08:11:50.231Z", "updated_at": "2023-03-17T14:16:48.028Z"}}, {"condition": {"id": 9}, "defaults": {"name": "Bangkit Menuju Endemi", "link": "https://lombokbaratkab.go.id/capaian-kinerja-2022/", "photo_id": 6715, "status": "draft", "created_at": "2022-10-18T13:15:06.878Z", "updated_at": "2023-02-20T11:00:15.965Z"}}, {"condition": {"id": 10}, "defaults": {"name": "Informasi Lowongan Kerja", "link": "https://disnaker.lombokbaratkab.go.id/menu/lowongan/", "photo_id": 7053, "status": "draft", "created_at": "2022-11-08T08:17:09.219Z", "updated_at": "2023-02-20T10:57:58.685Z"}}, {"condition": {"id": 13}, "defaults": {"name": "AYO DATANG KE POSYANDU", "link": null, "photo_id": 8684, "status": "draft", "created_at": "2023-02-20T11:38:13.211Z", "updated_at": "2023-03-10T08:46:34.471Z"}}, {"condition": {"id": 14}, "defaults": {"name": "HUT KABUPATEN LOMBOK BARAT", "link": "https://lombokbaratkab.go.id/desain-logo-dan-spanduk-hut-ke-65-kabupaten-lombok-barat/", "photo_id": 8945, "status": "draft", "created_at": "2023-03-17T09:09:21.728Z", "updated_at": "2023-08-04T04:00:27.209Z"}}, {"condition": {"id": 15}, "defaults": {"name": "Inovasi Daerah Kabupaten Lombok Barat 2023", "link": "https://lombokbaratkab.go.id/penjaringan-inovasi-daerah-kabupaten-lombok-barat-tahun-2023/", "photo_id": 9148, "status": "draft", "created_at": "2023-04-03T07:00:11.867Z", "updated_at": "2024-04-23T03:49:17.212Z"}}, {"condition": {"id": 16}, "defaults": {"name": "Selamat Hari Pancasila 2023", "link": null, "photo_id": 10255, "status": "draft", "created_at": "2023-05-30T02:17:54.368Z", "updated_at": "2023-06-09T08:03:23.191Z"}}, {"condition": {"id": 17}, "defaults": {"name": "DIRGAHAYU REPUBLIK INDONESIA KE-78", "link": "https://lombokbaratkab.go.id/desain-spanduk-hut-ri-ke-78-kabupaten-lombok-barat/", "photo_id": 12367, "status": "draft", "created_at": "2023-08-04T03:42:00.089Z", "updated_at": "2023-09-21T02:35:08.206Z"}}, {"condition": {"id": 18}, "defaults": {"name": "SELAMAT ATAS DILANTIKNYA HJ. SUMIATUN BUPATI LOBAR", "link": null, "photo_id": 13916, "status": "draft", "created_at": "2023-11-13T00:42:16.730Z", "updated_at": "2023-11-30T02:19:02.699Z"}}, {"condition": {"id": 19}, "defaults": {"name": "NETRALISASI ASN KABUPATEN LOMBOK BARAT PEMILU 2024", "link": "https://lombokbaratkab.go.id/desain-flayer-netralitas-asn-kabupaten-lombok-barat-dalam-pemilu-2024/", "photo_id": 15163, "status": "draft", "created_at": "2024-01-18T04:33:37.017Z", "updated_at": "2024-03-22T07:06:59.427Z"}}, {"condition": {"id": 22}, "defaults": {"name": "DOWNLOAD LOGO LOMBOK BARAT SIGAP", "link": "https://cdn.lombokbaratkab.go.id/media/WhatsApp_Image_2024-03-05_at_08.26.10.jpeg", "photo_id": 16723, "status": "draft", "created_at": "2024-03-05T00:49:57.836Z", "updated_at": "2024-04-23T03:48:57.585Z"}}, {"condition": {"id": 23}, "defaults": {"name": "Marhaban Yaa Ramadhan 1445 H", "link": "https://lombokbaratkab.go.id/desain-spanduk-ramadhan-1445-h-kabupaten-lombok-barat/", "photo_id": 17291, "status": "draft", "created_at": "2024-03-22T06:09:09.877Z", "updated_at": "2024-04-23T03:48:33.505Z"}}]