[{"condition": {"id": 18}, "defaults": {"name": "SELAMAT ATAS DILANTIKNYA HJ. SUMIATUN BUPATI LOBAR", "link": null, "photo_id": 13916, "status": "draft", "created_at": "2023-11-13T00:42:16.730Z", "updated_at": "2023-11-30T02:19:02.699Z"}}, {"condition": {"id": 19}, "defaults": {"name": "NETRALISASI ASN KABUPATEN LOMBOK BARAT PEMILU 2024", "link": "https://lombokbaratkab.go.id/desain-flayer-netralitas-asn-kabupaten-lombok-barat-dalam-pemilu-2024/", "photo_id": 15163, "status": "draft", "created_at": "2024-01-18T04:33:37.017Z", "updated_at": "2024-03-22T07:06:59.427Z"}}, {"condition": {"id": 23}, "defaults": {"name": "Marhaban Yaa Ramadhan 1445 H", "link": "https://lombokbaratkab.go.id/desain-spanduk-ramadhan-1445-h-kabupaten-lombok-barat/", "photo_id": 17291, "status": "draft", "created_at": "2024-03-22T06:09:09.877Z", "updated_at": "2024-04-23T03:48:33.505Z"}}, {"condition": {"id": 22}, "defaults": {"name": "DOWNLOAD LOGO LOMBOK BARAT SIGAP", "link": "https://cdn.lombokbaratkab.go.id/media/WhatsApp_Image_2024-03-05_at_08.26.10.jpeg", "photo_id": 16723, "status": "draft", "created_at": "2024-03-05T00:49:57.836Z", "updated_at": "2024-04-23T03:48:57.585Z"}}]