[{"condition": {"id": 77}, "defaults": {"site_id": 43, "photo_id": 350, "link": "", "position": "top", "created_at": "2021-06-08T10:07:22.155Z", "updated_at": "2022-03-17T14:58:26.083Z"}}, {"condition": {"id": 79}, "defaults": {"site_id": 43, "photo_id": 371, "link": "", "position": "middle1", "created_at": "2021-06-08T11:47:57.485Z", "updated_at": "2022-08-10T20:25:05.806Z"}}, {"condition": {"id": 83}, "defaults": {"site_id": 43, "photo_id": 498, "link": "", "position": "middle2", "created_at": "2021-06-09T09:34:55.577Z", "updated_at": "2022-08-10T20:34:39.602Z"}}, {"condition": {"id": 122}, "defaults": {"site_id": 43, "photo_id": 1819, "link": "", "position": "bottom", "created_at": "2022-03-17T14:54:11.214Z", "updated_at": "2022-03-17T14:54:11.214Z"}}]