[{"condition": {"id": 73}, "defaults": {"site_id": 47, "photo_id": 326, "link": "", "position": "top", "created_at": "2021-06-07T23:28:12.149Z", "updated_at": "2021-06-18T18:17:13.949Z"}}, {"condition": {"id": 80}, "defaults": {"site_id": 47, "photo_id": 398, "link": "", "position": "middle1", "created_at": "2021-06-08T12:25:29.502Z", "updated_at": "2023-06-26T03:16:40.136Z"}}, {"condition": {"id": 81}, "defaults": {"site_id": 47, "photo_id": 401, "link": "#", "position": "bottom", "created_at": "2021-06-08T12:28:24.269Z", "updated_at": "2021-06-08T12:28:24.269Z"}}, {"condition": {"id": 99}, "defaults": {"site_id": 47, "photo_id": 903, "link": "", "position": "middle2", "created_at": "2021-06-18T15:40:24.005Z", "updated_at": "2023-06-27T00:00:45.327Z"}}]