[{"condition": {"id": 108}, "defaults": {"site_id": 55, "photo_id": 1144, "link": "", "position": "top", "created_at": "2021-07-27T09:48:53.159Z", "updated_at": "2021-07-27T10:29:36.104Z"}}, {"condition": {"id": 167}, "defaults": {"site_id": 55, "photo_id": 10245, "link": "", "position": "middle1", "created_at": "2023-05-30T00:35:03.630Z", "updated_at": "2023-05-30T00:35:03.630Z"}}, {"condition": {"id": 168}, "defaults": {"site_id": 55, "photo_id": 10246, "link": "", "position": "middle2", "created_at": "2023-05-30T00:35:25.622Z", "updated_at": "2023-05-30T00:35:25.622Z"}}]