[{"condition": {"id": 134}, "defaults": {"site_id": 56, "photo_id": 2551, "link": "", "position": "top", "created_at": "2022-07-08T11:20:34.179Z", "updated_at": "2022-08-05T12:46:26.499Z"}}, {"condition": {"id": 152}, "defaults": {"site_id": 56, "photo_id": 4057, "link": "", "position": "middle1", "created_at": "2022-08-09T14:36:11.098Z", "updated_at": "2024-07-08T02:42:43.255Z"}}, {"condition": {"id": 153}, "defaults": {"site_id": 56, "photo_id": 4133, "link": "", "position": "middle2", "created_at": "2022-08-10T14:26:37.727Z", "updated_at": "2024-03-09T03:50:24.907Z"}}]