[{"condition": {"id": 103}, "defaults": {"site_id": 54, "photo_id": 1078, "link": "", "position": "top", "created_at": "2021-07-08T13:14:07.537Z", "updated_at": "2023-06-14T01:33:41.465Z"}}, {"condition": {"id": 142}, "defaults": {"site_id": 54, "photo_id": 2677, "link": "https://puskesmasjakem-dikes.lombokbaratkab.go.id", "position": "middle1", "created_at": "2022-07-14T10:50:21.354Z", "updated_at": "2024-02-12T16:44:00.828Z"}}, {"condition": {"id": 148}, "defaults": {"site_id": 54, "photo_id": 3759, "link": "", "position": "bottom", "created_at": "2022-08-03T10:50:30.079Z", "updated_at": "2023-06-14T01:33:57.434Z"}}, {"condition": {"id": 157}, "defaults": {"site_id": 54, "photo_id": 4751, "link": "https://www.lapor.go.id/instansi/pemerintah-kabupaten-lombok-barat", "position": "middle2", "created_at": "2022-08-26T09:45:37.441Z", "updated_at": "2022-08-26T09:47:52.049Z"}}]