[{"condition": {"id": 88}, "defaults": {"kategori_id": 9, "site_id": 50, "admin_id": 41, "judul": "Puskesmas Sekotong Gelar Vaksinasi Covid-19", "judul_seo": "puskesmas-sekotong-gelar-vaksinasi-covid-19", "isi_berita": "Rabu, 21 April 2021\r\n\r\nPuskesmas Sekotong dan Puskesmas Pelangan gelar Vaksinasi Covid-19 bersama.\r\n \r\nSasaran yang akan divaksinasi sebanyak  60 orang lansia dengan batasan umur 58 sampai 60 tahun keatas .ini merupakan Vaksinasi Perdana bagi lansia yang digelar oleh puskesmas Sekotong. \r\n\r\nkegiatan Vaksinasi covid 19 akan dilakukan pada malam hari setelah berbuka puasa, pelaksanaan vaksinasi tersebut dilakukan di kediaman rumah Wakil Bupati Lombok Barat melibatkan Puskesmas Pelangan. Pelayanan Vaksinasi akan dilayani dua Tim Vaksinator yaitu dari PKM Sekotong dan PKM Pelangan hal ini sebelumnya sudah dikordinasikan dgn kepala puskesmas Pelangan Zulkutbi Skep. Ners.\r\n\r\nKegiatan Vaksinasi Covid-19 dihadiri oleh Kepala Dinas Kesehatan Lombok Barat drg. Ni Made Ambaryati M.Kes, dr. Ahmad Taufiq Fathoni Kabid P3KL , Kapolsek Sekotong, Danramil kecamatan Sekotong, Camat Sekotong , Serta Kepala desa Sekotong Tengah, Cendi Manik Taman Baru,Buwun Mas,Kepala Desa Sekotong Barat dan Kepala Desa Pelangan mendampingi sasaran Vaksinasi Lansia di Wilayah Sekotong.\r\n\r\nselain pemberian Vaksinasi Covid-19, dilakukan juga Pembagian sembako kepada lansia yang diberikan langsung oleh Wakil Bupati Lombok Barat.\r\n\r\nselanjutnya, vaksinasi tahap 2 akan dilakukan 28 Hari kemudian setelah vaksinasi pertama.\r\n\r\n#Salamsehat\r\n#VaksinCovid-19 Aman Dan Halal\r\n#Ayo Vaksin", "view_count": 121, "word_count": 165, "status": "published", "created_at": "2021-06-25T14:39:25.018Z", "updated_at": "2024-07-12T00:05:47.920Z"}, "m2m": {"tags": [5], "photo": [963]}}, {"condition": {"id": 544}, "defaults": {"kategori_id": 3, "site_id": 50, "admin_id": 60, "judul": "Persiapan Penilaian Kepatuhan Standar Pelayanan Publik oleh Ombudsman RI Perwakilan NTB", "judul_seo": "persiapan-penilaian-kepatuhan-standar-pelayanan-publik-oleh-ombudsman-ri-perwakilan-ntb", "isi_berita": "<p>Dalam rangka persiapan penilaian kepatuhan standar pelayanan publik di Puskesmas oleh Ombudsman RI , perlu dilakukan persiapan.</p>\r\n", "view_count": 129, "word_count": 16, "status": "published", "created_at": "2022-06-17T10:41:19.052Z", "updated_at": "2024-07-11T10:04:36.512Z"}, "m2m": {"tags": [], "photo": [2094]}}, {"condition": {"id": 860}, "defaults": {"kategori_id": 9, "site_id": 50, "admin_id": 60, "judul": "unduh  Inpres Nomor 5 Tahun 2022 tentang Peningkatan Akses Pelayanan Kesehatan bagi Ibu Hamil, Bersalin, Nifas, dan Bayi Baru Lahir Melalui Program Jaminan Persalinan", "judul_seo": "unduh-inpres-nomor-5-tahun-2022-tentang-peningkatan-akses-pelayanan-kesehatan-bagi-ibu-hamil-bersalin-nifas-dan-bayi-baru-lahir-melalui-program-jaminan-persalinan", "isi_berita": "<p><a href=\"/media/uploads/puskesmassekotonglobar/2022/07/21/inpres-nomor-5-tahun-2022_GvPTc3w.pdf\">klik disini untuk unduh Inpres Nomor 5 Tahun 2022.pdf</a></p>", "view_count": 104, "word_count": 7, "status": "published", "created_at": "2022-07-21T11:43:53.264Z", "updated_at": "2024-07-04T03:02:35.339Z"}, "m2m": {"tags": [1, 2, 3, 4, 5, 6, 7, 8, 9, 10, 11, 12, 13, 14, 15, 16, 18, 20, 21, 22, 23, 24, 25, 26, 27, 28, 29, 30, 31, 32, 33, 34, 35, 36, 37, 38, 39, 40, 41, 42, 43, 44, 45, 46, 47, 48, 49, 50, 51, 52, 53, 54, 55, 56, 57, 58, 59, 60, 61, 62], "photo": [3061]}}, {"condition": {"id": 868}, "defaults": {"kategori_id": 22, "site_id": 50, "admin_id": 60, "judul": "Puskesmas Sekotong Tetap Buka Pelayanan Vaksinasi Booster Bagi Masyarakat Umum", "judul_seo": "puskesmas-sekotong-tetap-buka-pelayanan-vaksinasi-booster-bagi-masyarakat-umum", "isi_berita": "<p><img alt=\"\" src=\"/media/uploads/puskesmassekotonglobar/2022/07/22/whatsapp-image-2022-07-22-at-101601.jpeg\" style=\"float:left; height:140px; width:240px\" />Sekotong, Jum&#39;at 22/7/2022</p>\r\n\r\n<p>&nbsp;&nbsp;&nbsp;&nbsp;&nbsp;&nbsp;&nbsp;&nbsp;&nbsp;&nbsp;&nbsp;Vaksinasi COVID-19 dosis ke-3 atau booster adalah vaksinasi dengan jenis vaksin yang sama (homolog) atau vaksin yang berbeda (varian) dengan vaksinasi primer dosis 1 dan 2. Vaksinasi booster diperlukan untuk mempertahankan tingkat kekebalan dan memperpanjang perlindungan. terhadap vaksinasi primer. Manfaat Vaksin Booster COVID-19&nbsp; diantaranya :</p>\r\n\r\n<p>1. Meningkatkan kekebalan tubuh</p>\r\n\r\n<p>2. Perpanjang waktu perlindungan virus</p>\r\n\r\n<p>3. Membantu mengurangi penyebaran COVID-19</p>\r\n\r\n<p>&nbsp; &nbsp; &nbsp; &nbsp; Tim Vaksinasi Puskesmas Sekotong Tetap membuka Pelayanan Vaksinasi Booster Bagi Masyarakat Umum setiap hari mulai jam 08:00 samapai selesai, kecuali tanggal Merah pelayanan tutup.</p>\r\n\r\n<p>untuk itu diharapkan kepada masyarakat yang sudah menyelesailan vaksin tahap II dan sudah terjadwal untuk vaksinasi selanjutnya agar mengikutin vaksinasi di Puskesmas Sekotong. Hal ini juga bertujuan untuk melancarkan dan mensuksesskan strategi &nbsp;terkait pencapaian vaksininasi booster di Kecamatan Sekotong khususnya dan di Kabupaten Lombok Barat Umumnya.</p>\r\n\r\n<p>Rnd</p>", "view_count": 121, "word_count": 120, "status": "published", "created_at": "2022-07-22T10:19:31.984Z", "updated_at": "2024-07-01T10:38:26.046Z"}, "m2m": {"tags": [5, 6, 7, 47, 48, 60], "photo": [3103, 3104]}}, {"condition": {"id": 872}, "defaults": {"kategori_id": 9, "site_id": 50, "admin_id": 60, "judul": "Manfaat Mobile JKN", "judul_seo": "manfaat-mobile-jkn", "isi_berita": "<p>Ada beberapa manfaat Mobile JKN diantaranya :</p>\r\n\r\n<p>&nbsp;mengecek Kelas BPJS, menyimpan Data BPJS keluarga, sbg pengganti kartu BPJS jika hilang, dan mash banyak lagi manfaat lainnya.&nbsp;</p>\r\n", "view_count": 56, "word_count": 25, "status": "published", "created_at": "2022-07-22T10:32:41.647Z", "updated_at": "2024-07-02T03:56:52.296Z"}, "m2m": {"tags": [], "photo": [3106, 3107, 3108]}}, {"condition": {"id": 875}, "defaults": {"kategori_id": 3, "site_id": 50, "admin_id": 60, "judul": "KOORDINASI PERCEPATAN VAKSINASI BOSTER", "judul_seo": "koordinasi-percepatan-vaksinasi-boster", "isi_berita": "<p>Sekotong, 22 Juli 2022</p>\r\n\r\n<p>Tim vaksinasi Puskesmas Sekotong melakukan Koordinasi di kediaman wakil Bupati Lombok Barat ( Hj. Suamiatun ) dalam rangka Mensukseskan Vaksinasi Boster. Dalam&nbsp; hal ini KADIN ( Kamar Dagang dan Industu ) Lombok barat, Tim KADIN akan memberikan Bantuan Sembako bagi masyarakat Lombok Barat melalui Kegiatan Percepatan Vaksinasi Boster.</p>", "view_count": 47, "word_count": 46, "status": "published", "created_at": "2022-07-22T10:45:13.919Z", "updated_at": "2024-07-03T20:57:10.038Z"}, "m2m": {"tags": [], "photo": [3114]}}, {"condition": {"id": 884}, "defaults": {"kategori_id": 6, "site_id": 50, "admin_id": 60, "judul": "Pertemuan Pemantauan Wilayah Setempat Kesehatan Ibu dan Anak (PWS KIA) Validasi Data TW II tahun 2022", "judul_seo": "pertemuan-pemantauan-wilayah-setempat-kesehatan-ibu-dan-anak-pws-kia-validasi-data-tw-ii-tahun-2022", "isi_berita": "<p><em><span style=\"font-size:11pt\"><span style=\"font-family:Calibri,sans-serif\"><span style=\"background-color:white\"><span style=\"font-family:&quot;Arial&quot;,sans-serif\"><span style=\"color:#202124\">23 Juli 2022</span></span></span></span></span></em></p>\r\n\r\n<p>&nbsp;</p>\r\n\r\n<p><span style=\"font-size:11pt\"><span style=\"font-family:Calibri,sans-serif\"><span style=\"background-color:white\"><span style=\"font-family:&quot;Arial&quot;,sans-serif\"><span style=\"color:#202124\"><strong>Sekotong</strong> - Sehubungan dengan&nbsp;masih banyaknya perbedaan laporan capaian yang dikirimkan kabupaten maka pertemuan&nbsp; Pemantauan Wilayah Setempat Kesehatan Ibu dan Anak (PWS KIA) ini di anggap perlu dilaksanakan untuk menyamakan persepsi pelaporan yang akan dikirim.</span></span></span></span></span></p>\r\n\r\n<p><span style=\"font-size:11pt\"><span style=\"font-family:Calibri,sans-serif\"><span style=\"background-color:white\"><span style=\"font-family:&quot;Arial&quot;,sans-serif\"><span style=\"color:#202124\">&nbsp;&nbsp;&nbsp;&nbsp;&nbsp;&nbsp;&nbsp;&nbsp;Pertemuan Pemantauan Wilayah Setempat Kesehatan Ibu dan Anak (PWS KIA) dilaksanakan untuk melakukan pemantauan program Kesehatan Ibu Anak (KIA) di suatu wilayah kerja secara terus menerus, agar dapat dilakukan tindak lanjut yang cepat dan tepat. </span></span></span></span></span></p>\r\n\r\n<p><span style=\"font-size:11pt\"><span style=\"font-family:Calibri,sans-serif\"><span style=\"background-color:white\"><span style=\"font-family:&quot;Arial&quot;,sans-serif\"><span style=\"color:#202124\">&nbsp; &nbsp; &nbsp;&nbsp;&nbsp;&nbsp;kegiatan ini dihadiri dan dibuka langsung oleh PJ UKP Puskesmas Sekotong dr.Fairuz Syahfi&rsquo; Imam serta dihadiri oleh Kordinator Bidan, koordinator Gizi dan Perwakilan P2M serta para bidan puskesmas dan bidan desa (jaringan) se-wilayah kerja Puskesmas sekotong., </span></span></span></span></span></p>\r\n\r\n<p><span style=\"font-size:11pt\"><span style=\"font-family:Calibri,sans-serif\"><span style=\"background-color:white\"><span style=\"font-family:&quot;Arial&quot;,sans-serif\"><span style=\"color:#202124\">&nbsp;&nbsp;&nbsp;&nbsp;&nbsp;&nbsp;&nbsp;&nbsp;Pertemuan ini berlangsung di aula Puskesmas sekotong dengan tujuan untuk menyamakan persepsi pelaporan &nbsp;dan Meningkatkan pemantauan cakupan dan pelayanan untuk setiap wilayah kerja secara terus menerus dalam rangka meningkatkan jangkauan dan mutu pelayanan.</span></span></span></span></span></p>\r\n\r\n<p>&nbsp;</p>\r\n\r\n<p>&nbsp;</p>\r\n\r\n<p>&nbsp;</p>\r\n\r\n<p>&nbsp;</p>\r\n\r\n<p><span style=\"font-size:11pt\"><span style=\"font-family:Calibri,sans-serif\"><span style=\"background-color:white\"><span style=\"font-family:&quot;Arial&quot;,sans-serif\"><span style=\"color:#202124\">&lt;/RnD&gt;</span></span></span></span></span></p>\r\n\r\n<p><span style=\"font-size:11pt\"><span style=\"font-family:Calibri,sans-serif\"><span style=\"background-color:white\"><span style=\"font-family:&quot;Arial&quot;,sans-serif\"><span style=\"color:#202124\"><img alt=\"\" src=\"/media/uploads/puskesmassekotonglobar/2022/07/23/img_2842.JPG\" style=\"height:160px; width:240px\" /></span></span></span></span></span></p>", "view_count": 80, "word_count": 136, "status": "published", "created_at": "2022-07-23T10:53:13.365Z", "updated_at": "2024-07-01T08:14:38.143Z"}, "m2m": {"tags": [5, 6, 15], "photo": [3142, 3143]}}, {"condition": {"id": 893}, "defaults": {"kategori_id": 22, "site_id": 50, "admin_id": 60, "judul": "Sasar 500 Lebih Warga,  Kegiatan Mobile Vaksinasi \"Perang melawan Pandemi\" Bersama KADIN (Kamar Dagang dan Industri) di Kediaman Wakil Bupati Lombok Barat", "judul_seo": "sasar-500-lebih-warga-kegiatan-mobile-vaksinasi-perang-melawan-pandemi-bersama-kadin-kamar-dagang-dan-industri-di-kediaman-wakil-bupati-lombok-barat", "isi_berita": "<p>&nbsp; &nbsp;23 Juli 2022</p>\r\n\r\n<p>&nbsp;&nbsp;&nbsp;&nbsp;&nbsp;&nbsp;&nbsp;&nbsp; <strong>Sekotong&nbsp;</strong>- &nbsp; &quot;Perang melawan Pandemi&quot; Dinas Kesehatan Kabupaten Lombok Barat bersama KADIN (Kamar Dagang dan Industri) melaksanakan kegiatan dalam rangka percepatan Vaksinasi Booster (dosis 3) di Kediaman Wakil Bupati Lombok Barat.</p>\r\n\r\n<p>&nbsp;&nbsp;&nbsp;&nbsp;&nbsp;&nbsp;&nbsp;&nbsp;Acara Ini dibuka langsung oleh Wakil Bupati Lombok Barat Hj.Sumiatun dan dihadiri&nbsp; pula oleh Kepala DInas Kesehatan Kabupaten Lombok Barat,Camat Sekotong, Kapolsek Sekotong, Koramil Sekotong Seluruh Kepala Desa ,Kadus dan RT.</p>\r\n\r\n<p>&nbsp;&nbsp;&nbsp;&nbsp;&nbsp;&nbsp;&nbsp;&nbsp;Untuk&nbsp;mengantisipasi anemo Antusiasme&nbsp; warga yang ingin Vaksinasi booster maka telah disiapkan 4 Tim Vaksinasi dari&nbsp;Puskesmas yakni Puskesmas Sekotong 2&nbsp;Tim , Puskesmas Pelangan 1 Tim dan Puskesmas Eyat Mayang 1 Tim.</p>\r\n\r\n<p>&nbsp; &nbsp; &nbsp; &nbsp; Pelaksanaan Vaksinasi ini dirangkaikan dengan acara pemberian sembako dari KADIN , serta dilaksanakan sesuai dengan arahan dan berjalan dengan lancar tanpa ada kendala yang berarti .</p>\r\n\r\n<p>&nbsp;</p>\r\n\r\n<p>&nbsp;</p>\r\n\r\n<p>&nbsp;</p>\r\n\r\n<p>&nbsp;</p>\r\n\r\n<p>RnD</p>\r\n\r\n<p>&nbsp;</p>", "view_count": 80, "word_count": 112, "status": "published", "created_at": "2022-07-23T13:51:56.275Z", "updated_at": "2024-07-01T11:03:36.653Z"}, "m2m": {"tags": [5, 6, 60], "photo": [3160, 3161, 3162]}}, {"condition": {"id": 900}, "defaults": {"kategori_id": 3, "site_id": 50, "admin_id": 60, "judul": "Upaya Meningkatkan Indeks Profesionalitas ASN, Puskesmas Sekotong Melaksanakan Sosialisasi Penginputan Data Mandiri  Aplikasi Rekon IP ASN", "judul_seo": "upaya-meningkatkan-indeks-profesionalitas-asn-puskesmas-sekotong-melaksanakan-sosialisasi-penginputan-data-mandiri-aplikasi-rekon-ip-asn", "isi_berita": "<p><em>23 Juli 2022</em></p>\r\n\r\n<p><strong>PKM Sekotong,</strong>- Dalam Rangka Menindaklajuti surat dari Sekretariat Daerah No:800/826/BKD-PSDM/2022 tentang percepatan penginputan Data IP ASN Kab.Lombok Barat, Puskesmas sekotong mengadakan sosialisasi penginputan data IP ASN yang dihadiri oleh beberapa ASN siang tadi.</p>\r\n\r\n<p>&nbsp; &nbsp; &nbsp; &nbsp; Acara ini dipimpin dan dibuka langsung oleh Ka.TU Puskesmas Sekotong Herman Jayadi, S.Kep.Ns sekaligus sebagai Narasumber.<img alt=\"\" src=\"/media/uploads/puskesmassekotonglobar/2022/07/23/img_2852.JPG\" style=\"float:right; height:149px; width:224px\" /></p>\r\n\r\n<p>&nbsp;&nbsp;&nbsp;&nbsp;&nbsp;&nbsp;&nbsp;&nbsp;Aplikasi Rekon IP ASN sudah terintegrasi dengan sistem Single Sign On ASN.<br />\r\nDengan sistem Single Sign On (SSO), para pengguna tidak perlu mengingat banyak username dan password. Mereka hanya butuh mengingat satu kredensial untuk melakukan sekali proses autentikasi. Setelahnya, mereka akan mendapatkan izin akses terhadap semua layanan aplikasi yang tersedia di dalam jaringan. Hampir semua aplikasi yang dikeluarkan oleh Tim Datin (Data dan Informasi) diintegrasikan dengan SSO, begitu juga dimasa-masa yang akan datang.</p>\r\n\r\n<p>&nbsp; &nbsp;&nbsp;&nbsp;&nbsp;Hingga saat ini nilai indeks profesionalitas ASN&nbsp; Pemerintah Kabupaten Lombok Barat berada di angka 48,16 % (sangat rendah) oleh karena itu diadakan sosialisasi penginputan data IP ASN agar bisa dilakukan secara mandiri oleh masing-masing ASN yang telah terferivikasi oleh OPD Masing-masing demi meningkatkan indeks profesionalitas ASN Lingkup Kab.Lombok Barat.&nbsp;</p>\r\n\r\n<p>&nbsp; &nbsp; &nbsp; Penginputan data secara mandiri ini dapat dilakukan mulai Tanggal 19 Juli 2022 sampai dengan 1 Agustus 2022.</p>\r\n", "view_count": 118, "word_count": 175, "status": "published", "created_at": "2022-07-23T17:44:42.061Z", "updated_at": "2024-07-09T03:33:46.352Z"}, "m2m": {"tags": [1, 5, 6, 62], "photo": [3175, 3176, 3177]}}, {"condition": {"id": 911}, "defaults": {"kategori_id": 9, "site_id": 50, "admin_id": 60, "judul": "Pengawasan kualitas air minum mendukung Deklarasi 5 Pilar STBM (SANITASI TOTAL BERBASIS MASYARAKAT)", "judul_seo": "pengawasan-kualitas-air-minum-mendukung-deklarasi-5-pilar-stbm-sanitasi-total-berbasis-masyarakat", "isi_berita": "<p><span style=\"font-family:Arial,Helvetica,sans-serif\"><big>25 Juli 2022</big></span></p>\r\n\r\n<p><span style=\"font-family:Arial,Helvetica,sans-serif\"><big><span style=\"font-size:14px\"><strong>PKMSekotong -</strong>&nbsp;&nbsp;&nbsp;&nbsp;Apa itu&nbsp;STBM?, STBM&nbsp;adalah pendekatan untuk mengubah perilaku higienis dan saniter melalui pemberdayaan masyarakat dengan cara pemicuan. Sedangkan Pilar&nbsp;STBM&nbsp;adalah perilaku higienis dan saniter yang digunakan sebagai acuan dalam penyelenggaraan Sanitasi Total Berbasis Masyarakat, 5 pilar STBM yaitu&nbsp; :</span></big></span></p>\r\n\r\n<ul>\r\n\t<li><span style=\"font-family:Arial,Helvetica,sans-serif\"><big><span style=\"font-size:14px\">Stop buang air besar sembarangan;</span></big></span></li>\r\n\t<li><span style=\"font-family:Arial,Helvetica,sans-serif\"><big><span style=\"font-size:14px\">Cuci tangan pakai sabun;</span></big></span></li>\r\n\t<li><span style=\"font-family:Arial,Helvetica,sans-serif\"><big><span style=\"font-size:14px\">Pengelolaan air minum/makanan rumah tangga;</span></big></span></li>\r\n\t<li><span style=\"font-family:Arial,Helvetica,sans-serif\"><big><span style=\"font-size:14px\">Pengelolaan sampah rumah tangga;</span></big></span></li>\r\n\t<li><span style=\"font-family:Arial,Helvetica,sans-serif\"><big><span style=\"font-size:14px\">Pengelolaan limbah cair rumah tangga.</span></big></span></li>\r\n</ul>\r\n\r\n<p><span style=\"font-family:Arial,Helvetica,sans-serif\"><big><span style=\"font-size:14px\">&nbsp;&nbsp;&nbsp;&nbsp;&nbsp;&nbsp;&nbsp;&nbsp;Sanitarian dan Tim Puskesmas Sekotong (dokter dan bidan desa) melakukan </span></big><span style=\"font-size:11.0pt\">Advokasi, pengambilan sampel air, kaporisasi dan penyuluhan terkait air bersih yang aman dan sehat yang dikonsumsi oleh masyarakat serta&nbsp;</span><big><span style=\"font-size:14px\">Pengawasan kualitas air minum mendukung </span></big><span style=\"font-size:11.0pt\">Deklarasi 5 Pilar </span><big><span style=\"font-size:14px\">STBM yakni Pilar ke 3 , Kegiatan ini dilakukan pada Senin 13 juni 2022 di Dusun Orong Sandat Desa Taman Baru Kecamatan Sekotong serata turut didukung&nbsp;</span></big><span style=\"font-size:11.0pt\">&nbsp;Masyarakat Desa Taman Baru khususnya wilayah distribusi KPSPAM( PAMSIMAS) Desa Taman Baru</span><big><span style=\"font-size:14px\">&nbsp;dengan tujuan </span></big><span style=\"font-size:11.0pt\">Untuk mencapai kualitas air minum yang sehat dan aman untuk masyarakat dan&nbsp;Mendukung Deklarasi 5 Pilar STBM. dengan adanya kegiatan ini diharapkan&nbsp;Masyarakat mengetahui syarat syarat air bersih dan air minum yang memenuhi syarat Kesehatan dan berkomitmen untuk menjaga dan memelihara sarana air bersih .</span></span></p>\r\n\r\n<p>&nbsp;</p>\r\n\r\n<p><span style=\"font-family:Arial,Helvetica,sans-serif\"><span style=\"font-size:11.0pt\">Rnd</span></span></p>\r\n\r\n<p>&nbsp;</p>", "view_count": 105, "word_count": 179, "status": "published", "created_at": "2022-07-25T11:54:38.286Z", "updated_at": "2024-06-28T09:49:13.356Z"}, "m2m": {"tags": [5, 6, 7, 15, 61], "photo": [3214, 3215, 3216]}}, {"condition": {"id": 914}, "defaults": {"kategori_id": 9, "site_id": 50, "admin_id": 60, "judul": "Pemberian Tablet Tambah Darah (TTD) Untuk Remaja Putri Di Sekolah", "judul_seo": "pemberian-tablet-tambah-darah-ttd-untuk-remaja-putri-di-sekolah", "isi_berita": "<p>Senin, 25 Juli 2022</p>\r\n\r\n<p>&nbsp;</p>\r\n\r\n<p><strong>PKMSekotong</strong> - Remaja putri memang mudah terkena anemia&nbsp;yang ditandai dengan tubuh mudah lemas ataupun mudah pingsan, karena mengalami&nbsp;menstruasi. Untuk itu tablet penambah darah dibutuhkan untuk mengatasi&nbsp;anemia.<br />\r\ndistribusi Tablet tambah darah ke sekolah dilakukan oleh tim Gizi Puskesmas Sekotong (Sinta dewi susanti)&nbsp; &nbsp;bersama dengan guru sekolah masing-masing untuk Remaja Putri di Sekolah&nbsp;SMAN 01 Sekotong,&nbsp;SMP Islam Al Urwatul Wutsqo dan&nbsp;SMKN 01 Sekotong.</p>\r\n\r\n<p>&nbsp;&nbsp;&nbsp;&nbsp;&nbsp;&nbsp;&nbsp;&nbsp; kegiatan ini dilaksanakan pada Senin, 25 Juli 2022 dengan tujuan Untuk memastikan ketersediaan TTD di sekolah serta Untuk mencegah anemia dan meningkatkan daya tahan tubuh pada remaja / anak sekolah.&nbsp;</p>\r\n\r\n<p>&nbsp;&nbsp;&nbsp;&nbsp;&nbsp;&nbsp;&nbsp;&nbsp;Jumlah TTD yg di distribusikan ke masing-masing sekolah yaitu SMAN 01 sekotong 600 tablet, SMP islam al urwatul wutsqo 300 tablet dan SMKN 01 sekotong 500 tablet Tablet tambah darah yang di distribusikan diharapkan cukup untuk 1 bulan kedepan.</p>\r\n\r\n<p>&nbsp;</p>\r\n\r\n<p>&nbsp;</p>\r\n\r\n<p>&nbsp;</p>\r\n\r\n<p>&nbsp;</p>\r\n\r\n<p>RnD</p>\r\n", "view_count": 112, "word_count": 124, "status": "published", "created_at": "2022-07-25T12:28:16.599Z", "updated_at": "2024-07-07T00:15:59.449Z"}, "m2m": {"tags": [5, 6, 7, 15, 51, 61], "photo": [3218, 3219, 3220]}}, {"condition": {"id": 1004}, "defaults": {"kategori_id": 9, "site_id": 50, "admin_id": 60, "judul": "Kunjungan Neonatal Ibu Nifas", "judul_seo": "kunjungan-neonatal-ibu-nifas", "isi_berita": "<p>Kunjungan Neonatal Kunjungan Ibu Nifas (KNKF)&nbsp;<br />\r\nSekotong,Rabu 28 Juli 2022</p>\r\n\r\n<p>Lokasi kegiatan: Dusun Eat Pace Desa taman baru kecamatan sekotong&nbsp;</p>\r\n\r\n<p>Tujuan Pelaksanaan:&nbsp;<br />\r\n1. Untuk mengetahui status kesehatan ibu nifas &amp; bayi baru lahir<br />\r\n2. KIE tanda- tanda bahaya bayi baru lahir.<br />\r\n3. KIE tanda2 bahaya pada ibu nifas<br />\r\n4. KIE asi ekslusif, perawatan BBL, personal hygene, kontrasepsi dan Makanan yg bergizi untuk ibu nifas busui,&nbsp;<br />\r\n5. KIE rajin posyandu untuk mengetahui status kesehatan bayi dan mendapatkan imunisasi dasar lengkap.</p>\r\n\r\n<p>Narasumber /Petugas:&nbsp;<br />\r\n1. Bidan Desa</p>\r\n\r\n<p>Peserta/ sasaran : ibu nifas dan bayi baru lahir&nbsp;</p>\r\n\r\n<p>Hasil Kegiatan/Output<br />\r\n1. Ibu memahami tanda2 bahaya pada bayi dan ibu nifas.<br />\r\n2. Ibu memahami manfaat ASI eksklusif, cara perawatan bayi baru lahir, personal hygene, imunisasi dasar lengkap.<br />\r\n3. Sepakat akan menggunakan KB MKJP setelah masa nifas.</p>\r\n\r\n<p>Keterangan tambahan :</p>\r\n\r\n<p>Lampiran Dokumentasi/Foto :</p>\r\n", "view_count": 51, "word_count": 116, "status": "published", "created_at": "2022-07-27T10:58:57.893Z", "updated_at": "2024-07-05T17:11:04.035Z"}, "m2m": {"tags": [25], "photo": [3365]}}, {"condition": {"id": 1005}, "defaults": {"kategori_id": 3, "site_id": 50, "admin_id": 60, "judul": "MONEV Komisi Penanggulangan Aids (KPA) Kabupaten Lombok Barat Ke Puskesmas Sekotong", "judul_seo": "monev-komisi-penanggulangan-aids-kpa-kabupaten-lombok-barat-ke-puskesmas-sekotong", "isi_berita": "<p>Rabu,27 Juli 2022</p>\r\n\r\n<p><strong>PKMSekotong</strong> - Penanggulangan&nbsp;<em>Human Immuno-deficiency Virus</em>&nbsp;(HIV) dan&nbsp;<em>Acquired Immuno Deficiency Sydrome</em>&nbsp;(AIDS) membutuhkan keterlibatan banyak sektor baik pemerintah maupun swasta.&nbsp; Peraturan Presiden No. 75 tahun 2006 tentang Komisi Penanggulangan AIDS Nasional menjadi dasar pembentukan Komisi Penanggulangan AIDS di daerah untuk mengkoordinasikan pelaksanaan penanggulangan HIV &amp; AIDS.&nbsp; Monitoring dan evaluasi (monev) penanggulangan HIV perlu dilakukan untuk menilai dampak program yang melibatkan banyak sektor dan pembiayaan.</p>\r\n\r\n<p>&nbsp; &nbsp; Pada kesempatan ini Monev dilakukan oleh tim KPA Kabupaten Ke Puskesmas sekotong hari ini Rabu 27 Juli 2022 bertempat di aula Puskesmas Sekotong, di sambut oleh KTU Puskesmas Sekotong Herman jayadi, S.Kep.Ns&nbsp;dan dihadiri oleh beberapa Dokter puskesmas dan Tim&nbsp; .</p>", "view_count": 41, "word_count": 98, "status": "published", "created_at": "2022-07-27T11:09:54.615Z", "updated_at": "2024-05-28T05:21:58.141Z"}, "m2m": {"tags": [], "photo": [3366]}}, {"condition": {"id": 1090}, "defaults": {"kategori_id": 9, "site_id": 50, "admin_id": 60, "judul": "Sosialisasi SISRUTE (Sistem Rujukan Terintegrasi) Puskesmas Sekotong", "judul_seo": "sosialisasi-sisrute-sistem-rujukan-terintegrasi-puskesmas-sekotong", "isi_berita": "<p>Sekotong, 29 Juli 2022</p>\r\n\r\n<p><img alt=\"\" src=\"/media/uploads/puskesmassekotonglobar/2022/07/29/whatsapp-image-2022-07-29-at-104041.jpeg\" style=\"border-style:solid; border-width:5px; height:270px; width:480px\" /></p>\r\n\r\n<p>&nbsp;</p>\r\n\r\n<p><strong>PKMSekotong</strong> - <strong>Sistem rujukan</strong>&nbsp;terintegrasi (<strong>Sisrute</strong>) menupakan teknologi informasi berbasis intemet yang dapat menghubungkan data pasien dari tingkat layanan lebih rendah ke tingkat layanan lebih tinggi atau sederajat (horizontal maupun vertikal) dengan tujuan mempermudah dan mempercepat proses&nbsp;<strong>rujukan</strong>&nbsp;pasien,.</p>\r\n\r\n<p>sosialisasi SISRUTE hari ini dihadiri oleh Para Dokter, Perawat dan Bidan Puskesmas&nbsp;&nbsp;bertempat di aula Puskesmas Sekotong dengan narasumber yakni PJ UKP dr. Fairuz Syahfi&#39; Imam dan Koordinator UGD Hairudin,</p>\r\n\r\n<p>kegiatan dirangkaikan dengan pembuatan akun pada aplikasi SISRUTE kepada masing-masing tenaga kesehatan yang hadir.&nbsp;&nbsp;</p>\r\n\r\n<p>dengan adanya sosialisasi ini&nbsp; diharapkan agar setiap rujukan kasus dapat tercatat dan terintegrasi.</p>", "view_count": 180, "word_count": 96, "status": "published", "created_at": "2022-07-29T11:34:05.806Z", "updated_at": "2024-07-10T17:27:11.626Z"}, "m2m": {"tags": [6, 7, 51], "photo": [3522, 3523]}}, {"condition": {"id": 1162}, "defaults": {"kategori_id": 9, "site_id": 50, "admin_id": 60, "judul": "Kegiatan Distribusi Obat Cacing Ke Sekolah", "judul_seo": "kegiatan-distribusi-obat-cacing-ke-sekolah", "isi_berita": "<p>Distribusi obat cacing ke sekolah..</p>\r\n\r\n<p>Untuk mencegah kecacingan pada anak Sekolah Dasar dan PAUD.. bidan desa Taman Baru &quot;Muslaini, Amd. Keb&quot; membantu mendistribusikan ke beberapa sekolah yg ada di desa taman baru, ini adalah salah satu upaya Puskesmas Sekotong untuk mencegah Stunting di wilayah kerja Puskesmas Sekotong...</p>\r\n\r\n<p><a href=\"https://www.facebook.com/hashtag/bersamakitabisa?__eep__=6&amp;__cft__[0]=AZXlplCZuvJIi1cCr4CkKiygf1ve-JlTTrsFc5-hsMXtW-xylc5Z7gJ-l_aLFOCzqB8B2ECRIvaBdHphuGLNtoNtDu8c6928H3_mVzmbmiMfuSj-Gn-YQUIrESnVVM7GAvFVKltbFm3Ju0bhqZIDJ3ikYMspxcxK7WjFJKfio6YlAw&amp;__tn__=*NK-R\" tabindex=\"0\">#BersamaKitaBisa</a></p>\r\n\r\n<p>#CegahStunting</p>\r\n\r\n<p><img alt=\"\" src=\"/media/uploads/puskesmassekotonglobar/2022/08/02/296585495_643507293973625_747740112772839774_n.jpg\" style=\"height:90px; margin-left:50px; margin-right:50px; width:120px\" /></p>\r\n\r\n<p>&nbsp;</p>\r\n\r\n<p>&nbsp;</p>\r\n", "view_count": 149, "word_count": 49, "status": "published", "created_at": "2022-08-02T12:26:39.578Z", "updated_at": "2024-07-08T20:14:47.430Z"}, "m2m": {"tags": [5, 6, 15], "photo": [3689]}}, {"condition": {"id": 1163}, "defaults": {"kategori_id": 9, "site_id": 50, "admin_id": 60, "judul": "Bulan Penimbangan Dan Pemberian Vitamin A", "judul_seo": "bulan-penimbangan-dan-pemberian-vitamin-a", "isi_berita": "<p><iframe frameborder=\"0\" height=\"300\" scrolling=\"no\" src=\"https://www.facebook.com/plugins/post.php?href=https%3A%2F%2Fwww.facebook.com%2Fpuskesmas.sekotong.712%2Fposts%2Fpfbid0mWHF5Uiebqa5tVUQH34vt2Gha188hDKTiizwoB5DaQXSWQtMBK4JPGT3Pfc9gSQ4l&amp;show_text=true&amp;width=500\" style=\"border:none;overflow:hidden\" width=\"500\"></iframe></p>\r\n", "view_count": 116, "word_count": 0, "status": "published", "created_at": "2022-08-02T12:38:51.762Z", "updated_at": "2024-07-02T09:53:46.186Z"}, "m2m": {"tags": [5, 6], "photo": [3690]}}, {"condition": {"id": 1233}, "defaults": {"kategori_id": 9, "site_id": 50, "admin_id": 60, "judul": "Senam Ceria, Sebagai Rutinitas Aktifitas Fisik setiap Jum\u2019at Pagi Wujud Perilaku \"CERDIK\" dan Sehat.", "judul_seo": "senam-ceria-sebagai-rutinitas-aktifitas-fisik-setiap-jumat-pagi-wujud-perilaku-cerdik-dan-sehat", "isi_berita": "<p><strong>Jum&#39;at 5/8/2022</strong></p>\r\n\r\n<p><strong>PKM Sekotong</strong> - Kegiatan Senam pagi dilakukan hari ini jumat, 5 Agustus 2022 oleh&nbsp; Staff Puskesmas Sekotong di halaman depan Puskesmas dipimpin oleh instruktur senam dari Programmer Kesehatan Kerja dan Olah Raga Sherlinda, .</p>\r\n\r\n<p>&nbsp;&nbsp;&nbsp;&nbsp;&nbsp;&nbsp;&nbsp;&nbsp;Senam pagi merupakan suatu aktifitas fisik yang perlu diadakan untuk menjaga kebugaran jasmani para pegawai. Gerakan-gerakan senam pagi bermanfaat untuk melatih otot-otot pada tubuh, melancarkan peredaran darah sehingga lebih sehat dan segar. Paparan sinar matahari pagi juga bagus bagi tubuh karena kandungan vitamin D alaminya. Jika tubuh sehat dan bugar secara fisik, maka kemampuan konsentrasi juga akan meningkat dan memudahkan dalam menyelesaikan pekerjaan sehari-hari. Senam juga dapat memperkuat tulang, membantu menormalkan aliran darah dan melatih urat saraf yang kaku serta meningkatkan kesehatan jantung dan stamina tubuh. Olahraga ini&nbsp;juga bisa menjaga fungsi otak, mencegah pikun, juga bisa mengurangi stress dan membuat lebih bahagia karena dengan kita melakukan gerakan senam maka tubuh akan melepaskan hormon&nbsp;<em>endorphine.</em></p>\r\n\r\n<p>&nbsp;&nbsp;&nbsp;&nbsp;&nbsp;&nbsp;&nbsp;&nbsp;Zat <em>Endorphin</em> adalah senyawa kimia yang membuat seseorang merasa senang dan untuk kekebalan tubuh. <em>Endorphin</em> diproduksi oleh tubuh kita (kelenjar pituitary) yaitu pada saat kita merasa bahagia (tertawa) dan pada saat kita istirahat yang cukup. Zat ini bertindak seperti <em>morphine</em>, bahkan dikatakan 200 kali lebih besar dari <em>morphine</em>. <em>Endorphin</em> atau <em>Endorphine</em> mampu menimbulkan perasaan senang dan nyaman hingga membuat seseorang berenergi. Fungsi zat itu adalah untuk kekebalan tubuh. Artinya, selain mencegah memburuknya emosi kita, membuat bahagia, juga merangsang timbulnya zat imunitas. Dengan <em>endorphin</em> perasaan kita akan lebih rileks, dan tentunya kita pun akan lebih mudah mengontrol diri kita dari amarah sekaligus berpikir positif dengan mengutamakan kesabaran. Dapat dikatakan bahwa Zat <em>Endorphin</em> yaitu zat yang diproduksi oleh tubuh ketika kita merasa bahagia (<a href=\"http://p2ptm.kemkes.go.id/\">http://p2ptm.kemkes.go.id/</a>).&nbsp;</p>\r\n\r\n<p><img alt=\"\" src=\"/media/uploads/puskesmassekotonglobar/2022/08/05/whatsapp-image-2022-08-05-at-084819.jpeg\" style=\"height:207px; width:450px\" /></p>\r\n\r\n<p>&nbsp;</p>\r\n\r\n<p><strong>RnD</strong></p>\r\n", "view_count": 92, "word_count": 263, "status": "published", "created_at": "2022-08-05T09:32:49.417Z", "updated_at": "2024-07-01T07:52:30.942Z"}, "m2m": {"tags": [5, 6, 15, 49, 50], "photo": [3867]}}, {"condition": {"id": 1327}, "defaults": {"kategori_id": 9, "site_id": 50, "admin_id": 60, "judul": "Kegiatan Pembinaan Kelompok Bthree", "judul_seo": "kegiatan-pembinaan-kelompok-bthree", "isi_berita": "<p>Pembinaan kelompok Bthree</p>\r\n\r\n<p>Kamis, 11 Agustus 2022</p>\r\n\r\n<p>Lokasi kegiatan: Dusun Telage Lebur Loang Baloq Desa Sekotong Tengah</p>\r\n\r\n<p>Tujuan Pelaksanaan:&nbsp;<br />\r\n1. Memberikan Edukasi pada ibu balita tentang tumbang bayi balita&nbsp;<br />\r\n2. Memberikan Edukasi tentang terapi bapilpa pada bayi dan balita oleh fisioterapi<br />\r\n3. Mengurangi penggunaan obat pada bayi dan balita sakit dengan terapi&nbsp;<br />\r\n4. Memaksimalkan fungsi Buku KIA&nbsp;</p>\r\n\r\n<p>Narasumber /Petugas:&nbsp;<br />\r\n1. Programer kesehatan Anak<br />\r\n2. Sherlinda</p>\r\n\r\n<p>Peserta/ sasaran :&nbsp;<br />\r\n1. Ibu Bayi balita<br />\r\n2. Bayi dan Balita&nbsp;</p>\r\n\r\n<p><br />\r\nHasil Kegiatan/Output:<br />\r\n1. Kegiatan dihadiri oleh 10 orang ibu dan bayi balitanya<br />\r\n2. Perkelanalan tentang kegiatan hari ini<br />\r\n3. Memberikan penyuluhan/KIE tentang tumbang bayi dan balita serta gizi untuk tumbang bayi balita<br />\r\n4. Mengingatkan dan mengajarkan kembali pada ibu bayi dan balita manfaat buku KIA untuk menilai tumbang bayi dan balita<br />\r\n5. Memberikan demo massage bayi balita oleh fisioterapi</p>\r\n", "view_count": 65, "word_count": 116, "status": "published", "created_at": "2022-08-11T11:04:31.953Z", "updated_at": "2024-07-02T01:32:08.965Z"}, "m2m": {"tags": [], "photo": []}}, {"condition": {"id": 1475}, "defaults": {"kategori_id": 3, "site_id": 50, "admin_id": 60, "judul": "KAMPANYE GERMAS KABUPATEN LOMBOK BARAT", "judul_seo": "kampanye-germas-kabupaten-lombok-barat", "isi_berita": "<p>Dalam Rangka Memeriahkan HUT RI ke-77 yang dirangkai dengan Kampanya Implementasi Gerakan MAsyarakat Hidup Sehat (GERMAS) di Kabupaten Lombok Barat yang dirangkai dengan Kegiatan Senam Bersama, Makan Buah Segar Bersama, Aksi Bergizi, Sekrenig Kesehatan dan Donor Darah</p>\r\n", "view_count": 78, "word_count": 36, "status": "published", "created_at": "2022-08-24T09:31:00.355Z", "updated_at": "2024-07-08T21:19:22.179Z"}, "m2m": {"tags": [40], "photo": [4626]}}, {"condition": {"id": 1500}, "defaults": {"kategori_id": 3, "site_id": 50, "admin_id": 60, "judul": "ALUR PENJAMINAN KECELAKAAN LALU LINTAS", "judul_seo": "alur-penjaminan-kecelakaan-lalu-lintas", "isi_berita": "<p>Korban kecelakaan lalu lintas (laka lantas) selain bisa menggunakan BPJS Kesehatan sebagai penjamin biaya perawatan, juga dapat memakai pembiayaan kesehatan serupa dari PT Jasa Raharja. Agar tak terjadi tumpang tindih, BPJS Kesehatan bersama Jasa Raharja mengubah alur mekanisme penjaminan kecelakaan lalu lintas.<br />\r\n<br />\r\n&nbsp;</p>\r\n", "view_count": 79, "word_count": 42, "status": "published", "created_at": "2022-08-25T09:52:37.080Z", "updated_at": "2024-07-06T22:16:40.290Z"}, "m2m": {"tags": [], "photo": [4688]}}, {"condition": {"id": 1799}, "defaults": {"kategori_id": 3, "site_id": 50, "admin_id": 60, "judul": "HARI KESEHATAN GIGI NASIONAL", "judul_seo": "hari-kesehatan-gigi-nasional", "isi_berita": "<p>Setiap tanggal 12 September diperingati sebagai Hari Kesehatan Gigi Nasional, oleh sebab itu UPT Puskesmas Sekotong Mengadakan Sikat gigi masal di SDN 1 Sekotong, hal ini merupakan salah satu mementum yang dapat meningkatkan kesadaran akan pentingnya menjaga kesehatan Gigi dan mulut.</p>\r\n", "view_count": 270, "word_count": 39, "status": "published", "created_at": "2022-09-12T10:34:34.698Z", "updated_at": "2024-07-02T05:10:46.772Z"}, "m2m": {"tags": [], "photo": [5402]}}, {"condition": {"id": 2000}, "defaults": {"kategori_id": 5, "site_id": 50, "admin_id": 60, "judul": "Sosialisasi TTD (Tablet Tambah Darah) di Sekolah SMP/SMA Sederajat", "judul_seo": "sosialisasi-ttd-tablet-tambah-darah-di-sekolah-smp-sma-sederajat", "isi_berita": "<p><br />\r\nsenin, 26 September 2022</p>\r\n\r\n<p>kegiatan sosialisasi ini dilaksanakan di&nbsp; Mts nurul ilahi blongas , Desa buwun mas , kecamatan sekotong .</p>\r\n\r\n<p>Kegiatan ini bertujuan untuk mensialisasikan manfaat TTD (Tablet Tambah Darah)&nbsp;pada Remaja</p>\r\n\r\n<p>Narasumber /Petugas yang melaksanakan kegiatana ini adalah Tim Gizi&nbsp;Puskemas dengan Peserta/ sasarannya adalah&nbsp; siswa/Siswi kelas 7 dan 8 Mts Nurul Ilahi Blongas.</p>\r\n\r\n<p>Hasil dari Kegiatan ini&nbsp; adalah sasaran mengerti/paham tentang :<br />\r\n1. Apa itu TTD untuk remaja<br />\r\n2. Manfaat dan dosis pemberian TTD remaja<br />\r\n3. Tanda2/gejala anemia dan resiko anemia pada remaja.</p>\r\n\r\n<p>&nbsp;</p>\r\n\r\n<p>&nbsp;</p>\r\n\r\n<p>&nbsp;</p>\r\n\r\n<p>*<img alt=\"\" src=\"/media/uploads/puskesmassekotonglobar/2022/09/26/whatsapp-image-2022-09-26-at-111303.jpeg\" style=\"height:315px; width:420px\" />Rnd</p>\r\n", "view_count": 168, "word_count": 73, "status": "published", "created_at": "2022-09-26T11:32:34.326Z", "updated_at": "2024-07-01T05:51:35.481Z"}, "m2m": {"tags": [15], "photo": [5973]}}, {"condition": {"id": 2001}, "defaults": {"kategori_id": 9, "site_id": 50, "admin_id": 60, "judul": "Kunjungan neonatal kunjungan ibu nifas (KNKF)\u00a0", "judul_seo": "kunjungan-neonatal-kunjungan-ibu-nifas-knkf", "isi_berita": "<p><em>Senin, 26 September 2022</em></p>\r\n\r\n<p>&nbsp; &nbsp; &nbsp; &nbsp; Kegiatan&nbsp;Kunjungan neonatal kunjungan ibu nifas (KNKF) ini berlokasi Dusun Pemegatan &nbsp;Desa taman baru kecamatan sekotong&nbsp;</p>\r\n\r\n<p>kegiatan bertujuan untuk :&nbsp;<br />\r\n1. mengetahui status kesehatan ibu nifas &amp; bayi baru lahir<br />\r\n2. KIE tanda- tanda bahaya bayi baru lahir.<br />\r\n3. KIE tanda2 bahaya pada ibu nifas<br />\r\n4. KIE asi ekslusif, perawatan BBL, personal hygene, kontrasepsi dan Makanan yg bergizi untuk ibu nifas busui,&nbsp;<br />\r\n5. KIE rajin posyandu untuk mengetahui status kesehatan bayi dan mendapatkan imunisasi dasar lengkap.</p>\r\n\r\n<p>Petugas&nbsp; yang melaksnakan kegiatan ini adalah&nbsp;&nbsp;Bidan Desa Taman Baru dengan Peserta/ sasarannya&nbsp; ibu nifas dan bayi baru lahir&nbsp; sedangkan Hasil dari kegiatan tersebut adalah&nbsp;<br />\r\n1. Ibu memahami tanda2 bahaya pada bayi dan ibu nifas.<br />\r\n2. Ibu memahami manfaat ASI eksklusif, cara perawatan bayi baru lahir, personal hygene, imunisasi dasar lengkap.<br />\r\n3. Sepakat akan menggunakan KB MKJP setelah masa nifas.</p>\r\n\r\n<p>&nbsp;</p>\r\n\r\n<p>&nbsp;</p>\r\n\r\n<p><img alt=\"\" src=\"/media/uploads/puskesmassekotonglobar/2022/09/26/whatsapp-image-2022-09-26-at-103055.jpeg\" style=\"height:320px; width:240px\" /></p>\r\n\r\n<p>*</p>\r\n\r\n<p>Rnd</p>\r\n", "view_count": 675, "word_count": 127, "status": "published", "created_at": "2022-09-26T11:39:34.299Z", "updated_at": "2024-07-10T23:11:39.674Z"}, "m2m": {"tags": [6], "photo": [5975]}}, {"condition": {"id": 2002}, "defaults": {"kategori_id": 5, "site_id": 50, "admin_id": 60, "judul": "Sikat gigi bersama", "judul_seo": "sikat-gigi-bersama", "isi_berita": "<p><iframe allow=\"autoplay; clipboard-write; encrypted-media; picture-in-picture; web-share\" allowfullscreen=\"true\" frameborder=\"0\" height=\"638\" scrolling=\"no\" src=\"https://www.facebook.com/plugins/post.php?href=https%3A%2F%2Fwww.facebook.com%2Fpuskesmas.sekotong.712%2Fposts%2Fpfbid031V5xt7tL2v5p9wVCZwPD8uijkTVE8P1Zd82i9x8ooQrZ8u2tgde8aaPbtcPjfgYBl&amp;show_text=true&amp;width=500\" style=\"border:none;overflow:hidden\" width=\"500\"></iframe></p>", "view_count": 301, "word_count": 0, "status": "published", "created_at": "2022-09-26T12:33:19.347Z", "updated_at": "2024-07-01T10:29:37.769Z"}, "m2m": {"tags": [5], "photo": [5989]}}, {"condition": {"id": 2265}, "defaults": {"kategori_id": 5, "site_id": 50, "admin_id": 60, "judul": "BAKTI SOSIAL PENYULUHAN DAN PEMERIKSAAN KESEHATAN DALAM RANGKA PENANGGULANGAN BENCANA BANJIR DAN TANAH LONGSOR", "judul_seo": "bakti-sosial-penyuluhan-dan-pemeriksaan-kesehatan-dalam-rangka-penanggulangan-bencana-banjir-dan-tanah-longsor", "isi_berita": "<p><iframe allow=\"autoplay; clipboard-write; encrypted-media; picture-in-picture; web-share\" allowfullscreen=\"true\" frameborder=\"0\" height=\"564\" scrolling=\"no\" src=\"https://www.facebook.com/plugins/post.php?href=https%3A%2F%2Fweb.facebook.com%2Fpuskesmas.sekotong.712%2Fposts%2Fpfbid0rDMUpp4FkyPyz77Kf1csp2cG6Z3q6K63hMQN2JnXAgpQRH1zsjzSdpriCA7XKZFgl&amp;show_text=true&amp;width=500\" style=\"border:none;overflow:hidden\" width=\"500\"></iframe></p>\r\n", "view_count": 311, "word_count": 0, "status": "published", "created_at": "2022-10-26T11:41:47.568Z", "updated_at": "2024-06-29T07:41:48.820Z"}, "m2m": {"tags": [7], "photo": [6845]}}, {"condition": {"id": 2479}, "defaults": {"kategori_id": 3, "site_id": 50, "admin_id": 60, "judul": "FAKULTAS KEDOKTERAN UGM BERKUNJUNG KE PUSKESMAS SEKOTONG", "judul_seo": "fakultas-kedokteran-ugm-berkunjung-ke-puskesmas-sekotong", "isi_berita": "<p>Pusat Kebijakan dan&nbsp; Manajemen Kesehatan Fakultas Kedokteran UGM sedang melaksanakan kegiatan penelitian&nbsp; Mengembangkan Instrumen dan Mekanisme Diagnostik Sistem data Daerah dari Empat Kabupaten di Indonesia. penelitian ini bertujuan untuk memahami bagaimana serangkaian indikator yang releven diproduksi dan digunakan di tingkat&nbsp; lokal/kabupaten.</p>\r\n", "view_count": 262, "word_count": 40, "status": "published", "created_at": "2022-11-26T09:35:56.740Z", "updated_at": "2024-06-30T22:51:17.310Z"}, "m2m": {"tags": [5], "photo": [7446]}}, {"condition": {"id": 3439}, "defaults": {"kategori_id": 3, "site_id": 50, "admin_id": 60, "judul": "Dalam Memperluas Informasi Kesehatan Dinas Kesehatan melakukan Penguatan Kapasitas IT Rumah Sakit dan Puskesmas", "judul_seo": "dalam-memperluas-informasi-kesehatan-dinas-kesehatan-melakukan-penguatan-kapasitas-it-rumah-sakit-dan-puskesmas", "isi_berita": "<p style=\"text-align:justify\">Sekotong, 26 Mei 2023.</p>\r\n\r\n<p style=\"text-align:justify\">Dalam menyebarluaskan informasi publik terutama dibidang kesehatan maka Dinas Kesehatan Kabupaten Lombok Barat melakukan Penguatan IT bagi Petugas SIK ( Sistem Informasi Kesehatan ) Puskesmas dan Rumah Sakit pada Kamis 25 Mei yang berlokasi di Hotel Puri Saron - Senggigi. Hal ini dilakukan sebagai upaya atau dukungan terhadap keterbukaan informasi di era digital sehingga masyarakat bisa mengakses infiormasi yang sifatnya terbuka dan dibutuhkan. pada pertemuan tersebut Dinas Kesehatan mengahdirkan tim dari Prata Picture sebagai Nara Sumber, dalam penyampaiannya Tim Pratama Picture menerangkan untuk menyebarluaskan Informasi baik dalam bentuk Vidio maupun Poto harus memuat Unsur - Unsur berita 5W - 1H dan beberapa Media Pendukung speri Kamera, Hp dan lain-lain.</p>\r\n\r\n<p style=\"text-align:justify\">Pertemuan tersebut dilaksanakan selama dua hari mulai dari kamis 25 Mei sampai jum&#39;at 26 Mei 2023, hal ini dimaksudkan agar semua petugas IT/SIK Puskesmas bisa belajar lebih maksimal mengenai Audio Visual dan Pembuatan Film baik yang Sifatnya Narasi , Dokumentasi maupun Animasi.<br />\r\n&nbsp;</p>\r\n", "view_count": 106, "word_count": 138, "status": "published", "created_at": "2023-05-25T03:00:31.147Z", "updated_at": "2024-07-05T17:26:43.043Z"}, "m2m": {"tags": [164], "photo": [10102]}}, {"condition": {"id": 3811}, "defaults": {"kategori_id": 5, "site_id": 50, "admin_id": 60, "judul": "Dirgahayu Ikatan Bidan Indonesia Ke-72", "judul_seo": "dirgahayu-ikatan-bidan-indonesia-ke-72", "isi_berita": "<p><img alt=\"\" src=\"/media/uploads/puskesmassekotonglobar/2023/06/24/pink-brush-chalk-greeting-international-midwives-day-instagram-story-template-1.png\" style=\"height:1655px; width:1079px\" /></p>", "view_count": 144, "word_count": 0, "status": "published", "created_at": "2023-06-24T03:14:27.825Z", "updated_at": "2024-06-28T12:59:36.902Z"}, "m2m": {"tags": [], "photo": [11171]}}, {"condition": {"id": 4067}, "defaults": {"kategori_id": 5, "site_id": 50, "admin_id": 60, "judul": "Penyuluhan HIV AIDS dan NAFZA di SMKN 1 Sekotong", "judul_seo": "penyuluhan-hiv-aids-dan-nafza-di-smkn-1-sekotong", "isi_berita": "<figure class=\"media\"><div data-oembed-url=\"https://youtu.be/XzYcX-nG9XM\"><div style=\"position: relative; padding-bottom: 100%; height: 0; padding-bottom: 56.2493%;\"><iframe src=\"https://www.youtube.com/embed/XzYcX-nG9XM\" style=\"position: absolute; width: 100%; height: 100%; top: 0; left: 0;\" frameborder=\"0\" allow=\"autoplay; encrypted-media\" allowfullscreen=\"\"></iframe></div></div></figure>", "view_count": 168, "word_count": 0, "status": "published", "created_at": "2023-07-31T00:56:59.683Z", "updated_at": "2024-07-08T05:12:35.524Z"}, "m2m": {"tags": [77], "photo": []}}, {"condition": {"id": 4202}, "defaults": {"kategori_id": 5, "site_id": 50, "admin_id": 60, "judul": "LOKAKARYA MINI BULANAN", "judul_seo": "lokakarya-mini-bulanan", "isi_berita": "<p>Lokakarya Mini Bulanan UPT Puskesmas Sekotong, yang dilaksanakan setiap bulan sekali, hal ini bertujuan sebagai evaluasi bulanan terhadap program - program puskesmas khususnya dibidang kesehatan.</p>", "view_count": 945, "word_count": 24, "status": "published", "created_at": "2023-08-11T06:59:17.862Z", "updated_at": "2024-07-11T02:58:57.328Z"}, "m2m": {"tags": [6], "photo": [12566]}}, {"condition": {"id": 4203}, "defaults": {"kategori_id": 9, "site_id": 50, "admin_id": 60, "judul": "IMUNISASI ANAK SEKOLAH", "judul_seo": "imunisasi-anak-sekolah", "isi_berita": "<p>UPT Puskesmas Sekotong melakukan giat imunisasi untuk siswa siswi Sekolah dasar yang ada di wilayah kerja UPT Puskesmas Sekotong, Hal ini merupakan komitmen Pemerintah khususnya Kementrian Kesehatan dalam Upaya meningkatkan Kualitas Sumberdaya Manusia melalui &nbsp;ausaha Kesehatan sekolah ( UKS )</p>", "view_count": 432, "word_count": 38, "status": "published", "created_at": "2023-08-11T07:04:40.902Z", "updated_at": "2024-07-07T09:46:05.873Z"}, "m2m": {"tags": [6], "photo": [12567]}}, {"condition": {"id": 4260}, "defaults": {"kategori_id": 3, "site_id": 50, "admin_id": 60, "judul": "SEMARAK HUT RI Ke-78 UPT Puskesmas Sekotong", "judul_seo": "semarak-hut-ri-ke-78-upt-puskesmas-sekotong", "isi_berita": "<p>DALAM RANGKA HUT RI KE-78&nbsp;<br>UPT PUSKESMAS SEKOTONG GELAR &nbsp; BERBAGAI LOMBA DAN BERBAGI BINGKISAN BERSAMA PASIEN.</p><p>Sekotong, 16 Agustus 2023</p><p>UPT Puskesmas Sekotong gelar semarak kemerdekaan HUT RI Ke-78 &nbsp;yang mengusung tema \"Terus Melaju Untuk Indonesia Maju\" yang digelar di halaman UPT Puskesmas Sekotong.</p><p>Untuk memeriahkan suasana HUT RI Ke-78 &nbsp;UPT Puskesmas Sekotong turut berpartisipasi aktif dengan ikut serta dalam berbagai lomba yang diadakan oleh pihak Camat sekotong, bahkan UPT Puskesmas Sekotong sendiri menggelar berbagai kegiatan Lomba yang diikuti oleh seluruh staf seperti Lomba Lari Karung,lomba pecah balon dan lain - lain.</p><p style=\"text-align:justify;\">Lebih lanjut, Kepala UPT Puskesmas Sekotong &nbsp;dr. I Komang Sutrisna Budiyasa bersama &nbsp;staf ikut berpartisipasi dengan berbagi bingkisan kepada pasien yang ada di Puskesmas Sekotong, hal ini dilakukan sebagai upaya untuk menumbuhkan &nbsp;semangat kebersamaan baik bagi staf maupun pasien yang ada di Puskesmas Sekotong.</p>", "view_count": 872, "word_count": 122, "status": "published", "created_at": "2023-08-16T13:03:06.747Z", "updated_at": "2024-07-06T15:43:22.649Z"}, "m2m": {"tags": [5], "photo": [12749]}}, {"condition": {"id": 4666}, "defaults": {"kategori_id": 3, "site_id": 50, "admin_id": 60, "judul": "Hari ini, Hj. Sumiatun dilantik menjdi Bupati Lobar Depinitif", "judul_seo": "hari-ini-hj-sumiatun-dilantik-menjdi-bupati-lobar-depinitif", "isi_berita": "<p>Dikutip dari Sura NTB.com, P<span style=\"background-color:rgb(255,255,255);color:rgb(34,34,34);\">enjabat (Pj) Gubernur NTB, Drs.H. Lalu Gita Ariadi, M.Si melantik Hj. Sumiatun sebagai Bupati Lombok Barat (Lobar) definitif, Senin, 12 November 2023 hari ini.</span></p><p style=\"margin-left:auto;text-align:justify;\">Dikatakan SK Bupati Lobar berlaku sampai 31 Desember. Hal ini mengacu UU Nomor 10 Tahun 2016 Tentang Pemilihan Gubernur, Bupati, Dan Walikota, bagi kepala daerah yang hasil Pilkada tahun 2018, berakhir masa jabatannya sampai Desember 2023. Jadi kepala daerah Lobar hasil Pemilu 2018, berakhir masa jabatannya sampai Desember 2023,jelasnya.</p><p style=\"margin-left:auto;text-align:justify;\">Ditanya soal Kompensasi gaji bagi Bupati, karena sesuai SK kemendagri jabatannya berakhir April 2024? Dikatakannya, jika mengacu siklus masa jabatan Kepala Daerah selama lima tahunan, sesuai SK kemendagri,&nbsp; berakhir jabatannya bulan April 2024.</p>", "view_count": 51, "word_count": 93, "status": "published", "created_at": "2023-11-13T01:18:56.379Z", "updated_at": "2024-07-08T10:30:50.402Z"}, "m2m": {"tags": [], "photo": [13918]}}, {"condition": {"id": 4670}, "defaults": {"kategori_id": 3, "site_id": 50, "admin_id": 60, "judul": "BIAS \" Investasi Masadepan Generasi Unggul\"", "judul_seo": "bias-investasi-masadepan-generasi-unggul", "isi_berita": "<p>&nbsp;UPT PUSKESMAS SEKOTONG BIAS (Bulan Imunisasi Anak Sekolah)</p><p>\" Investasi Masa Depan Generasi Unggul\"</p><p>Dalam rangka meningkatkan tingkat kesehatan anak-anak sekolah, Indonesia merayakan Bulan Imunisasi Anak Sekolah sebagai bagian dari upaya bersama melindungi generasi muda dari berbagai penyakit serius. Dengan tema \"Vaksinasi untuk Masa Depan Unggul,\" program ini menekankan pentingnya imunisasi sebagai langkah preventif yang krusial.</p><p>Selama bulan ini, Tim BIAS UPT Puskesmas Sekotong berkunjung ke sekolah-sekolah yang ada di wilayah kerja UPT Puskesmas Sekotong yang menjadi pusat kegiatan imunisasi. Tim medis bekerja sama dengan guru dan orang tua untuk memastikan bahwa setiap anak mendapatkan vaksin yang diperlukan sesuai dengan jadwal imunisasi yang ditetapkan. Hal ini tidak hanya melibatkan vaksin dasar seperti BCG dan DPT, tetapi juga vaksin-vaksin terbaru yang relevan dengan kondisi kesehatan saat ini.</p><p>Pemerintah, bersama dengan lembaga kesehatan dan sekolah, berupaya menciptakan kesadaran masyarakat tentang pentingnya vaksinasi. Program edukasi dilakukan untuk merespons pertanyaan dan ketidakpastian yang mungkin dimiliki orang tua terkait vaksinasi anak. Ini dilakukan agar orang tua dapat membuat keputusan informasional dan memahami dampak positif imunisasi terhadap kesehatan anak-anak mereka.</p><p>Bulan Imunisasi Anak Sekolah bukan hanya upaya untuk melindungi individu, tetapi juga investasi dalam kesehatan masyarakat secara keseluruhan. Dengan memberikan vaksin kepada anak-anak, kita tidak hanya melindungi mereka dari penyakit serius, tetapi juga membentuk fondasi kesehatan yang kuat untuk masa depan yang lebih cerah dan produktif.</p>", "view_count": 117, "word_count": 206, "status": "published", "created_at": "2023-11-13T03:07:21.753Z", "updated_at": "2024-07-02T10:16:21.018Z"}, "m2m": {"tags": [6, 7], "photo": [13930]}}, {"condition": {"id": 4687}, "defaults": {"kategori_id": 3, "site_id": 50, "admin_id": 60, "judul": "Pelayanan Kesehatan di Daerah Sulit UPT Puskesmas Sekotong", "judul_seo": "pelayanan-kesehatan-di-daerah-sulit-upt-puskesmas-sekotong", "isi_berita": "<p>Hari ini Tim Kesehatan Puskesmas Sekotong Melakukan kunjungan ke Daerah sulit yang berada diwilayah selatan tepatnya di dusun panggang desa buwunmas Kecamatan Sekotong, kegiatan ini diikuti oleh Kepala Puskesmas dr. I Komang Sutrisna Budiyasa beserta Tim yang terdiri dari Bidan, Perawat, Gizi dan Promkes.<br>Puskesmas sekotong memiliki peran krusial dalam menyediakan layanan kesehatan yang terjangkau dan berkualitas bagi masyarakat . dalam upaya peningkatan pelayanan berbagai inisiatif dan perbaikan terus dilakukan di Puskesmas Sekotong untuk memastikan kebutuhan kesehatan masyarakat terpenuhi dengan baik.<br>Salah satu kegiatan yang dilakukan di dusun panggang adalah peningkatan pelayanan dasar seperti BIAS, Imunisasi, Pemeriksaan Lansia, Pelayanan KB, dan lain  lain, dengan menyediakan pelayanan ini, Puskesmas Sekotong berkontribusi secara langsung pada pencegahan penyakit dan promosi kesehatan masyarakat yang ada di Dusun Panggang desa Buwunmas</p><p>Puskesmas Sekotong juga aktif dalam mengedukasi masyarakat tentang pentingnya hidup sehat dan pola makan yang seimbang. &nbsp;Manajemen puskesmas Sekotong menekan kan pentingnya partisipasi aktif masyarakat dalam program  program kesehatan yang diselenggarakan. Kolaborasi antar petugas kesehatan dan masyarakat menjadi kunci keberhasilan dalam membangun budaya hidup sehat terutama masyarakat yang berada di daerah sulit.<br>Dengan terus meningkatkan pelayanan, berinovasi, dan mengedukasi masyarakat, Puskesmas Sekotong berkomitmen untuk tetap menajdi garda terdepan dalam menjaga kesehatan masyarakat hususnya yang berada diwilayah kerja Puskesmas Sekotong. Inilah wujud nyata dari pelayanan kesehatan yang bersifat inklusif dan berorientasi pada kebutuhan masyarakat.</p>", "view_count": 86, "word_count": 211, "status": "published", "created_at": "2023-11-14T11:16:16.655Z", "updated_at": "2024-07-08T05:08:08.926Z"}, "m2m": {"tags": [5], "photo": [13964]}}, {"condition": {"id": 4716}, "defaults": {"kategori_id": 9, "site_id": 50, "admin_id": 60, "judul": "PENYELIDIKAN EPIDEMIOLOGI PENYAKIT POTENSIAL WABAH OLEH TIM TGC UPT PUSKESMAS SEKOTONG", "judul_seo": "penyelidikan-epidemiologi-penyakit-potensial-wabah-oleh-tim-tgc-upt-puskesmas-sekotong", "isi_berita": "<p style=\"margin-left:0px;\">Sekotong, 16 November 2023</p><p style=\"margin-left:0px;\">Tim Gerak Cepat (TGC) Puskesmas Sekotong, yang didampingi oleh Kepala Puskesmas Sekotong, tengah menjalankan penyelidikan epidemiologi mendalam di Dusun Madak Desa Cendi Manik. Fokus utama penyelidikan ini adalah pengambilan dan pemeriksaan sampel air minum sebagai langkah proaktif dalam mengidentifikasi potensi wabah penyakit di wilayah tersebut.</p><p style=\"margin-left:0px;\">Dalam upaya mencegah dan mengendalikan potensi penyebaran penyakit, TGC Puskesmas Sekotong telah mengambil langkah-langkah preventif yang melibatkan pengumpulan sampel air dari berbagai sumber di sekitar Dusun Madak. Kepala Puskesmas Sekotong turut aktif dalam memimpin dan mendukung tim selama proses ini, memastikan koordinasi yang efektif serta menghadirkan kepemimpinan yang solid.</p><p style=\"margin-left:0px;\">Pemeriksaan sampel air minum melibatkan proses laboratorium yang cermat untuk mendeteksi adanya zat-zat berbahaya atau bakteri yang dapat menyebabkan penyakit. Hasil dari pemeriksaan ini akan menjadi dasar bagi tindakan selanjutnya, termasuk langkah-langkah peningkatan kualitas air minum dan langkah-langkah kesehatan masyarakat yang sesuai.</p><p style=\"margin-left:0px;\">Tim TGC Puskesmas Sekotong dan Kepala Puskesmas Sekotong menegaskan komitmen mereka dalam menjaga kesehatan masyarakat setempat. Informasi lebih lanjut mengenai hasil penyelidikan ini akan disampaikan kepada masyarakat secara transparan, sehingga semua pihak dapat ikut berperan aktif dalam menjaga keamanan kesehatan bersama.</p>", "view_count": 86, "word_count": 168, "status": "published", "created_at": "2023-11-16T03:21:55.393Z", "updated_at": "2024-07-01T15:30:08.378Z"}, "m2m": {"tags": [5], "photo": [14040]}}, {"condition": {"id": 4717}, "defaults": {"kategori_id": 3, "site_id": 50, "admin_id": 60, "judul": "EVALUASI CAPAIAN PROGRAM KESEHATAN UPT PUSKESMAS SEKOTONG GELAR MINILOK", "judul_seo": "evaluasi-capaian-program-kesehatan-upt-puskesmas-sekotong-gelar-minilok", "isi_berita": "<p>\"Puskesmas Sekotong Gelar Mini Lokakarya Bulanan: Evaluasi Capaian Program Kesehatan Bersama Seluruh Staff\"</p><p>Puskesmas Sekotong kembali menggelar kegiatan mini lokakarya bulanan yang dipimpin oleh Kepala Puskesmas. Acara yang diadakan di aula puskesmas ini berhasil mengumpulkan seluruh staf untuk membahas capaian program kesehatan dan merencanakan langkah-langkah ke depan.</p><p>Kepala Puskesmas Sekotong, dalam sambutannya, menyoroti pencapaian positif dalam program kesehatan yang telah dilaksanakan. Diskusi intensif melibatkan seluruh staf, menciptakan platform interaktif untuk bertukar ide dan pengalaman.</p><p>Para peserta lokakarya secara aktif terlibat dalam analisis capaian program, mengidentifikasi area keberhasilan, dan mengevaluasi tantangan yang dihadapi. Langkah-langkah perbaikan dan inovasi dibahas secara kolektif untuk meningkatkan efektivitas program kesehatan di wilayah tersebut.</p><p>Kepala Puskesmas menegaskan pentingnya kerja sama tim dan komitmen bersama dalam mencapai tujuan kesehatan masyarakat. Mini lokakarya bulanan menjadi wadah yang efektif untuk membangun sinergi di antara staf puskesmas, menciptakan semangat kolaboratif dalam memberikan pelayanan terbaik bagi masyarakat Sekotong.</p><p>Dengan semangat positif dan komitmen yang diperkuat, Puskesmas Sekotong siap menghadapi tantangan ke depan, terus memajukan kesehatan dan kesejahteraan masyarakat.</p>", "view_count": 78, "word_count": 154, "status": "published", "created_at": "2023-11-16T03:47:35.585Z", "updated_at": "2024-07-01T15:36:10.246Z"}, "m2m": {"tags": [5], "photo": [14041, 14042]}}, {"condition": {"id": 4738}, "defaults": {"kategori_id": 3, "site_id": 50, "admin_id": 60, "judul": "Perpisahan Dokter di Puskesmas Sekotong Meninggalkan Jejak Pelayanan Kesehatan yang Berkesan", "judul_seo": "perpisahan-dokter-di-puskesmas-sekotong-meninggalkan-jejak-pelayanan-kesehatan-yang-berkesan", "isi_berita": "<p>Puskesmas Sekotong mengalami momen perpisahan yang penuh haru dengan keberangkatan Dokter PIDI yang telah lama menjadi bagian integral dari layanan kesehatan masyarakat di wilayah ini. Perpisahan ini disambut dengan rasa terima kasih dan apresiasi yang mendalam atas kontribusi luar biasa yang telah diberikan oleh Dokter PIDI.</p><p>Dokter PIDI bukan sekadar seorang tenaga medis, tetapi juga menjadi sosok yang dekat dengan masyarakat setempat. Dengan dedikasi yang tinggi, Dokter PIDI telah memberikan pelayanan kesehatan yang berkualitas, peduli, dan menginspirasi bagi banyak pasien yang datang ke Puskesmas.</p><p>Pengelolaan kasus medis yang kompleks, keterlibatan aktif dalam program-program kesehatan komunitas, serta kemampuan untuk memberikan pemahaman dan dukungan kepada pasien dan keluarga mereka adalah sebagian kecil dari kontribusi luar biasa yang dilakukan oleh Dokter PIDI Jejaknya dalam memberikan pengobatan, edukasi, dan pelayanan kesehatan yang terbaik akan selalu dikenang oleh masyarakat dan rekan-rekannya di Puskesmas Sekotong</p><p>Kepala UPT Puskesmas Sekotong. dr. I Komang Sutrisna Budiyasa &nbsp;menyatakan, \"Kami sangat berterima kasih atas dedikasi dan komitmen Dokter PIDI selama ini. Jejaknya dalam meningkatkan pelayanan kesehatan di Puskesmas ini akan tetap diingat dan dihargai oleh semua staf UPT Puskesmas Sekotong.</p><p>Meski perpisahan ini membawa sedih, Puskesmas Sekotong berkomitmen untuk tetap memberikan layanan kesehatan yang berkualitas kepada masyarakat.</p><p>Perpisahan Dokte PIDI di Puskesmas Sekotong menjadi momen refleksi akan kontribusi yang berharga dalam membangun sistem kesehatan yang inklusif dan terjangkau bagi masyarakat. Semoga perjalanan selanjutnya Dokter PIDI membawa kesuksesan dan kebahagiaan, sementara Puskesmas Sekotong tetap berkomitmen untuk terus memberikan pelayanan kesehatan yang terbaik bagi seluruh masyarakat.</p>", "view_count": 114, "word_count": 233, "status": "published", "created_at": "2023-11-18T04:14:31.588Z", "updated_at": "2024-07-08T16:07:13.822Z"}, "m2m": {"tags": [5], "photo": [14092]}}, {"condition": {"id": 4739}, "defaults": {"kategori_id": 3, "site_id": 50, "admin_id": 60, "judul": "PUSKESMAS SEKOTONG RAIH PREDIKAT AKREDITASI PARIPURNA", "judul_seo": "puskesmas-sekotong-raih-predikat-akreditasi-paripurna", "isi_berita": "<p>Puskesmas Sekotong, Lombok Barat, meraih prestasi gemilang dengan berhasil meraih predikat Paripurna dalam proses akreditasi. Prestasi ini menandai dedikasi luar biasa tim Puskesmas dalam menyelenggarakan pelayanan kesehatan yang berkualitas.</p><p>Proses akreditasi yang ketat melibatkan penilaian terhadap berbagai aspek, mulai dari manajemen pelayanan hingga ketersediaan fasilitas. Puskesmas Sekotong berhasil menonjolkan keunggulan dalam penerapan protokol kesehatan, efisiensi operasional, dan interaksi positif dengan masyarakat.</p><p>Kepala Puskesmas Sekotong, Dr. Budi, menyampaikan rasa syukur dan terima kasih kepada seluruh tim yang berkontribusi dalam mencapai predikat Paripurna ini. \"Ini adalah hasil dari kerja keras bersama dan komitmen untuk memberikan pelayanan terbaik kepada masyarakat,\" ujar Dr. Budi.</p><p>Pencapaian ini tidak hanya mencerminkan profesionalisme Puskesmas Sekotong, tetapi juga memberikan keyakinan kepada masyarakat akan kualitas layanan kesehatan yang tersedia. Dengan predikat Paripurna ini, Puskesmas Sekotong menjadi teladan bagi lembaga kesehatan lainnya, menginspirasi untuk terus meningkatkan standar pelayanan demi kesejahteraan bersama. Selamat kepada Puskesmas Sekotong atas pencapaian luar biasa ini!</p>", "view_count": 137, "word_count": 144, "status": "published", "created_at": "2023-11-20T01:38:08.961Z", "updated_at": "2024-07-11T18:22:51.648Z"}, "m2m": {"tags": [5], "photo": [14093]}}, {"condition": {"id": 4847}, "defaults": {"kategori_id": 3, "site_id": 50, "admin_id": 60, "judul": "PENGUNJUNG PUSKESMAS SEKOTONG MELONJAK JELANG PEMILU 2024 ", "judul_seo": "pengunjung-puskesmas-sekotong-melonjak-jelang-pemilu-2024", "isi_berita": "<p style=\"margin-left:0px;\">Sekotong, 12 Desember 2023</p><p style=\"margin-left:0px;\">Pusat Kesehatan Masyarakat (Puskesmas) Sekotong hari ini menjadi pusat sorotan dengan kedatangan ratusan warga yang memenuhi lorong-lorongnya. Kehadiran mereka bertujuan untuk membuat surat keterangan dokter yang merupakan salah satu syarat untuk menjadi anggota KKPS pada Pemilu tahun 2024 mendatang</p><p style=\"margin-left:0px;\">Sejak pagi hari, antrian mulai terbentuk, melingkari ruang tunggu dan bahkan merambah hingga ke luar pintu Puskesmas. Pengunjung dari berbagai kelompok usia dan latar belakang yang berbeda mulai dari Mahasiswa, Pegawai Swasta, dan pengunjung lainnya</p><p style=\"margin-left:0px;\">Salah seorang pengunjung, mengungkapkan alasannya datang. \"Saya ingin mendaftar sebagai Anggota KPPS sebagai bentuk partisipasi dalam mensukseskan pemilu 2024 mendatang\"</p><p style=\"margin-left:0px;\">Situasi yang cukup padat di Puskesmas tidak mengurangi semangat para petugas kesehatan. Mereka bekerja keras untuk memastikan setiap pengunjung diberikan pelayanan dengan baik, mulai dari pemeriksaan kesehatan hingga pembuatan surat keterangan dokter yang menjadi syarat wajib untuk menjadi anggota KKPS</p>", "view_count": 202, "word_count": 128, "status": "published", "created_at": "2023-12-12T04:07:16.452Z", "updated_at": "2024-07-07T14:17:29.425Z"}, "m2m": {"tags": [6], "photo": [14398]}}, {"condition": {"id": 5094}, "defaults": {"kategori_id": 3, "site_id": 50, "admin_id": 60, "judul": "Komitmen Untuk meningkatkan Kualitas Layanan Menjadi Topik Utama Pada Minilokakarya Bulanan UPT Puskesmas Sekotong", "judul_seo": "komitmen-untuk-meningkatkan-kualitas-layanan-menjadi-topik-utama-pada-minilokakarya-bulanan-upt-puskesmas-sekotong", "isi_berita": "<p>Dalam rangka meningkatkan kualitas pelayanan kesehatan kepada masyarakat, Pusat Kesehatan Masyarakat (Puskesmas). Puskesmas Sekotong menggelar rapat bulanan pertama ( Minilokakarya ) untuk membahas perencanaan strategis yang akan diimplementasikan dalam periode mendatang.</p><p>Minilokakarya yang berlangsung pada 16 Januari 2024 ini dihadiri oleh seluruh tim medis, perawat, tenaga administrasi, dan pihak terkait di Puskesmas. Kegiatan ini dimulai dengan sambutan dari kepala Puskesmas, ( dr. I Komang Sutrisna Budiyasa ), yang menyampaikan tujuan dan urgensi perencanaan strategis dalam meningkatkan kualitas pelayanan kesehatan kepada masyarakat.</p><p>Pada pertemuan ini, beberapa poin utama yang dibahas melibatkan perencanaan pengembangan layanan kesehatan, optimalisasi pemanfaatan sumber daya, dan implementasi program kesehatan masyarakat. Beberapa aspek perencanaan termasuk peningkatan fasilitas, penyusunan jadwal layanan yang lebih efisien, serta pengembangan program kesehatan preventif untuk masyarakat.</p><p>Salah satu sorotan rapat adalah pembahasan strategi untuk meningkatkan promosi kesehatan dan pencegahan penyakit di tingkat komunitas. Tim medis bersama-sama merancang program-program inovatif yang dapat meningkatkan kesadaran masyarakat tentang pentingnya gaya hidup sehat dan langkah-langkah pencegahan.</p><p>\"Kami berkomitmen untuk memberikan pelayanan kesehatan yang terbaik kepada masyarakat kami. Melalui perencanaan strategis ini, kami harap dapat mengoptimalkan sumber daya yang ada dan merancang program-program yang sesuai dengan kebutuhan masyarakat,\" kata dr. I Komang Sutrisna Budiyasa selaku kepala Puskesmas sekotong</p><p>Minilokakarya bulanan ini diharapkan menjadi landasan kuat untuk mengimplementasikan langkah-langkah perbaikan yang telah direncanakan. Keterlibatan semua pihak di Puskesmas menciptakan suasana kolaboratif dan semangat bersama untuk mencapai tujuan meningkatkan kesehatan masyarakat secara keseluruhan.</p><p><br>Tim Sik Puskesmas Sekotong.</p>", "view_count": 149, "word_count": 214, "status": "published", "created_at": "2024-01-16T03:42:10.199Z", "updated_at": "2024-07-11T11:59:26.930Z"}, "m2m": {"tags": [5, 7], "photo": [15061, 15062]}}, {"condition": {"id": 5180}, "defaults": {"kategori_id": 3, "site_id": 50, "admin_id": 60, "judul": "Menyambut Kehadiran si Kecil dengan Informasi dan Dukungan - Kelas Ibu Hamil", "judul_seo": "menyambut-kehadiran-si-kecil-dengan-informasi-dan-dukungan-kelas-ibu-hamil", "isi_berita": "<p style=\"margin-left:0px;\"><strong>Menyambut Kehadiran Si Kecil dengan Informasi dan Dukungan</strong></p><p style=\"margin-left:0px;\"><strong>Sekotong, 22 Januari 2024.&nbsp;</strong></p><p style=\"margin-left:0px;\">Puskesmas Sekotong melaksanakan &nbsp;program kelas ibu hamil yang bertujuan memberikan informasi dan dukungan kepada calon ibu dalam menyambut kehadiran si kecil. Program ini dihadiri oleh ibu hamil yang ada di Desa Taman Baru, tepatnya Di Dusun Timbal dan Pemegatan yang terdiri dari berbagai usia kehamilan.&nbsp;</p><p style=\"margin-left:0px;\">Kelas ini dipandu oleh tim kesehatan terlatih ( Bidan Desa Taman Baru ) yang memberikan informasi penting seputar kehamilan, persalinan, dan perawatan bayi. Dalam suasana yang penuh keakraban, ibu hamil dapat bertanya, berbagi pengalaman, dan mendapatkan pengetahuan praktis yang relevan.</p><p style=\"margin-left:0px;\">\"Kelas ibu hamil kami dirancang untuk memberikan pengetahuan yang komprehensif dan memberikan dukungan emosional kepada calon ibu. Kami ingin menciptakan lingkungan yang mendukung dan memberikan keyakinan pada setiap ibu untuk menghadapi momen kehamilan dan kelahiran dengan percaya diri,\" ujar Muslenu, selaku Bindan Desa Taman Baru.</p><p style=\"margin-left:0px;\">Para peserta kelas Ibu mengapresiasi inisiatif Puskesmas dalam menyediakan platform di mana mereka dapat belajar dan berinteraksi dengan sesama ibu hamil. \"Ini sangat membantu saya memahami lebih banyak tentang proses kehamilan dan persalinan. Selain itu, saya merasa lebih tenang karena bisa berbagi pengalaman dengan ibu-ibu hamil lainnya,\" kata salah satu Pserta Kelas Ibu Hamil.</p><p style=\"margin-left:0px;\">Puskesmas Sekotong berharap program kelas ibu hamil ini dapat terus memberikan manfaat positif bagi ibu hamil dan membantu mereka dalam persiapan menyambut kehadiran buah hati mereka ke dunia.</p><p style=\"margin-left:0px;\">&nbsp;</p><p style=\"margin-left:0px;\">Tim SIK Puskesmas Sekotong</p>", "view_count": 84, "word_count": 216, "status": "published", "created_at": "2024-01-22T05:47:50.522Z", "updated_at": "2024-07-11T16:09:41.642Z"}, "m2m": {"tags": [5], "photo": []}}, {"condition": {"id": 6203}, "defaults": {"kategori_id": 3, "site_id": 50, "admin_id": 60, "judul": "KOORDINASI TIM SURVEILANS PUSKESMAS SEKOTONG TERKAIT PENEMUAN DAN PENINGKATAN KASUS DBD ", "judul_seo": "koordinasi-tim-surveilans-puskesmas-sekotong-terkait-penemuan-dan-peningkatan-kasus-dbd", "isi_berita": "<p>Sekotong, 24 April 2024</p><p>&nbsp;</p><p>Di tengah meningkatnya kasus demam berdarah di salah satu desa yang menjadi wilayah kerja Puskesmas Sekotong, tim surveilans dari Puskesmas Sekotong bergerak cepat untuk melakukan koordinasikan dengan Pemerintah desa Sekotong Tengah sebagai respons terhadap kasus DBD yg ditemukan di wilayah tersebut.</p><p>Selain itu, koordinasi dengan Lintas Sektor dan lembaga non-pemerintah menjadi agenda penting untuk meningkatkan upaya pencegahan. Kerja sama ini diharapkan bisa memperluas jangkauan edukasi masyarakat mengenai cara pencegahan demam berdarah, mulai dari pengelolaan lingkungan yang baik hingga pemantauan dan pengendalian vektor</p><p>Koordinasi yang baik antara berbagai pihak ini menjadi kunci dalam upaya menanggulangi wabah demam berdarah. Setiap elemen tim dipersiapkan untuk bekerja secara maksimal, tidak hanya dalam menangani kasus yang ada tetapi juga dalam melakukan upaya preventif untuk mengurangi risiko lebih lanjut. Semua pihak terkait berkomitmen untuk terus bekerja sama sampai wabah ini dapat dikendalikan dan kasus baru dapat diminimalisir sebanyak mungkin.</p><p>&nbsp;</p><p>Selain itu, koordinasi dengan Lintas Sektor dan lembaga non-pemerintah menjadi agenda penting untuk meningkatkan upaya pencegahan. Kerja sama ini diharapkan bisa memperluas jangkauan edukasi masyarakat mengenai cara pencegahan demam berdarah, mulai dari pengelolaan lingkungan yang baik hingga pemantauan dan pengendalian vektor.</p><p>Koordinasi yang baik antara berbagai pihak ini menjadi kunci dalam upaya menanggulangi wabah demam berdarah. Setiap elemen tim dipersiapkan untuk bekerja secara maksimal, tidak hanya dalam menangani kasus yang ada tetapi juga dalam melakukan upaya preventif untuk mengurangi risiko lebih lanjut. Semua pihak terkait berkomitmen untuk terus bekerja sama sampai wabah ini dapat dikendalikan dan kasus baru dapat diminimalisir sebanyak mungkin.</p><p>Tim Surveylans Puskesmas Sekotong juga menyampaikan pentingnya Pelaksanaan 3M Plus sebagai Upaya Pencegahan DBD, &nbsp;pelaksanaan 3M (Menguras, Mengubur, Menutup) antara lain yaitu :</p><p>1.Menguras tempat penampungan air</p><p>2.Menutup tempat-tempat penampungan air</p><p>3.Mendaur ulang berbagai barang yang memiliki potensi untuk dijadikan tempat berkembang biak nyamuk Aedes aegypti yang membawa virus DBD pada manusia.</p><p>Selain 3 M diatas yang dimaksud pada poin Plus antara lain</p><p>Menanam tanaman yang dapat menangkal nyamuk</p><p>Memeriksa tempat-tempat yang digunakan untuk penampungan air</p><p>Memelihara ikan pemakan jentik nyamuk</p><p>Menggunakan obat anti nyamuk</p><p>Memasang kawat kasa pada jendela dan ventilasi yang ada di rumah</p><p>Melakukan gotong royong untuk membersihkan lingkungan secara bersama</p><p>Meletakkan pakaian yang telah digunakan dalam wadah yang tertutup</p><p>Memberikan larvasida pada penampungan air yang susah untuk dikuras</p><p>Memperbaiki saluran dan talang air yang tidak lancar.</p><p>Secara keseluruhan, pelaksanaan 3M Plus merupakan bagian penting dari strategi pencegahan demam berdarah yang komprehensif. Dengan menerapkan prinsip-prinsip ini secara konsisten dan menyeluruh, kita dapat membantu mengurangi penyebaran penyakit ini dan melindungi kesehatan masyarakat.</p>", "view_count": 202, "word_count": 376, "status": "published", "created_at": "2024-04-24T02:43:18.413Z", "updated_at": "2024-07-07T04:28:19.817Z"}, "m2m": {"tags": [5], "photo": [17958]}}, {"condition": {"id": 6204}, "defaults": {"kategori_id": 3, "site_id": 50, "admin_id": 60, "judul": "KOORDINASI TIM SURVEILANS PUSKESMAS SEKOTONG TERKAIT PENEMUAN DAN PENINGKATAN KASUS DBD ", "judul_seo": "koordinasi-tim-surveilans-puskesmas-sekotong-terkait-penemuan-dan-peningkatan-kasus-dbd-1", "isi_berita": "<p>Sekotong, 24 April 2024</p><p>&nbsp;</p><p>Di tengah meningkatnya kasus demam berdarah di salah satu desa yang menjadi wilayah kerja Puskesmas Sekotong, tim surveilans dari Puskesmas Sekotong bergerak cepat untuk melakukan koordinasikan dengan Pemerintah desa Sekotong Tengah sebagai respons terhadap kasus DBD yg ditemukan di wilayah tersebut.</p><p>Selain itu, koordinasi dengan Lintas Sektor dan lembaga non-pemerintah menjadi agenda penting untuk meningkatkan upaya pencegahan. Kerja sama ini diharapkan bisa memperluas jangkauan edukasi masyarakat mengenai cara pencegahan demam berdarah, mulai dari pengelolaan lingkungan yang baik hingga pemantauan dan pengendalian vektor</p><p>Koordinasi yang baik antara berbagai pihak ini menjadi kunci dalam upaya menanggulangi wabah demam berdarah. Setiap elemen tim dipersiapkan untuk bekerja secara maksimal, tidak hanya dalam menangani kasus yang ada tetapi juga dalam melakukan upaya preventif untuk mengurangi risiko lebih lanjut. Semua pihak terkait berkomitmen untuk terus bekerja sama sampai wabah ini dapat dikendalikan dan kasus baru dapat diminimalisir sebanyak mungkin.</p><p>&nbsp;</p><p>Selain itu, koordinasi dengan Lintas Sektor dan lembaga non-pemerintah menjadi agenda penting untuk meningkatkan upaya pencegahan. Kerja sama ini diharapkan bisa memperluas jangkauan edukasi masyarakat mengenai cara pencegahan demam berdarah, mulai dari pengelolaan lingkungan yang baik hingga pemantauan dan pengendalian vektor.</p><p>Koordinasi yang baik antara berbagai pihak ini menjadi kunci dalam upaya menanggulangi wabah demam berdarah. Setiap elemen tim dipersiapkan untuk bekerja secara maksimal, tidak hanya dalam menangani kasus yang ada tetapi juga dalam melakukan upaya preventif untuk mengurangi risiko lebih lanjut. Semua pihak terkait berkomitmen untuk terus bekerja sama sampai wabah ini dapat dikendalikan dan kasus baru dapat diminimalisir sebanyak mungkin.</p><p>Tim Surveylans Puskesmas Sekotong juga menyampaikan pentingnya Pelaksanaan 3M Plus sebagai Upaya Pencegahan DBD, &nbsp;pelaksanaan 3M (Menguras, Mengubur, Menutup) antara lain yaitu :</p><p>1.Menguras tempat penampungan air</p><p>2.Menutup tempat-tempat penampungan air</p><p>3.Mendaur ulang berbagai barang yang memiliki potensi untuk dijadikan tempat berkembang biak nyamuk Aedes aegypti yang membawa virus DBD pada manusia.</p><p>Selain 3 M diatas yang dimaksud pada poin Plus antara lain</p><p>Menanam tanaman yang dapat menangkal nyamuk</p><p>Memeriksa tempat-tempat yang digunakan untuk penampungan air</p><p>Memelihara ikan pemakan jentik nyamuk</p><p>Menggunakan obat anti nyamuk</p><p>Memasang kawat kasa pada jendela dan ventilasi yang ada di rumah</p><p>Melakukan gotong royong untuk membersihkan lingkungan secara bersama</p><p>Meletakkan pakaian yang telah digunakan dalam wadah yang tertutup</p><p>Memberikan larvasida pada penampungan air yang susah untuk dikuras</p><p>Memperbaiki saluran dan talang air yang tidak lancar.</p><p>Secara keseluruhan, pelaksanaan 3M Plus merupakan bagian penting dari strategi pencegahan demam berdarah yang komprehensif. Dengan menerapkan prinsip-prinsip ini secara konsisten dan menyeluruh, kita dapat membantu mengurangi penyebaran penyakit ini dan melindungi kesehatan masyarakat.</p>", "view_count": 445, "word_count": 376, "status": "published", "created_at": "2024-04-24T02:43:20.807Z", "updated_at": "2024-07-07T02:49:22.302Z"}, "m2m": {"tags": [5], "photo": [17959]}}, {"condition": {"id": 6208}, "defaults": {"kategori_id": 3, "site_id": 50, "admin_id": 60, "judul": "JELANG MUSIM HAJI TIM PEMERIKSA KESEHATAN HAJI PUSKESMAS SEKOTONG GELAR SOSIALISASI BAGI CALON JAMAAH HAJI", "judul_seo": "jelang-musim-haji-tim-pemeriksa-kesehatan-haji-puskesmas-sekotong-gelar-sosialisasi-bagi-calon-jamaah-haji", "isi_berita": "<p>Sekotong, 24 April 2024.</p><p>Sosialisasi Pemeriksaan Kesehatan Calon Jamaah Haji oleh Tim Pemeriksaan Kesehatan Haji Puskesmas Sekotong</p><p>Dalam rangka mempersiapkan para calon jamaah haji yang akan berangkat ke Tanah Suci, Puskesmas Sekotong mengadakan sosialisasi penting mengenai pemeriksaan kesehatan yang wajib diikuti oleh semua calon jamaah yg bertempat di Masjid Nurul Iman Sekotong, Kegiatan ini bertujuan untuk memastikan bahwa setiap calon jamaah dalam kondisi fisik dan mental yang prima sebelum menjalani ibadah haji.</p><p>Pemeriksaan kesehatan ini mencakup berbagai aspek, mulai dari tes fisik, pemeriksaan laboratorium, hingga konsultasi kesehatan mental. Tim Pemeriksaan Kesehatan Haji dari Puskesmas Sekotong menyelenggarakan sesi informasi yang memberikan gambaran lengkap mengenai apa saja yang akan dilakukan selama pemeriksaan. Mereka menekankan pentingnya pemeriksaan ini tidak hanya untuk memenuhi syarat keberangkatan, tetapi juga untuk memastikan bahwa calon jamaah dapat menjalankan ibadah dengan lancar dan kembali ke tanah air dalam keadaan sehat.</p><p>Selama sosialisasi, tim kesehatan juga memberikan tips kesehatan yang harus diperhatikan oleh calon jamaah selama berada di Tanah Suci, seperti menjaga asupan nutrisi, hidrasi yang cukup, serta langkah-langkah pencegahan penyakit yang mungkin timbul di kerumunan besar. Mereka juga menyampaikan informasi tentang fasilitas kesehatan yang tersedia di Mekah dan Madinah, serta cara mengakses bantuan medis jika diperlukan.</p><p>Puskesmas Sekotong mengharapkan bahwa dengan sosialisasi dan pemeriksaan kesehatan ini, para calon jamaah haji akan lebih siap secara fisik dan mental, sehingga dapat melaksanakan ibadah dengan khidmat dan kembali dengan selamat. Sesi sosialisasi ini juga menjadi kesempatan bagi calon jamaah untuk bertanya dan menyelesaikan segala keraguan mereka terkait proses haji, khususnya dari sisi kesehatan.</p><p>Kegiatan sosialisasi ini diharapkan menjadi langkah proaktif yang mengedukasi dan mempersiapkan calon jamaah haji, memastikan bahwa mereka mendapatkan pengalaman ibadah yang tidak hanya memenuhi panggilan spiritual, tapi juga mempertahankan kesehatan dan kesejahteraan selama perjalanan suci mereka.</p>", "view_count": 229, "word_count": 274, "status": "published", "created_at": "2024-04-24T03:24:43.306Z", "updated_at": "2024-07-08T13:39:15.927Z"}, "m2m": {"tags": [5], "photo": [17970, 17971]}}, {"condition": {"id": 6210}, "defaults": {"kategori_id": 3, "site_id": 50, "admin_id": 60, "judul": "PEMBERANTASAN SARANG NYAMUK ( PE dan Survey Jentik ) Oleh Tim Surveilans Puskesmas Sekotong", "judul_seo": "pemberantasan-sarang-nyamuk-pe-dan-survey-jentik-oleh-tim-surveilans-puskesmas-sekotong", "isi_berita": "<p><br>Pemberantasan sarang nyamuk ( PE dan survey jentik)</p><p>hari/ tanggal : Rabu 24/4/2024</p><p>Lokasi kegiatan: Dusun Sekotong 2 desa Sekotong tengah</p><p>Tujuan Pelaksanaan:</p><p>1.Untuk mengetahui kepadatan jentik nyamuk penular DBD secara berkala dan terus menerus sebagai indikator keberhasilan PSN DBD dalam masyarakat.&nbsp;<br>2. &nbsp;Untuk memotivasi masyarakat dalam memperhatikan tempat-tempat yang potensial untuk perkembang biakan nyamuk penular DBD.&nbsp;<br>3. &nbsp;Untuk meningkatkan peran serta masyarakat dalam PSN DBD.<br>4. Tujuan pemeriksaan jentik dilakukan untuk menurunkan populasi nyamuk penular demam berdarah dengue Aedes aegypti serta jentiknya dengan meningkatkan peran serta masyarakat dalam pemberantasan sarang nyamuk demam berdarah dengan PSN DBD (3M Plus) melalui Juru Pemantau Jentik</p><p>Narasumber /Petugas:&nbsp;<br>1. Sopian (PJ klaster, &nbsp;Surveylen)<br>2. Syamsul ( Kesling)<br>&nbsp; &nbsp;3.Ishak (PJ DBD)<br>Kader/Kadus Setempat</p><p><br>Peserta/ sasaran : masyarakat umum Dusun sekotong 2</p><p>Hasil Kegiatan/Output</p><p>1.Pemantauan jentik dilakukan dengan cara memeriksa tempat penampungan air dan kontainer yang dapat menjadi habitat perkembangbiakan nyamuk Aedes sp. di dalam dan di luar rumah untuk mengetahui ada tidaknya jentik.<br>2. Dari 20 rumah yang diperiksa ada &nbsp;Rumah yang positif jentik &nbsp;sehingga didapatkan ABJ 95%&nbsp;<br>3. Melalui survei jentik diharapkan kejadian DBD dapat dideteksi secara dini, sehingga pemberantasan dan penanggulangan DBD dapat segera dilakukan. Metode yang digunakan adalah metode survei dengan pendekatan Cross Sectional.<br>4. Gotong Royong membersihkan lingkungan. Periksa tempat-tempat penampungan air. Meletakkan pakaian bekas pakai dalam wadah tertutup. Memberikan larvasida pada penampungan air yang susah dikuras</p><p>Keterangan tambahan : Advokasi agar kegiatan 3 M+ &nbsp;ini terus berlanjut dilaksanakan ditingkat rumah tangga</p><p>&nbsp;</p><p>Terimakasih atas Kerjasamanya </p>", "view_count": 477, "word_count": 204, "status": "published", "created_at": "2024-04-24T04:25:38.994Z", "updated_at": "2024-07-11T16:19:10.668Z"}, "m2m": {"tags": [5, 6, 8], "photo": [17980, 17981]}}]