[{"condition": {"id": 713}, "defaults": {"kategori_id": 3, "site_id": 59, "admin_id": 77, "judul": "PEKAN SENAM SERENTAK PROLANIS HUT BPJS KE 54!", "judul_seo": "pekan-senam-serentak-prolanis-hut-bpjs-ke-54", "isi_berita": "<p dir=\"ltr\">BPJS Kesehatan sukses membubukan namanya di Rekor MURI melalui Pekan Senam Program Pengelolaan Penyakit Kronis (Prolanis) bagi Peserta JKN Serentak (Pekan Semangat) di 5.400 titik.</p>\r\n\r\n<p dir=\"ltr\">Senam ini bagi peserta penyakit kronis dengan titik lokasi pelaksanaan terbanyak se-Indonesia. Pekan Semangat ini merupakan rangkaian peringatan HUT ke-54 BPJS Kesehatan yang jatuh, pada 15 Juli 2022 nanti.</p>\r\n\r\n<p dir=\"ltr\">Dalam rangka ikut memeriahkan, Programer Posbindu berkolaborasi dengan Program Lansia melaksanakan Senam Prolanis yang diadakan di Posyandu Keluarga Permata Hati, Dusun Mambalan, Desa Mambalan.</p>\r\n\r\n<p dir=\"ltr\">Kegiatan berlangsung sebelum diadakannya kegiatanya posyandu, acara diikuti oleh kelompok Prolanis di Desa Mambalan. Dengan adanya kegiatan ini kami berharap upaya-upaya yang dilakukan untuk pencegahan penyakit kronis dapat lebih dirutinkan di desa-desa lainnya.</p>\r\n", "view_count": 83, "word_count": 104, "status": "published", "created_at": "2022-07-14T11:02:08.975Z", "updated_at": "2024-06-23T15:28:36.291Z"}, "m2m": {"tags": [5], "photo": [2681]}}, {"condition": {"id": 843}, "defaults": {"kategori_id": 9, "site_id": 59, "admin_id": 77, "judul": "PEMERIKSAAN AIR SECARA BAKTERIOLOGI!", "judul_seo": "pemeriksaan-air-secara-bakteriologi", "isi_berita": "", "view_count": 89, "word_count": 0, "status": "published", "created_at": "2022-07-20T13:06:44.229Z", "updated_at": "2024-07-01T14:27:21.282Z"}, "m2m": {"tags": [6], "photo": [3006]}}, {"condition": {"id": 844}, "defaults": {"kategori_id": 9, "site_id": 59, "admin_id": 77, "judul": "MUSYAWARAH MASYARAKAT DESA KEKERI TAHUN 2022", "judul_seo": "musyawarah-masyarakat-desa-kekeri-tahun-2022", "isi_berita": "<p bis_size=\"{&quot;x&quot;:20,&quot;y&quot;:20,&quot;w&quot;:708,&quot;h&quot;:20,&quot;abs_x&quot;:353,&quot;abs_y&quot;:880}\">Dalam upaya mengajak masyarakat mengenal masalah kesehatan yang ada di wilayahnya, Tim Promkes Puskesmas Penimbung mengadakan Kegiatan Musyawarah Masyarakat Desa di Desa Kekeri pada tanggal 12 Juli 2022.</p>\r\n\r\n<p bis_size=\"{&quot;x&quot;:20,&quot;y&quot;:20,&quot;w&quot;:708,&quot;h&quot;:20,&quot;abs_x&quot;:353,&quot;abs_y&quot;:880}\">Kegiatan dihadiri oleh perangkat desa di antaranya staf desa Kekeri, kepala dusun, beberapa ketua RT di masing-masing dusun, kader kesehatan dan tokoh-tokoh masyarakat lainnya.</p>\r\n\r\n<p bis_size=\"{&quot;x&quot;:20,&quot;y&quot;:20,&quot;w&quot;:708,&quot;h&quot;:20,&quot;abs_x&quot;:353,&quot;abs_y&quot;:880}\">Kegiatan dibuka langsung oleh Kepala Desa Kekeri dan menyambut baik kegiatan MMD ini, penyampaian materi dari hasil Survey Mawas Diri disampaikan langsung oleh Tim Promkes Puskesmas Penimbung dan selanjutnya dilakukan diskusi untuk mengambil kesepakatan dan&nbsp;menyusun rencana serta&nbsp;program yang akan dilakukan untuk menanggulangi kesehatan yang ada di Desa Kekeri.</p>\r\n\r\n<p bis_size=\"{&quot;x&quot;:20,&quot;y&quot;:20,&quot;w&quot;:708,&quot;h&quot;:20,&quot;abs_x&quot;:353,&quot;abs_y&quot;:880}\">&nbsp;</p>\r\n\r\n<p bis_size=\"{&quot;x&quot;:20,&quot;y&quot;:20,&quot;w&quot;:708,&quot;h&quot;:20,&quot;abs_x&quot;:353,&quot;abs_y&quot;:880}\">(Promkes Puskesmas Penimbung)</p>\r\n", "view_count": 92, "word_count": 101, "status": "published", "created_at": "2022-07-20T13:27:16.687Z", "updated_at": "2024-06-28T21:56:08.383Z"}, "m2m": {"tags": [6], "photo": [3013]}}, {"condition": {"id": 848}, "defaults": {"kategori_id": 10, "site_id": 59, "admin_id": 77, "judul": "PEMBINAAN IRTP DI DESA MAMBALAN", "judul_seo": "pembinaan-irtp-di-desa-mambalan", "isi_berita": "<p>Kegiatan Pembinaan IRTP pada Industri Kerupuk yang ada di Desa Mambalan</p>", "view_count": 93, "word_count": 11, "status": "published", "created_at": "2022-07-20T14:30:48.756Z", "updated_at": "2024-07-09T16:59:10.142Z"}, "m2m": {"tags": [6], "photo": [3018, 3019]}}, {"condition": {"id": 849}, "defaults": {"kategori_id": 9, "site_id": 59, "admin_id": 77, "judul": "VAKSINASI COVID-19 BOOSTER", "judul_seo": "vaksinasi-covid-19-booster", "isi_berita": "<p bis_size=\"{&quot;x&quot;:20,&quot;y&quot;:20,&quot;w&quot;:708,&quot;h&quot;:20,&quot;abs_x&quot;:353,&quot;abs_y&quot;:880}\">Pelayanan statis vaksinasi covid-19 di Puskesmas Penimbung.</p>\r\n", "view_count": 83, "word_count": 6, "status": "published", "created_at": "2022-07-20T14:33:46.532Z", "updated_at": "2024-06-28T12:28:15.160Z"}, "m2m": {"tags": [6], "photo": [3020]}}, {"condition": {"id": 850}, "defaults": {"kategori_id": 9, "site_id": 59, "admin_id": 77, "judul": "POSYANDU KELUARGA MENUJU NTB GEMILANG", "judul_seo": "posyandu-keluarga-menuju-ntb-gemilang", "isi_berita": "<p bis_size=\"{&quot;x&quot;:20,&quot;y&quot;:20,&quot;w&quot;:708,&quot;h&quot;:20,&quot;abs_x&quot;:353,&quot;abs_y&quot;:880}\">Pelayanan Posyandu Keluarga di Dusun Ranjok Lama, Desa Ranjok.</p>\r\n", "view_count": 91, "word_count": 9, "status": "published", "created_at": "2022-07-20T14:35:49.923Z", "updated_at": "2024-07-05T19:51:50.821Z"}, "m2m": {"tags": [6], "photo": [3021]}}, {"condition": {"id": 889}, "defaults": {"kategori_id": 9, "site_id": 59, "admin_id": 77, "judul": "LOMBOK BARAT SIAP ELIMINASI MALARIA TAHUN 2023!", "judul_seo": "lombok-barat-siap-eliminasi-malaria-tahun-2023", "isi_berita": "<p bis_size=\"{&quot;x&quot;:20,&quot;y&quot;:20,&quot;w&quot;:708,&quot;h&quot;:20,&quot;abs_x&quot;:353,&quot;abs_y&quot;:880}\">KUNJUNGAN TIM DARI KEMENTRIAN KESEHATAN BERSAMA DINAS KESEHATAN PROVINSI NUSA TENGGARA BARAT DAN DINAS KESEHATAN KABUPATEN LOMBOK BARAT DALAM RANGKA MONITORING DAN EVALUASI PROGRAM MALARIA UNTUK PERSIAPAN ELIMINASI MALARIA DI KABUPATEN LOMBOK BARAT TAHUN 2023.</p>\r\n", "view_count": 76, "word_count": 34, "status": "published", "created_at": "2022-07-23T12:00:29.615Z", "updated_at": "2024-06-26T21:54:16.348Z"}, "m2m": {"tags": [6], "photo": [3152]}}, {"condition": {"id": 905}, "defaults": {"kategori_id": 9, "site_id": 59, "admin_id": 77, "judul": "STRONGER DALAM UPAYA PENGUATAN DAN MENINGKATKAN KUALITAS POSYANDU KELUARGA!", "judul_seo": "stronger-dalam-upaya-penguatan-dan-meningkatkan-kualitas-posyandu-keluarga", "isi_berita": "<p bis_size=\"{&quot;x&quot;:20,&quot;y&quot;:20,&quot;w&quot;:708,&quot;h&quot;:20,&quot;abs_x&quot;:353,&quot;abs_y&quot;:880}\" style=\"text-align:justify\">Program STRONGER (Penguatan dan Optimalisasi Peran Posyandu Keluarga dan Kader untuk Meningkatkan Kesehatan&nbsp; dalam situasi COVID-19 Menggunakan Pendekatan Berbasis Keluarga) merupakan sebuah program sosial yang didanai oleh Pemerintah Australia melalui Alumni Grant Scheme (AGS) yang diadministrasikan oleh&nbsp;<em>Australia Awards in Indonesia.</em>&nbsp;Program ini bertujuan untuk mendukung Pemerintah Provinsi Nusa Tenggara Barat dengan melakukan penguatan Kader Posyandu Keluarga agar kader dapat melaksanakan peran mereka secara maksimal.</p>\r\n\r\n<p bis_size=\"{&quot;x&quot;:20,&quot;y&quot;:20,&quot;w&quot;:708,&quot;h&quot;:20,&quot;abs_x&quot;:353,&quot;abs_y&quot;:880}\" style=\"text-align:justify\">Dalam pelaksanaannya, program ini menunjuk 44 posyandu keluarga yang&nbsp;ada di&nbsp;8 desa wilayah kerja Puskesmas Penimbung, Kecamatan Gunungsari&nbsp;untuk menjadi pilot project awal dari program ini dengan mengirimkan 2 orang kader dari masing-masing posyandu untuk mengikuti pelatihan kader yang diadakan selama 2 hari.&nbsp;</p>\r\n", "view_count": 84, "word_count": 103, "status": "published", "created_at": "2022-07-25T10:34:24.326Z", "updated_at": "2024-06-27T11:16:16.637Z"}, "m2m": {"tags": [6], "photo": [3192]}}, {"condition": {"id": 994}, "defaults": {"kategori_id": 9, "site_id": 59, "admin_id": 77, "judul": "BIAN SEBAGAI UPAYA MELINDUNGI ANAK DARI PENYAKIT!", "judul_seo": "bian-sebagai-upaya-melindungi-anak-dari-penyakit", "isi_berita": "<p style=\"text-align:justify\">Tahun 2022 ini Kemenkes RI mencanangkan program BIAN (Bulan Imunisasi Anak Nasional) untuk mengejar cakupan imunisasi rutin yang menurun signifikan akibat pandemi COVID-19. BIAN adalah pemberian imunisasi tambahan Campak-Rubela serta melengkapi dosis Imunisasi Polio dan DPT-HB-Hib yang terlewat. Program ini diwujudkan sebagai upaya menutup kesenjangan imunitas anak dengan melakukan hamonisasi kegiatan imunisasi tambahan (campak-rubela) dan imunisasi kejar (OPV, IPV, dan DPT-HB-Hib). Dikutip dari Instagram @kemenkes_ri, Program Imunisasi Anak Nasional ini terbagi menjadi dua tahap, yakni:<br />\r\n&nbsp;</p>\r\n\r\n<p style=\"text-align:justify\">1. Tahap Pertama Imunisasi Anak Nasional Tahap Pertama diselenggarakan pada bulan Mei 2022. Adapun wilayah pelaksanaannya adalah di Pulau Sumatera, Kalimantan, Sulawesi, Nusa Tenggara, Maluku, dan Papua. 2. Tahap Kedua Imunisasi Anak Nasional Tahap Kedua dilaksanakan pada bulan Agustus 2022. Wilayah sasaran dari program imunisasi tahap kedua ini adalah Pulau Jawa dan Provinsi Bali.</p>\r\n\r\n<p style=\"text-align:justify\">2. Tahap Kedua Imunisasi Anak Nasional Tahap Kedua dilaksanakan pada bulan Agustus 2022. Wilayah sasaran dari program imunisasi tahap kedua ini adalah Pulau Jawa dan Provinsi Bali.</p>\r\n\r\n<p style=\"text-align:justify\">Puskesmas Penimbung sendiri dalam hal ini melaksanakan BIAN Campak di seluruh Sekolah Dasar wilayah kerja Puskesmas, kegiatan ini direncanakan hingga bulan depan sehingga mencakup seluruh siswa dan siswi Sekolah Dasar.</p>\r\n\r\n<p>&nbsp;</p>\r\n\r\n<p>(Promkes Penimbung)</p>\r\n", "view_count": 101, "word_count": 175, "status": "published", "created_at": "2022-07-27T08:57:56.098Z", "updated_at": "2024-06-28T19:30:36.611Z"}, "m2m": {"tags": [6], "photo": [3347]}}, {"condition": {"id": 1012}, "defaults": {"kategori_id": 8, "site_id": 59, "admin_id": 77, "judul": "IMAS DALAM UPAYA MENEGAKKAN 5 PILAR STBM!", "judul_seo": "imas-dalam-upaya-menegakkan-5-pilar-stbm", "isi_berita": "<p bis_size=\"{&quot;x&quot;:20,&quot;y&quot;:20,&quot;w&quot;:708,&quot;h&quot;:20,&quot;abs_x&quot;:353,&quot;abs_y&quot;:880}\" style=\"text-align:justify\">Identifikasi Masalah dan Analisis Situasi (IMAS) bertujuan untuk mengidentifikasi masalah/kondisi umum masyarakat terkait air minum dan sanitasi, tingkat kebutuhan masyarakat akan pembangunan air minum dan sanitasi, serta mengidentifikasi sumber daya dan potensi yang tersedia di masyarakat dalam perbaikan kondisi air minum dan sanitasi. IMAS dilakukan oleh masyarakat dengan metode partisipatif yang difasilitasi oleh Tim Fasilitator Masyarakat. IMAS dilakukan setelah sosialisasi tingkat desa oleh masyarakat dari setiap dusun, laki dan perempuan, kaya dan miskin melakukan IMAS dengan menggunakan instrumen&nbsp;<em>Methodology for Participatory Analysis&nbsp;</em>(MPA).</p>\r\n\r\n<p bis_size=\"{&quot;x&quot;:20,&quot;y&quot;:20,&quot;w&quot;:708,&quot;h&quot;:20,&quot;abs_x&quot;:353,&quot;abs_y&quot;:880}\" style=\"text-align:justify\">Dalam hal ini, Tim Kesehatan Lingkungan Puskesmas Penimbung melaksanakan kegiatan IMAS di Desa Mekarsari sebagai upaya menegakkan 5 pilar STBM.</p>\r\n\r\n<p bis_size=\"{&quot;x&quot;:20,&quot;y&quot;:20,&quot;w&quot;:708,&quot;h&quot;:20,&quot;abs_x&quot;:353,&quot;abs_y&quot;:880}\" style=\"text-align:justify\">&nbsp;</p>\r\n\r\n<p bis_size=\"{&quot;x&quot;:20,&quot;y&quot;:20,&quot;w&quot;:708,&quot;h&quot;:20,&quot;abs_x&quot;:353,&quot;abs_y&quot;:880}\" style=\"text-align:justify\">(Promkes Penimbung)</p>\r\n", "view_count": 88, "word_count": 103, "status": "published", "created_at": "2022-07-27T11:43:04.505Z", "updated_at": "2024-07-11T23:15:41.673Z"}, "m2m": {"tags": [6], "photo": [3379]}}, {"condition": {"id": 1070}, "defaults": {"kategori_id": 9, "site_id": 59, "admin_id": 77, "judul": "PEMICUAN 5 PILAR STBM  MENGUBAH PEMAHAMAN DAN PERILAKU MASYARAKAT!", "judul_seo": "pemicuan-5-pilar-stbm-mengubah-pemahaman-dan-perilaku-masyarakat", "isi_berita": "<p style=\"text-align:justify\">Tim Kesehatan Lingkungan bersama Lintas Program Puskesmas Penimbung melakukan Pemicuan 5 Pilar STBM di Dusun Lingkoq Waru, Desa Mekarsari. Kegiatan ini dihadiri oleh ibu-ibu yang memiliki bayi dan balita serta warga sekitar dusun.</p>\r\n\r\n<p style=\"text-align:justify\">Peserta yang datang cukup antusias mengikuti kegiatan pemicuan ini,&nbsp;diharapakan kegiatan ini mampu memberi pemahaman dan merubah perilaku masyarakat untuk menerapakan budaya sehat antara lain, Tidak BAB Sembarangan, Cuci Tangan Pakai Sabun, Menggunakan Air Bersih, Mengelola Sampah Rumah Tangga&nbsp; dengan baik serta Pengolahan Limbah Cair Rumah Tangga dengan baik.&nbsp;</p>\r\n\r\n<p>&nbsp;</p>\r\n\r\n<p>(Promkes Penimbung)</p>", "view_count": 93, "word_count": 82, "status": "published", "created_at": "2022-07-28T14:22:22.555Z", "updated_at": "2024-06-27T12:20:37.134Z"}, "m2m": {"tags": [5], "photo": [3624]}}, {"condition": {"id": 1139}, "defaults": {"kategori_id": 10, "site_id": 59, "admin_id": 77, "judul": "DULU SAMPAH SEKARANG BERKAH!.", "judul_seo": "dulu-sampah-sekarang-berkah", "isi_berita": "<p style=\"text-align:justify\">Tim Kesehatan Lingkungan Puskesmas Penimbung berkoordinasi dengan pihak Desa Penimbung dalam rangka Monitoring dan Evaluasi Bank Sampah yang ada di Desa Penimbung. Diharapkan pengelolaannya dapat terintegrasi dengan seluruh UKBM yang ada di&nbsp;desa.&nbsp;</p>", "view_count": 121, "word_count": 33, "status": "published", "created_at": "2022-08-01T13:16:24.587Z", "updated_at": "2024-06-25T07:56:32.598Z"}, "m2m": {"tags": [5], "photo": [3623]}}, {"condition": {"id": 1142}, "defaults": {"kategori_id": 9, "site_id": 59, "admin_id": 77, "judul": "TEKAN AKI DAN AKB MELALUI KELAS IBU HAMIL!", "judul_seo": "tekan-aki-dan-akb-melalui-kelas-ibu-hamil", "isi_berita": "<p style=\"text-align:justify\">Dalam rangka menekan Angka Kematian Ibu dan Bayi, Tim Kesehatan Ibu dan Anak Puskesmas Penimbung melaksanakan kelas ibu hamil. Pelaksanaannya kali ini di Desa Kekeri khususnya di Dusun Gegutu Daye Aik, dihadiri oleh 10 ibu hamil di dusun tersebut.&nbsp;</p>\r\n\r\n<p style=\"text-align:justify\">Dengan kegiatan kelas ibu hamil ini diharapkan dapat meningkatkan pengetahuan dan pemahaman para ibu-ibu hamil tentang kehamilan, persalinan, pasca persalinan hingga pemenuhan gizi saat hamil serta bayi setelah lahir nantinya. Tentunya melalui kegiatan ini juga harapannya dapat menekan Angka Kematian Ibu dan Bayi di Kabupaten Lombok Barat.</p>\r\n\r\n<p style=\"text-align:justify\">&nbsp;</p>\r\n\r\n<p style=\"text-align:justify\">(Promkes Penimbung)</p>", "view_count": 100, "word_count": 86, "status": "published", "created_at": "2022-08-01T14:00:40.390Z", "updated_at": "2024-06-26T20:31:36.310Z"}, "m2m": {"tags": [5], "photo": [3626]}}, {"condition": {"id": 1225}, "defaults": {"kategori_id": 9, "site_id": 59, "admin_id": 77, "judul": "TRACING CONTACT KASUS COVID-19!", "judul_seo": "tracing-contact-kasus-covid-19", "isi_berita": "<p style=\"text-align:justify\">Kamis, 4/8-2022. Tim Surveilans Puskesmas Penimbung melakukan tracing contact kasus terkonfirmasi covid-19 di Desa Kekeri. INGAT SELALU GUNAKAN MASKER, MENCUCI TANGAN PAKAI SABUN DI AIR YANG MENGALIR DAN MENJAGA JARAK dalam upaya mencegah penyebaran covid-19!</p>\r\n\r\n<p style=\"text-align:justify\">&nbsp;</p>\r\n\r\n<p style=\"text-align:justify\">(Promkes Penimbung)</p>", "view_count": 144, "word_count": 34, "status": "published", "created_at": "2022-08-04T13:54:47.638Z", "updated_at": "2024-07-04T19:05:26.801Z"}, "m2m": {"tags": [5], "photo": [3847]}}, {"condition": {"id": 1248}, "defaults": {"kategori_id": 9, "site_id": 59, "admin_id": 77, "judul": "KAMPANYE HYGIENE DAN SANITASI BERBASIS 5 PILAR STBM DI SEKOLAH!", "judul_seo": "kampanye-hygiene-dan-sanitasi-berbasis-5-pilar-stbm-di-sekolah", "isi_berita": "<p style=\"text-align:justify\">Tim Kesehatan Lingkungan Puskesmas Penimbung berkolaborasi bersama Tim Promosi Kesehatan melaksanakan kegiatan KAMPANYE HYGIENE DAN SANITASI BERBASIS 5 PILAR STBM DI SDN 1 RANJOK.&nbsp;</p>\r\n\r\n<p style=\"text-align:justify\">Kegiatan ini menyasar siswa dan siswi kelas 4,5, dan 6 sekolah dasar. Diawali dengan penyuluhan tentang 5 pilar STBM, kemudian dilanjutkan dengan demo CTPS (Cuci Tangan Pakai Sabun).</p>\r\n\r\n<p style=\"text-align:justify\">Pihak sekolah cukup antusias dengan kegiatan ini, diharapkan sekolah dapat menerapkan budaya PHBS (Perilaku Hidup Bersih dan Sehat) dalam upaya meningkatkan kualitas kesehatan di lingkungan sekolah.</p>\r\n\r\n<p style=\"text-align:justify\">&nbsp;</p>\r\n\r\n<p style=\"text-align:justify\">(Promkes Penimbung)</p>\r\n", "view_count": 195, "word_count": 75, "status": "published", "created_at": "2022-08-06T12:44:16.394Z", "updated_at": "2024-07-11T04:33:32.337Z"}, "m2m": {"tags": [5], "photo": [3935]}}, {"condition": {"id": 1333}, "defaults": {"kategori_id": 9, "site_id": 59, "admin_id": 77, "judul": "KEPALA UPT PUSKESMAS PENIMBUNG BESERTA STAF TERIMA VAKSINASI BOOSTER KE 2!", "judul_seo": "kepala-upt-puskesmas-penimbung-beserta-staf-terima-vaksinasi-booster-ke-2", "isi_berita": "<p style=\"text-align:justify\">Kepala UPT Puskesmas Penimbung, Ns. Akhmad Juaini, S.Kep beserta staf menerima vaksinasi booster ke 2 atau dosis ke 4. Hal ini dilakukan sesuai Surat Edaran Direktur Jenderal Pencegahan dan Pengendalian Penyakit, Kementerian Kesehatan RI&nbsp; No : HK.02.02/C/3615/2022 tentang Vaksinasi Covid-19 Dosis Booster Ke 2 Bagi Sumber Daya Manusia Kesehatan.</p>\r\n\r\n<p style=\"text-align:justify\">Pemberian dosis booster ini bertujuan untuk meningkatkan kembali Imunitas di tengah pandemi covid-19 yang belum berakhir, terutama tenaga kesehatan sebagai garda terdepan dalam penanganan covid-19.</p>\r\n\r\n<p>&nbsp;</p>\r\n\r\n<p>(Promkes Penimbung)</p>\r\n", "view_count": 137, "word_count": 67, "status": "published", "created_at": "2022-08-11T13:18:46.515Z", "updated_at": "2024-07-05T00:15:44.040Z"}, "m2m": {"tags": [5], "photo": [4202]}}, {"condition": {"id": 3404}, "defaults": {"kategori_id": 8, "site_id": 59, "admin_id": 77, "judul": "MINI LOKAKARYA PUSKESMAS UNTUK MEMBANGUN KOMITMEN LINTAS SEKTOR (UPT PUSKESMAS PENIMBUNG)", "judul_seo": "mini-lokakarya-puskesmas-untuk-membangun-komitmen-lintas-sektor-upt-puskesmas-penimbung", "isi_berita": "<p style=\"text-align:center\"><span style=\"font-size:12pt\"><span style=\"font-family:&quot;Times New Roman&quot;,serif\"><samp><span style=\"font-family:&quot;Bookman Old Style&quot;,serif\">Lokakarya Tribulanan Lintas Sektor UPT Puskesmas Penimbung 13 Maret 2023 di Aula Puskesmas Penimbung.</span></samp></span></span></p>\r\n\r\n<p style=\"text-align:center\"><span style=\"font-size:12pt\"><span style=\"font-family:&quot;Times New Roman&quot;,serif\"><samp><span style=\"font-family:&quot;Bookman Old Style&quot;,serif\">UPT Puskesmas Penimbung&nbsp; &ndash; Dalam mewujudkan derajat kesehatan masyarakat yang setinggi-tingginya, bukanlah menjadi tanggung jawab sektor kesehatan, puskesmas atau rumah sakit semata, tetapi juga merupakan tanggung jawab bersama secara kolektif semua elemen bangsa, baik yang memiliki keterkaitan langsung maupun tidak. Karena kesehatan memiliki relasi dan dampak besar pada semua sektor, seperti ekonomi, pendidikan, sosial dan sebagainya, karena semua hal tidak akan berjalan jika pelaku atau manusianya tidak sehat.</span></samp></span></span></p>\r\n\r\n<p><span style=\"font-size:12pt\"><span style=\"font-family:&quot;Times New Roman&quot;,serif\"><samp><span style=\"font-family:&quot;Bookman Old Style&quot;,serif\">Lokakarya Mini Lintas Sektor Puskesmas adalah salah satu ruang membangun komitmen, menyatukan misi ditingkatan pemangku kepentingan, camat sebagai pemerintah kecamatan, kepala desa sebagai representasi masyarakat desa, tokoh masyarakat, tokoh agama, tokoh pemuda, dan puskesmas sebagai instasi kesehatan untuk sama-sama bersinergi meningkatkan derajat kesehatan masyarakat.</span></samp></span></span></p>\r\n\r\n<p><span style=\"font-size:12pt\"><span style=\"font-family:&quot;Times New Roman&quot;,serif\"><samp><span style=\"font-family:&quot;Bookman Old Style&quot;,serif\">Untuk itu, UPT Puskesmas Penimbung melaksanakan&nbsp; minilokakarya lintas sektor rutin setiap 3 bulan , yang diselenggarakan di aula UPT Puskesmas Penimbung dengan mengundang Dinas Kesehatan Kab. Lombok Barat,Camat Gunungsari, Kepala desa wilayah kerja Puskesmas Penimbung, UPT di Kec.Gunungsari (KUA,Pertanian,TP-PKK,KB-PPKB)</span></samp><samp><span style=\"font-family:&quot;Bookman Old Style&quot;,serif\">, Danramil, Polsek Kec. Gunungsari, petugas Pustu dan Poskesdes, serta Kepala UPT Puskesmas Penimbung beserta jajarannya.</span></samp></span></span></p>\r\n\r\n<p><span style=\"font-family:Bookman Old Style,serif\"><span style=\"font-size:16px\">Dengan rangkaian acara dari pembuka hingga penyampaian materi oleh Kepala UPT Puskesmas Penimbung tentang&nbsp;</span></span></p>\r\n\r\n<ul>\r\n\t<li style=\"text-align:justify\"><span style=\"font-size:11pt\"><span style=\"font-family:Calibri,sans-serif\"><span style=\"font-size:12.0pt\"><span style=\"font-family:&quot;Bookman Old Style&quot;,serif\">Kemenkes akan melaksanakan transformasi di 6 bidan Kesehatan yaitu :</span></span></span></span></li>\r\n</ul>\r\n\r\n<ol>\r\n\t<li style=\"text-align:justify\"><span style=\"font-size:11pt\"><span style=\"font-family:Calibri,sans-serif\"><span style=\"font-size:12.0pt\"><span style=\"font-family:&quot;Bookman Old Style&quot;,serif\">Transformsi primer</span></span></span></span></li>\r\n\t<li style=\"text-align:justify\"><span style=\"font-size:11pt\"><span style=\"font-family:Calibri,sans-serif\"><span style=\"font-size:12.0pt\"><span style=\"font-family:&quot;Bookman Old Style&quot;,serif\">Transformsi Rujukan</span></span></span></span></li>\r\n\t<li style=\"text-align:justify\"><span style=\"font-size:11pt\"><span style=\"font-family:Calibri,sans-serif\"><span style=\"font-size:12.0pt\"><span style=\"font-family:&quot;Bookman Old Style&quot;,serif\">Transformsi Ketahaan</span></span></span></span></li>\r\n\t<li style=\"text-align:justify\"><span style=\"font-size:11pt\"><span style=\"font-family:Calibri,sans-serif\"><span style=\"font-size:12.0pt\"><span style=\"font-family:&quot;Bookman Old Style&quot;,serif\">Transformsi pembiayaan kesehatan</span></span></span></span></li>\r\n\t<li style=\"text-align:justify\"><span style=\"font-size:11pt\"><span style=\"font-family:Calibri,sans-serif\"><span style=\"font-size:12.0pt\"><span style=\"font-family:&quot;Bookman Old Style&quot;,serif\">Transformsi SDM Kesehatan</span></span></span></span></li>\r\n\t<li style=\"text-align:justify\"><span style=\"font-size:11pt\"><span style=\"font-family:Calibri,sans-serif\"><span style=\"font-size:12.0pt\"><span style=\"font-family:&quot;Bookman Old Style&quot;,serif\">Transformsi Teknologi kesehatan</span></span></span></span></li>\r\n</ol>\r\n\r\n<p style=\"text-align:justify\"><span style=\"font-size:11pt\"><span style=\"font-family:Calibri,sans-serif\"><span style=\"font-size:12.0pt\"><span style=\"font-family:&quot;Bookman Old Style&quot;,serif\">Yang dilanjutkan dengan penyampaian capaian program tahun 2022 yang dilaksanakan oleh UPT Puskesmas Penimbung.</span></span></span></span></p>\r\n\r\n<p style=\"text-align:justify\"><img src=\"/media/uploads/puskesmaspenimbunglobar/2023/05/23/image-20230523150733-4.jpeg\" style=\"height:400px; width:700px\" /></p>\r\n\r\n<p style=\"text-align:center\">Diskusi dari Kabid Yankes<a href=\"https://dikes.lombokbaratkab.go.id/\"> Dinas Kesehatan Lombok Barat</a></p>\r\n\r\n<p><span style=\"font-size:11pt\"><span style=\"font-family:Calibri,sans-serif\"><span style=\"font-size:12.0pt\"><span style=\"font-family:&quot;Bookman Old Style&quot;,serif\">Selanjutnya dilanjutkan dengan diskusi tentang permasalahan yang ada, untuk mencapai kesepakatan lintas sektor demi kesuksesan berjalannya program untuk kepentingan masyarakat.</span></span></span></span></p>\r\n\r\n<p><span style=\"font-size:12pt\"><span style=\"font-family:&quot;Times New Roman&quot;,serif\"><samp><span style=\"font-family:&quot;Bookman Old Style&quot;,serif\">&ldquo;Pelaksanaan minilokakarya lintas sektor puskesmas ini sebagai implementasi terhadap amanat permenkes tentang manajemen puskesmas serta sebagai bentuk dukungan kepada puskesmas dalam melaksanakan tugasnya sebagai penyelenggara layanan kesehatan di wilayah kerja Puskesmas Penimbung&rdquo;, ungkap Ns.Akhmad Juaini,S.Kep(Kepala Puskesmas Penimbung).</span></samp></span></span></p>\r\n\r\n<p><span style=\"font-size:12pt\"><span style=\"font-family:&quot;Times New Roman&quot;,serif\"><samp><span style=\"font-family:&quot;Bookman Old Style&quot;,serif\">Ditambahkannya, lokakarya mini sektoral merupakan suatu pertemuan antar petugas puskesmas dengan sektor terkait untuk meningkatkan kerjasama tim, memantau cakupan pelayanan puskesmas serta membina peran serta masyarakat secara terpadu agar dapat meningkatkan fungsi puskesmas itu sendiri.</span></samp></span></span></p>\r\n\r\n<p><span style=\"font-size:12pt\"><span style=\"font-family:&quot;Times New Roman&quot;,serif\"><samp><span style=\"font-family:&quot;Bookman Old Style&quot;,serif\">&ldquo;Dengan lokakarya lintas sektor ini diharapkan mendapat dukungan dan masukan dari lintas sektoral dalam rangka meningkatkan pelayanan kesehatan yg lebih baik kepada masyarakat&rdquo;, pungkasnya.</span></samp></span></span></p>\r\n\r\n<p>&nbsp;</p>", "view_count": 142, "word_count": 338, "status": "published", "created_at": "2023-05-23T07:14:05.143Z", "updated_at": "2024-07-07T23:44:15.779Z"}, "m2m": {"tags": [], "photo": [9996]}}, {"condition": {"id": 4159}, "defaults": {"kategori_id": 36, "site_id": 59, "admin_id": 77, "judul": "GELAR RAPAT TINJAUAN MANAJEMEN, KEPALA PUSKESMAS TEKANKAN PENTINGNYA MEMPERHATIKAN SASARAN DAN TARGET!", "judul_seo": "gelar-rapat-tinjauan-manajemen-kepala-puskesmas-tekankan-pentingnya-memperhatikan-sasaran-dan-target", "isi_berita": "<p style=\"text-align:justify;\">Puskesmas Penimbung melaksanakan Rapat Tinjauan Manajemen, kegiatan dipimpin langsung oleh PJ Mutu Puskesmas Penimbung. Dalam penyampaiannya ada beberapa unit dan program yang menjadi catatan, salah satunya adalah program Malaria. Program Malaria merupakan salah satu program prioritas di Puskesmas Penimbung mengingat masih adanya kasus yang muncul di beberapa desa binaan Puskesmas. Tahun 2024 Kabupaten Lombok Barat berencana akan melakukan eliminasi, maka dari itu Kepala Puskesmas berharap program Malaria dapat menyelesaikan targetnya di akhir tahun sekaligus berpesan kepada seluruh pemegang program untuk memperhatikan sasaran dan target tahunan masing-masing karena hal tersebut merupakan salah satu indikator dalam upaya mengukur keberhasilan program.</p><p style=\"text-align:justify;\">&nbsp;</p><p style=\"text-align:justify;\">#PENIMBUNGBERIMAN</p>", "view_count": 259, "word_count": 97, "status": "published", "created_at": "2023-08-07T04:06:24.861Z", "updated_at": "2024-07-08T10:03:07.896Z"}, "m2m": {"tags": [6], "photo": [12425]}}, {"condition": {"id": 4307}, "defaults": {"kategori_id": 3, "site_id": 59, "admin_id": 77, "judul": "SADARKAN KESEHATAN PADA REMAJA, PUSKESMAS PENIMBUNG GELAR AKSI BERGIZI!", "judul_seo": "sadarkan-kesehatan-pada-remaja-puskesmas-penimbung-gelar-aksi-bergizi", "isi_berita": "<p style=\"text-align:justify;\">Dalam rangka memeriahkan HUT Republik Indonesia ke 78, Kabupaten Lombok Barat mengadakan kegiatan Aksi Bergizi secara serentak di seluruh Kecamatan yang dilaksanakan masing-masing Puskesmas dengan menunjuk 1 sekolah perwakilan.&nbsp;</p><p style=\"text-align:justify;\">&nbsp;</p><p style=\"text-align:justify;\">Puskesmas Penimbung menunjuk SMPN 4 Gunungsari sebagai lokasi kegiatan pada Aksi Bergizi tersebut. Kegiatan diawali dengan Senam Bersama kemudian dilanjutkan dengan sarapan bersama, minum Tablet Tambah Darah bersama dan diakhiri dengan sedikit penyuluhan tentang ISI PIRINGKU oleh perwakilan guru sekolah.</p><p style=\"text-align:justify;\">&nbsp;</p><p style=\"text-align:justify;\">Semoga dengan adanya Aksi Bergizi ini, remaja semakin sadar akan kesehatannya sejak dini dan merubah perilaku-perilaku yang dapat mengganggu kesehatan remaja itu sendiri.</p><p>&nbsp;</p><p>#PromkesPenimbung</p><p>#PENIMBUNGBERIMAN</p>", "view_count": 118, "word_count": 87, "status": "published", "created_at": "2023-08-24T00:43:36.004Z", "updated_at": "2024-07-07T02:23:25.677Z"}, "m2m": {"tags": [15], "photo": [12952, 12953]}}, {"condition": {"id": 4309}, "defaults": {"kategori_id": 9, "site_id": 59, "admin_id": 77, "judul": "LAKSANAKAN RE-AKREDITASI, PUSKESMAS PENIMBUNG TARGETKAN PARIPURNA!", "judul_seo": "laksanakan-re-akreditasi-puskesmas-penimbung-targetkan-paripurna", "isi_berita": "<p style=\"text-align:justify;\">Puskesmas Penimbung melaksanakan Re-Akreditasi, kegiatan dilaksanakan selama 3 hari pada tanggal 19,21 dan 22 Agustus 2023. Hari pertama dilakukan secara daring melalui zoom dengan dibuka oleh Kepala Dinas Kesehatan Kabupaten Lombok Barat. Kadikes berharap nantinya dengan dilaksanakannya Re-Akreditasi ini Puskesmas Penimbung dapat meningkatkan mutu pelayanan baik di dalam gedung maupun luar gedung terlebih mendapatkan status PARIPURNA.</p><p style=\"text-align:justify;\">&nbsp;</p><p style=\"text-align:justify;\">#PromkesPenimbung</p><p style=\"text-align:justify;\">#PARIPURNA</p><p style=\"text-align:justify;\">#PENIMBUNGBERIMAN</p>", "view_count": 76, "word_count": 50, "status": "published", "created_at": "2023-08-24T01:35:35.730Z", "updated_at": "2024-06-29T07:41:31.480Z"}, "m2m": {"tags": [], "photo": [12957, 12958, 12959]}}, {"condition": {"id": 4892}, "defaults": {"kategori_id": 9, "site_id": 59, "admin_id": 77, "judul": "PUSKESMAS PENIMBUNG RAIH 3 PENGHARGAAN!", "judul_seo": "puskesmas-penimbung-raih-3-penghargaan", "isi_berita": "<p style=\"text-align:justify;\">Puskesmas Penimbung meraih penghargaan Pengelolaan Program Imunisasi, SKDR dan SPM 3 terbaik pada acara Dinas Kesehatan Award Kabupaten Lombok Barat tahun 2023, semoga dengan diraihnya penghargaan ini bisa menjadi semangat bagi kami untuk bisa lebih memberikan pelayanan terbaik kepada masyarakat. Untuk seluruh pihak yang telah berkontribusi baik lintas program dan lintas sektor kami ucapkan terima kasih yang sebesar-besarnya.</p><p>&nbsp;</p><p>#PENIMBUNGBERIMAN</p><p>#PROMOSIKESEHATAN</p>", "view_count": 54, "word_count": 55, "status": "published", "created_at": "2023-12-21T05:53:45.520Z", "updated_at": "2024-07-04T19:05:26.799Z"}, "m2m": {"tags": [5], "photo": [14520, 14521]}}, {"condition": {"id": 5255}, "defaults": {"kategori_id": 9, "site_id": 59, "admin_id": 77, "judul": "WAJIB TERAPKAN INTEGRASI LAYANAN PRIMER, PUSKESMAS PENIMBUNG NYATAKAN SIAP!", "judul_seo": "wajib-terapkan-integrasi-layanan-primer-puskesmas-penimbung-nyatakan-siap", "isi_berita": "<p style=\"text-align:justify;\">Penimbung, 20 Januari 2024. Kepala Dinas Kesehatan beserta rombongan hadir ke Puskesmas Penimbung dalam rangka Monitoring persiapan penerapan Integrasi Layanan Primer, dalam arahannya Kadikes berpesan agar Puskesmas Penimbung segera melaksanakan Integrasi Layanan Primer sesuai dengan amanat Keputusan Menteri Kesehatan Nomor 2015 Tahun 2023 dan menata ulang alur pelayanan sesuai dengan Kepmenkes tersebut.&nbsp;</p><p style=\"text-align:justify;\">&nbsp;</p><p style=\"text-align:justify;\">Kepala UPT Puskesmas Penimbung, Ns. Akhmad Juaini, S.Kep menyatakan siap mengikuti arahan Kadikes tersebut dan segera menata ulang alur pelayanan sesuai dengan Keputusan Menteri Kesehatan tentang Integrasi Layanan Primer tersebut dan berencana akan memulai per Februari tahun 2024.</p><p style=\"text-align:justify;\">&nbsp;</p><p style=\"text-align:justify;\">#PromkesPenimbung</p>", "view_count": 79, "word_count": 85, "status": "published", "created_at": "2024-01-27T00:22:14.004Z", "updated_at": "2024-07-11T21:41:45.898Z"}, "m2m": {"tags": [7], "photo": [15473, 15474]}}, {"condition": {"id": 5256}, "defaults": {"kategori_id": 9, "site_id": 59, "admin_id": 77, "judul": "KASUS DEMAM BERDARAH MENINGKAT, TIM SURVEILANS TINGKATKAN KEWASPADAAN!", "judul_seo": "kasus-demam-berdarah-meningkat-tim-surveilans-tingkatkan-kewaspadaan", "isi_berita": "<p style=\"text-align:justify;\">Penimbung, 19 Januari 2024. Tim Surveilans Puskesmas Penimbung mendapatkan laporan adanya warga Desa Ranjok yang dirawat akibat Demam Berdarah Dengue, atas dasar laporan tersebut Tim Surveilans melakukan Penyelidikan Epidemiologi untuk memeriksa kepadatan jentik serta melihat kebersihan lingkungan sekitar rumah.</p><p style=\"text-align:justify;\">&nbsp;</p><p style=\"text-align:justify;\">Tim Surveilans berpesan agar pemilik rumah rutin melakukan Pemberantasan Sarang Nyamuk dan menjaga kebersihan lingkungan rumah melalui metode 3M plus. Dalam kesempatan ini Tim Surveilans juga membagikan bubuk abate kepada sasaran dan warga sekitar sebagai upaya pencegahan.</p><p style=\"text-align:justify;\">&nbsp;</p><p>#PromkesPenimbung</p>", "view_count": 136, "word_count": 74, "status": "published", "created_at": "2024-01-27T00:44:44.064Z", "updated_at": "2024-06-27T16:41:30.032Z"}, "m2m": {"tags": [15], "photo": [15475, 15476]}}, {"condition": {"id": 5258}, "defaults": {"kategori_id": 9, "site_id": 59, "admin_id": 77, "judul": "UPAYA PENURUNAN KASUS MALARIA, PUSKESMAS TERUS LAKUKAN EDUKASI!", "judul_seo": "upaya-penurunan-kasus-malaria-puskesmas-terus-lakukan-edukasi", "isi_berita": "<p style=\"text-align:justify;\">Dalam rangka penurunan kasus Malaria di wilayah kerja UPT Puskesmas Penimbung, Tim Surveilans terus melakukan edukasi pencegahan sekaligus membagikan kelambu kepada masyarakat di wilayah Desa Bukit Tinggi, Mekarsari dan Gelangsar yang dikategorikan daerah endemis Malaria.</p><p style=\"text-align:justify;\">&nbsp;</p><p style=\"text-align:justify;\">Kegiatan ini bermaksud agar seluruh masyarakat terpapar dengan upaya pencegahan dan mau untuk menerapkan upaya-upaya tersebut sehingga kasus malaria dapat menurun hingga terjadi eliminasi.</p><p style=\"text-align:justify;\">&nbsp;</p><p style=\"text-align:justify;\">#PromkesPenimbung</p>", "view_count": 357, "word_count": 59, "status": "published", "created_at": "2024-01-27T03:36:58.203Z", "updated_at": "2024-07-10T17:15:32.898Z"}, "m2m": {"tags": [15], "photo": [15480, 15481, 15482]}}, {"condition": {"id": 5259}, "defaults": {"kategori_id": 9, "site_id": 59, "admin_id": 77, "judul": "TERAPKAN TARIF PELAYANAN TERBARU, PUSKESMAS PENIMBUNG LAKUKAN SOSIALISASI!", "judul_seo": "terapkan-tarif-pelayanan-terbaru-puskesmas-penimbung-lakukan-sosialisasi", "isi_berita": "<p>Mengawali tahun 2024, Puskesmas Penimbung melalui Kepala UPT Ns. Akhmad Juaini, S.Kep melakukan sosialisasi tarif layanan terbaru sesuai dengan Peraturan Daerah Kabupaten Lombok Barat Nomor 6 Tahun 2023.</p><p>&nbsp;</p><p>Diharapkan dengan sosialisasi ini masyarakat dan pengunjung menjadi lebih paham dan tahu tentang Perda terbaru tersebut sehingga tidak terjadi salah tanggap antara masyarakat dengan Puskesmas selaku pemberi layanan kesehatan.</p><p>&nbsp;</p><p>#PromkesPenimbung</p>", "view_count": 246, "word_count": 54, "status": "published", "created_at": "2024-01-27T03:47:08.974Z", "updated_at": "2024-07-05T15:29:31.682Z"}, "m2m": {"tags": [7], "photo": [15483, 15484]}}, {"condition": {"id": 5260}, "defaults": {"kategori_id": 9, "site_id": 59, "admin_id": 77, "judul": "TAMBAH PENGETAHUAN, PUSKESMAS DISTRIBUSIKAN BUKU BACAAN TENTANG KESEHATAN!", "judul_seo": "tambah-pengetahuan-puskesmas-distribusikan-buku-bacaan-tentang-kesehatan", "isi_berita": "<p style=\"text-align:justify;\">Dalam upaya memberikan edukasi serta menambah pengetahuan kesehatan khususnya kader, Puskesmas Penimbung mendistribusikan buku bacaan bagi kader kesehatan dengan harapan nantinya pengetahuan-pengetahuan yang didapat bisa ditularkan kepada masyarakat di wilayahnya.</p><p style=\"text-align:justify;\">&nbsp;</p><p>#PromkesPenimbung</p>", "view_count": 241, "word_count": 30, "status": "published", "created_at": "2024-01-27T03:59:01.199Z", "updated_at": "2024-07-09T01:41:15.504Z"}, "m2m": {"tags": [8], "photo": [15485, 15486]}}, {"condition": {"id": 5276}, "defaults": {"kategori_id": 9, "site_id": 59, "admin_id": 77, "judul": "APRESIASI KINERJA, KEPALA PUSKESMAS BERIKAN PENGHARGAAN!", "judul_seo": "apresiasi-kinerja-kepala-puskesmas-berikan-penghargaan", "isi_berita": "<p style=\"text-align:justify;\">Penimbung, 29 Januari 2024. Dalam rangka memberikan motivasi dan meningkatkan kinerja pegawai, Kepala UPT Puskesmas Penimbung memberikan penghargaan kepada staf dengan kinerja terbaik dari hasil penilaian tahun 2023. Diharapkan dengan pemberian penghargaan dapat melecutkan semangat kepada seluruh staf untuk lebih berprestasi di tahun 2024.</p><p>&nbsp;</p><p style=\"text-align:justify;\">Kegiatan ini juga dirangkai dengan penandatanganan komitmen untuk meningkatkan mutu pelayanan UPT Puskesmas Penimbung, penandatanganan ini dilakukan oleh Kepala UPT Puskesmas, Kepala Tata Usaha dan perwakilan Penanggung Jawab masing-masing Cluster.</p><p>&nbsp;</p><p>#PromkesPenimbung</p>", "view_count": 310, "word_count": 70, "status": "published", "created_at": "2024-01-29T01:59:12.011Z", "updated_at": "2024-07-07T01:07:06.175Z"}, "m2m": {"tags": [], "photo": [15525, 15526, 15527]}}, {"condition": {"id": 5664}, "defaults": {"kategori_id": 9, "site_id": 59, "admin_id": 77, "judul": "LAKSANAKAN PENDAMPINGAN ILP, KEPALA PUSKESMAS HARAPKAN PERAN MAKSIMAL DESA!", "judul_seo": "laksanakan-pendampingan-ilp-kepala-puskesmas-harapkan-peran-maksimal-desa", "isi_berita": "<p style=\"text-align:justify;\">Dalam rangka memaksimalkan peran desa dalam konsep Integrasi Layanan Primer, Kepala Puskesmas Penimbung melaksanakan road show ke seluruh desa dalam upaya memberikan pemahaman serta gambaran kepada pihak desa tentang konsep Integrasi Layanan Primer.</p><p style=\"text-align:justify;\">&nbsp;</p><p style=\"text-align:justify;\">Dalam penyampaiannya, Kepala Puskesmas menekankan pentingnya melakukan deteksi dini kepada seluruh usia dan sasaran. Dengan upaya deteksi dini tersebut diharapkan seluruh risiko penyakit pada sasaran bisa segera tertangani sehingga derajat kesehatan masyarakat bisa meningkat.</p><p>&nbsp;</p><p>#PromkesPenimbung</p>", "view_count": 416, "word_count": 68, "status": "published", "created_at": "2024-02-28T00:59:32.849Z", "updated_at": "2024-07-07T09:51:27.103Z"}, "m2m": {"tags": [7], "photo": [16532, 16533, 16534]}}, {"condition": {"id": 5665}, "defaults": {"kategori_id": 9, "site_id": 59, "admin_id": 77, "judul": "PERKUAT KERJASAMA LINTAS SEKTOR, PUSKESMAS PENIMBUNG MENGADAKAN LOKAKARYA MINI!", "judul_seo": "perkuat-kerjasama-lintas-sektor-puskesmas-penimbung-mengadakan-lokakarya-mini", "isi_berita": "<p>Dalam rangka memperkuat kerjasama lintas sektor, Puskesmas Penimbung mengadakan Lokakarya Mini Lintas Sektor TW I. Kegiatan dibuka langsung oleh Camat Gunungsari, dalam arahannya Camat Gunungsari menekankan pentingnya meningkatkan kerjasama lintas sektor terutama di bidang kesehatan dalam upaya menyehatkan masyarakat di wilayah kerja.</p><p>&nbsp;</p><p>Dalam kegiatan tersebut, Kepala Puskesmas menyampaikan capaian program tahun 2023 serta rencana kerja tahun 2024 di bidang kesehatan dengan harapan para pemangku kebijakan mendukung kegiatan-kegiatan tersebut di tahun 2024.</p><p>&nbsp;</p><p>Hadir juga dalam kegiatan tersebut Kapolsek dan Danramil Kecamatan Gunungsari serta perwakilan kader kesehatan.</p><p>&nbsp;</p><p>#PromkesPenimbung</p>", "view_count": 458, "word_count": 82, "status": "published", "created_at": "2024-02-28T01:23:12.792Z", "updated_at": "2024-07-12T00:28:10.432Z"}, "m2m": {"tags": [7], "photo": [16535, 16536, 16537]}}, {"condition": {"id": 5666}, "defaults": {"kategori_id": 9, "site_id": 59, "admin_id": 77, "judul": "TEKAN KEJADIAN FRAMBUSIA, PUSKESMAS PENIMBUNG LAKSANAKAN SKRINING!", "judul_seo": "tekan-kejadian-frambusia-puskesmas-penimbung-laksanakan-skrining", "isi_berita": "<p>Dalam rangka menekan angka kejadian Frambusia terutama pada anak-anak, Puskesmas Penimbung memberikan edukasi sekaligus melakukan skrining penyakit Frambusia pada anak sekolah MI Ar-Rasyidi dan Nurul Mujahidin di Desa Penimbung.</p><p>&nbsp;</p><p>Kegiatan ini juga sekaligus mengkampanyekan program Kementrian Kesehatan, yaitu Eradikasi penyakit Frambusia terutama di Kabupaten Lombok Barat. Dengan kegiatan ini diharapkan eradikasi Frambusia dapat tercapai di tahun 2024 khususnya Kabupaten Lombok Barat.</p><p>&nbsp;</p><p>#PromkesPenimbung</p>", "view_count": 408, "word_count": 59, "status": "published", "created_at": "2024-02-28T01:39:39.604Z", "updated_at": "2024-07-11T05:01:04.565Z"}, "m2m": {"tags": [7], "photo": [16538, 16539]}}, {"condition": {"id": 6743}, "defaults": {"kategori_id": 9, "site_id": 59, "admin_id": 77, "judul": "BIASAKAN PHBS SEJAK DINI, TIM PROMKES GENCARKAN SOSIALISASI DI SEKOLAH DASAR!", "judul_seo": "biasakan-phbs-sejak-dini-tim-promkes-gencarkan-sosialisasi-di-sekolah-dasar", "isi_berita": "<p style=\"text-align:justify;\">Dalam rangka membiasakan Perilaku Hidup Bersih dan Sehat sejak dini, Tim Promosi Kesehatan melaksanakan sosialisasi PHBS di seluruh sekolah dasar wilayah kerja Puskesmas Penimbung. Kegiatan ini dalam upaya mengajak para siswa untuk menerapkan Perilaku Hidup Bersih dan Sehat khususnya di lingkungan sekolah.</p><p style=\"text-align:justify;\">&nbsp;</p><p style=\"text-align:justify;\">Kegiatan ini mendapatkan apresiasi oleh pihak sekolah, sehingga harapannya akan terus ada kegiatan seperti ini. Pihak sekolah berharap selain sosialisasi, para siswa juga mendapatkan praktek PHBS sehingga nantinya para siswa menjadi lebih paham tentang apa yang disampaikan saat sosialisasi.</p><p style=\"text-align:justify;\">&nbsp;</p><p style=\"text-align:justify;\">#PromkesPenimbung</p><p style=\"text-align:justify;\">#PenimbungBeriman</p>", "view_count": 60, "word_count": 81, "status": "published", "created_at": "2024-06-03T05:31:55.101Z", "updated_at": "2024-07-09T10:43:09.294Z"}, "m2m": {"tags": [15], "photo": [19317, 19318, 19319]}}, {"condition": {"id": 6744}, "defaults": {"kategori_id": 9, "site_id": 59, "admin_id": 77, "judul": "LAKSANAKAN LOKAKARYA MINI LINTAS SEKTOR, PUSKESMAS PENIMBUNG NYATAKAN SIAP MENJADI PUSKESMAS RAWAT INAP!", "judul_seo": "laksanakan-lokakarya-mini-lintas-sektor-puskesmas-penimbung-nyatakan-siap-menjadi-puskesmas-rawat-inap", "isi_berita": "<p style=\"text-align:justify;\">Selasa, 28/5-2024. Kepala UPT Puskesmas Penimbung Ns. Akhmad Juaini, S.Kep mengadakan Lokakarya Mini Lintas Sektor TW II di Aula UPT Puskesmas Penimbung.</p><p style=\"text-align:justify;\">Hadir dalam kegiatan tersebut Camat Gunungsari H. Rusni, S.Sos, Danramil Kecamatan Gunungsari, Perwakilan Polsek Gunungsari, perwakilan Bidang Yankes Dikes Lobar, UPT KB, BPP, KUA, 8 Kepala Desa wilayah kerja Puskesmas Penimbung, Petugas Pustu dan Bidan Desa.</p><p style=\"text-align:justify;\">Dalam penyampaiannya, Kepala Puskesmas menyampaikan beberapa isu, capaian kesehatan yang terjadi dalam beberapa bulan ini dan berharap dukungan lintas sektor untuk membantu menyelesaikan masalah kesehatan tersebut serta kesiapan Puskesmas yang akan divisitasi dalam rangka perubahan status dari Puskesmas Non Rawat Inap menjadi Puskesmas Rawat Inap.</p><p>&nbsp;</p><p>#PENIMBUNGBERIMAN<br>&nbsp;</p>", "view_count": 83, "word_count": 96, "status": "published", "created_at": "2024-06-03T05:45:05.169Z", "updated_at": "2024-07-05T01:28:34.539Z"}, "m2m": {"tags": [15], "photo": [19320, 19321, 19322]}}]