[{"condition": {"id": 675}, "defaults": {"kategori_id": 9, "site_id": 53, "admin_id": 71, "judul": "AYOO MANFAATKAN POS KESEHATAN DESA (POSKESDES)", "judul_seo": "ayoo-manfaatkan-pos-kesehatan-desa-poskesdes", "isi_berita": "", "view_count": 116, "word_count": 0, "status": "published", "created_at": "2022-07-09T11:34:50.590Z", "updated_at": "2024-07-10T04:40:11.057Z"}, "m2m": {"tags": [15], "photo": [2568, 2569]}}, {"condition": {"id": 676}, "defaults": {"kategori_id": 9, "site_id": 53, "admin_id": 71, "judul": "Tes Kebugaran Untuk Calon Jamaah Haji", "judul_seo": "tes-kebugaran-untuk-calon-jamaah-haji", "isi_berita": "<p>tes kebugaran ini merupakan rangkaian pelaksanaan jamaah haji. Selamat kepada ibu bapak yang telah diberikan kesempatan oleh Allah SWT menjadi jamaah calon haji dari Kec. Gunungsari untuk menunaikan rukun islam yang kelima pada musim haji tahun 2022&nbsp;ini.</p>\r\n\r\n<p>&ldquo;Kita semua yang mendapat kesempatan patut bersyukur, karena masih banyak diantara saudara-saudara kita yang seharusnya berangkat pada tahun ini, akan tetapi harus tertunda keberangkatannya karena sesuatu dan lain hal. Untuk itu, kepada bapak ibu yang telah diberikan kesempatan agar menyiapkan diri dalam melaksanakan ibadah ,&rdquo;</p>\r\n\r\n<p>Ibadah haji adalah rangkaian ibadah yang memerlukan kesehatan,kebugaran tubuh disamping kesiapan finansial dan mental serta kesiapan pengetahuan dan pemahaman mengenai rangkaian ibadah. &ldquo;Tes kebugaran ini bertujuan memonitoring kesehatan calon jamaah haji,&rdquo;</p>\r\n\r\n<p>Kebugaran merupakan salah satu di antara berbagai faktor yang menentukan derajat kesehatan. Kebugaran tidak semata-mata dinilai secara fisik tetapi meliputi seluruh tubuh, pikiran dan emosi. Kebugaran fisik dapat mencegah atau mengobati banyak bersifat kemunduran kondisi kesehatan yang dihasilkan oleh gaya hidup tidak sehat atau penuaan.</p>\r\n", "view_count": 116, "word_count": 151, "status": "published", "created_at": "2022-07-09T11:52:27.130Z", "updated_at": "2024-07-02T06:54:36.324Z"}, "m2m": {"tags": [59], "photo": [2571, 2572, 2573]}}, {"condition": {"id": 3394}, "defaults": {"kategori_id": 18, "site_id": 53, "admin_id": 71, "judul": "Tes Kebugaran Calon Jemaah Haji Tahun 2023", "judul_seo": "tes-kebugaran-calon-jemaah-haji-tahun-2023", "isi_berita": "<p>Kegiatan Tes Kebugaran Untuk Calon Jemaah Haji&nbsp; Tahun 2023 yang diikuti oleh 36 Calon jemaah haji yang dilaksanakan&nbsp; pada hari Senin tgl.22 Mei 2023&nbsp; bertempat di UPT Puskesmas Gunungsari dimana Tim Kesehatan Pengelola jemaah haji melakukan pemeriksaan , memberikan edukasi , pengetahuan&nbsp; dan pengarahan mengenai apa saja yang diperlu disiapkan oleh calon jemaah haji&nbsp;</p>\r\n", "view_count": 97, "word_count": 48, "status": "published", "created_at": "2023-05-23T06:08:38.020Z", "updated_at": "2024-06-27T22:29:35.164Z"}, "m2m": {"tags": [6], "photo": [9964, 9965, 9966]}}, {"condition": {"id": 3399}, "defaults": {"kategori_id": 10, "site_id": 53, "admin_id": 71, "judul": "Pengarahan Kepala Puskesmas saat Apel pagi", "judul_seo": "pengarahan-kepala-puskesmas-saat-apel-pagi", "isi_berita": "<p>Pengarahan&nbsp; Kepala Puskesmas untuk staf UPT Puskesmas Gunungsari untuk tetap&nbsp; Meningkatan Mutu layananan dan bekerja sesuai dengan standar layananan yang ada di UPT Puskesmas Gunungsari.&nbsp;&nbsp;</p>", "view_count": 144, "word_count": 25, "status": "published", "created_at": "2023-05-23T06:46:03.089Z", "updated_at": "2024-07-06T05:13:39.782Z"}, "m2m": {"tags": [6], "photo": [9985]}}, {"condition": {"id": 3407}, "defaults": {"kategori_id": 9, "site_id": 53, "admin_id": 71, "judul": "BIMTEK PENGELOLAAN WEBSIDE KABUPATEN RUMAH SAKIT DAN PUSKESMAS", "judul_seo": "bimtek-pengelolaan-webside-kabupaten-rumah-sakit-dan-puskesmas", "isi_berita": "<p>Perkembangan Teknologi dan Arus informasi&nbsp; yang semakin maju dan&nbsp; pesat dimana kebutuhan informasi bagi masyarakat sangat dibutuhkan.dengan cepat dan efien`&nbsp; dimana&nbsp; salah satunya adalah media komunikasi melalu website. maka diperlukan pengelolaan website yang profesional. Karena itu Dinas Kesehatan&nbsp; lombok barat dan bersama kominfo lombok barat melakukan BIMTEK&nbsp; pengelolaan Webside Rumah sakit dan Puskesmas yang diadakan pada tgl.23 mei 2023 yang bertempat di Hotel Puri Saron yang di buka oleh Kepala Dinas Kesehatan</p>\r\n\r\n<p>&nbsp;</p>\r\n", "view_count": 175, "word_count": 69, "status": "published", "created_at": "2023-05-23T07:38:13.954Z", "updated_at": "2024-07-06T13:13:47.276Z"}, "m2m": {"tags": [6], "photo": [10008, 10009]}}, {"condition": {"id": 3420}, "defaults": {"kategori_id": 9, "site_id": 53, "admin_id": 71, "judul": "Penilaian NAKES teladan", "judul_seo": "penilaian-nakes-teladan", "isi_berita": "<p>Dalam rangka meningkatkan profesionalisme dan sebagai apresiasi dan penghargaan kepada tenaga kesehatan dalam memberikan pelayanan kesehatan kepada masyarakat, Dinas Kesehatan Kabupaten Lombok Barat mengadakan lomba Nakes teladan tahun 2023.&nbsp;</p>\r\n\r\n<p>Sebanyak 10 orang Nakes mengikuti lomba tersebut dan alhamdullilah 2 orang perwakilan dari UPT Puskesmas Gunungsari berhasil lolos ketingkat propinsi untuk berjuang dengan inovasi masing-masing.</p>\r\n\r\n<p>semoga dengan adanya kegiatan rutin yang dilaksanakan setiap tahunnya ini dapat memberikan motivasi kepada para nakes lainnya untuk terus memberikan pelayanan terbaik kepada masyarakat dan memunculkan lagi lebih banyak inovasi-inovasi di bidang kesehatan.</p>\r\n", "view_count": 73, "word_count": 82, "status": "published", "created_at": "2023-05-24T05:54:17.074Z", "updated_at": "2024-07-10T04:40:50.939Z"}, "m2m": {"tags": [], "photo": [10048, 10049, 10050]}}, {"condition": {"id": 3421}, "defaults": {"kategori_id": 9, "site_id": 53, "admin_id": 71, "judul": "Kegiatan Penyuluhan KB dan Kesehatan Reproduksi", "judul_seo": "kegiatan-penyuluhan-kb-dan-kesehatan-reproduksi", "isi_berita": "<p>Untuk meningkatkan pengetahuan masyarakat tentang pentingnya ber KB khususnya pengunaan MKJP ( metode kontrasepsi jangka panjang ) dan Tim KIA UPT Puskesmas Gunungsari melakukan penyuluhan KB dan kesehatan reproduksi di masyarakat.&nbsp;</p>\r\n\r\n<p>Kegiatan ini dilaksanakan dibeberapa dusun wilayah kerja Puskesmas dengan sasaran para pasangan usia subur dan remaja.&nbsp;</p>\r\n", "view_count": 98, "word_count": 45, "status": "published", "created_at": "2023-05-24T06:03:05.210Z", "updated_at": "2024-07-01T07:53:45.880Z"}, "m2m": {"tags": [15], "photo": [10051]}}, {"condition": {"id": 3442}, "defaults": {"kategori_id": 9, "site_id": 53, "admin_id": 71, "judul": "Posyandu Keluarga", "judul_seo": "posyandu-keluarga-1", "isi_berita": "<p>Ayooo tingkatkan kesehatan keluarga melalui posyandu keluarga` Potret posyandu keluarga wilayah kerja UPT Puskesmas Gunungsri</p>\r\n", "view_count": 69, "word_count": 15, "status": "published", "created_at": "2023-05-25T04:15:10.773Z", "updated_at": "2024-07-01T15:38:21.223Z"}, "m2m": {"tags": [], "photo": [10110, 10111, 10112]}}, {"condition": {"id": 3487}, "defaults": {"kategori_id": 9, "site_id": 53, "admin_id": 71, "judul": "Kegiatan PMBA ( Pemberian Makan Bayi dan Anak )", "judul_seo": "kegiatan-pmba-pemberian-makan-bayi-dan-anak", "isi_berita": "<p>Kegiatan PMBA ( Pemberian makan Bayi dan Anak) yang dilaksanakan di Dusun Wilayah kerja UPT Puskesmas Gunungsari.Kegiatan ini fokus kepada 1000 hari pertama kehidupan sejak bayi dalam kandungan sampai anak mur 2 tahun. Dengan ini diharapkan dapat meningkatkan kwalitas hidup masyarakat</p>\r\n", "view_count": 87, "word_count": 37, "status": "published", "created_at": "2023-05-29T22:21:11.191Z", "updated_at": "2024-06-23T10:07:23.889Z"}, "m2m": {"tags": [5], "photo": [10239, 10240]}}, {"condition": {"id": 3520}, "defaults": {"kategori_id": 9, "site_id": 53, "admin_id": 71, "judul": "Peserta Latih Programer Perkesmas se Propinsi  NTB", "judul_seo": "peserta-latih-programer-perkesmas-se-propinsi-ntb", "isi_berita": "<p>Rabu 31 Mei 2023</p>\r\n\r\n<p>Selamat Datang peserta latih Programer Perkesmas&nbsp; se propinsi NTB di UPT Puskesmas Gunungsari</p>\r\n", "view_count": 238, "word_count": 15, "status": "published", "created_at": "2023-05-31T08:22:24.618Z", "updated_at": "2024-07-10T04:40:54.414Z"}, "m2m": {"tags": [], "photo": [10322]}}, {"condition": {"id": 3521}, "defaults": {"kategori_id": 9, "site_id": 53, "admin_id": 71, "judul": "Pertemuan Lintas Sektor Dalam Penurunan AKI ( angka kematian ibu dan AKB (angka kematian bayi) ", "judul_seo": "pertemuan-lintas-sektor-dalam-penurunan-aki-angka-kematian-ibu-dan-akb-angka-kematian-bayi", "isi_berita": "<p>dalam rangka penurunan AKI ( angka kematian ibu) dan AKB (angka kematian bayi) serta pencegahan stunting diperlukan koordinasi yang terintegritas dalam pelayanan kesehatan khususnya calon pengantin, karena itu di UPT Puskesmas Gunungsari melakukan rapat kordinasi dengan tingkat terkait seperti : Kepala Desa, Tokoh Agama,Tokoh Masyarakat,KUA,PHDI dan kepolisian semoga semakin memperkuat kerjasama dalam upaya peningkatan derajat kesehatan masyarakat</p>\r\n", "view_count": 248, "word_count": 53, "status": "published", "created_at": "2023-05-31T08:37:09.785Z", "updated_at": "2024-07-07T10:20:35.783Z"}, "m2m": {"tags": [], "photo": [10323]}}, {"condition": {"id": 3531}, "defaults": {"kategori_id": 9, "site_id": 53, "admin_id": 71, "judul": "Sosialisasi dan OJT aplikasi DFO Menindak lanjutin Pertemuan Mutu Dikes", "judul_seo": "sosialisasi-dan-ojt-aplikasi-dfo-menindak-lanjutin-pertemuan-mutu-dikes", "isi_berita": "<p>Tim Mutu UPT Puskesmas Gunungsari pada sabtu 03 mei 2023 mendapatkan Sosialisasi dan&nbsp; OJT aplikasi DFO ( Data Fanyakes Online )&nbsp; menindak lanjuti pertemuan Didikes pada tanggal 30 dan 31 mei 2023 yang didampingi oleh Tim Dikes Kesehatan&nbsp;</p>\r\n", "view_count": 195, "word_count": 31, "status": "published", "created_at": "2023-06-03T13:26:13.923Z", "updated_at": "2024-07-01T20:59:54.647Z"}, "m2m": {"tags": [5], "photo": [10354, 10355, 10356]}}, {"condition": {"id": 3540}, "defaults": {"kategori_id": 9, "site_id": 53, "admin_id": 71, "judul": "Apel Pagi UPT Puskesmas Gunungsari", "judul_seo": "apel-pagi-upt-puskesmas-gunungsari", "isi_berita": "<p>Senin 05 Juni 2023 Kegiatan rutin apel pagi yang dilaksanakan oleh UPT Pukesmas Gunungsari yang dipimpin oleh Ns H. L Wirawan Srigede, S.Kep&nbsp; diikuti semua staf puskesmas sebagai media komunikasi evaluasi dan monitoring&nbsp;&nbsp;</p>\r\n", "view_count": 64, "word_count": 30, "status": "published", "created_at": "2023-06-05T01:57:43.706Z", "updated_at": "2024-06-06T22:20:03.497Z"}, "m2m": {"tags": [], "photo": [10377, 10378, 10379]}}, {"condition": {"id": 3557}, "defaults": {"kategori_id": 9, "site_id": 53, "admin_id": 71, "judul": "Ayo Keposyandu.....", "judul_seo": "ayo-keposyandu", "isi_berita": "<p>Selasa 6 Juni 2023 Giat tim posyandu keluarga hari ini, mari datang ke posyandu keluarga. dapatkan pelayanan kesehatan ibu hamil, bayi balita,remaja,usia produktif dan lansia keluarga sehat negara kuat&nbsp;&nbsp;</p>\r\n", "view_count": 101, "word_count": 26, "status": "published", "created_at": "2023-06-06T02:49:18.919Z", "updated_at": "2024-07-01T18:03:29.842Z"}, "m2m": {"tags": [], "photo": [10422, 10423]}}, {"condition": {"id": 3609}, "defaults": {"kategori_id": 9, "site_id": 53, "admin_id": 71, "judul": "Kegiatan Pelatihan Apar", "judul_seo": "kegiatan-pelatihan-apar", "isi_berita": "<p>Untuk melatih kesiapsiagaan karyawan dalam menghadapi dan mengambil tindakan saat terjadi bencana,hari kamis tgl 08 Juni 2023 di&nbsp; UPT Puskesmas Gunungsari mengadakan simulasi kesiapsiagaan bencana yg berlokasi di halaman Puskesmas.<br />\r\nKegiatan ini di ikuti oleh seluruh karyawan dan karyawati Puskesmas Gunungsari.</p>\r\n", "view_count": 66, "word_count": 38, "status": "published", "created_at": "2023-06-08T21:24:52.604Z", "updated_at": "2024-07-10T04:40:24.224Z"}, "m2m": {"tags": [], "photo": [10574, 10575, 10576]}}, {"condition": {"id": 3622}, "defaults": {"kategori_id": 9, "site_id": 53, "admin_id": 71, "judul": "Kegiatan Monev Keuangan Dikes ke UPT Puskesmas Gunungsari", "judul_seo": "kegiatan-monev-keuangan-dikes-ke-upt-puskesmas-gunungsari", "isi_berita": "<p>Jumat,9 Juni 2023<br />\r\nMonitoring dan evaluasi keuangan BOK,BLUD dan aset &nbsp;oleh tim Dinas kesehatan kabupaten Lombok Barat di UPT Puskesmas Gunungsari</p>\r\n", "view_count": 113, "word_count": 18, "status": "published", "created_at": "2023-06-09T10:48:32.920Z", "updated_at": "2024-05-30T20:23:51.626Z"}, "m2m": {"tags": [], "photo": [10624, 10625, 10626]}}, {"condition": {"id": 3673}, "defaults": {"kategori_id": 9, "site_id": 53, "admin_id": 71, "judul": "Koordinasi Program Perencanaan dan Pencegahan Komplikasi", "judul_seo": "koordinasi-program-perencanaan-dan-pencegahan-komplikasi", "isi_berita": "<p>Rabu,14 Juni 2023<br />\r\nPertemuan Koordinasi Program Perencanaan dan Pencegahan Komplikasi.kegiatan ini dilakukan dalam rangka mempersiapkan ibu hamil dalam menghadapi kehamilan &nbsp;dan persalinan dengan aman tanpa dan terencana.semoga dengan pertemuan ini akan dapat meningkatkan kemitraan antara Tenaga kesehatan,perangkat kewilayahan,kader dengan masyrakat untuk memantau kesehatan ibu hamil yg ada di sekitar.</p>\r\n", "view_count": 142, "word_count": 43, "status": "published", "created_at": "2023-06-14T05:03:13.417Z", "updated_at": "2024-06-28T17:07:05.860Z"}, "m2m": {"tags": [6], "photo": [10768, 10769]}}, {"condition": {"id": 3702}, "defaults": {"kategori_id": 9, "site_id": 53, "admin_id": 71, "judul": "Kegitan Penyuluhan PHBS", "judul_seo": "kegitan-penyuluhan-phbs", "isi_berita": "<p>Rabu,14 Juni 2023<br />\r\nKegiatan Penyuluhan PHBS dan pemicuan 5 pilar STBM ( Sanitasi Total Berbasis Masyarakat ) dilaksanakan di Dusun Dopang tengah wilayah kerja UPT PUSKESMAS GUNUNGSARI.</p>\r\n", "view_count": 114, "word_count": 22, "status": "published", "created_at": "2023-06-15T12:52:28.985Z", "updated_at": "2024-07-10T04:40:24.210Z"}, "m2m": {"tags": [], "photo": [10855, 10856]}}, {"condition": {"id": 3703}, "defaults": {"kategori_id": 9, "site_id": 53, "admin_id": 71, "judul": "Pertemuan Orientasi Kesehatan Jiwa bagi Tenaga kesehatan", "judul_seo": "pertemuan-orientasi-kesehatan-jiwa-bagi-tenaga-kesehatan", "isi_berita": "<p>Kamis 15 Juni 2023<br />\r\nHotel Jayakarta.<br />\r\nPertemuan orientasi skrining kesehatan jiwa bagi tenaga kesehatan.</p>\r\n", "view_count": 111, "word_count": 12, "status": "published", "created_at": "2023-06-15T12:56:49.653Z", "updated_at": "2024-07-05T12:30:35.866Z"}, "m2m": {"tags": [], "photo": [10857, 10858]}}, {"condition": {"id": 3723}, "defaults": {"kategori_id": 9, "site_id": 53, "admin_id": 71, "judul": "Tes Kebugaran staf Puskesmas Gunungsari Tahun 2023", "judul_seo": "tes-kebugaran-staf-puskesmas-gunungsari-tahun-2023", "isi_berita": "<p>Jum`at 16 juni 2023</p>\r\n\r\n<p>Sebanyak 78 karyawan dan karyawati UPT Puskesmas Gunungsari mengikuti tes kebugaran yang rutin dilaksanakan 6 bulan sekali ,dimana tujuaannya untuk memastikan dan tingkat kebugaran jasmani pegawainya.</p>\r\n\r\n<p>Sehat dan Bugar selalu team, untuk memberikan pelayanan terbaik bagi masyarakat</p>\r\n", "view_count": 79, "word_count": 36, "status": "published", "created_at": "2023-06-17T01:58:29.209Z", "updated_at": "2024-07-11T21:40:25.708Z"}, "m2m": {"tags": [], "photo": [10902, 10903]}}, {"condition": {"id": 3724}, "defaults": {"kategori_id": 9, "site_id": 53, "admin_id": 71, "judul": "kegiatan Rutin Apel Pagi UPT Puskesmas Gunungsari", "judul_seo": "kegiatan-rutin-apel-pagi-upt-puskesmas-gunungsari", "isi_berita": "<p>Sabtu, 17 Juni 2023</p>\r\n\r\n<p>Sebagai bentuk peningkatan&nbsp; Komunikasi dan Koordinasi antar petugas maupun programer,</p>\r\n\r\n<p>kegiatan rutin tetap dilaksanakan apel pagi yang di pimpin oleh PJ UKP&nbsp;</p>\r\n", "view_count": 81, "word_count": 24, "status": "published", "created_at": "2023-06-17T02:08:24.076Z", "updated_at": "2024-05-31T04:39:35.743Z"}, "m2m": {"tags": [], "photo": [10904, 10905, 10906]}}, {"condition": {"id": 3761}, "defaults": {"kategori_id": 9, "site_id": 53, "admin_id": 71, "judul": "Kegiatan RakorPerencanaan Persalinan & Pencegahan Komplikasi Bersama OPD Wilayah Kerja Puskesmas Gunungsari", "judul_seo": "kegiatan-rakorperencanaan-persalinan-pencegahan-komplikasi-bersama-opd-wilayah-kerja-puskesmas-gunungsari", "isi_berita": "<p>Selasa, 20 Juni 2023</p>\r\n\r\n<p>Kegiatan Rakor Program KIA yang dilaksanakan di Desa Tamansari dimana melibatkan aparat&nbsp; perangkat desa dan OPD lain sebagai salah satu&nbsp; kegiatan koordinasi dan komunikasi dalam&nbsp; perencanaan persalinan dan pencegahan&nbsp; komplikasi.</p>\r\n\r\n<p>&nbsp;</p>\r\n", "view_count": 128, "word_count": 32, "status": "published", "created_at": "2023-06-21T04:00:05.553Z", "updated_at": "2024-07-10T04:40:24.114Z"}, "m2m": {"tags": [], "photo": [11038, 11039, 11040]}}, {"condition": {"id": 3795}, "defaults": {"kategori_id": 9, "site_id": 53, "admin_id": 71, "judul": "Kegiatan Senam Germas Puskesmas Gunungsari", "judul_seo": "kegiatan-senam-germas-puskesmas-gunungsari", "isi_berita": "<p>Kegiatan Senam Germas rutin dilaksanakan setiap jum&#39;at bersama staf puskesmas dan kelompok prolanis&nbsp;&nbsp;</p>\r\n", "view_count": 129, "word_count": 12, "status": "published", "created_at": "2023-06-23T02:03:21.354Z", "updated_at": "2024-05-29T06:17:48.123Z"}, "m2m": {"tags": [], "photo": [11126, 11127]}}, {"condition": {"id": 3820}, "defaults": {"kategori_id": 9, "site_id": 53, "admin_id": 71, "judul": "Pertemuan Pendamping Desa", "judul_seo": "pertemuan-pendamping-desa", "isi_berita": "<p>Salah satu bentuk koordinasi&nbsp; dan komunikasi dan evaluasi kegiatan sudah dilaksanakan didesa baik kegiatan posyandu keluarga, maupun kegiatan lintas program seperti Kelas IBU Hamil, Kelas Balita, Gelas Antiq dan Penyuluhan, Kesehatan dan Kegiatan&nbsp; Kesling</p>\r\n", "view_count": 128, "word_count": 34, "status": "published", "created_at": "2023-06-26T04:37:59.871Z", "updated_at": "2024-07-10T04:40:54.091Z"}, "m2m": {"tags": [], "photo": [11227, 11228, 11229]}}, {"condition": {"id": 3881}, "defaults": {"kategori_id": 9, "site_id": 53, "admin_id": 71, "judul": " Penyuluhan dan Pemeriksaan  Rutin HT dan DM", "judul_seo": "penyuluhan-dan-pemeriksaan-rutin-ht-dan-dm", "isi_berita": "<p>Rabu, 05 Juli 2023</p>\r\n\r\n<p>Kegiatan kelas Hipertensi dan DM yang dilaksanakan dalam rangka pemeriksaan rutin bagi penderita HT dan DM di Wilayah kerja UPT Puskesmas Gunungsari . Kegiatan ini dihadirkan oleh oleh 20 0rang sasaran. Tindakan ini sebagai tindak lanjut Program PIS PK</p>\r\n", "view_count": 84, "word_count": 38, "status": "published", "created_at": "2023-07-05T13:44:36.122Z", "updated_at": "2024-06-21T10:05:16.908Z"}, "m2m": {"tags": [], "photo": [11492, 11493, 11494]}}, {"condition": {"id": 3915}, "defaults": {"kategori_id": 9, "site_id": 53, "admin_id": 71, "judul": "Tes Kesehatan dan Kebugaran Bersama OPD Lingkungan PEMDA LOBAR", "judul_seo": "tes-kesehatan-dan-kebugaran-bersama-opd-lingkungan-pemda-lobar", "isi_berita": "<p>Jumat&nbsp; 07 Juli 2023</p>\r\n\r\n<p>Test kebugaran bagi Aparatur Sipil&nbsp; Negara ( ASN) dengan menggunakan Aplikasi Sistim Informasi Pengukuran Kebugaran (SIPGAR) dimana untuk memastikan ASN yang bugar dan produktif maka dinas kesehatan Lombok barat melalui program kesehatan kerja dan olahraga mengadakan tes kebugaran bersama OPD lain dilingkungan Pemerintah Lombok Barat dimana Tim UPT Puskesmas mendapatkan kesempatan sebagai tim pelayanan sehatan dan tes kebugaran yang didampingin juga oleh Tim Kesmas Dinas Kesehatan Lombok Barat&nbsp;</p>\r\n", "view_count": 141, "word_count": 69, "status": "published", "created_at": "2023-07-07T11:10:21.315Z", "updated_at": "2024-07-10T04:41:10.537Z"}, "m2m": {"tags": [], "photo": [11592, 11593, 11594]}}, {"condition": {"id": 3964}, "defaults": {"kategori_id": 9, "site_id": 53, "admin_id": 71, "judul": "Kegiatan Rutin Gelas Antiq", "judul_seo": "kegiatan-rutin-gelas-antiq", "isi_berita": "<p>Gunungsari ,14 Juli 2023<br>Kegiatan Gelas antiq Minggu ini,diadakan di mesjid Baiturrahman Dusun Medas Desa Gunungsari.dengan jumlah sasaran &nbsp;Lansia yg hadir 42 orang<br>Pada kegiatan ini dilakukan Penyuluhan kesehatan, screening kesehatan pada lansia,pemeriksaan Laboratorium sederhana,pemberian multivitamin dan rujukan jika diperlukan.<br>Semoga para lansia selalu sehat dan tetap Istiqomah dalam menjaga kesehatan.</p>", "view_count": 245, "word_count": 40, "status": "published", "created_at": "2023-07-15T04:45:57.484Z", "updated_at": "2024-07-10T10:21:28.567Z"}, "m2m": {"tags": [], "photo": [11732, 11733, 11734]}}, {"condition": {"id": 3966}, "defaults": {"kategori_id": 9, "site_id": 53, "admin_id": 71, "judul": "Kegiatan Posga di Wilayah Kerja UPT Puskesmas Gunungsari", "judul_seo": "kegiatan-posga-di-wilayah-kerja-upt-puskesmas-gunungsari", "isi_berita": "<p>Kegiatan Posyandu keluarga Di Wilayah Kerja UPT Puskesmas Gunungsari</p>", "view_count": 285, "word_count": 9, "status": "published", "created_at": "2023-07-15T05:37:33.197Z", "updated_at": "2024-07-08T11:43:58.884Z"}, "m2m": {"tags": [], "photo": [11739, 11740, 11741]}}, {"condition": {"id": 3975}, "defaults": {"kategori_id": 9, "site_id": 53, "admin_id": 71, "judul": "Kegiatan Pembinaan UKBM Posyandu", "judul_seo": "kegiatan-pembinaan-ukbm-posyandu", "isi_berita": "<p>Senin , 17 Juli 2023</p><p>Kegiatan Pembinaan UKBM Posyandu dilaksanakan oleh Tim UPT Puskesmas Gunungsari bersama pemerintah desa kekait di Dusun kekait puncang desa kekait kecamatan Gunungsari.</p><p>Kegiatan ini dilaksanakan merupakan salah satu upaya untuk meningkatkan peran masyarakat dalam menerima pelayanan kesehatan dasar secara komperhensif. ada beberapa hal yang menjadi fokus pembinaaan selain kompetensi dan sapras posyandu, juga untuk memastikan berjalan tidaknya integrasi dengan sektor lain diluar pelayanan kesehatan langsung seperti Bank sampah dan tanaman obat keluarga</p>", "view_count": 648, "word_count": 71, "status": "published", "created_at": "2023-07-17T13:51:12.226Z", "updated_at": "2024-07-11T00:47:13.300Z"}, "m2m": {"tags": [], "photo": [11768, 11769, 11770]}}, {"condition": {"id": 4411}, "defaults": {"kategori_id": 9, "site_id": 53, "admin_id": 71, "judul": "Penerimaan peserta laith deteksi dini payudara dan kaker mulut rahim seprovinsi Nusa Tenggara Barat", "judul_seo": "penerimaan-peserta-laith-deteksi-dini-payudara-dan-kaker-mulut-rahim-seprovinsi-nusa-tenggara-barat", "isi_berita": "<p>Rabu,14 September 2023<br>UPT Puskesmas Gunungsari menerima peserta latih deteksi kanker payudara dan kanker mulut rahim se- Provinsi Nusa Tenggara Barat.kegiatan ini dilaksanakan selama 2 hari yaitu tanggal 14 s/d 15 September 2023.</p>", "view_count": 537, "word_count": 24, "status": "published", "created_at": "2023-09-16T09:47:58.265Z", "updated_at": "2024-07-11T21:19:22.769Z"}, "m2m": {"tags": [5], "photo": [13271, 13272]}}, {"condition": {"id": 4412}, "defaults": {"kategori_id": 9, "site_id": 53, "admin_id": 71, "judul": "Peserta pelatihan Komunikasi Antar Pribadi ", "judul_seo": "peserta-pelatihan-komunikasi-antar-pribadi", "isi_berita": "<p>Jumat,15 September 2023.<br>Selamat datang &nbsp;Peserta pelatihan Komunikasi Antar Pribadi di UPT PUSKESMAS GUNUNGSARI.</p>", "view_count": 543, "word_count": 11, "status": "published", "created_at": "2023-09-16T09:51:07.529Z", "updated_at": "2024-07-09T02:29:15.321Z"}, "m2m": {"tags": [5], "photo": [13273, 13274]}}, {"condition": {"id": 4413}, "defaults": {"kategori_id": 9, "site_id": 53, "admin_id": 71, "judul": "Peningkatan Pengelolaan Imunisasi Di Puskesmas", "judul_seo": "peningkatan-pengelolaan-imunisasi-di-puskesmas", "isi_berita": "<p>OJT hasil pelatihan pengelola program imunisasi UPT PUSKESMAS GUNUNGSARI &nbsp;yang diadakan diaula Puskesmas tgl.16 September 2023 Yang di hadiri o;eh progemer program &nbsp;puskesmas</p>", "view_count": 864, "word_count": 20, "status": "published", "created_at": "2023-09-16T09:59:47.822Z", "updated_at": "2024-07-12T00:42:04.411Z"}, "m2m": {"tags": [], "photo": [13275, 13276]}}, {"condition": {"id": 4432}, "defaults": {"kategori_id": 3, "site_id": 53, "admin_id": 71, "judul": "Kunjungan  CHAI ke Posyandu Keluarga", "judul_seo": "kunjungan-chai-ke-posyandu-keluarga", "isi_berita": "<p>Gunungsari,21 September 2023<br>Kunjungan CHAI ke posyandu keluarga di wilayah kerja UPT Puskesmas Gunungsari dalam rangka melihat integrasi pelaksanaan imunisasi di posyandu keluarga.</p>", "view_count": 998, "word_count": 20, "status": "published", "created_at": "2023-09-21T08:43:25.730Z", "updated_at": "2024-07-03T01:10:20.511Z"}, "m2m": {"tags": [], "photo": [13322, 13323, 13324]}}, {"condition": {"id": 4433}, "defaults": {"kategori_id": 3, "site_id": 53, "admin_id": 71, "judul": "PARIPURNA ", "judul_seo": "paripurna", "isi_berita": "<p>SELAMAT,....</p><p>UPT Puskesmas Gunungsari meraih akreditasi tingkat PARIPURNA dari Kementrian Kesehatan Republik Indonesia, yang berlaku mulai tanggal 19 Agustus 2023 s/d 19 Agustus 2028 . Dimana Akreditasi ini menjadi suatu pengakuan terhadap mutu layanan fasilitas kesehatan tingkat pertama dan status PARIPURNA merupakan hasil atau predikat tertinggi yang diberikan berdasarkan penilaian manejeman mutu,dan keselamatan pasien.</p><p>Semoga dengan predikat ini ,Puskesmas Gunungsari dapat terus meningkatkan mutu layanan dimasyarakat</p>", "view_count": 2155, "word_count": 55, "status": "published", "created_at": "2023-09-21T08:59:04.172Z", "updated_at": "2024-07-11T23:12:15.535Z"}, "m2m": {"tags": [], "photo": [13325, 13326, 13327]}}, {"condition": {"id": 4452}, "defaults": {"kategori_id": 8, "site_id": 53, "admin_id": 71, "judul": "KUNJUNGAN KAJI BANDING DARI KABUTEN PULAU PISAU PROVINSI KALIMANTAN TENGAH", "judul_seo": "kunjungan-kaji-banding-dari-kabuten-pulau-pisau-provinsi-kalimantan-tengah", "isi_berita": "<p>Hari ini,Rabu tanggal 20 September 2023 UPT Puskesmas Gunungsari menerima kunjungan Kaji banding dari Kabupaten Pulang pisau Provinsi Kalimantan Tengah.Rombongan kaji banding yang dipimpin oleh Bapak sekretaris Dinas kesehatan kabupaten Pulang pisau diterima langsung oleh Bapak Sekdis kesehatan kabupaten Lombok Barat.dalam sambutannya Bapak Sekdis kesehatan kabupaten Lombok Barat menyampaikan beberapa strategi &nbsp;yang sudah di lakukan oleh tim TPCB kabupaten dalam rangka pendampingan akreditasi Puskesmas.<br>Setelah dilakukan pemaparan selanjutnya Peserta kajibanding melakukan tour Puskesmas yang dipandu oleh ketua tim akreditasi Puskesmas Gunung sari.</p>", "view_count": 614, "word_count": 75, "status": "published", "created_at": "2023-09-27T15:51:04.713Z", "updated_at": "2024-07-10T04:40:27.403Z"}, "m2m": {"tags": [5, 162, 164], "photo": [13381, 13382, 13383]}}, {"condition": {"id": 4453}, "defaults": {"kategori_id": 5, "site_id": 53, "admin_id": 71, "judul": "PENJARINGAN TB HIV DI MASYARAKAT", "judul_seo": "penjaringan-tb-hiv-di-masyarakat", "isi_berita": "<p>Kegiatan Layanan skrining TB HIV di wilayah kerja UPT PUSKESMAS GUNUNGSARI dalam rangka penjaringan kasus TB HIV di masyarakat.</p>", "view_count": 908, "word_count": 19, "status": "published", "created_at": "2023-09-27T15:54:21.150Z", "updated_at": "2024-07-11T00:27:35.569Z"}, "m2m": {"tags": [5], "photo": [13384, 13385, 13386]}}, {"condition": {"id": 4468}, "defaults": {"kategori_id": 8, "site_id": 53, "admin_id": 71, "judul": "KUNJUNGAN KAJI BANDING DARI PUSKESMAS AIK DAREK LOMBOK TENGAH", "judul_seo": "kunjungan-kaji-banding-dari-puskesmas-aik-darek-lombok-tengah", "isi_berita": "<p>Rabu, 4 September 2023<br>Kunjungan Kaji banding dari UPT BLUD Puskesmas Aik Darek Kabupaten Lombok tengah ke UPT Puskesmas GUNUNGSARI..<br>#uptpkmgnsari<br>#paripurna</p>", "view_count": 243, "word_count": 16, "status": "published", "created_at": "2023-10-04T09:44:21.357Z", "updated_at": "2024-07-10T04:40:27.422Z"}, "m2m": {"tags": [5, 6], "photo": [13417, 13418, 13419]}}, {"condition": {"id": 4899}, "defaults": {"kategori_id": 3, "site_id": 53, "admin_id": 71, "judul": "Puskesmas Gunungsari Borong Penghargaan Di Dikes Award 2023", "judul_seo": "puskesmas-gunungsari-borong-penghargaan-di-dikes-award-2023", "isi_berita": "<p>Kamis,21 Desember 2023<br>Dinas Kesehatan Kabupaten Lombok Barat memberikan Penghargaan kepada Puskesmas dan Rumah sakit yang ada di Kabupaten Lombok Barat Pada acara Puncak Rapat Koordinasi Bidang Kesehatan tahun 2023 yang dilaksanakan selama 2 hari bertempat di Ballroom Hotel Montana Senggigi.<br>Pada acara ini Puskesmas Gunungsari mendapatkan 6 Penghargaan bergengsi yaitu sebagai Puskesmas dengan Capaian SPM terbaik 1,Puskesmas dengan pengelolaan kesehatan lansia terbaik,Puskesmas dengan pengelolaan rujukan terbaik,Puskesmas dengan Pengelolaan Program Hepatitis terbaik,Puskesmas dengan pengelolaan program kesehatan jiwa terbaik DAN Puncak Penghargaan adalah Juara Umum Puskesmas dengan KINERJA TERBAIK.<br>Terimakasih Kepada Allah SWT, Tuhan YME atas prestasi membanggakan sepanjang tahun 2023 ini.<br>Selamat kepada seluruh staf / keluarga besar UPT Puskesmas Gunungsari atas kerja keras kita semua.<br>DAN seluruh penghargaan ini kami persembahkan untuk seluruh Masyarakat yang ada di wilayah kerja UPT Puskesmas Gunungsari.<br>Semoga seluruh prestasi ini terus menjadi motivasi kami untuk berikan pelayanan kesehatan yang terbaik bagi masyarakat.</p>", "view_count": 101, "word_count": 127, "status": "published", "created_at": "2023-12-21T07:35:03.038Z", "updated_at": "2024-07-07T21:31:24.381Z"}, "m2m": {"tags": [], "photo": [14538, 14539, 14540]}}, {"condition": {"id": 4907}, "defaults": {"kategori_id": 3, "site_id": 53, "admin_id": 71, "judul": "Sosialisasi RKA 2024", "judul_seo": "sosialisasi-rka-2024", "isi_berita": "<p>Jumat,22 Desember 2023<br>Sosialisasi RKA tahun 2024 yang dilaksanakan di aula UPT Puskesmas Gunungsari.</p>", "view_count": 266, "word_count": 10, "status": "published", "created_at": "2023-12-22T02:27:06.528Z", "updated_at": "2024-07-11T23:47:34.253Z"}, "m2m": {"tags": [], "photo": [14562, 14563]}}, {"condition": {"id": 4925}, "defaults": {"kategori_id": 3, "site_id": 53, "admin_id": 71, "judul": "Tim Pengamanan Natal dan Tahun Baru Pos Sasaku Senggigi Lombok Barat", "judul_seo": "tim-pengamanan-natal-dan-tahun-baru-pos-sasaku-senggigi-lombok-barat", "isi_berita": "<p>Dalam rangka Pengamanan Natal dan Tahun Baru tahun 2024, UPT Puskesmas Gunungsari bersama tim gabungan dari Dinas kesehatan Kabupaten Lombok Barat, Polsek Mataram, Dinas Perhubungan dan Basarnas melakukan pengamanan di pos Sasaku, Senggigi.<br>Upaya ini dilakukan untuk memastikan alur lalulintas selama perayaan Natal dan Tahun Baru berjalan dengan Aman dan Lancar.</p>", "view_count": 796, "word_count": 48, "status": "published", "created_at": "2023-12-30T03:06:42.456Z", "updated_at": "2024-07-08T13:38:21.660Z"}, "m2m": {"tags": [], "photo": [14621, 14622, 14623]}}, {"condition": {"id": 4931}, "defaults": {"kategori_id": 3, "site_id": 53, "admin_id": 71, "judul": "Kegiatan Awal Tahun 2024 Puskesmas Gunungsari", "judul_seo": "kegiatan-awal-tahun-2024-puskesmas-gunungsari", "isi_berita": "<p>Selasa,02 Januari 2024<br>Kerja..kerja..kerja..<br>Mengawali kegiatan di Tahun 2024<br>Apel Pagi<br>Penerimaan PBL mahasiswa<br>Breefing Unit Layanan<br>Pelayanan di dalam Gedung<br>Pelayanan posyandu keluarga di luar gedung</p>", "view_count": 185, "word_count": 17, "status": "published", "created_at": "2024-01-02T07:12:16.611Z", "updated_at": "2024-07-11T22:01:49.457Z"}, "m2m": {"tags": [], "photo": [14642, 14643, 14644]}}, {"condition": {"id": 4948}, "defaults": {"kategori_id": 3, "site_id": 53, "admin_id": 71, "judul": "Pelatihan Kader Posyandu Desa Tamansari", "judul_seo": "pelatihan-kader-posyandu-desa-tamansari", "isi_berita": "<p>Rabu, 03 Januari 2024<br>Pelatihan kader Posyandu Desa Tamansari Wilayah Kerja UPT Puskesmas Gunungsari.<br>#kaderhebat #uptpkmgnsari #paripurna</p>", "view_count": 94, "word_count": 12, "status": "published", "created_at": "2024-01-03T06:02:11.088Z", "updated_at": "2024-07-11T00:26:57.413Z"}, "m2m": {"tags": [], "photo": [14682, 14683, 14684]}}, {"condition": {"id": 4995}, "defaults": {"kategori_id": 3, "site_id": 53, "admin_id": 71, "judul": "Skrining Hepatitis B Pada Tenaga Kesehatan", "judul_seo": "skrining-hepatitis-b-pada-tenaga-kesehatan", "isi_berita": "<p>Selasa,09 Januari 2024<br>Dalam rangka memberikan perlindungan penyakit menular khususnya penyakit hepatitis dan dalam rangka eliminasi Penyakit Hepatitis tahun 2030 maka dilakukan skrining Hepatitis B kepada seluruh tenaga kesehatan di UPT Puskesmas Gunungsari.</p>", "view_count": 195, "word_count": 29, "status": "published", "created_at": "2024-01-09T07:26:55.544Z", "updated_at": "2024-07-10T11:51:56.169Z"}, "m2m": {"tags": [], "photo": [14811, 14812, 14813]}}, {"condition": {"id": 5008}, "defaults": {"kategori_id": 3, "site_id": 53, "admin_id": 71, "judul": "Penyuluhan Gema Cermat Penggunaan Obat", "judul_seo": "penyuluhan-gema-cermat-penggunaan-obat", "isi_berita": "<p>Hay Guys...<br>Tema Penyuluhan kita hari ini adalah Gema Cermat atau Gerakan Masyarakat Cermat Menggunakan Obat.<br>Mari bijak menggunakan obat </p>", "view_count": 499, "word_count": 16, "status": "published", "created_at": "2024-01-10T07:09:20.466Z", "updated_at": "2024-07-08T16:39:22.264Z"}, "m2m": {"tags": [], "photo": [14849, 14850]}}, {"condition": {"id": 5009}, "defaults": {"kategori_id": 3, "site_id": 53, "admin_id": 71, "judul": "Pendampingan dan Penyuluhan ASI Eksklusif", "judul_seo": "pendampingan-dan-penyuluhan-asi-eksklusif", "isi_berita": "<p>Kegiatan Pendampingan dan Penyuluhan ASI Eksklusif di masyarakat yang dilakukan di Posyandu oleh tim Gizi UPT Puskesmas Gunungsari.<br>Ayoo berikan ASI saja sampai Usia bayi 6 bulan agar bayi sehat dan terhindar dari stunting.<br>#cegah stunting<br>#uptpkmgnsari</p>", "view_count": 330, "word_count": 30, "status": "published", "created_at": "2024-01-10T07:18:04.707Z", "updated_at": "2024-07-11T21:38:55.302Z"}, "m2m": {"tags": [], "photo": [14851, 14852, 14853]}}, {"condition": {"id": 5010}, "defaults": {"kategori_id": 3, "site_id": 53, "admin_id": 71, "judul": "SDIDTKA PAUD TK Negeri 3 Gunungsari", "judul_seo": "sdidtka-paud-tk-negeri-3-gunungsari", "isi_berita": "<p>Rabu,10 Januari 2024<br>Kegiatan SDIDTKA atau Stimulasi,Deteksi,Intervensi &nbsp;Dini Tumbuh Kembang Anak yang dilakukan secara terpadu oleh Tim Puskesmas di PAUD TK negeri 3 Gunungsari.<br>Kegiatan ini adalah salah satu bentuk skrining penyimpangan tumbuh kembang pada anak baik secara fisik / motorik maupun mental anak.diharapkan dengan kegiatan ini segala bentuk penyimpangan pada anak dapat diketahui secara dini dan mendapatkan tindak-lanjut lebih awal.<br>#uptpkmgnsari<br>#berbudaya</p>", "view_count": 229, "word_count": 50, "status": "published", "created_at": "2024-01-10T07:23:13.960Z", "updated_at": "2024-07-10T04:40:59.797Z"}, "m2m": {"tags": [], "photo": [14854, 14855, 14856]}}, {"condition": {"id": 5047}, "defaults": {"kategori_id": 3, "site_id": 53, "admin_id": 71, "judul": "Minilokakarya Awal Tahun 2024 UPT Puskesmas Gunungsari", "judul_seo": "minilokakarya-awal-tahun-2024-upt-puskesmas-gunungsari", "isi_berita": "<p>Sabtu,13 Januari 2024<br>Tingkatkan disiplin dan semangat kerja untuk Pelayanan Paripurna.<br>Hal ini disampaikan oleh Bapak Kepala UPT Puskesmas Gunungsari, Ns. H.L Wirawan Srigede,S.Kep Pada kegiatan Minilokakarya Bulan Pertama di Tahun 2024 yang bertempat di aula UPT Puskesmas Gunungsari.<br>Adapun agenda Minilokakarya kali ini adalah membahas sekaligus sosialisasi kembali ILP (Integrasi Layanan Primer), Penggalangan Komitmen dalam pelaksanaan Rencana Pelaksanaan Kegiatan Puskesmas,Pembahasan RUK 2025 serta Penyampaian Peraturan Internal terkait disiplin administrasi,termasuk pencatatan dan pelaporan serta beberapa peraturan yg harus mendapatkan kesepakatan bersama.<br>#uptpuskesmasgnsari<br>#berbudaya<br>#paripurna</p>", "view_count": 548, "word_count": 67, "status": "published", "created_at": "2024-01-13T09:50:40.261Z", "updated_at": "2024-07-11T11:15:36.934Z"}, "m2m": {"tags": [], "photo": [14955, 14956, 14957]}}, {"condition": {"id": 5070}, "defaults": {"kategori_id": 3, "site_id": 53, "admin_id": 71, "judul": "Sosialisasi Perda No.6 Tahun 2023", "judul_seo": "sosialisasi-perda-no-6-tahun-2023", "isi_berita": "<p>Senin,15 Januari 2024<br>Sosialisasi Peraturan Daerah No 6 Tahun 2023 tentang Pajak dan Retribusi Daerah khususnya tentang struktur dan besaran tarif Retribusi Jasa umum Pelayanan kesehatan di FKTP.<br>Serta sosialisasi Alur Pelayanan dalam Penerapan ILP (Integrasi Layanan Primer).<br>#PROMKES<br>#uptpkmgnsari</p>", "view_count": 734, "word_count": 30, "status": "published", "created_at": "2024-01-15T09:40:23.984Z", "updated_at": "2024-07-11T11:14:58.582Z"}, "m2m": {"tags": [], "photo": [15019, 15020]}}, {"condition": {"id": 5071}, "defaults": {"kategori_id": 3, "site_id": 53, "admin_id": 71, "judul": "Pendampingan MPASI dan Pendistibusian Taburia", "judul_seo": "pendampingan-mpasi-dan-pendistibusian-taburia", "isi_berita": "<p>Senin,15 Januari 2024<br>Pendampingan dan Penyuluhan Asi Eksklusif/MPASI &nbsp;serta distribusi taburia bagi balita di wilayah kerja&nbsp;<br>UPT Puskesmas Gunungsari.<br>#promkes<br>#uptpkmgnsari<br>#Berbudaya</p>", "view_count": 89, "word_count": 14, "status": "published", "created_at": "2024-01-15T09:45:12.180Z", "updated_at": "2024-07-01T18:45:49.543Z"}, "m2m": {"tags": [], "photo": [15021, 15022, 15023]}}, {"condition": {"id": 5106}, "defaults": {"kategori_id": 3, "site_id": 53, "admin_id": 71, "judul": "SDIDTKA Pada Balita", "judul_seo": "sdidtka-pada-balita", "isi_berita": "<p>Stimulasi,Deteksi,Intervensi Dini Tumbuh Kembang pada Balita untuk mencegah dan mengantisipasi secara dini adanya penyimpangan pertumbuhan dan perkembangan,penyimpangan prilaku emosional dan gangguan pemusatan perhatian dan hyperaktif pada balita.<br>Setiap penyimpangan ataupun keluhan orang tua dari hasil pemeriksaan ini akan ditindaklanjuti oleh Penanggungjawab Program salah satunya melalui kegiatan kelas Parenting skill yg merupakan salah satu inovasi UPT Puskesmas Gunungsari.<br>#uptpkmgnsari&nbsp;<br>#paripurna</p>", "view_count": 199, "word_count": 53, "status": "published", "created_at": "2024-01-16T10:32:18.147Z", "updated_at": "2024-07-11T22:26:21.936Z"}, "m2m": {"tags": [], "photo": [15087, 15088, 15089]}}, {"condition": {"id": 5128}, "defaults": {"kategori_id": 3, "site_id": 53, "admin_id": 71, "judul": "Kelas Ibu Hamil Desa Tamansari", "judul_seo": "kelas-ibu-hamil-desa-tamansari", "isi_berita": "<p>Rabu, 17 Januari 2024<br>Kelas ibu hamil yang berlangsung di Desa Tamansari<br>Ibu pintar, bayi sehat dan cerdas!</p>", "view_count": 55, "word_count": 14, "status": "published", "created_at": "2024-01-17T11:58:57.353Z", "updated_at": "2024-06-28T17:52:04.008Z"}, "m2m": {"tags": [], "photo": [15152, 15153, 15154]}}, {"condition": {"id": 5132}, "defaults": {"kategori_id": 3, "site_id": 53, "admin_id": 71, "judul": "Kunjungan Amphia University Netherland", "judul_seo": "kunjungan-amphia-university-netherland", "isi_berita": "<p>Kamis,18 Januari 2024<br>Kunjungan serta diskusi Potensi dan Rencana Implementasi Kerjasama dengan Amphia University Netherland di UPT Puskesmas Gunungsari.</p>", "view_count": 105, "word_count": 16, "status": "published", "created_at": "2024-01-18T04:48:04.735Z", "updated_at": "2024-07-02T10:46:04.244Z"}, "m2m": {"tags": [], "photo": [15164, 15165]}}, {"condition": {"id": 5182}, "defaults": {"kategori_id": 3, "site_id": 53, "admin_id": 71, "judul": "Inspeksi Kesehatan Lingkungan Sarana Air Minum", "judul_seo": "inspeksi-kesehatan-lingkungan-sarana-air-minum", "isi_berita": "<p>Guna memastikan kwalitas sarana air minum yang dikonsumsi oleh masyarakat,petugas Kesehatan lingkungan UPT Puskesmas Gunungsari melakukan kegiatan inspeksi sarana air minum di beberapa lokasi di wilayah kerjanya.<br>#uptpkmgnsari&nbsp;<br>#paripurna</p>", "view_count": 73, "word_count": 26, "status": "published", "created_at": "2024-01-22T07:24:36.139Z", "updated_at": "2024-07-10T04:40:19.688Z"}, "m2m": {"tags": [], "photo": [15289, 15290]}}, {"condition": {"id": 5186}, "defaults": {"kategori_id": 3, "site_id": 53, "admin_id": 71, "judul": "Pendampingan Dan Penyuluhan Cegah Stunting", "judul_seo": "pendampingan-dan-penyuluhan-cegah-stunting", "isi_berita": "<p>Pendampingan dan penyuluhan ASI Eksklusif dan MPASI dalam upaya pencegahan stunting oleh Tim Gizi UPT Puskesmas Gunungsari.<br>#uptpkmgnsari&nbsp;<br>#paripurna</p>", "view_count": 104, "word_count": 17, "status": "published", "created_at": "2024-01-22T07:59:32.430Z", "updated_at": "2024-07-10T04:40:50.536Z"}, "m2m": {"tags": [], "photo": [15293, 15294]}}, {"condition": {"id": 5208}, "defaults": {"kategori_id": 3, "site_id": 53, "admin_id": 71, "judul": "Kunjungan Peserta Latih TOT KAP Intensive", "judul_seo": "kunjungan-peserta-latih-tot-kap-intensive", "isi_berita": "<p>Kunjungan peserta latihTOT KAP intensive oleh forum pelatih KAP/RCCE Plus dan UNICEF di Posyandu Dusun Karang Kerem dan Dusun Dopang Tengah wilayah kerja UPT Puskesmas Gunungsari.</p>", "view_count": 60, "word_count": 25, "status": "published", "created_at": "2024-01-23T05:43:31.052Z", "updated_at": "2024-07-10T04:40:29.787Z"}, "m2m": {"tags": [], "photo": [15352, 15353, 15354]}}, {"condition": {"id": 5233}, "defaults": {"kategori_id": 3, "site_id": 53, "admin_id": 71, "judul": "Hari Gizi Nasional Ke-64", "judul_seo": "hari-gizi-nasional-ke-64", "isi_berita": "<p>Dalam rangka memperingati Hari Gizi Nasional ke-64 UPT Puskesmas Gunungsari berkomitmen untuk ikut andil dalam program nasional pencegahan stunting. Sesuai tema HGN tahun ini, kami akan berusaha mengajak seluruh masyarakat wilayah kerja UPT Puskesmas Gunungsari yang memiliki bayi-balita untuk membuat MP-ASI dengan protein hewani yang tinggi.<br>Semua usaha dan upaya akan kita lakukan bersama demi mencegah stunting di Indonesia, demi generasi emas.</p><p>CEGAH STUNTING!<br>MP-ASI KAYA PROTEIN HEWANI<br>MP-ASI BERKUALITAS UNTUK GENERASI EMAS</p>", "view_count": 212, "word_count": 62, "status": "published", "created_at": "2024-01-25T09:38:27.336Z", "updated_at": "2024-07-10T04:40:17.939Z"}, "m2m": {"tags": [], "photo": [15420]}}, {"condition": {"id": 5234}, "defaults": {"kategori_id": 3, "site_id": 53, "admin_id": 71, "judul": "Tim P3K Bertugas Di Lapangan Gunungsari", "judul_seo": "tim-p3k-bertugas-di-lapangan-gunungsari", "isi_berita": "<p>TIM P3K UPT Puskesmas Gunungsari bertugas dalam rangka Pembukaan dan Pengambilan sumpah Panitia Bawaslu, Panwaslu dan KPPS kecamatan Gunungsari - Batu Layar.</p>", "view_count": 135, "word_count": 20, "status": "published", "created_at": "2024-01-25T11:09:15.938Z", "updated_at": "2024-07-10T04:41:10.327Z"}, "m2m": {"tags": [], "photo": [15421, 15422, 15423]}}, {"condition": {"id": 5249}, "defaults": {"kategori_id": 3, "site_id": 53, "admin_id": 71, "judul": "Kunjungan Belajar Dinas Kesehatan Kabupaten Kutai Kartanegara", "judul_seo": "kunjungan-belajar-dinas-kesehatan-kabupaten-kutai-kartanegara", "isi_berita": "<p>Kepala UPT Puskesmas Gunungsari, Ns.H.L.Wirawan Srigede,S.kep menerima kunjungan belajar dari Dinas Kesehatan Kabupaten Kutai Kertanegara Provinsi Kalimantan Timur,Jumat 26 Januari 2024.<br>Dalam kunjungannya, Tim Dinas Kesehatan Kabupaten Kutai Kertanegara yang diketuai oleh Ibu Yulianti,Sp.PD,FINASIM,M.Kes untuk mempelajari&nbsp;<br>bagaimana sistem tata kelola Puskesmas menjadi Rumah sakit type D yang sudah dilaksanakan di kabupaten Lombok Barat dan melihat secara langsung potret pelayanan kesehatan yang ada di Puskesmas Gunungsari.<br>Puskesmas Gunungsari,LUAR BIASA&nbsp;<br>#uptpkmgnsari<br>#berbudaya<br>#paripurna</p>", "view_count": 837, "word_count": 58, "status": "published", "created_at": "2024-01-26T06:55:19.778Z", "updated_at": "2024-07-11T22:19:21.286Z"}, "m2m": {"tags": [], "photo": [15455, 15456, 15457]}}, {"condition": {"id": 5262}, "defaults": {"kategori_id": 3, "site_id": 53, "admin_id": 71, "judul": "Finalisasi Penyusunan Profil Kesehatan 2023 UPT Puskesmas Gunungsari", "judul_seo": "finalisasi-penyusunan-profil-kesehatan-2023-upt-puskesmas-gunungsari", "isi_berita": "<p>Sabtu, 27 Januari 2024<br>Pertemuan Finalisasi Penyusunan Profil Kesehatan 2023 UPT Puskesmas Gunungsari yang di Pimpin oleh Bapak Harerian Malayo S.KM, selaku Kepala Tata Usaha di UPT PUSKESMAS GUNUNGSARI.<br>Profil Kesehatan ini disusun untuk memberikan data dan informasi hasil pelayanan kesehatan di wilayah kerja UPT PUSKESMAS GUNUNGSARI sepanjang tahun 2023 dan di harapkan profil ini dapat menjadi dasar perencanaan program kesehatan ditahun berikutnya.<br>#uptpkmgnsari<br>#paripurna</p>", "view_count": 258, "word_count": 54, "status": "published", "created_at": "2024-01-27T04:46:19.990Z", "updated_at": "2024-07-05T03:56:20.462Z"}, "m2m": {"tags": [], "photo": [15488, 15489, 15490]}}, {"condition": {"id": 5296}, "defaults": {"kategori_id": 3, "site_id": 53, "admin_id": 71, "judul": "Edukasi Para Ibu Hamil Melalui Kelas Ibu Hamil", "judul_seo": "edukasi-para-ibu-hamil-melalui-kelas-ibu-hamil", "isi_berita": "<p>Selasa, 30 Januari 2024<br>Kegiatan kelas ibu hamil di Desa Tamansari.<br>Kelas ibu hamil adalah upaya untuk mengedukasi ibu hamil agar dapat menjalani proses kehamilan dan persalinan dengan lancar serta membekali para ibu hamil dengan pengetahuan dasar di fase awal kehidupan bayi balita.<br>Sehat selalu para ibu hamil, ibu cerdas anak sehat!</p>", "view_count": 90, "word_count": 45, "status": "published", "created_at": "2024-01-30T02:09:15.889Z", "updated_at": "2024-07-02T13:20:17.780Z"}, "m2m": {"tags": [], "photo": [15559, 15560]}}, {"condition": {"id": 5324}, "defaults": {"kategori_id": 3, "site_id": 53, "admin_id": 71, "judul": "Pertemuan PD Wilayah Kerja UPT Puskesmas Gunungsari Bulan Januari 2024", "judul_seo": "pertemuan-pd-wilayah-kerja-upt-puskesmas-gunungsari-bulan-januari-2024", "isi_berita": "<p>Rabu, 31 Januari 2024<br>Pertemuan rutin kami setiap akhir bulan.<br>Pertemuan Pendamping Desa (PD) yang dihadiri oleh programer dan kader pendamping sebagai perwakilan kader dari 5 desar di wilayah kerja UPT Puskesmas Gunungsari.<br>#uptpkmgnsari&nbsp;<br>#berbudaya&nbsp;<br>#paripurna</p>", "view_count": 160, "word_count": 28, "status": "published", "created_at": "2024-01-31T06:55:49.478Z", "updated_at": "2024-07-11T13:19:04.282Z"}, "m2m": {"tags": [], "photo": [15620, 15621, 15622]}}, {"condition": {"id": 5327}, "defaults": {"kategori_id": 3, "site_id": 53, "admin_id": 71, "judul": "Skrining Kesehatan Jiwa Di Sekolahan", "judul_seo": "skrining-kesehatan-jiwa-di-sekolahan", "isi_berita": "<p>Skrining atau Pemeriksaan awal kesehatan Jiwa perlu dilakukan sebagai salah satu bagian dari hidup sehat,tidak hanya fisik tapi juga Psikologis.<br>Hari ini Rabu,31 Januari 2024 dilaksanakan kegiatan skrining kesehatan jiwa pada siswa sebagai bagian dari kegiatan Penjaringan Kesehatan di sekolah.<br># uptpuskesmasgnsari<br>#paripurna</p>", "view_count": 192, "word_count": 35, "status": "published", "created_at": "2024-01-31T07:33:18.179Z", "updated_at": "2024-07-12T01:58:31.121Z"}, "m2m": {"tags": [], "photo": [15625, 15626, 15627]}}, {"condition": {"id": 5343}, "defaults": {"kategori_id": 3, "site_id": 53, "admin_id": 71, "judul": "Kunjungan UNICEF Di UPT Puskesmas Gunungsari", "judul_seo": "kunjungan-unicef-di-upt-puskesmas-gunungsari", "isi_berita": "<p>Kunjungan Konsultan UNICEF ke UPT Puskesmas Gunungsari terkait dengan pelayanan esensial yang ada &nbsp;di puskesmas dan untuk mengetahui kesiapan Puskesmas dalam menghadapi Perubahan iklim.<br>Dalam kesempatan itu tim UNICEF yang terdiri dari Ibu Rahmi Hidayati Mandala wangi dan Ibu Nadia Roswita melakukan wawancara dengan Kepala UPT Puskesmas Gunungsari didampingi oleh Bapak KTU dan beberapa Penanggungjawab Program terkait.<br>#puskesmasgnsari<br>#berbudaya<br>#paripurna</p>", "view_count": 249, "word_count": 54, "status": "published", "created_at": "2024-02-01T08:37:14.104Z", "updated_at": "2024-07-07T14:40:27.800Z"}, "m2m": {"tags": [], "photo": [15676, 15677]}}, {"condition": {"id": 5369}, "defaults": {"kategori_id": 3, "site_id": 53, "admin_id": 71, "judul": "Senam Bersama Penyelenggara Pemilu Kecamatan Gunungsari", "judul_seo": "senam-bersama-penyelenggara-pemilu-kecamatan-gunungsari", "isi_berita": "<p>Jumat, 2 Januari 2024<br>Kegiatan senam bersama penyelenggara pemilu Kecamatan Gunungsari di Kantor Camat Gunungsari.<br>Semangat dan sehat selalu untuk kita semua <br>#uptpkmgnsari<br>#paripurna</p>", "view_count": 1002, "word_count": 17, "status": "published", "created_at": "2024-02-03T02:38:10.453Z", "updated_at": "2024-07-12T01:29:55.980Z"}, "m2m": {"tags": [], "photo": [15748, 15749, 15750]}}, {"condition": {"id": 5385}, "defaults": {"kategori_id": 3, "site_id": 53, "admin_id": 71, "judul": "Monitoring Berkala Konsumsi Garam Beroidium Di Masyarakat", "judul_seo": "monitoring-berkala-konsumsi-garam-beroidium-di-masyarakat", "isi_berita": "<p>Tim Gizi UPT Puskesmas Gunungsari melakukan monitoring secara berkala terhadap konsumsi garam beroidium di masyarakat.hal ini bertujuan untuk mencegah Gangguan kesehatan yang disebabkan oleh tidak terpenuhinya zat gizi mikro yang terkandung didalam garam beriodium.<br>Masyarakat sehat,Masyarakat cerdas<br>#uptpkmgnsari&nbsp;<br>#berbudaya</p>", "view_count": 81, "word_count": 33, "status": "published", "created_at": "2024-02-05T08:22:11.192Z", "updated_at": "2024-07-10T18:25:59.681Z"}, "m2m": {"tags": [], "photo": [15789, 15790]}}, {"condition": {"id": 5404}, "defaults": {"kategori_id": 3, "site_id": 53, "admin_id": 71, "judul": "Pelatihan Penerapan WASH-FIT", "judul_seo": "pelatihan-penerapan-wash-fit", "isi_berita": "<p>Selasa 6 Februari 2024<br>Pelatihan Penerapan Water Sanitation For Healt Improvement Tool ( WASH - FIT ) yang diselenggarakan oleh PKBI, Kementrian Kesehatan dan UNICEF.<br>Kegiatan ini bertujuan untuk memperkuat layanan Wash khsususnya terkait dengan sanitasi guna mencegah peemasalahan yg disebabkan oleh sanitasi di Fasilitas Layanan Kesehatan.<br>Pelatihan ini diikuti oleh 35 Puskesmas di NTB,dan 10 Puskesmas diantaranya merupakan Perwakilan Puskesmas di Lombok Barat.</p>", "view_count": 116, "word_count": 51, "status": "published", "created_at": "2024-02-06T07:35:20.052Z", "updated_at": "2024-07-10T04:40:39.867Z"}, "m2m": {"tags": [], "photo": [15826, 15827, 15828]}}, {"condition": {"id": 5422}, "defaults": {"kategori_id": 3, "site_id": 53, "admin_id": 71, "judul": "Kunjungan Bintek Terpadu Seksi Surveilans Dikes Lombok Barat", "judul_seo": "kunjungan-bintek-terpadu-seksi-surveilans-dikes-lombok-barat", "isi_berita": "<p>Rabu, 7 Februari 2024<br>Kunjungan tim Dinas Kesehatan Kabupaten Lombok Barat dalam rangka bintek terpadu seksi surveilans di UPT Puskesmas Gunungsari</p>", "view_count": 224, "word_count": 18, "status": "published", "created_at": "2024-02-07T03:15:58.071Z", "updated_at": "2024-07-11T06:45:52.157Z"}, "m2m": {"tags": [], "photo": [15877, 15878, 15879]}}, {"condition": {"id": 5466}, "defaults": {"kategori_id": 3, "site_id": 53, "admin_id": 71, "judul": "Pemberian Imunisasi Hepatitis B Pada Nakes", "judul_seo": "pemberian-imunisasi-hepatitis-b-pada-nakes", "isi_berita": "<p>Pemberian imunisasi hepatitis B dosis kedua bagi tenaga kesehatan di UPT Puskesmas Gunungsari</p>", "view_count": 172, "word_count": 13, "status": "published", "created_at": "2024-02-13T02:04:05.426Z", "updated_at": "2024-07-10T07:46:32.308Z"}, "m2m": {"tags": [], "photo": [16005, 16006, 16013]}}, {"condition": {"id": 5519}, "defaults": {"kategori_id": 3, "site_id": 53, "admin_id": 71, "judul": "Seminar Hasil PBL 1 Mahasiswa UNDIKMA", "judul_seo": "seminar-hasil-pbl-1-mahasiswa-undikma", "isi_berita": "<p>Kamis, 15 Februari 2024<br>Seminar Hasil PBL 1 dan Penarikan Mahasiswa Universitas Pendidikan Mandalika (UNDIKMA) di UPT Puskesmas Gunungsari.</p>", "view_count": 275, "word_count": 15, "status": "published", "created_at": "2024-02-16T03:30:07.424Z", "updated_at": "2024-07-10T11:00:58.284Z"}, "m2m": {"tags": [], "photo": [16134, 16135]}}, {"condition": {"id": 5521}, "defaults": {"kategori_id": 3, "site_id": 53, "admin_id": 71, "judul": "Senam Rutin UPT Puskesmas Gunungsari", "judul_seo": "senam-rutin-upt-puskesmas-gunungsari", "isi_berita": "<p>Jumat, 16 Februari 2024<br>Kegiatan rutin setiap jumat pagi, senam bersama para staf dan prolanis di UPT Puskesmas Gunungsari.<br>Olahraga teratur untuk kebugaran tubuh dan menambah semangat.<br>Tubuh sehat, pikiran tenang!</p>", "view_count": 347, "word_count": 24, "status": "published", "created_at": "2024-02-16T04:40:14.428Z", "updated_at": "2024-07-12T02:46:16.177Z"}, "m2m": {"tags": [], "photo": [16142, 16143, 16144]}}, {"condition": {"id": 5534}, "defaults": {"kategori_id": 3, "site_id": 53, "admin_id": 71, "judul": "Rapid Assessment Layanan Esensial Di UPT Puskesmas Gunungsari", "judul_seo": "rapid-assessment-layanan-esensial-di-upt-puskesmas-gunungsari", "isi_berita": "<p>Sabtu,16 Februari 2024<br>Pelaksanaan Rapid Assesmen Layanan Esensial di Puskesmas.<br>Kegiatan ini dilaksanakan di beberapa Puskesmas terpilih di Kabupaten Lombok Barat salah satunya di UPT Puskesmas Gunungsari.Rapid assesmen ini merupakan pengumpulan data yg dilakukan oleh beberapa enumerator dengan menggunakan instrumen atau daftar tilik yg sudah ditentukan.<br>Adapun Responden sasaran Rapid Assesemen ini yaitu Kepala Puskesmas,KTU,Kepala Instalasi Farmasi,Bidan/Dokter yang bertanggung jawab kepada pelayanan KIA/MTBS/PONED,Pengelola Program Imunisasi dan sanitarian serta beberapa Program pendukung lainnya.<br>#uptpkmgnsari<br>#berbudaya</p>", "view_count": 712, "word_count": 60, "status": "published", "created_at": "2024-02-17T07:30:29.862Z", "updated_at": "2024-07-11T21:30:15.799Z"}, "m2m": {"tags": [], "photo": [16178, 16179, 16180]}}, {"condition": {"id": 5549}, "defaults": {"kategori_id": 3, "site_id": 53, "admin_id": 71, "judul": "Pemberian Obat Cacing Pada Anak Sekolah", "judul_seo": "pemberian-obat-cacing-pada-anak-sekolah", "isi_berita": "<p>Program Pemberian obat cacing pada anak sekolah adalah salah satu Program Pemerintah.dimana obat cacing ini diberikan 2 kali dalam setahun atau 6 bulan sekali yang bertujuan untuk membebaskan atau menurunkan angka Penyakit kecacingan pada anak.<br>Dapatkan obat cacing secara Gratis di Posyandu dan sekolah selama bulan Februari 2024.<br>#uptpkmgnsari<br>#berbudaya</p>", "view_count": 301, "word_count": 42, "status": "published", "created_at": "2024-02-19T09:27:23.013Z", "updated_at": "2024-07-11T17:22:06.427Z"}, "m2m": {"tags": [], "photo": [16216, 16217, 16218]}}, {"condition": {"id": 5594}, "defaults": {"kategori_id": 3, "site_id": 53, "admin_id": 71, "judul": "Apel pagi dan Briefing pagi UPT Puskesmas Gunungsari", "judul_seo": "apel-pagi-dan-briefing-pagi-upt-puskesmas-gunungsari", "isi_berita": "<p>Rabu, 21 Februari 2024&nbsp;<br>Kegiatan rutin UPT Puskesmas Gunungsari setiap pagi hari yaitu apel pagi dan briefing pagi.</p><p>Apel pagi pengarahan dr Pj klaster, Informasi dari staf yg mengukuti pertemuan dan informasi2 lainnya.<br>Breefing sebagai media komunikasi dan koordinasi utk mempersiapkan dan membahas kegiatan hari ini.</p>", "view_count": 963, "word_count": 39, "status": "published", "created_at": "2024-02-21T06:47:12.159Z", "updated_at": "2024-07-12T01:00:17.312Z"}, "m2m": {"tags": [], "photo": [16343, 16344]}}, {"condition": {"id": 5613}, "defaults": {"kategori_id": 3, "site_id": 53, "admin_id": 71, "judul": "Pembinaan Dan Supervisi Fasilitatif Lab Kesda Lobar", "judul_seo": "pembinaan-dan-supervisi-fasilitatif-lab-kesda-lobar", "isi_berita": "<p>Kamis 22 Februari 2024<br>Kunjungan pembinaan dan Supervisi fasilitatif lab kesda lobar ke laboratorium UPT Puskesmas Gunungsari.</p>", "view_count": 445, "word_count": 14, "status": "published", "created_at": "2024-02-22T09:52:58.027Z", "updated_at": "2024-07-10T04:40:47.732Z"}, "m2m": {"tags": [], "photo": [16387, 16388, 16389]}}, {"condition": {"id": 5624}, "defaults": {"kategori_id": 3, "site_id": 53, "admin_id": 71, "judul": "Edukasi Dan Deteksi Dini Kanker Serviks Di Wilayah Kerja UPT Puskesmas Gunungsari", "judul_seo": "edukasi-dan-deteksi-dini-kanker-serviks-di-wilayah-kerja-upt-puskesmas-gunungsari", "isi_berita": "<p>Kegiatan edukasi Deteksi Dini kanker Serviks yang dilaksanakn secara rutin di Wilayah kerja UPT Puskesmas Gunungsari,yang bertujuan untuk memberikan Pengetahuan dan Pemahaman akan pentingnya melakukan pemeriksaan dini tanda dan gejala kanker servix atau kanker mulut rahim.<br>CloseTheCareGap...<br>Bersama kita atasi kesenjangan Perawatan<br>#uptpkmgnsari<br>#berbudaya<br>#paripurna</p>", "view_count": 1091, "word_count": 37, "status": "published", "created_at": "2024-02-23T06:04:51.364Z", "updated_at": "2024-07-11T20:13:47.702Z"}, "m2m": {"tags": [], "photo": [16420, 16421, 16422]}}, {"condition": {"id": 5626}, "defaults": {"kategori_id": 3, "site_id": 53, "admin_id": 71, "judul": "Gelas Antiq Dusun Poan Utara Desa Guntur Macam", "judul_seo": "gelas-antiq-dusun-poan-utara-desa-guntur-macam", "isi_berita": "<p>Gelas antiq minggu ini di masjid baiturahman dusun Poan Utara Desa Guntur macan.<br>Masyarakat tetap antusias dan semangat memesiksakan kesehatan mereka setelah pelaksanaan sholat Jumat.<br>Semoga masyarakat tetap istiqomah dalam menjaga kesehatan.<br>Gelas antiq..Ibadah dapat Sehatpun dapat.<br>Insyaallah..</p>", "view_count": 951, "word_count": 29, "status": "published", "created_at": "2024-02-23T10:12:33.176Z", "updated_at": "2024-07-11T09:49:08.733Z"}, "m2m": {"tags": [], "photo": [16426, 16427, 16428]}}, {"condition": {"id": 5642}, "defaults": {"kategori_id": 3, "site_id": 53, "admin_id": 71, "judul": "Pemeriksaan Kesehatan Pada Prolanis Wilayah Kerja UPT Puskesmas Gunungsari", "judul_seo": "pemeriksaan-kesehatan-pada-prolanis-wilayah-kerja-upt-puskesmas-gunungsari", "isi_berita": "<p>Senin,26 Februari 2024<br>Mari kelola Penyakit Kronis dengan PROLANIS..<br>BPJS dan PRODIA hari ini melakukan pemeriksaan kesehatan Penyakit tidak menular dengan pendekatan Proaktif yang melibatkan Peserta,fasilitas Kesehatan dan BPJS itu sendiri.<br>Kegiatan ini rutin dilakukan setiap bulan,dimana pemeriksaan yang dilakukan adalah Pemeriksaan secara fisik meliputi pemeriksaan Tinggi badan,berat badan tekanan darah dan pemeriksaan laboratorium seperti kimia darah,Profilipid,HBA1c Gula darah dan ureum creatinin.<br>#uptpkmgnsari&nbsp;<br>#berbudaya&nbsp;<br>#paripurna</p>", "view_count": 509, "word_count": 52, "status": "published", "created_at": "2024-02-26T11:12:36.956Z", "updated_at": "2024-07-11T17:58:18.992Z"}, "m2m": {"tags": [], "photo": [16473, 16474]}}, {"condition": {"id": 5643}, "defaults": {"kategori_id": 3, "site_id": 53, "admin_id": 71, "judul": "Pelayanan Vaksinasi Covid-19 Pada Calon Jamaah Haji Wilayah Kerja UPT Puskesmas Gunungsari", "judul_seo": "pelayanan-vaksinasi-covid-19-pada-calon-jamaah-haji-wilayah-kerja-upt-puskesmas-gunungsari", "isi_berita": "<p>Vaksinasi covid 19 sebagai salah satu syarat pemberangkatan calon Jamaah Haji.<br>Senin 26 Februari 2024<br>UPT Puskesmas Gunungsari memberikan pelayanan Vaksinasi kepada calon jamaah haji yang ada di wilayah kerjanya, baik booster maupun yang belum pernah belum mendapatkan vaksinasi sebelumnya.<br>Hal ini adalah merupakan salah satu persyaratan pemberangkatan calon jamaah haji tahun 2024.<br>#uptpkmgnsari<br>#berbudaya</p>", "view_count": 391, "word_count": 44, "status": "published", "created_at": "2024-02-26T11:18:18.737Z", "updated_at": "2024-07-11T17:51:52.956Z"}, "m2m": {"tags": [], "photo": [16475, 16476, 16477]}}, {"condition": {"id": 5672}, "defaults": {"kategori_id": 3, "site_id": 53, "admin_id": 71, "judul": "Pertemuan Evaluasi Dan Validasi Data Usia Produktif Dan Lansia", "judul_seo": "pertemuan-evaluasi-dan-validasi-data-usia-produktif-dan-lansia", "isi_berita": "<p>Pentingnya validasi data program adalah untuk &nbsp;mendapatkan data riil dan menyamakan persepsi terkait sasaran program sehingga lebih terarah dalam memberikan pelayanan dan mempermudah dalam pencapaian SPM.<br>Pertemuan ini digelar oleh UPT PUSKESMAS GUNUNGSARI selama dua hari berturut turut ( 27 -28 Februari 2024 ) yang dihadiri oleh 90 kader Lansia dan Kader Posbindu PTM perwakilan dari 45 Posyandu di wilayah kerja UPT Puskesmas Gunungsari.<br>Dalam pertemuan itu juga diberikan sosialisasi terkait 25 kompetensi kader Posyandu khususnya terkait kompetensi yang dimiliki oleh kader Posbindu Lansia.<br>#kaderhebaat<br>#uptpkmgnsari<br>#berbudaya</p>", "view_count": 4052, "word_count": 71, "status": "published", "created_at": "2024-02-28T07:19:31.007Z", "updated_at": "2024-07-12T02:43:15.979Z"}, "m2m": {"tags": [], "photo": [16551, 16552, 16553]}}, {"condition": {"id": 5674}, "defaults": {"kategori_id": 3, "site_id": 53, "admin_id": 71, "judul": "Pertemuan Koordinasi Pengkajian Ulang Penerbitan Sertifikat Produksi", "judul_seo": "pertemuan-koordinasi-pengkajian-ulang-penerbitan-sertifikat-produksi", "isi_berita": "<p>Rabu, 28 Februari 2024<br>Pertemuan koordinasi pengkajian ulang penerbitan sertifikat produksi.<br>Diikuti oleh para petugas PKP, para DFI di puskesmas, bagian SDMK dikes lobar, sub koodinator farmasi dan makmin dikes lobar, disperindag dan PTSP. Tujuan dari pertemuan ini adalag membahas tentang izin &amp; pengawasan IRTP, toko obat dan apotek.</p>", "view_count": 552, "word_count": 43, "status": "published", "created_at": "2024-02-28T10:40:52.329Z", "updated_at": "2024-07-12T00:21:31.500Z"}, "m2m": {"tags": [], "photo": [16557, 16558, 16559]}}, {"condition": {"id": 5692}, "defaults": {"kategori_id": 3, "site_id": 53, "admin_id": 71, "judul": "Minilokakarya Bulan Februari UPT Puskesmas Gunungsari", "judul_seo": "minilokakarya-bulan-februari-upt-puskesmas-gunungsari", "isi_berita": "<p>Kamis,29 Februari 2024<br>UPTPUSKESMASGUNUNGSARI Gelar Pertemuan Minilokakarya Bulanan Tingkat Puskesmas yang bertempat di Aula LT 2 Puskesmas.<br>Kegiatan ini rutin dilaksanakan setiap bulannya untuk membahas hasil capaian Program dan untuk mengetahui hambatan dan permasalahan yang ditemukan dalam pelayanan baik diluar gedung maupun didalam gedung Puskesmas.<br>Selain itu evaluasi juga dilakukan terkait penerapan ILP dan RME yg SDH berjalan di UPTPUSKESMASGUNUNGSARI.<br>Semoga dengan evaluasi secara terus menerus ini Puskesmas Gunungsari semakin dapat meningkatkan mutu layanan terbaik untuk masyarakat.</p>", "view_count": 537, "word_count": 67, "status": "published", "created_at": "2024-02-29T13:18:28.660Z", "updated_at": "2024-07-11T07:02:55.344Z"}, "m2m": {"tags": [], "photo": [16607, 16608, 16609]}}, {"condition": {"id": 5699}, "defaults": {"kategori_id": 3, "site_id": 53, "admin_id": 71, "judul": "Kunjungan Peserta Latih Pencegahan Dan Pengendalian Gangguan Penglihatan Bagi FKTP", "judul_seo": "kunjungan-peserta-latih-pencegahan-dan-pengendalian-gangguan-penglihatan-bagi-fktp", "isi_berita": "<p>Jumat,1 Maret 2024<br>Hari ini UPT Puskesmas Gunungsari menerima kunjungan Peserta latih Pencegahan dan pengendalian gangguan penglihatan dan kebutaan bagi tenaga kesehatan khususnya Perawat dan dokter di Fasilitas Kesehatan Tingkat Pertama.selain melihat fasilitas pelayanan di Poli vision peserta juga melakukan pemeriksaan kepada sejumlah pasien poli mata yang berkunjung di UPT Puskesmas Gunungsari.<br>#uptpkmgnsari&nbsp;<br>#berbudaya</p>", "view_count": 558, "word_count": 48, "status": "published", "created_at": "2024-03-01T05:17:31.079Z", "updated_at": "2024-07-11T18:26:57.165Z"}, "m2m": {"tags": [], "photo": [16628, 16629, 16630]}}, {"condition": {"id": 5726}, "defaults": {"kategori_id": 3, "site_id": 53, "admin_id": 71, "judul": "Monev Bidang Kesmas Dikes Lobar Di UPT Puskesmas Gunungsari", "judul_seo": "monev-bidang-kesmas-dikes-lobar-di-upt-puskesmas-gunungsari", "isi_berita": "<p>Senin,4 Maret 2024<br>Monev Bidang Kesmas (Promkes,Kesga,Gizi,Keswa dan Kesjaor) Dinas kesehatan Kabupaten Lombok Barat di UPT PUSKESMAS GUNUNGSARI.</p>", "view_count": 705, "word_count": 14, "status": "published", "created_at": "2024-03-04T07:28:48.929Z", "updated_at": "2024-07-11T01:36:20.939Z"}, "m2m": {"tags": [], "photo": [16703, 16704, 16705]}}, {"condition": {"id": 5779}, "defaults": {"kategori_id": 3, "site_id": 53, "admin_id": 71, "judul": "Pembentukan TPKJM Di Desa Guntur Macan", "judul_seo": "pembentukan-tpkjm-di-desa-guntur-macan", "isi_berita": "<p>Masalah Kesehatan Jiwa merupakan masalah kesehatan Masyarakat yang sangat kompleks,karena itu perlu adanya perhatian dan kerjasama dari seluruh unsur.baik dari Masyarakat itu sendiri maupun dari lintas sektor terkait.<br>Hari ini tanggal 7 Maret 2024 bertempat di kantor desa Guntur Macan,di adakan Pertemuan Pembentukan Tim Pelaksana Kesehatan Jiwa Masyarakat /TPKJM di Tingkat Desa .Pertemuan Pembentukan TPKJM ini dihadiri oleh unsur Masyarakat dan Beberapa Perwakilan dari Lintas sektor.dimana Dinas Kesehatan Kabupaten Lombok Barat dan Dinas sosial sebagai Narasumber dalam kegiatan tsb.Harapannya dengan pembentukan TPKJM ini dapat menjadi salah satu upaya &nbsp;Pencegahan dan Penanggulangan masalah Kesehatan Jiwa di masyarakat.<br>#uptpkmgnsari<br>#berbudaya</p>", "view_count": 604, "word_count": 86, "status": "published", "created_at": "2024-03-07T08:09:42.271Z", "updated_at": "2024-07-11T22:55:06.486Z"}, "m2m": {"tags": [], "photo": [16845, 16846, 16847]}}, {"condition": {"id": 5787}, "defaults": {"kategori_id": 3, "site_id": 53, "admin_id": 71, "judul": "Kunjungan Peserta Latih Pencegahan Dan Pengendalian Gangguan Penglihatan di UPT Puskesmas Gunungsari", "judul_seo": "kunjungan-peserta-latih-pencegahan-dan-pengendalian-gangguan-penglihatan-di-upt-puskesmas-gunungsari", "isi_berita": "<p><span style=\"background-color:rgb(255,255,255);color:rgb(102,102,102);\">UPT Puskesmas Gunungsari kembali menerima kunjungan Peserta latih Pencegahan dan pengendalian gangguan penglihatan dan kebutaan bagi tenaga kesehatan khususnya Perawat dan dokter di Fasilitas Kesehatan Tingkat Pertama. Para peserta latih melakukan pemeriksaan kepada sejumlah pasien poli mata yang berkunjung di UPT Puskesmas Gunungsari.</span><br><span style=\"background-color:rgb(255,255,255);color:rgb(102,102,102);\">#uptpkmgnsari&nbsp;</span><br><span style=\"background-color:rgb(255,255,255);color:rgb(102,102,102);\">#berbudaya</span></p>", "view_count": 654, "word_count": 43, "status": "published", "created_at": "2024-03-08T06:09:50.151Z", "updated_at": "2024-07-11T21:35:54.815Z"}, "m2m": {"tags": [], "photo": [16870, 16871]}}, {"condition": {"id": 5790}, "defaults": {"kategori_id": 3, "site_id": 53, "admin_id": 71, "judul": "Gelas Antiq Minggu Ini Di Desa Medas Munawarah", "judul_seo": "gelas-antiq-minggu-ini-di-desa-medas-munawarah", "isi_berita": "<p>Dalam kegiatan Gelas Antiq ini tidak hanya dilakukan skrining kesehatan, namun juga dilakukan upaya promosi kesehatan ke masyarakat dan juga dilakukannya SKILAS (Skrining Lansia Sederhana).</p><p>Adapun skrining kesehatan yang dilakukan yaitu pengukuran IMT, pengukuran lingkar perut, pengukuran tekanan darah dan cek gula darah</p><p>Ibadah wajib, sehat harus!<br>&nbsp;</p>", "view_count": 280, "word_count": 44, "status": "published", "created_at": "2024-03-08T09:53:28.658Z", "updated_at": "2024-07-12T00:24:02.027Z"}, "m2m": {"tags": [], "photo": [16877, 16878, 16879]}}, {"condition": {"id": 5852}, "defaults": {"kategori_id": 3, "site_id": 53, "admin_id": 71, "judul": "Kegiatan Kunjungan Pembinaan Pelayanan ANC Persalinan Dan PNC Di Wilayah Kerja UPT Puskesmas Gunungsari", "judul_seo": "kegiatan-kunjungan-pembinaan-pelayanan-anc-persalinan-dan-pnc-di-wilayah-kerja-upt-puskesmas-gunungsari", "isi_berita": "<p>Gunungsari,14 Maret 2024<br>Berbagai macam upaya dilakukan Pemerintah dalam upaya Penurunan Angka kematian Ibu dan Angka kematian bayi.salah satunya adalah kegiatan Kunjungan kepada ibu hamil,ibu bersalin dan nifas yang ada di wilayah kerja UPT Puskesmas Gunungsari.<br>Seperti yg kita ketahui ketiga proses ini adalah fase penting yang dihadapi oleh seorang ibu.<br>Pemeriksaan ANC atau pemeriksaan kehamilan sangat penting dilakukan oleh ibu hamil karena bertujuan untuk meningkatkan kesehatan fisik dan mental ibu secara optimal sehingga mampu menghadapi masa persalinan dan nifas dengan sehat dan lancar.demikian pula dengan fase persalinan yang tidak kalah pentingnya.dipersiapkan sehingga sang ibu dapat melalui proses persalinan dengan sehat dan selamat.<br>Sementara itu masa nifas juga tidak kalah pentingnya,yaitu masa setelah persalinan 6 - 8 Minggu pasca persalinan.<br>Hal ini sangat penting diperhatikan oleh ibu nifas karena berbagai macam resiko pada ibu dan bayi dapat terjadi.<br>Selain itu pada kegiatan ini diberikan juga edukasi terkait dengan penggunaan alat kontrasepsi pasca persalinan.<br>#uptpkmgnsari<br>#berbudaya<br>#paripurna</p>", "view_count": 1750, "word_count": 131, "status": "published", "created_at": "2024-03-14T11:00:34.826Z", "updated_at": "2024-07-12T00:30:23.382Z"}, "m2m": {"tags": [], "photo": [17031, 17032]}}, {"condition": {"id": 5853}, "defaults": {"kategori_id": 3, "site_id": 53, "admin_id": 71, "judul": "Penyelidikan Epidemiologi Kasus Demam Berdarah Di Wilayah Kerja UPT Puskesmas Gunungsari", "judul_seo": "penyelidikan-epidemiologi-kasus-demam-berdarah-di-wilayah-kerja-upt-puskesmas-gunungsari", "isi_berita": "<p>Menindaklanjuti laporan warga masyarakat terkait dengan adanya kasus Demam berdarah di wilayah kerja UPT Puskesmas Gunungsari,Tim surveylen bersama &nbsp;lintas program ( Kesling dan Promkes ) yang di dampingi oleh kader kesehatan ,melakukan kegiatan Penyelidikan Epidemiologi pada tempat tinggal penderita dan lingkungannya.<br>Kegiatan ini bertujuan untuk memastikan dan mengetahui potensi penyebaran DBD lebih lanjut serta tindakan penanggulangan yang perlu dilakukan.<br>Kegiatan ini meliputi pemeriksaan jentik di tempat penampungan air dan lingkungan sekitar.<br>Petugas kesehatan dari UPT Puskesmas Gunungsari menghimbau kepada seluruh masyarakat agar tetap menjaga kebersihan tempat tinggal dan lingkungannya sebagai upaya pencegahan penyakit DBD dan penyakit berbasis lingkungan lainnya.<br>#uptpkmgnsari&nbsp;<br>#berbudaya</p>", "view_count": 416, "word_count": 90, "status": "published", "created_at": "2024-03-14T11:10:21.696Z", "updated_at": "2024-07-10T04:40:51.349Z"}, "m2m": {"tags": [], "photo": [17033, 17034, 17035]}}, {"condition": {"id": 5866}, "defaults": {"kategori_id": 3, "site_id": 53, "admin_id": 71, "judul": "Pertemuan Evaluasi Penggunaan RME Terintegrasi ASDK Dalam Penerapan ILP", "judul_seo": "pertemuan-evaluasi-penggunaan-rme-terintegrasi-asdk-dalam-penerapan-ilp", "isi_berita": "<p>Jumat,15 Maret 2024<br>Pertemuan Evaluasi Penggunaan RME yang terintegrasi dalam Aplikasi Satu Sehat Data Kesehatan dalam penerapan ILP ( Integrasi Layanan Primer ) di laksanakan di aula UPT Puskesmas Gunungsari, yang dipimpin langsung oleh Bapak NS.HL.Wirawan Srigede,S.Kep selaku Kepala UPT Puskesmas Gunungsari, dan di hadiri oleh seluruh staf Puskesmas.<br>Adapun hal hal penting yang menjadi pembahasan dalam pertemuan evaluasi ini adalah kelancaran aplikasi,update pengetahuan bagi petugas,penyediaan kelengkapan penunjang kelancaran RME termasuk mengevaluasi kesiapan dan respon pasien/ pengguna layanan puskesmas terhadap diberlakukannya RME di Puskesmas.<br>#uptpkmgunungsari<br>#berbudaya<br>#paripurna</p>", "view_count": 999, "word_count": 72, "status": "published", "created_at": "2024-03-15T05:36:51.777Z", "updated_at": "2024-07-12T01:23:16.562Z"}, "m2m": {"tags": [], "photo": [17067, 17068, 17069]}}, {"condition": {"id": 5958}, "defaults": {"kategori_id": 3, "site_id": 53, "admin_id": 71, "judul": "Penyuluhan Dalam Gedung Dengan Tema Hipertensi", "judul_seo": "penyuluhan-dalam-gedung-dengan-tema-hipertensi", "isi_berita": "<p>Kendalikan penyakit hipertensi dengan pengobatan secara teratur</p><p>Kenali, cegah, dan obati!</p>", "view_count": 120, "word_count": 10, "status": "published", "created_at": "2024-03-23T00:59:43.893Z", "updated_at": "2024-06-06T08:05:04.749Z"}, "m2m": {"tags": [], "photo": [17297, 17298, 17299]}}, {"condition": {"id": 5992}, "defaults": {"kategori_id": 3, "site_id": 53, "admin_id": 71, "judul": "Kelas Bayi Dan Balita Di Dusun Rendang Bajur", "judul_seo": "kelas-bayi-dan-balita-di-dusun-rendang-bajur", "isi_berita": "<p>Kegiatan Kelas Gizi Balita,Dusun Rendang Bajur Desa Tamansari Senin 25 Maret 2024.<br>Mari optimalkan tumbuh kembang balita melalui kelas Gizi</p>", "view_count": 831, "word_count": 16, "status": "published", "created_at": "2024-03-25T09:55:56.713Z", "updated_at": "2024-07-12T01:08:06.609Z"}, "m2m": {"tags": [], "photo": [17382, 17383, 17384]}}, {"condition": {"id": 6056}, "defaults": {"kategori_id": 3, "site_id": 53, "admin_id": 71, "judul": "Kegiatan Pembinaan Kader Posyandu Di Wilayah Kerja UPT Puskesmas Gunungsari", "judul_seo": "kegiatan-pembinaan-kader-posyandu-di-wilayah-kerja-upt-puskesmas-gunungsari", "isi_berita": "<p>Selasa,3 April 2024<br>Kegiatan Pembinaan Kader Posyandu.<br>Untuk meningkatkan pengetahuan dan keterampilan kader dalam melaksanakan tugas di Posyandu,perlu adanya pembinaan yang dilakukan secara terus menerus.kegiatan pembinaan ini rutin dilaksanakan terjadwal secara bergiliran setiap bulannya.beberapa hal yang menjadi bahan pembinaan meliputi:<br>Langkah pelaksanaan Posyandu (Pendaftaran,penimbangan dan pemeriksaan,pencatatan,Pelayanan kesehatan dan sinkronisasi data/catpor),kelengkapan sarana prasarana,pengetahuan Kader dan beberapa hal yang menunjang kelancaran pelaksanaan kegiatan Posyandu termasuk juga kendala dalam pelaksanaan posyandu keluarga.<br>Terimakasih untuk semua kader UPT Puskesmas Gunungsari <br>Kader UPT Puskesmas Gunungsari luar biasa<br>#kaderhebaat#<br>#uptpkmgnsari#<br>#berbudaya#</p>", "view_count": 1009, "word_count": 65, "status": "published", "created_at": "2024-04-03T08:26:29.280Z", "updated_at": "2024-07-11T10:54:10.553Z"}, "m2m": {"tags": [], "photo": [17559, 17560]}}, {"condition": {"id": 6091}, "defaults": {"kategori_id": 3, "site_id": 53, "admin_id": 71, "judul": "Kegiatan Pelayanan Pasien", "judul_seo": "kegiatan-pelayanan-pasien", "isi_berita": "<p>UPT Puskesmas Gunungsari tetap memberikan Pelayanan Kesehatan dan Persalinan 24 Jam,selama Cuti dan Libur bersama Hari Raya Idhul Fitri.<br>Silaq,bagi masyarakat kami yg membutuhkan layanan kesehatan silahkan berkunjung ke Puskesmas Gunungsari.<br>Mari jaga kesehatan,agar tetap sehat saat Lebaran.<br>Tips tetap sehat saat lebaran :<br>- Tetap berprilaku hidup bersih dan sehat<br>- Istirahat cukup<br>- Jaga kebugaran dengan aktifitas fisik minimal 30 menit/ sehari<br>- Batasi konsumsi makanan secara berlebihan terutama gula,garam dan lemak<br>- Pastikan buah dan sayur tetap ada di hidangan lebaran<br>Selamat Lebaran....<br>Minal aidin wal Faidzin mohon maaf lahir dan Bathin.</p>", "view_count": 731, "word_count": 75, "status": "published", "created_at": "2024-04-09T07:29:31.261Z", "updated_at": "2024-07-11T12:33:46.102Z"}, "m2m": {"tags": [], "photo": [17661, 17662, 17663]}}, {"condition": {"id": 6142}, "defaults": {"kategori_id": 3, "site_id": 53, "admin_id": 71, "judul": "Monitoring Dan Evaluasi Pelaksanaan Kegiatan Posyandu", "judul_seo": "monitoring-dan-evaluasi-pelaksanaan-kegiatan-posyandu", "isi_berita": "<p>Monitoring dan evaluasi pelaksanaan posyandu yang dilakukan di Dusun Pancor Desa Guntur Macan.</p><p>Kegiatan ini bertujuan untuk terus mengawasi pelaksanaan posyandu dan menjadi wadah sharing antara kader dengan petugas puskesmas.</p>", "view_count": 437, "word_count": 28, "status": "published", "created_at": "2024-04-18T13:12:12.097Z", "updated_at": "2024-07-12T00:58:19.524Z"}, "m2m": {"tags": [], "photo": [17796, 17797, 17798]}}, {"condition": {"id": 6146}, "defaults": {"kategori_id": 3, "site_id": 53, "admin_id": 71, "judul": "Pengawasan Pengolahan Makanan Di Kantin Sekolah Wilayah Kerja Puskesmas Gunungsari", "judul_seo": "pengawasan-pengolahan-makanan-di-kantin-sekolah-wilayah-kerja-puskesmas-gunungsari", "isi_berita": "<p>Kegiatan Pengawasan Pengolahan Makanan dilaksanakan secara rutin oleh Tim Kesehatan UPT Puskesmas Gunungsari di beberapa lokasi,salah satunya adalah kantin sekolah.kegiatan ini bertujuan untuk memastikan kwalitas makanan yang disajikan sesuai dengan hygiene sanitasi yang memenuhi syarat kesehatan yg meliputi beberapa indikator sehingga layak konsumsi.<br>#uptpkmgnsari&nbsp;<br>#berbudaya</p>", "view_count": 604, "word_count": 41, "status": "published", "created_at": "2024-04-19T04:44:30.848Z", "updated_at": "2024-07-11T21:46:28.380Z"}, "m2m": {"tags": [], "photo": [17808, 17809, 17810]}}, {"condition": {"id": 6252}, "defaults": {"kategori_id": 3, "site_id": 53, "admin_id": 71, "judul": "Kelas Ibu Balita Di Wilayah Kerja UPT Puskesmas Gunungsari", "judul_seo": "kelas-ibu-balita-di-wilayah-kerja-upt-puskesmas-gunungsari", "isi_berita": "<p>Kelas ibu balita.<br>Mari tingkatkan pengetahuan ibu tentang perawatan bayi dan balita agar anak sehat dan cerdas.</p>", "view_count": 98, "word_count": 15, "status": "published", "created_at": "2024-04-26T00:11:37.010Z", "updated_at": "2024-07-07T14:45:06.657Z"}, "m2m": {"tags": [], "photo": [18084, 18085]}}, {"condition": {"id": 6253}, "defaults": {"kategori_id": 3, "site_id": 53, "admin_id": 71, "judul": "Desa Terbaik Se-Kabupaten Lombok Barat", "judul_seo": "desa-terbaik-se-kabupaten-lombok-barat", "isi_berita": "<p>Hotel Lombok Raya,24 April 2024<br>Penganugrahan Penghargaan kepada Kepala Desa Dopang,Bapak H.Harun Nurasyid sebagai Desa dengan kinerja terbaik dalam penanganan Stunting dan penanggulangan kemiskinan ekstrim di kabupaten Lombok Barat.<br>Penghargaan ini diberikan pada pelaksanaan Musrenbang Provinsi NTB yang bertempat di Hotel Lombok Raya,Mataram.<br>Penghargaan ini menjadi pengakuan atas kerjakeras Pemerintah Desa Dopang dan Mitra dalam upaya penanggulangan masalah kesehatan khususnya Stunting dan penanggulangan kemiskinan yang ada khusunya di desa Dopang dan semoga menjadi motivasi untuk selalu berinovasi menuju Indonesia emas 2045.<br>Selamat untuk Pemerintah Desa Dopang<br>Semoga tetap selalu bersinergi menuju masyarakat sehat,sejahtera dan bahagia </p>", "view_count": 137, "word_count": 82, "status": "published", "created_at": "2024-04-26T00:13:21.772Z", "updated_at": "2024-07-09T04:25:20.259Z"}, "m2m": {"tags": [], "photo": [18086, 18087, 18088]}}, {"condition": {"id": 6345}, "defaults": {"kategori_id": 3, "site_id": 53, "admin_id": 71, "judul": "Miniriset Mahasiswa Kedokteran Universitas Mataram", "judul_seo": "miniriset-mahasiswa-kedokteran-universitas-mataram", "isi_berita": "<p>Sabtu,4 April 2024<br>Pemaparan hasil mini riset oleh Mahasiswa Kedokteran Universitas Mataram di aula UPT Puskesmas Gunungsari.<br>#uptpkmgnsari&nbsp;<br>#berbudaya</p>", "view_count": 473, "word_count": 14, "status": "published", "created_at": "2024-05-04T07:14:02.064Z", "updated_at": "2024-07-11T12:49:41.335Z"}, "m2m": {"tags": [], "photo": [18301, 18302, 18303]}}, {"condition": {"id": 6368}, "defaults": {"kategori_id": 3, "site_id": 53, "admin_id": 71, "judul": "Yuk, Cek HB Di Kelas Ibu Hamil", "judul_seo": "yuk-cek-hb-di-kelas-ibu-hamil", "isi_berita": "<p>Mengapa Harus Cek laboratorium saat hamil?<br>Hal ini penting dilakukan untuk mengetahui kondisi kesehatan ibu serta janin dalam kandungan.<br>Ada beberapa pemeriksaan laboratorium yang harus dilakukan pada saat kehamilan,diantaranya yaitu pemeriksaan HB ( Hemoglobin ).<br>Tujuan dari pemeriksaan ini adalah untuk mengetahui kadar sel darah merah pada ibu hamil.<br>HB pada ibu hamil berperan penting dalam memasok darah bagi janin.Kadar HB yang rendah akan berdampak pada kesehatan ibu dan perkembangan janin.<br>Karena itu,diharapkan ibu hamil agar rutin memeriksakan HB minimal 2 kali selama kehamilan yaitu saat trimester pertma dan trimester ketiga di Posyandu,kelas IBu hamil ataupun di Puskesmas terdekat.<br>Sehat selalu ibu ibu hamil...<br>Dok.kelas ibu hamil Wilker UPT Puskesmas Gunungsari&nbsp;<br>#uptpkmgnsari&nbsp;<br>#berbudaya</p>", "view_count": 143, "word_count": 94, "status": "published", "created_at": "2024-05-07T05:47:35.556Z", "updated_at": "2024-07-09T13:22:00.674Z"}, "m2m": {"tags": [], "photo": [18370, 18371]}}, {"condition": {"id": 6455}, "defaults": {"kategori_id": 3, "site_id": 53, "admin_id": 71, "judul": "Kegiatan Pemberdayaan Masyarakat Implementasi STBM", "judul_seo": "kegiatan-pemberdayaan-masyarakat-implementasi-stbm", "isi_berita": "<p>Kegiatan pemberdayaan masyarakat melalui pemicuan untuk implementasi STBM (Sanitasi Total Berbasis Masyarakat).<br>#uptpkmgnsari&nbsp;<br>#berbudaya</p>", "view_count": 42, "word_count": 12, "status": "published", "created_at": "2024-05-14T04:50:24.784Z", "updated_at": "2024-07-07T23:45:02.342Z"}, "m2m": {"tags": [], "photo": [18590, 18591, 18592]}}, {"condition": {"id": 6818}, "defaults": {"kategori_id": 3, "site_id": 53, "admin_id": 71, "judul": "Penilaian Nakesdan Tingkat Provinsi tahun 2024", "judul_seo": "penilaian-nakesdan-tingkat-provinsi-tahun-2024", "isi_berita": "<p>Selamat berjuang Nakesdan Perwakilan Kabupaten Lombok Barat<br>UPT Puskesmas Gunungsari menjadi Puskesmas dengan perwakilan terbanyak mewakili Lombok barat dalam penilaian nakesdan tahun 2024 dengan 3 perwakilan yang membawa inovasi nya masing-masing, yaitu:</p><ol><li>Ns. Ni Nengah Utik dengan inovasi TERIMA GAJI (Temukan Rawat Inisiasi Masyarakat Dengan Gangguan Jiwa)</li><li>Intan Kumalasari, SKM dengan inovasi KISAH PAK BOS (Kita Pilah Sampah Bawa Ke Posyandu)</li><li>Febriany Mastira dengan inovasi SIDIK BALITA GIKUR (Skrining Dini Kecacingan Pada Balita Gizi Kurang)</li></ol><p><br><br>Semoga mendapatkan hasil terbaik<br>UPT PUSKESMAS GUNUNGSARI memang LUAAR BIASA <br><br>#uptpuskesmasgnsari&nbsp;<br>#paripurna</p>", "view_count": 23, "word_count": 74, "status": "published", "created_at": "2024-06-07T00:40:50.124Z", "updated_at": "2024-07-10T21:21:43.874Z"}, "m2m": {"tags": [], "photo": [19492, 19493]}}]