[{"condition": {"id": 788}, "defaults": {"kategori_id": 3, "site_id": 52, "admin_id": 70, "judul": "Puskesmas Eyat Mayang Raih Dua Penghargaan dari Dinas Kesehatan Kabupaten Lombok Barat", "judul_seo": "puskesmas-eyat-mayang-raih-dua-penghargaan-dari-dinas-kesehatan-kabupaten-lombok-barat", "isi_berita": "<p><strong>Lombok Barat (19/07/2022)</strong> - Bertempat di Hotel Montana Senggigi, Alhamdulillah UPT BLUD Puskesmas Eyat Mayang berhasil meraih penghargaan kinerja terbaik di dua capaian program dalam kegiatan<strong> Rapat Koordinasi Puskesmas Se-Kabupaten Lombok Barat dengan Dinas Kesehatan Kabupaten Lombok Barat</strong> yakni&nbsp;pada program Hepatitis dan juga pada&nbsp;program Sistem Kewaspadaan Dini Respon (SKDR) Periode Januari sampai dengan juni,</p>\r\n\r\n<p>Penghargaan ini diserahkan langsung oleh Bapak Bupati&nbsp;Kabupaten Lombok Barat (H. Fauzan Khalid, S.Ag)</p>\r\n\r\n<p>Semoga di periode selanjutnya <strong>UPT BLUD Puskesmas Eyat Mayang <span style=\"font-family:Comic Sans MS,cursive\">&quot;IDAMAN&quot;</span> </strong>dapat meraih penghargaan kinerja terbaik di semua program.</p>\r\n\r\n<p><em>Salam Sehat Puskesmas Eyat Mayang Idaman</em></p>", "view_count": 65, "word_count": 90, "status": "published", "created_at": "2022-07-19T10:55:51.128Z", "updated_at": "2024-07-11T06:50:07.939Z"}, "m2m": {"tags": [], "photo": [2856, 2857, 2858]}}, {"condition": {"id": 1432}, "defaults": {"kategori_id": 3, "site_id": 52, "admin_id": 70, "judul": "UPT BLUD Puskesmas Eyat Mayang Ikut meriahkan Event Perdana Senggigi Cycling Day", "judul_seo": "upt-blud-puskesmas-eyat-mayang-ikut-meriahkan-event-perdana-senggigi-cycling-day", "isi_berita": "<p><span style=\"font-size:12pt\"><span style=\"font-family:Calibri,sans-serif\">Lombok Barat 21 Agustus 2022 &ndash; </span></span><span style=\"font-size:12pt\"><span style=\"font-family:Calibri,sans-serif\">Dalam kegiatan perdana <strong><em>Event</em> Senggigi Cycling Day (SCD)</strong> yang digelar oleh Dinas Pariwisata Lombok Barat, UPT BLUD Puskesmas Eyat Mayang tidak mau melewatkan kemeriahan dan keseruan <em>Event</em> SCD yang diadakan di Senggigi, hal ini terbukti dengan kehadiran Kepala Puskesmas (Ns. Akmal Rosamali ,S.Kep, M.Kes,), KTU (Uswatun Hasanah,S.Kep) dan beberapa staf Puskesmas Eyat Mayang hari ini dalam event tersebut.</span></span></p>\r\n\r\n<p><img alt=\"\" src=\"/media/uploads/puskesmaseyatmayanglobar/2022/08/21/scd-lampiran-1.jpg\" style=\"height:400px; width:400px\" /></p>\r\n\r\n<p><span style=\"font-size:12pt\"><span style=\"font-family:Calibri,sans-serif\">Dengan semangat dan kekompakan Staf Puskesmas Eyat Mayang menggoes Sepeda dari titik Lokasi Start di Pantai Sasaka hingga garis Finish di Pantai Mangsit (Jarak tempuh kurang lebih 12 KM). Setelah mengikuti kegiatan para staf menikmati <em>Live music</em>, Bazar UMKM serta terakhir para staf puskesmas Eya, Alhamdulillah salah satu staf mendapatkan hadiah undian kupon pada event SCD hari ini.</span></span></p>\r\n\r\n<p><img alt=\"\" src=\"/media/uploads/puskesmaseyatmayanglobar/2022/08/21/scd-lampiran-2.jpg\" style=\"height:400px; width:400px\" /></p>\r\n\r\n<p><span style=\"font-size:12pt\"><span style=\"font-family:Calibri,sans-serif\"><img alt=\"\" src=\"/media/uploads/puskesmaseyatmayanglobar/2022/08/21/scd-lampiran-3.jpg\" style=\"height:700px; width:700px\" /></span></span></p>", "view_count": 56, "word_count": 115, "status": "published", "created_at": "2022-08-21T12:27:20.393Z", "updated_at": "2024-07-11T06:51:21.037Z"}, "m2m": {"tags": [], "photo": [4495]}}, {"condition": {"id": 1828}, "defaults": {"kategori_id": 3, "site_id": 52, "admin_id": 70, "judul": "Puskesmas Eyat Mayang ikut laksanakan HKGN 2022", "judul_seo": "puskesmas-eyat-mayang-ikut-laksanakan-hkgn-2022", "isi_berita": "<p><strong>Senin 12 September 2022</strong> -&nbsp; Bertempat di SDN 02 Eyat Mayang, Kepala Puskesmas Eyat Mayang (Ns. Akmal Rosamali,S.Kep.,M.Kes), Dokter Gigi Puskesmas Eyat Mayang (drg. Ni Kadek Yuliani) beserta beberapa Petugas Kesehatan Puskesmas Eyat Mayang ikut andil dalam mensukseskan rangkaian kegiatan peringatan&nbsp;<strong>Hari Kesehatan Ggigi Nasional&nbsp;</strong>tahun 2022 tahun ini.</p>\r\n\r\n<p><img alt=\"\" src=\"/media/uploads/puskesmaseyatmayanglobar/2022/09/13/1_77NJG3A.jpg\" style=\"height:500px; width:500px\" /></p>\r\n\r\n<p>Kegiatan peringatan <strong>HKGN</strong>&nbsp;di SDN 02 Eyat mayang dibuka oleh Kepala Puskesmas Eyat Mayang, kemudian dilanjutkan dengan kegiatan sikat gigi masal serentak yang dilakukan oleh Siswa/i kelas 1 (satu) hingga kelas 6 (enam), kemudian kegiatan berlanjut dengan penyampaian materi oleh Dokter Gigi Ni Kadek Yuliani didalam ruangan kelas.&nbsp;</p>\r\n\r\n<p>&nbsp;</p>\r\n\r\n<p><img alt=\"\" src=\"/media/uploads/puskesmaseyatmayanglobar/2022/09/13/4.jpg\" style=\"height:500px; width:500px\" /></p>\r\n\r\n<p>kegiatan <strong>HKGN </strong>tahun ini&nbsp;diadakan serentak di seluruh Indonesia dengan bertemakan &quot;<strong><em>Pulih Bersama dengan Senyum Sehat Indonesia</em></strong><em>&quot; </em>,&nbsp;Tema ini selaras dengan semangat Indonesia untuk pulih dan bangkit kembali setelah pandemi. Di Tahun ini PB PDGI bekerja sama dengan Unilever Indonesia mengkampanyekan pentingnya menjaga kesehatan gigi dan mulut dengan melakukan sikat gigi dua kali sehari serta konsultasi ke dokter gigi enam bulan sekali. Unilever sendiri, hingga Akhir tahun 2022 menyediakan layanan perawatan gigi gratis di 28 Fakultas Kedokteran Gigi dan RSGM yang tersebar di berbagai wilayah di Indonesia&nbsp;</p>\r\n\r\n<p><img alt=\"\" src=\"/media/uploads/puskesmaseyatmayanglobar/2022/09/13/2.jpg\" style=\"height:500px; width:500px\" /></p>", "view_count": 213, "word_count": 172, "status": "published", "created_at": "2022-09-13T17:24:55.347Z", "updated_at": "2024-07-11T04:03:46.787Z"}, "m2m": {"tags": [56], "photo": [5491]}}, {"condition": {"id": 1859}, "defaults": {"kategori_id": 31, "site_id": 52, "admin_id": 70, "judul": "Potret Kegiatan Kamis 15 September 2022", "judul_seo": "potret-kegiatan-kamis-15-september-2022", "isi_berita": "<p><strong>KEGIATAN PEMBINAAN BANK SAMPAH DI DUSUN&nbsp;ASAK SIWAK</strong><br />\r\nKegiatan Pembinaan Bank Sampah di dusun Asak Siwak dilaksanakan di kediaman Kepala Dusun Asak Siwak, Tujuan Pelaksanakan kegiatan ini adalah untuk meningkatkan kemandirian masyarakat dalam mengelola sampah rumah tangga.<br />\r\n<img alt=\"\" src=\"/media/uploads/puskesmaseyatmayanglobar/2022/09/15/1509001.jpg\" style=\"height:500px; width:500px\" /></p>\r\n\r\n<p>&nbsp;</p>\r\n\r\n<p><strong>KEGIATAN PEMBINAAN TOGA DI DUSUN ASAK SIWAK</strong><br />\r\nKegiatan Pembinaan TOGA di dusun Asak Siwak dilaksanakan di kediaman Kepala Dusun Asak Siwak, kegiatan ini berlangsung bersamaan dengan pembinaan Bank Sampah. Tujuan Pelaksanakan kegiatan ini adalah untuk meningkatkan pengetahuan masyarakat tentang tanaman obat keluarga<br />\r\n<img alt=\"\" src=\"/media/uploads/puskesmaseyatmayanglobar/2022/09/15/1509002.jpg\" style=\"height:500px; width:500px\" /></p>", "view_count": 173, "word_count": 79, "status": "published", "created_at": "2022-09-15T19:35:08.639Z", "updated_at": "2024-07-11T04:03:27.122Z"}, "m2m": {"tags": [118], "photo": [5589]}}, {"condition": {"id": 1882}, "defaults": {"kategori_id": 31, "site_id": 52, "admin_id": 70, "judul": "Puskesmas Eyat Mayang laksanakan Kelas Nasi Tumbang (Pelayanan Intervensi Tumbuh Kembang) Bersama Tim Yayasan Lombok Care", "judul_seo": "puskesmas-eyat-mayang-laksanakan-kelas-nasi-tumbang-pelayanan-intervensi-tumbuh-kembang-bersama-tim-yayasan-lombok-care", "isi_berita": "<p><span style=\"font-size:12pt\"><span style=\"font-family:Calibri,sans-serif\">Sabtu 17 September 2022 &ndash; Bertempat di Aula UPT BLUD Puskesmas Eyat Mayang, Petugas Kesehatan dari UPT BLUD Puskesmas Eyat Mayang bersama Tim Yayasan Lombok Care mengadakan Kelas Nasi Tumbang (Pelayanan Intervensi Tumbuh Kembang) bersama 12 anak dari hasil kegiatan SDIDTKA (Stimulasi, Deteksi, Intervensi Dini, Tumbuh Kembang Anak) di wilayah kerja UPT BLUD Puskesmas Eyat Mayang.</span></span></p>\r\n\r\n<p><span style=\"font-size:12pt\"><span style=\"font-family:Calibri,sans-serif\"><img alt=\"\" src=\"/media/uploads/puskesmaseyatmayanglobar/2022/09/17/tumbuh2.jpg\" style=\"height:500px; width:500px\" /></span></span></p>\r\n\r\n<p><span style=\"font-size:12pt\"><span style=\"font-family:Calibri,sans-serif\"><strong>Kelas Nasi Tumbang</strong> merupakan salah satu dari beberapa Inovasi unggulan <strong>UPT BLUD Puskesmas Eyat Mayang</strong> yang dimana fokus pada kegiatan inovasi ini adalah melakukan intervensi dari temuan gangguan tumbuh kembang anak di wilayah kerja UPT BLUD Puskesmas Eyat Mayang. </span></span></p>\r\n\r\n<p><span style=\"font-size:12pt\"><span style=\"font-family:Calibri,sans-serif\">Pelaksanaan kegiatan Nasi Tumbang kali ini diawali dengan pengumpulan orang tua dan anak dalam aula untuk diberi arahan, selanjutnya assessment dari Tim Yayasan Lombok Care, kemudian dilakukan fisioterapi sesuai kebutuhan dari masing-masing anak. </span></span></p>\r\n\r\n<p><span style=\"font-size:12pt\"><span style=\"font-family:Calibri,sans-serif\"><em>&ldquo;Kegiatan semacam ini tentu sangat bermanfaat bagi orang tua yang memiliki anak dengan gangguan pertumbuhan, selain itu diharapkan dari kegiatan ini dapat memberikan motivasi, semagat, serta meminimalisir resiko kecacatan dan meningkatkan kemandirian anak nantinya serta juga diharapkan orang tua bisa mandiri dalam menstimulasi anak dirumah&rdquo;</em> ujar Kepala UPT BLUD Puskesmas Eyat Mayang, Ns. Akmal Rosamali,S.Kep.,M.Kes di sela-sela pelaksanaan kegiatan Kelas Nasi Tumbang.</span></span></p>\r\n\r\n<p><span style=\"font-size:12pt\"><span style=\"font-family:Calibri,sans-serif\"><img alt=\"\" src=\"/media/uploads/puskesmaseyatmayanglobar/2022/09/17/tumbuh3.jpg\" style=\"height:500px; width:500px\" /></span></span></p>\r\n\r\n<p><span style=\"font-size:12pt\"><span style=\"font-family:Calibri,sans-serif\">Dampak Positif sangat dirasakan oleh orang tua yang hadir Bersama anaknya pada kelas Nasi Tumbang kali ini, hal ini terbukti dari penuturan orang tua anak dengan gangguan tumbuh kembang; </span></span></p>\r\n\r\n<p><span style=\"font-size:12pt\"><span style=\"font-family:Calibri,sans-serif\"><em>&ldquo;Alhamdulillah adanya kelas Nasi Tumbang ini, pengetahuan saya bertambah tentang bagaimana mengasuh anak dengan gangguan tumbuh kembang, semangat dan motivasi saya juga bertambah&rdquo;</em> Tutur Ibu Ria selaku orang tua dari salah satu anak dengan gangguan pertumbuhan.</span></span></p>\r\n\r\n<p><span style=\"font-size:12pt\"><span style=\"font-family:Calibri,sans-serif\"><em>&ldquo;Saya sangat bersyukur adanya kegiatan semacam ini, Saya berharap kegiatan semacam ini rutin dilaksanakan, dan juga semoga anak saya dapat dibawa ke Lombok care untuk terapi selanjutnya&rdquo;</em> ucap ibu Riani selaku orang tua dari salah satu anak dengan gangguan pertumbuhan</span></span>.</p>\r\n", "view_count": 174, "word_count": 282, "status": "published", "created_at": "2022-09-17T12:08:38.762Z", "updated_at": "2024-07-11T04:02:48.856Z"}, "m2m": {"tags": [118], "photo": [5641]}}, {"condition": {"id": 1941}, "defaults": {"kategori_id": 31, "site_id": 52, "admin_id": 70, "judul": "Potret Kegiatan Rabu 21 September 2022", "judul_seo": "potret-kegiatan-rabu-21-september-2022", "isi_berita": "<p>Alhamdulillah Pada Hari Rabu 21 September UPT Puskesmas Eyat Mayang melaksanakan beberapa kegiatan luar gedung diantaranya : Kunjungan Pasien ODGJ oleh Petugas Kesehatan UPT Puskesmas Eyat Mayang, Pengarahan Sekaligus persiapan Wakil Gubernur NTB di Posyandu Keluarga Eyat Mayang, dan Kegiatan Posyandu Keluaga di Dusun Kambeng Daya</p>\r\n\r\n<p><img alt=\"\" src=\"/media/uploads/puskesmaseyatmayanglobar/2022/09/21/212_HQJN9td.jpg\" style=\"height:500px; width:500px\" /><img alt=\"\" src=\"/media/uploads/puskesmaseyatmayanglobar/2022/09/21/213_rfVO7xY.jpg\" style=\"height:500px; width:500px\" /><img alt=\"\" src=\"/media/uploads/puskesmaseyatmayanglobar/2022/09/21/214_Y8cnJqP.jpg\" style=\"height:500px; width:500px\" /></p>", "view_count": 132, "word_count": 44, "status": "published", "created_at": "2022-09-21T22:42:43.587Z", "updated_at": "2024-07-11T04:04:30.757Z"}, "m2m": {"tags": [118], "photo": [5820]}}, {"condition": {"id": 1955}, "defaults": {"kategori_id": 31, "site_id": 52, "admin_id": 70, "judul": "Pembagian Bantuan Sembako Bagi Bayi Balita Stunting dari BKOW NTB yang dihadiri Wakil Gubernur NTB", "judul_seo": "pembagian-bantuan-sembako-bagi-bayi-balita-stunting-dari-bkow-ntb-yang-dihadiri-wakil-gubernur-ntb", "isi_berita": "<p><span style=\"font-family:Arial,Helvetica,sans-serif\"><span style=\"font-size:14px\">Kamis 22 september 2022 &ndash; dalam rangka melaksanakan program kerja Badan Kerjasama Organisasi Wanita Provinsi Nusa Tenggara Barat tahun 2022, BKOW NTB melaksanakan kegiatan pemberian bantuan sembako untuk perempuan rentan dan bayi balita stunting di wilayah kerja UPT BLUD Puskesmas Eyat Mayang yakni di posyandu Mekar Sari dusun Eyat Mayang Utara dan Posyandu Mayang sari dusun Eyat mayang desa Eyat Mayang kecamatan Lembar<img alt=\"\" src=\"/media/uploads/puskesmaseyatmayanglobar/2022/09/22/2.jpg\" style=\"height:500px; width:500px\" /></span></span></p>\r\n\r\n<p><span style=\"font-family:Arial,Helvetica,sans-serif\"><span style=\"font-size:14px\">Wakil Gubernur Dr Ir Hj sitti Rohmi Djalilah, M.Pd sekaligus sebagai ketua BKOW NTB tahun 2022 hadir dalam kegiatan tersebut dan langsung memberikan bantuan kepada sasaran yang stunting.</span></span></p>\r\n\r\n<p><span style=\"font-family:Arial,Helvetica,sans-serif\"><span style=\"font-size:14px\">Beliau berpesan agar bantuan yang di berikan tepat sasaran dan memberikan dampak perubahan yang baik bagi sasaran yang stunting.</span></span></p>\r\n\r\n<p><span style=\"font-family:Arial,Helvetica,sans-serif\"><span style=\"font-size:14px\"><img alt=\"\" src=\"/media/uploads/puskesmaseyatmayanglobar/2022/09/22/3.jpg\" style=\"height:500px; width:500px\" /></span></span></p>\r\n\r\n<p><span style=\"font-family:Arial,Helvetica,sans-serif\"><span style=\"font-size:14px\">Sebanyak 89 anak sebagai penerima bantuan stunting di 2 posyandu ini.</span></span></p>\r\n\r\n<p><span style=\"font-family:Arial,Helvetica,sans-serif\"><span style=\"font-size:14px\">Dalam kegiatan pembagian bantuan sembako ini hadir juga : Asisten 1 , Kepala Bappeda, Kadis Kesehatan Kabupaten Lombok Barat, Kadis PMPD Dukcapil Kabupaten Lombok Barat , Kadis DP3AP2KB Kabupaten Lombok Barat, Kadis Kominfotik Kabupaten Lombok Barat, BKKBN Kabupaten lOMBOK barat</span></span></p>\r\n\r\n<p><span style=\"font-family:Arial,Helvetica,sans-serif\"><span style=\"font-size:14px\"><img alt=\"\" src=\"/media/uploads/puskesmaseyatmayanglobar/2022/09/22/4.jpg\" style=\"height:500px; width:500px\" /></span></span></p>\r\n\r\n<p><span style=\"font-family:Arial,Helvetica,sans-serif\"><span style=\"font-size:14px\"><em>Stunting</em>&nbsp;bukan merupakan suatu penyakit,&nbsp;Stunting merupakan masalah gizi kronis yang disebabkan oleh asupan gizi yang kurang dalam waktu lama. Hal ini terjadi karena asupan makan yang tidak sesuai dengan kebutuhan gizi. Stunting terjadi mulai dari dalam kandungan dan baru terlihat saat anak berusia dua tahun. Stunting diakibatkan oleh banyak faktor, seperti ekonomi keluarga, penyakit atau infeksi yg berkali-kali. Kondisi lingkungan, baik itu polusi udara, air bersih bisa juga mempengaruhi stunting. Tidak jarang pula masalah non kesehatan menjadi akar dari masalah stunting, seperti masalah ekonomi, politik, sosial, budaya, kemiskinan, kurangnya pemberdayaan perempuan, serta masalah degradasi lingkungan.</span></span></p>\r\n\r\n<p><span style=\"font-family:Arial,Helvetica,sans-serif\"><span style=\"font-size:14px\">Dalam Upaya Promotif dan Preventif Puskesmas Eyat Mayang memiliki inovasi unggulan Yakni <strong>&quot;Anting Naga Besi&quot;</strong>&nbsp;, Inovasi ini merupakan singkatan dari <em>&quot;Pencegahan Stunting melalui Keluarga Beresiko Masalah Gizi&quot;&nbsp;</em>, Adapun sasaran utama dari Inovasi ini adalah Keluarga yang memiliki Resiko atau masalah gizi yang memiliki Bayi/Balita, Remaja maupun bagi Calon Pengantin, Upaya semacam ini tidak lepas dari kerjasama lintas sektor dan semua stakeholder terkait.&nbsp;</span></span></p>\r\n\r\n<p><span style=\"font-family:Arial,Helvetica,sans-serif\"><span style=\"font-size:14px\">diharapkan dengan adanya inovasi ini dapat menurunkan angka stunting di lima desa di wilayah kerja Puskesmas Eyat Mayang.</span></span></p>\r\n\r\n<div class=\"youtube-embed-wrapper\" style=\"height:0; overflow:hidden; padding-bottom:56.25%; padding-top:30px; position:relative\"><span style=\"font-family:Arial,Helvetica,sans-serif\"><span style=\"font-size:14px\"><iframe allow=\"autoplay;\" allowfullscreen=\"\" frameborder=\"0\" height=\"360\" src=\"https://www.youtube.com/embed/Esw7dRde8l0?autoplay=1\" style=\"position:absolute;top:0;left:0;width:100%;height:100%\" width=\"640\"></iframe></span></span></div>\r\n\r\n<p>&nbsp;</p>", "view_count": 332, "word_count": 322, "status": "published", "created_at": "2022-09-22T17:05:10.879Z", "updated_at": "2024-07-11T04:03:24.731Z"}, "m2m": {"tags": [118], "photo": [5857]}}, {"condition": {"id": 1975}, "defaults": {"kategori_id": 31, "site_id": 52, "admin_id": 70, "judul": "Kegiatan Senam Prolanis Jumat 23 September 2022", "judul_seo": "kegiatan-senam-prolanis-jumat-23-september-2022", "isi_berita": "<p><img alt=\"\" src=\"/media/uploads/puskesmaseyatmayanglobar/2022/09/23/2.jpg\" style=\"height:500px; width:500px\" /><br />\r\n<strong>Jum&#39;at 23 September 2022 </strong>- Alhamdulillah telah dilaksanakan kegiatan senam prolanis di halaman depan Puskesmas Eyat Mayang yang diikuti 20 peserta.</p>\r\n\r\n<p><img alt=\"\" src=\"/media/uploads/puskesmaseyatmayanglobar/2022/09/23/3.jpg\" style=\"height:500px; width:500px\" /><br />\r\nTujuan dari kegiatan ini adalah meningkatkan kebugaran, menjaga kestabilan kesehatan, meregangkan otot-otot sebelum beraktivitas.<br />\r\n<img alt=\"\" src=\"/media/uploads/puskesmaseyatmayanglobar/2022/09/23/4.jpg\" style=\"height:500px; width:500px\" /></p>\r\n", "view_count": 125, "word_count": 29, "status": "published", "created_at": "2022-09-23T22:50:55.249Z", "updated_at": "2024-07-11T04:03:32.851Z"}, "m2m": {"tags": [118], "photo": [5915]}}, {"condition": {"id": 2079}, "defaults": {"kategori_id": 31, "site_id": 52, "admin_id": 70, "judul": "Kegiatan Apel Pagi Hari Senin Sebelum Memulai Aktifitas Di UPT BLUD Puskesmas Eyat Mayang", "judul_seo": "kegiatan-apel-pagi-hari-senin-sebelum-memulai-aktifitas-di-upt-blud-puskesmas-eyat-mayang", "isi_berita": "<p>Senin (3 Oktober 2022) - Sesuai dengan Peraturan Menteri Pendayagunaan Aparatur Negara dan Reformasi Birokrasi (PANRB) kepada seluruh instansi pemerintah untuk melaksanakan apel pagi setiap hari Senin secara rutin. UPT BLUD Puskesmas Eyat Mayang melaksanakan kegiatan Apel Pagi di Halaman Puskesmas.</p>\r\n\r\n<p><img alt=\"\" src=\"/media/uploads/puskesmaseyatmayanglobar/2022/10/03/ap3102.jpg\" style=\"height:500px; width:500px\" /></p>\r\n\r\n<p>Pelaksanaan apel pagi merupakan kewajiban bagi setiap pegawai dan rutinitas setiap hari senin, Rutinitas ini akan menjadi langkah baik karena banyak manfaat yang bisa diperoleh bersama, yakni selain pembiasaan kedisiplinan bagi karyawan / karyawati , juga menciptakan rasa kebersamaan, kekeluargaan, serta semangat baru sebelum memulai aktifitas bekerja.</p>\r\n\r\n<p><img alt=\"\" src=\"/media/uploads/puskesmaseyatmayanglobar/2022/10/03/ap3103.jpg\" style=\"height:500px; width:500px\" /></p>\r\n\r\n<p>Dengan adanya apel ini, setidaknya ada pertemuan bersama antar karyawan Puskesmas sebelum memulai aktivitas dan dalam mengakhiri rutinitas setiap harinya serta miningkatkan kinerja.</p>\r\n\r\n<p><img alt=\"\" src=\"/media/uploads/puskesmaseyatmayanglobar/2022/10/03/ap3104.jpg\" style=\"height:500px; width:500px\" /></p>\r\n\r\n<p>Adapun manfaat dari apel pagi tersebut adalah sebagai media positif untuk membangun dan mencapai tujuan bersama dalam meningkatkan kualitas kinerja yang lebih baik dalam melayani masyarakat melalui peningkatan disiplin pegawai tidak hanya terkait jam masuk dan pulang kerja saja tetapi juga disiplin dalam penyelesaian pekerjaan dan target-target yang menjadi tanggung jawabnya.</p>\r\n\r\n<p>Yang bertindak selaku Pembina Upacara pada kegiatan Apel pagi kali ini ; Huswatun Hasanah,S.Kep (KTU UPT BLUD Puskesmas Eyat Mayang)</p>\r\n", "view_count": 200, "word_count": 174, "status": "published", "created_at": "2022-10-03T09:27:43.174Z", "updated_at": "2024-07-11T04:04:04.613Z"}, "m2m": {"tags": [118], "photo": [6302]}}, {"condition": {"id": 2088}, "defaults": {"kategori_id": 31, "site_id": 52, "admin_id": 70, "judul": "UPT Puskesmas Eyat Mayang laksanakan BIAS di SDN 2 Mareje Timur", "judul_seo": "upt-puskesmas-eyat-mayang-laksanakan-bias-di-sdn-2-mareje-timur", "isi_berita": "<p><span style=\"font-size:12pt\"><span style=\"font-family:Calibri,sans-serif\">Eyat Mayang &ndash; Pelaksanaan Bulan Imunisasi Anak Sekolah (BIAS) wilayah kerja UPT Puskesmas Eyat Mayang di mulai sejak Sabtu 1 Oktober 2022. Hari ini, Senin (3/10/2022) BIAS dilaksanakan di SDN 2 Mareje timur.</span></span></p>\r\n\r\n<p><img alt=\"\" src=\"/media/uploads/puskesmaseyatmayanglobar/2022/10/03/310bian2.jpg\" style=\"height:500px; width:500px\" /></p>\r\n\r\n<p><span style=\"font-size:12pt\"><span style=\"font-family:Calibri,sans-serif\">BIAS merupakan imunisasi lanjutan yang diberikan pada anak usia sekolah dasar yang dilaksanakan pada Bulan Oktober. BIAS bertujuan agar anak-anak terhindar dari penyakit infeksi difteri, tetanus dan batuk rejan. </span></span></p>\r\n\r\n<p><img alt=\"\" src=\"/media/uploads/puskesmaseyatmayanglobar/2022/10/03/310bian3.jpg\" style=\"height:500px; width:500px\" /></p>\r\n\r\n<p><span style=\"font-size:12pt\"><span style=\"font-family:Calibri,sans-serif\">Jumlah siswa/i yang mengikuti kegiatan BIAS di SDN 2 Tendaun sebanyak 44 orang.</span></span></p>", "view_count": 263, "word_count": 66, "status": "published", "created_at": "2022-10-03T21:59:15.213Z", "updated_at": "2024-07-11T05:53:07.592Z"}, "m2m": {"tags": [118], "photo": [6324]}}, {"condition": {"id": 2167}, "defaults": {"kategori_id": 31, "site_id": 52, "admin_id": 70, "judul": "Kepala Tata Usaha Pimpin Apel Pagi ini", "judul_seo": "kepala-tata-usaha-pimpin-apel-pagi-ini", "isi_berita": "<p>Selasa 11 Oktober 2022 -&nbsp; Bertempat di depan Aula UPT Puskesmas Eyat Mayang, diadakan Apel pagi sebelum memulai aktivitas pelayanan yang di Pimpin langsung oleh Kepala Tata Usaha UPT Puskesmas Eyat Mayang.</p>\r\n\r\n<p>dalam kegiatan tersebut terdapat beberapa poin yang disampaikan oleh Kepala Tata Usaha UPT Puskesmas Eyat Mayang diantaranya :</p>\r\n\r\n<p>&nbsp;</p>\r\n\r\n<ol>\r\n\t<li>Seluruh karyawan dan karyawati UPT Puskesam Eyat Mayang agar tetap&nbsp;hadir apel pagi dari hari Senin s/d&nbsp;Kamis.</li>\r\n\t<li>Jika tidak apel pagi dalam 1 Minggu akan di berikan teguran lisan.</li>\r\n\t<li>Untuk laporan obat agar di kirim setiap tgl 25.</li>\r\n\t<li>Laporan kegiatan program agar tetap&nbsp;di laporkan di awal bulan.</li>\r\n\t<li>Untuk pelaporan W2&nbsp;mingguan, mulai Minggu ini agar di share di grup agar seluruh stap tau.kasus apa saja yg naik pada lap mingguan</li>\r\n\t<li>buat&nbsp;yg pelayanan di dlm gedung mau pun di luar gedung agar melaporkan keluhan atau masukan dari grup wa PKM agar permasalahan bisa kita cari solusinya bersama sama.</li>\r\n\t<li>Absensi tetap di isi setiap hari</li>\r\n\t<li>Bagi yangg ijin sakit untuk&nbsp;menyertakan surat keterangan sakit dari dokter.</li>\r\n</ol>\r\n\r\n<p><strong>Editor :</strong> Tim Media UPT Puskesmas Eyat Mayang (Firman)</p>", "view_count": 264, "word_count": 166, "status": "published", "created_at": "2022-10-11T16:58:02.570Z", "updated_at": "2024-07-12T01:23:08.644Z"}, "m2m": {"tags": [118], "photo": [6572]}}, {"condition": {"id": 2168}, "defaults": {"kategori_id": 31, "site_id": 52, "admin_id": 70, "judul": "UPT Puskesmas Eyat Mayang ikuti  POKJA Tatalaksana Malaria yang diadakan Dinas Kesehatan Kabupaten Lombok Barat", "judul_seo": "upt-puskesmas-eyat-mayang-ikuti-pokja-tatalaksana-malaria-yang-diadakan-dinas-kesehatan-kabupaten-lombok-barat", "isi_berita": "<p>Selasa 10 Oktober 2022, Sesuai undangan dari Dinas Kesehatan Kabupaten Lombok Barat tentang undangan Pembentukan Kelompok Kerja (POKJA) Tatalaksana Malaria, UPT Puskesmas Eyat Mayang mengutus salah satu Suveilans (Ns. Jhoni) mengikuti kegiatan tersebut via daring Zoom.&nbsp;</p>\r\n", "view_count": 173, "word_count": 34, "status": "published", "created_at": "2022-10-11T17:10:33.057Z", "updated_at": "2024-07-12T00:52:28.942Z"}, "m2m": {"tags": [118], "photo": [6573]}}, {"condition": {"id": 3414}, "defaults": {"kategori_id": 5, "site_id": 52, "admin_id": 70, "judul": "Tingkatkan Kompetensi Dalam Pengelolaan Website, Dinas Kesehatan Lombok Barat Adakan Bimbingan Teknis (Bimtek)", "judul_seo": "tingkatkan-kompetensi-dalam-pengelolaan-website-dinas-kesehatan-lombok-barat-adakan-bimbingan-teknis-bimtek", "isi_berita": "<p>Selasa, 23 Mei 2023 bertempat di Hotel Puri Saron Senggigi Lombok barat 20 puskesmas dan 2 rumah sakit Lombok Barat menghadiri Bimbingan Teknis&nbsp;&nbsp;(BIMTEK) Pengelolaan Wibesite yang diadakan oleh Dinas Kesehatan Lombok Barat. Pada pertemuan ini juga di hadiri oleh bapak Kepala Dinas Kesehatan Lombok Barat, bapak Kepala Bidang IKP selaku pemateri I dan juga bapak Kepala Bidang Atika selaku pemateri II.&nbsp;</p>\r\n\r\n<p>Tujun dari diadakannya Bimbingan Teknis (BIMTEK) tersebut agar staf pengelola sistem informasi puskesmas bisa mengoptimalkan dan memanfaatkan sistem layanan publik dan wibesite perangkat daerah sebagai media untuk lebih mudah memberikan informasi kepada masyarakat.&nbsp;</p>\r\n\r\n<p>Selain pelatihan pembuatan website para peserta juga dilatih bagimana cara membuat konten yang&nbsp;<em>Educating</em>&nbsp;(mendidik),&nbsp;<em>Enlighteningh</em> (mencerahkan),&nbsp;<em>Empowering</em>&nbsp;(memberdayakan),&nbsp;<em>Nationalism</em>&nbsp;(kebangsaan/NKRI).Diingatkan juga salam setiap pembuatan konten perlu memperhatikan Undang-Undang tentang Informasi dan Transaksi Elektronik (ITE).Di dalam UU ITE terdapat Pasal-Pasal yang berisi Perbuatan Yang Dilarang (dilakukan terkait dengan Internet atau Siber).</p>", "view_count": 178, "word_count": 138, "status": "published", "created_at": "2023-05-23T14:07:32.649Z", "updated_at": "2024-07-11T05:54:18.908Z"}, "m2m": {"tags": [5], "photo": [10029]}}, {"condition": {"id": 3429}, "defaults": {"kategori_id": 31, "site_id": 52, "admin_id": 70, "judul": "Tingkatkan Kedisiplinan Nakes Salah Satunya Dengan Apel Pagi Rutin!!!", "judul_seo": "tingkatkan-kedisiplinan-nakes-salah-satunya-dengan-apel-pagi-rutin", "isi_berita": "<p>Rabu 24 maret 2023<br />\r\nKepala UPT Puskesmas Eyat Mayang ns Zulqutbi S.Kep pagi ini memimpin apel pagi rutin di halaman puskesmas.&nbsp;<br />\r\nApel pagi rutin dilakukan setiap hari jam 7.30 Wita. Apel pagi bertujuan untuk meningkatkan kedisiplinan dan tanggung jawab pegawai. Apel pagi juga merupakan kewajiban khususnya seluruh staf puskesmas Eyat Mayang.<br />\r\nMelalui apel pagi pimpinan akan memberikan arahan terkait program atau kegiatan yang sudah dan yang belum di laksanakan sehingga seluruh program atau kegiatan terkontrdalam proses juga pelaksanaannya.<br />\r\nTerkait arahan pimpinan pada pagi ini diantaranya yakni :<br />\r\n1. Untuk mengantisipasi hal hal yang tidak diinginkan pada pelaksanaan pilkades tim P3K Puskesmas Eyat Mayang standbye di lokasi yaiu desa Labuan Tereng dan desa Sekotong Timur<br />\r\n2. Persiapan pelaksanaan kegiatan yang belum dilaksanankan oleh programer dengan entrian nya menjadi output dari kegiatan yang dilaksanakan.<br />\r\n3. Beberapa petugas mengahdiri pertemuan. Mohon di kondisikan pelayanan dalam gedung agar berjalan dengan baik.</p>\r\n", "view_count": 139, "word_count": 138, "status": "published", "created_at": "2023-05-24T13:31:58.639Z", "updated_at": "2024-07-11T05:53:27.109Z"}, "m2m": {"tags": [5], "photo": [10068, 10069]}}, {"condition": {"id": 3444}, "defaults": {"kategori_id": 31, "site_id": 52, "admin_id": 70, "judul": "Kegiatan Supas di Pustu dan Poskesdes Sekotong Timur dan Pustu Plus Aik Mual", "judul_seo": "kegiatan-supas-di-pustu-dan-poskesdes-sekotong-timur-dan-pustu-plus-aik-mual", "isi_berita": "<p>Temuan petugas;&nbsp;</p>\r\n\r\n<p>Hasil Pustu Sekotim :<br />\r\n- Pertahankan kinerja&nbsp;<br />\r\n- Bulan Juni akan dilakukan kaki banding dengan pustu &quot; lain<br />\r\n- Form MTBS &nbsp;dan MTBN diisi sesuai pedoman</p>\r\n\r\n<p>Poskesdes Sekotim :<br />\r\n- Kohor dilengkapi.&nbsp;<br />\r\n- Form MTBS dan MTBN diisi sesuai pedoman&nbsp;buat peta bumil perdusun<br />\r\n- Alur pelayaran di update<br />\r\n- Str, tupoksi, sipb diempel</p>\r\n\r\n<p>Pustu aik mual :<br />\r\n- Lengkapi kohor balita<br />\r\n- Jaga kebersihan lingkungan dalam dan luar gedung<br />\r\n- Visualisasi data belum ada<br />\r\nForm MTBS dan MTBN lengkap</p>", "view_count": 89, "word_count": 68, "status": "published", "created_at": "2023-05-25T06:53:44.907Z", "updated_at": "2024-07-11T04:03:51.996Z"}, "m2m": {"tags": [5], "photo": [10115, 10116, 10117]}}, {"condition": {"id": 3463}, "defaults": {"kategori_id": 15, "site_id": 52, "admin_id": 70, "judul": "Senam Sehat dan Gotong Royong Sebagai GERMAS Rutin puskesmas Eyat mayang", "judul_seo": "senam-sehat-dan-gotong-royong-sebagai-germas-rutin-puskesmas-eyat-mayang", "isi_berita": "<p><img src=\"/media/uploads/puskesmaseyatmayanglobar/2023/05/26/ereff.jpg\" style=\"height:467px; width:689px\" /></p>\r\n\r\n<p style=\"text-align:justify\">Sebelum melaksanakan kegiatan pagi pada hari jumat seperti biasa staf puskesmas eyat mayang mengikuti senam sehat bersama peserta prolanis &nbsp;di halaman puskesmas eyat mayang dan Feni Rosdiana sebagai instruktur senam pagi ini. Tujuan senam sehat bersama prolanis ini adalah untuk meningkatkan derajat kesehatan dan juga meregangkan otot-otot yang kaku.</p>\r\n\r\n<p><img src=\"/media/uploads/puskesmaseyatmayanglobar/2023/05/26/35353dg.jpg\" style=\"height:467px; width:689px\" /></p>\r\n\r\n<p style=\"text-align:justify\">Setelah senam kegiatan rutin jumat pagi staf puskesmas eyat mayang selanjutnya adalah gotong royong menjaga kebersihan puskesmas. Sementara staf puskesmas yang lain tetap menjaga kelancaran pelayanan dalam gedung.</p>", "view_count": 110, "word_count": 76, "status": "published", "created_at": "2023-05-26T03:17:08.946Z", "updated_at": "2024-07-11T05:51:20.810Z"}, "m2m": {"tags": [5], "photo": [10165, 10166]}}, {"condition": {"id": 3486}, "defaults": {"kategori_id": 31, "site_id": 52, "admin_id": 70, "judul": "Selamat Hari Lanjut Usia", "judul_seo": "selamat-hari-lanjut-usia", "isi_berita": "<p style=\"text-align:justify\"><img src=\"/media/uploads/puskesmaseyatmayanglobar/2023/05/29/whatsapp-image-2023-05-29-at-191546-1.jpeg\" style=\"height:1080px; width:1080px\" /></p>\r\n\r\n<p style=\"text-align:justify\">Lansia yang sehat harus diberdayakan agar dapat tetap sehat dan mandiri selama mungkin. Salah satu upaya untuk memberdayakan Lansia di masyarakat wilayah kerja puskesmas Eyat Mayang adalah melalui pembentukan dan pembinaan Kelompok Lansia yang disebut dengan Posyandu Lansia atau Posbindu Lansia. Melalui Kelompok ini, Lansia diharapkan melakukan kegiatan yang dapat membuat mereka tetap aktif, antara lain: Berperan sebagai kader di Kelompok Lansia. Melakukan senam Lansia Sesuai jadwal yg telah disepakati bersama.Para lansia kita harapkan menjadi lansia yg sehat, aktif dan produktif.</p>\r\n\r\n<p style=\"text-align:justify\"><img src=\"/media/uploads/puskesmaseyatmayanglobar/2023/05/29/whatsapp-image-2023-05-29-at-191545-1.jpeg\" style=\"height:1080px; width:1080px\" /></p>\r\n\r\n<p style=\"text-align:justify\">#LansiaTerawatIndonesiaBermartabat&nbsp; #KeluargahebatCaregiverBersahabatLansiaSMART</p>", "view_count": 121, "word_count": 82, "status": "published", "created_at": "2023-05-29T11:46:21.434Z", "updated_at": "2024-07-11T08:55:55.439Z"}, "m2m": {"tags": [5], "photo": [10238]}}, {"condition": {"id": 3640}, "defaults": {"kategori_id": 31, "site_id": 52, "admin_id": 70, "judul": "Penjaringan Kesehatan Anak Sekolah", "judul_seo": "penjaringan-kesehatan-anak-sekolah", "isi_berita": "<p style=\"text-align:justify\">Senin, 12 Juni 2023 Kegiatan &nbsp;dilaksanakan di SDN 3 Labuan Tereng dengan kehadiran siswa-siswi kelas 1,2,3,4 dan 5 dengan jumlah 127 orang anak.Kegiatan penjaringan kesehatan anak sekolah adalah salah satu bentuk dari pelayanan kesehatan yang bertujuan untuk mendeteksi dini siswa yang memiliki masalah kesehatan agar segera mendapatkan penanganan sedini mungkin serta tersedianya data atau informasi untuk menilai perkembangan kesehatan peserta didik.</p>\r\n\r\n<p style=\"text-align:justify\"><img src=\"/media/uploads/puskesmaseyatmayanglobar/2023/06/12/penjaringan2.jpg\" style=\"height:475px; width:579px\" /></p>\r\n\r\n<p style=\"text-align:justify\">Apabila ditemukan suatu masalah kesehatan yang membutuhkan penanganan lebih lanjut, maka tindakan lanjut dari penjaringan kesehatan ini adalah dengan melakukan rujukan peserta didik ke Puskesmas Eyat Mayang, Kegiatan Berjalan lancar,anak_anak ditimbang untuk mengetahui berat badan anak tinggi badan anak dan memeriksakan kesehatan gigi anak serta sosialisasi PHBS guna disiplinkan cuci tangan.</p>\r\n\r\n<p><img src=\"/media/uploads/puskesmaseyatmayanglobar/2023/06/12/penjaringan1.jpg\" style=\"height:475px; width:579px\" /><br />\r\n#PuskesmasEyatMayang #PromkesEM #Eduksikesehatan #penjaringananakSD #Penjaringananaksekolahsd #screningkesehatananaksd</p>", "view_count": 119, "word_count": 109, "status": "published", "created_at": "2023-06-12T07:20:57.831Z", "updated_at": "2024-07-11T04:04:17.064Z"}, "m2m": {"tags": [5], "photo": [10682]}}, {"condition": {"id": 3654}, "defaults": {"kategori_id": 31, "site_id": 52, "admin_id": 70, "judul": "Bidan Puskesmas Berikan Edukasi Tentang Kesehatan Reproduksi dan Pada Ibu Hamil", "judul_seo": "bidan-puskesmas-berikan-edukasi-tentang-kesehatan-reproduksi-dan-pada-ibu-hamil", "isi_berita": "<p style=\"text-align:justify\">Kegiatan edukasi ini berlangsung selama dua hari &nbsp;pada 11-12 Juni 2023, kegiatan ini dilaksanakan di desa Labuan Tereng, desa Eyat Mayang dan desa Sekotong timur. Kegiatan dihadiri oleh kader dan ibu-ibu yang berada di tiga desa tersebut. Selain edukasi tentang kesehatan reproduksi para Bidan juga memberikan edukasi tentang kekerasan dalam rumah tangga dan alat kontrasepsi.</p>\r\n\r\n<p style=\"text-align:justify\">Alat kontrasepsi adalah alat yang di gunakan untuk mencegah atau menunda kehamilan. Alat ini bekerja untuk menghambat pertemuan sel sperma dan sel telur. tujuan lain dari kontrasepsi adalah menghambat pematangan sel telur serta mencegah penularan penyakit menukar seksual. Macam-macam alat kontrasepsi:<br />\r\n1. Pil<br />\r\n2. Suntik KB<br />\r\n3. Kondom<br />\r\n4. Implant<br />\r\n5. IUD<br />\r\n6. MOW<br />\r\n7. MOP</p>\r\n\r\n<p style=\"text-align:justify\">Kekerasan dalam rumah tangga tidak hanya berupa kekerasan fisik, tetapi juga kekeran secara fisikologis dan seksual. Bukan hanya cedera, masalah kesehatan dan bahkan kematian mengintai korban tindakan ini. Oleh karena itu lindungi diri dengan mengenali bentuk-bentuknya dan cara menyikapinya. Macam-macam kekerasan:<br />\r\n1. Kekerasan emosional<br />\r\n&nbsp;Contoh : menghina pasangan/ mengumpat&nbsp;<br />\r\n2. Intimidasi dan ancaman<br />\r\nContoh : mengancam utk memukul/ menghancurkan brg2 yg ada dirumah<br />\r\n3. Kekerasan fisik<br />\r\n&nbsp;Contoh : memukul pasangan menggunakan tangan/ alat&nbsp;<br />\r\n4. Kekerasan seksual<br />\r\nContoh : dipaksa berbuat sesuatu yang tidak anda inginkan untuk menyentuh organ tubuh sensitif anda dengan cara tidak layak, memaksa berhubungan tanpa mengggunakan alat kontrasepsi seperti kondom (misal si pasangan ada yg punya penyakit menular) atau si istri masih dalam masa nifas atau ada ibu-ibu yang belum sama sekali menggunakan alat kontrasepsi apapun.</p>", "view_count": 118, "word_count": 217, "status": "published", "created_at": "2023-06-13T06:06:07.328Z", "updated_at": "2024-07-01T15:32:18.809Z"}, "m2m": {"tags": [5], "photo": [10723, 10724]}}, {"condition": {"id": 3678}, "defaults": {"kategori_id": 31, "site_id": 52, "admin_id": 70, "judul": "Penyelesaian Masalah Kesehatan dengan Musyawarah Masyarakat Desa Mareje Timur", "judul_seo": "penyelesaian-masalah-kesehatan-dengan-musyawarah-masyarakat-desa-mareje-timur", "isi_berita": "<p style=\"text-align:justify\">Rabu, 14 Juni 2023 telah dilaksanakan MMD di desa Mareje Timur, MMD atau Musyawarah Masyarakat Desa adalah pertemuan perwakilan warga desa beserta tokoh masyarakat dan para petugas untuk merencanakan penanggulangan masalah kesehatan yang ada di desa.</p>\r\n\r\n<p style=\"text-align:justify\">Tujuan MMD adalah:<br />\r\n1. Agar masyarakat mengenal masalah kesehatan yang ada di wilayahnya.<br />\r\n2. Agar masyarakat sepakat untuk bersama-sama menanggulangi masalah kesehatan yang ada di wilayahnya.<br />\r\n3. Tersusunnya rencana kerja untuk penanggulangan yang disepakati bersama.</p>\r\n\r\n<p style=\"text-align:justify\"><img src=\"/media/uploads/puskesmaseyatmayanglobar/2023/06/14/image_oQOOZ50.jpeg\" style=\"height:1062px; width:1473px\" /></p>\r\n\r\n<p style=\"text-align:justify\">Kegiatan ini dilaksanakan di aula kantor desa Mareje Timur yang dihadiri oleh,&nbsp;Kepala desa Mareje Timur, sekdes, kades, bhabinkamtibimas, kepala puskesmas yang diwakili dokter dan tenaga kesehatan dari puskesmas, bidan dan pustu desa Mareje Timur.</p>\r\n\r\n<p style=\"text-align:justify\">Kegiatan MMD membahas tentang permasalahan kesehatan yang ditemukan di masyarakat. Diantaranya seperti kesehatan lingkungan , pelayanan posyandu, pelayanan imunisasi, program gizi, surveilance juga permalahan kesehatan yang sedang terjadi dari hasil survey kader kesehatan.&nbsp;Setelahan pembahasan permasalahan kesehatan selanjutnya secara bersama sama akan mencari solusi dari prioritas masalah kesehatan tersebut.</p>\r\n\r\n<p style=\"text-align:justify\">Dari hasil MMD ini dibentuklah beberapa komitmen kesepakatan yakni pengaktifan gontong royong atau jumat bersih &nbsp;untuk mencegah terjadinya penyakit akibat sampah di lingkungan, kader yang kurang aktif akan di monev oleh kepala desa dan dibina oleh kepala dusun agar pelayanan posyandu lebih maksimal, kepala desa dan kepala dusun mewajibkan pemeriksaan catin sebagai syarat menikah karna pemeriksaan catin juga mempengaruhi IDM desa, pelaksanaan P4K untuk pencegahan komplikasi persalinan. Dan kemudian kesepakatan yang terakhir yakni tentang penyebarluasan informasi mengenai BPJS oleh kepala dusun.</p>\r\n\r\n<p style=\"text-align:justify\">Kegiatan MMD berjalan dengan lancar.&nbsp;Semoga dengan adanya MMD ini semua dapat menyelesaikan permasalahan kesehatan di wilayah kerja puskesmas Eyat Mayang.</p>", "view_count": 132, "word_count": 249, "status": "published", "created_at": "2023-06-14T07:29:28.107Z", "updated_at": "2024-07-11T04:02:45.603Z"}, "m2m": {"tags": [5], "photo": [10780]}}, {"condition": {"id": 3704}, "defaults": {"kategori_id": 31, "site_id": 52, "admin_id": 70, "judul": "Deteksi Dini Penyakit Di Posyandu Keluarga", "judul_seo": "deteksi-dini-penyakit-di-posyandu-keluarga", "isi_berita": "<p style=\"text-align:justify\">Posyandu keluarga merupakan pos pelayanan terpadu yang sasarannya adalah seluruh anggota kepala keluarga mulai dari bayi, balita, anak-anak, remaja, usia produktif sampai lansia dengan pelayanan yang lebih komprehensif. Terdapat pelayanan pemantauan tumbuh kembang, screening kesehatan remaja, lansia, usia produktif, Penyuluhan kesehatan, konseling, pelayanan kesehatan Ibu hamil dan KB.</p>\r\n\r\n<p style=\"text-align:justify\">Posyandu keluarga merupakan Swadaya masyarakat atau milik desa sendiri yang pelaksanaannya &nbsp;butuh kerjasama yang baik antara petugas kesehatan, kader dan perangkat desa atau tokoh masyarakat agar cakupan pelayanan bisa maksimal. Diwilayah kerja puskesmas Eyat Mayang sendiri terdapat 51 posyandu keluarga tersebar di 5 desa. Untuk hari ini pelaksanaan nya berada di tiga lokasi yaitu posyandu keluarga dusun Embung Kolah, dusun Batu Mas Barat dan Dusun Batu Petak.</p>\r\n\r\n<p style=\"text-align:justify\">Dengan berkunjung ke posyandu keluarga kita dapat mendeteksi penyakit secara dini karena ada screening oleh petugas kesehatan. Sehingga penyakit bisa lebih mudah di cegah dan tertangani. Ayooo ke posyadu keluarga untuk sekedar cek tekanan darah bisa juga lo...</p>", "view_count": 143, "word_count": 150, "status": "published", "created_at": "2023-06-15T13:14:46.087Z", "updated_at": "2024-07-11T04:04:43.285Z"}, "m2m": {"tags": [5], "photo": [10860]}}, {"condition": {"id": 3827}, "defaults": {"kategori_id": 31, "site_id": 52, "admin_id": 70, "judul": "Pemberdayaan Kader Berperilaku Hidup Bersih dan Sehat ", "judul_seo": "pemberdayaan-kader-berperilaku-hidup-bersih-dan-sehat", "isi_berita": "<p style=\"text-align:justify\">Kegiatan Pemberdayaan Kader Berperilaku Hidup Bersih, Sehat dan Pemicuan yang berlokasi di Dusun Kambeng Utara, kegiatan yang di ikut oleh petugas dari puskesmas, kader dan masyarakat dusun kambeng utara. Tujuan dari dilaksanakannya kegiantan ini yaitu:<br />\r\n1. Untuk mengetahui mengenai PHBS.<br />\r\n2. Untuk mengetahui mengenai pengolahan sampah.<br />\r\n3. Untuk mengetahui mengenai Jamban &nbsp;sehat.<br />\r\n4. Untuk mengetahui mengenai toga.</p>\r\n\r\n<p>Hasil kegiatan ini yaitu:<br />\r\n1. Masyarakat mengerti mengenai pengertian phbs (perilaku hidup bersih dan sehat) dan indikator phbs.<br />\r\n2. Masyarakat mengerti mengi jenis sampah, dan pengolahan sampah.<br />\r\n3. Masyarakat tau dampak dari babs dan alur kontaminasi penyakit.<br />\r\n4. Masyarakat mengerti mengenai toga (tanaman obat keluarga) dan cara pemanfaatan toga</p>\r\n", "view_count": 209, "word_count": 98, "status": "published", "created_at": "2023-06-27T03:21:24.214Z", "updated_at": "2024-07-11T04:02:58.717Z"}, "m2m": {"tags": [5], "photo": [11265]}}, {"condition": {"id": 3828}, "defaults": {"kategori_id": 31, "site_id": 52, "admin_id": 70, "judul": "Hari Ikatan Bidan Indonesia (IBI)", "judul_seo": "hari-ikatan-bidan-indonesia-ibi", "isi_berita": "<p>Hari Bidan Nasional 2023 diperingati setiap tanggal 24 Juni. Sejarah Hari Bidan Nasional diperingati bertepatan dengan hari ulang tahun Ikatan Bidan Indonesia (IBI). Para bidan di Puskesmas Eyat Mayang merayakan hari&nbsp;ikatan bidan indonesia (IBI) bertempat di aula puskesmas bersama kepala puskesmas dan kepala tata usaha.</p>\r\n", "view_count": 177, "word_count": 44, "status": "published", "created_at": "2023-06-27T03:35:13.766Z", "updated_at": "2024-07-11T06:50:12.435Z"}, "m2m": {"tags": [], "photo": [11267, 11268]}}, {"condition": {"id": 3831}, "defaults": {"kategori_id": 31, "site_id": 52, "admin_id": 70, "judul": "Pemberdayaan Kader PTM atau Jiwa UPT Puskesmas Eyat Mayang", "judul_seo": "pemberdayaan-kader-ptm-atau-jiwa-upt-puskesmas-eyat-mayang", "isi_berita": "<p style=\"text-align:justify\">Selasa 27 juni 2023.&nbsp;Bertempat di Aula puskesmas Eyat mayang pemberdayaan Kader PTM/Jiwa dihadiri oleh kader PTM/jiwa sebanyak 24 orang.&nbsp;Pemberdayaan Kader PTM/Jiwa merupakan salah satu program untuk memanfaatkan sumber daya masyarakat untuk memajukan kesehatan dan membantu meningkatkan cakupan Pelayanan Kesehatan di desanya salah satu contohnya kader Kesehatan.<img src=\"/media/uploads/puskesmaseyatmayanglobar/2023/06/27/image.jpeg\" style=\"height:559px; width:745px\" />PTM merupakan Penyakit Tidak Menular yang banyak Masyarakat tidak mengetahui dan menyadari jika mengidap PTM. Hal tersebut dikarenakan kesadaran untuk memeriksakan diri / deteksi &nbsp;dini penyakit kurang. Sehingga banyak yang periksa ketika sudah &nbsp;terjadi komplikasi dari PTM &nbsp;bahkan berakibat kematian lebih dini. Contoh PTM yang ditemukan di wilayah Kerja Puskesmas Eyat Mayang yang biasanya seperti Hipertensi dan Diabetes Mellitus.<img src=\"/media/uploads/puskesmaseyatmayanglobar/2023/06/27/image_CggJjH9.jpeg\" style=\"height:559px; width:745px\" />Melalui pemberdayaan Kader PTM/Jiwa ini diharapkan kader dapat membantu petugas untuk menemukan penderita PTM sejak dini khususnya di wilayah Kerja Puskesmas Eyat Mayang. Kader &nbsp;diberikan pelatihan screening PTM oleh Petugas Kesehatan kemudian melakukan pelaporan di Grup WA yang telah dibentuk.&nbsp;Kegiatan ini berjalan lancar dan akan dilakukan pembinaan dan evaluasi lagi pada bulan berikutnya.</p>", "view_count": 175, "word_count": 149, "status": "published", "created_at": "2023-06-27T13:38:01.958Z", "updated_at": "2024-07-11T04:03:49.221Z"}, "m2m": {"tags": [5], "photo": [11281]}}, {"condition": {"id": 3866}, "defaults": {"kategori_id": 31, "site_id": 52, "admin_id": 70, "judul": "Cek kesehatan Rutin Di Posyandu Keluarga", "judul_seo": "cek-kesehatan-rutin-di-posyandu-keluarga", "isi_berita": "<p style=\"text-align:justify\">Selasa, 4 Juli 2023. Pelaksanaan posyandu keluarga yang bertempat di tiga lokasi yaitu di dusun Teluk Waru, Jelateng Barat dan dusun Guli &nbsp;dengan sasaran di posyandu keluarga yaitu seluruh anggota keluarga mulai dari bayi, balita anak anak remaja, usia produktif sampai lansia.<br />\r\nPosyandu keluarga merupakan swadaya masyarakat atau milik desa sendiri yang pelaksanaanya butuh kerjasama yang baik antara petugas kesehatan, kader dan perangkat desa atau tokoh masyarakat agar cakupan pelayanan bisa maksimal.<br />\r\nDengan berkunjung ke posyandu keluarga kita dapat mendeteksi penyakit secara dini karena ada screening oleh petugas kesehatan. Sehingga penyakit bisa lebih mudah di cegah dan tertangani. Ayooo ke posyadu keluarga untuk sekedar cek tekanan darah bisa juga lo!!&nbsp;</p>", "view_count": 83, "word_count": 108, "status": "published", "created_at": "2023-07-04T12:31:47.452Z", "updated_at": "2024-07-05T13:53:12.754Z"}, "m2m": {"tags": [5], "photo": [11471]}}, {"condition": {"id": 3878}, "defaults": {"kategori_id": 31, "site_id": 52, "admin_id": 70, "judul": "Monitoring dan Evaluasi Kelompok Asuhan Mandiri Tanaman Obat Keluarga \"Bawon Gunung\" oleh Kepala Dinas Kesehatan Lombok Barat dan Tim Yankestrad", "judul_seo": "monitoring-dan-evaluasi-kelompok-asuhan-mandiri-tanaman-obat-keluarga-bawon-gunung-oleh-kepala-dinas-kesehatan-lombok-barat-dan-tim-yankestrad", "isi_berita": "<p style=\"text-align:justify\">Dalam rangka meningkatkan pengetahuan tentang pemanfaatan Tanaman Obat Keluarga di Wilayah Kerja Puskesmas Eyat mayang, Kepala Dinas Kesehatan Kabupaten Lombok Barat Arief Suryawirawan,S.Si,Apt,MPH bersama tim Yankestrad &nbsp;mengunjungi Kelompok Asman TOGA yang berada di dusun Nonen Desa Mareje.</p>\r\n\r\n<p style=\"text-align:justify\"><img src=\"/media/uploads/puskesmaseyatmayanglobar/2023/07/05/image.jpeg\" style=\"height:1040px; width:1386px\" /><br />\r\nPada kesempatan tersebut kepala dinas kesehatan lombok barat dan Tim memberikan motivasi dan pembinaan agar terus semangat dalam mengelola Tanaman Obat yang sudah Ada. Kemudian Tanaman Obat Keluarga harus lebih di perbanyak lagi dan di kelompokkan sesuai jenisnya juga lebih banyak di lakukan pemanfaatan sesuai jenis Tanaman.&nbsp;<br />\r\nKelompok TOGA Bawon Gunung yang terintegrasi dengan Posyandu Keluarga dan Tahfiz Quran itu sampai saat ini masih aktif melakukan kegiatan pengelolaan tanaman obat dan tetap dilakukan pembinaan oleh Petugas Kesehatan puskesmas Eyat Mayang.</p>\r\n\r\n<p style=\"text-align:justify\"><img src=\"/media/uploads/puskesmaseyatmayanglobar/2023/07/05/image_tnoR4UQ.jpeg\" style=\"height:976px; width:1300px\" /><br />\r\nUntuk kedepannya kelompok TOGA Bawon Gunung akan lebih banyak menciptakan hasil Olahan Tanaman Obat keluarga yang ada untuk tetap di tampilkan di Posyandu keluarga dan akan dipasarkan juga.</p>\r\n", "view_count": 103, "word_count": 144, "status": "published", "created_at": "2023-07-05T09:08:37.461Z", "updated_at": "2024-07-11T04:03:08.536Z"}, "m2m": {"tags": [5], "photo": [11482]}}, {"condition": {"id": 3903}, "defaults": {"kategori_id": 31, "site_id": 52, "admin_id": 70, "judul": "DASHAT (Dapur Sehat Atasi Stunting)", "judul_seo": "dashat-dapur-sehat-atasi-stunting", "isi_berita": "<p style=\"text-align:justify\">Kamis 6 juli 2023. Kegiatan DASHAT yaitu memberikan edukasi perbaikan gizi dan konsumsi pangan ibu hamil, ibu menyusui serta balita.&nbsp;Kegiatan ini dilaksanakan di aula kantor Desa mareje yang dihadiri oleh &nbsp;Tim DP2kbp3A kabupaten Lombok Barat, Kecamatan Lembar, tim gizi &nbsp;puskesmas eyat mayang. Peserta kegiatan yakni ibu hamil, ibu menyusui dan baduta sebanyak 30 orang.</p>\r\n\r\n<p style=\"text-align:justify\">Kegiatan DASHAT diharapkan memenuhi kebutuhan gizi anak stunting, ibu hamil dan ibu menyusui.&nbsp;Selain itu, diharapkan dengan adanya pengetahuan dan keterampilan penyiapan &nbsp;pangan kita mampu memberikan pangan sehat dan bergizi menggunakan sumber daya lokal.&nbsp;</p>\r\n\r\n<p style=\"text-align:justify\">Harapannya, dengan adanya DASHAT tiap ibu hamil, ibu yang hendak hamil, dan ibu menyusui lebih diperhatikan asupan nutrisinya &nbsp;</p>\r\n\r\n<p>SALAM SEHAT</p>\r\n\r\n<p>#EYATMAYANGIDAMAN</p>", "view_count": 107, "word_count": 106, "status": "published", "created_at": "2023-07-06T13:03:49.314Z", "updated_at": "2024-07-11T04:04:33.899Z"}, "m2m": {"tags": [5], "photo": [11549]}}, {"condition": {"id": 3958}, "defaults": {"kategori_id": 31, "site_id": 52, "admin_id": 70, "judul": "Senam Prolanis bersama Staf Puskesmas Eyat Mayang dalam rangka HUT BPJS Kesehatan Yang Ke-55 Tahun", "judul_seo": "senam-prolanis-bersama-staf-puskesmas-eyat-mayang-dalam-rangka-hut-bpjs-kesehatan-yang-ke-55-tahun", "isi_berita": "<p style=\"text-align:justify;\">Jumat, 14 juli 2023. Bertepatan dengan ulang tahun BPJS Kesehatan yang ke 55 tahun, staf Puskesmas Eyat Mayang melakukan senam sehat prolanis bersama di halaman Puskesmas.</p><figure class=\"image image_resized\" style=\"width:56.58%;\"><img src=\"/media/image_LIjYYyt.jpeg\"></figure><p style=\"text-align:justify;\">Senam Prolanis merupakan&nbsp;program pengelolaan penyakit kronis bagi lansia, yaitu berupa aktivitas fisik yang teratur dan terarah yang disarankan bagi &nbsp;lansia. Sasaran dari senam prolanis ini adalah lansia usia diatas 50 tahun dan menderita penyakit kronis.&nbsp;</p><figure class=\"image image_resized\" style=\"width:56.01%;\"><img src=\"/media/image_m2MURc2.jpeg\"></figure><p style=\"text-align:justify;\">Senam prolanis ini dilakukan setiap seminggu sekali di halaman puskesmas Eyat Mayang. Senam prolanis bertujuan untuk mengurangi resiko strokes bagi penderita hipertensi, menjaga Tekanan darah agar stabil, menjaga kadar gula darah serta meningkatkan derajat kesehatan.&nbsp;</p><figure class=\"image image_resized image-style-align-center\" style=\"width:55.78%;\"><img src=\"/media/image_eqKoCGU.jpeg\"></figure><p style=\"text-align:justify;\"><br>Selain senam prolanis untuk menghindari resiko penyakit juga harus di imbangi dengan pola hidup dan pola makan yang sehat. Kemudian &nbsp;harus tetap melalukan cek kesehatan di Fasilitas kesehatan terdekat &nbsp;dan melakukan pengobatan teratur.</p><p>#55thBPJSKesehatan #MudahCepatSetara #SayasiapKamusiapKitabisa #EyatMayangIdaman&nbsp;</p>", "view_count": 83, "word_count": 126, "status": "published", "created_at": "2023-07-14T08:56:16.621Z", "updated_at": "2024-07-11T05:53:19.788Z"}, "m2m": {"tags": [5], "photo": [11742]}}, {"condition": {"id": 4001}, "defaults": {"kategori_id": 31, "site_id": 52, "admin_id": 70, "judul": "Apakah Kamu Bugar Hari Ini?  Yuuk Simak Cuplikan Tes Kebugaran Staf Puskesmas Eyat Mayang!!", "judul_seo": "apakah-kamu-bugar-hari-ini-yuuk-simak-cuplikan-tes-kebugaran-staf-puskesmas-eyat-mayang", "isi_berita": "<p style=\"text-align:justify;\">Jumat 21 juli 2023. Tes kekebugaran merupakan kegiatan yang dilakukan oleh semua staf puskesmas yg bertujuan &nbsp;mengukur sejauh mana kemampuan kebugaran jasmani dan tingkat kebugaran jasmani. Tes Kebugaran jasmani dapat dilakukan dengan berbagai cara seperti berolahraga, berjalan, bersepeda, berenang dan lain -lain. Pada hari ini tes kebugaran dilakukan di puskesmas eyat dengan cara berlari dengan jarak yang telah di tentukan oleh panitia. Sebelum melakukan tes kebugaran staf puskesmas mendownload aplikasi SIPGAR di HP Masing- masing &nbsp;dan melakukan pendaftaran.<br>Aplikasi ini untuk mengetahui hasil tes kebugaran yang telah dilaksanakan. Untuk hasil tes nya ada beberapa kategori yakni Baik, cukup Baik , kurang dan Tidak bugar. Dalam melakukan tes kebugaran sangat penting untuk memperhatikan kondisi kesehatan dan melakukannya secara teratur. sebelum dilakukan tes kebugaran dilakukan terlebih dahulu cek kesehatan seperti tekanan darah dan Gula darah. Manfaat melakukan tes kebugaran yaitu untuk meningkatkan kondisi fisik, menurunkan resiko penyakit kronis, memelihara kesehatan mental, meningkatkan kualitas tidur dan meningkatkan konsentrasi. Adapun 5 komponen kebugaran jasmani yaitu kekuatan, daya tahan, kelincahan, kecepatan, dan kelentukan.<br>&nbsp;</p><p style=\"text-align:justify;\">#yukteskebugaran#downloadaplikasiSIPGAR#<br>#salamSehatBugar&amp;Produktif#</p>", "view_count": 400, "word_count": 162, "status": "published", "created_at": "2023-07-22T03:42:26.136Z", "updated_at": "2024-07-10T19:24:11.125Z"}, "m2m": {"tags": [5], "photo": [11888, 11889]}}, {"condition": {"id": 4102}, "defaults": {"kategori_id": 31, "site_id": 52, "admin_id": 70, "judul": "Screening Perilaku Merokok di Sekolah Wilayah Kerja Puskesmas Eyat Mayang", "judul_seo": "screening-perilaku-merokok-di-sekolah-wilayah-kerja-puskesmas-eyat-mayang", "isi_berita": "<p style=\"text-align:justify;\">Selasa 1 agustus 2023<br>Screening perilaku merokok adalah kegiatan yang &nbsp;dilakukan untuk mendapatkan data awal perilaku merokok di lingkungan sekolah, baik siswa, guru dan orang orang yang terlibat aktif dalam kegiatan belajar mengajar. Kegiatan ini dilakukan sebagai langkah awal untuk usaha berhenti merokok.</p><figure class=\"image\"><img src=\"/media/Template%20Media%20Eyat%20Mayang-4_rIlCAMN.jpg\"></figure><p style=\"text-align:justify;\">Tujuan dilakukan screening perilaku merokok yaitu Untuk mengetahui perilaku merokok di lingkungan sekolah baik siswa guru dan orang_orang yang berada dilingkungan sekolah. Salah satu sekolah yanh menjadi Sasaran screening perilaku merokok pada hari ini adalah &nbsp;SMAN 3 LEMBAR.Siswa &nbsp;yang dilakukan pemeriksaan &nbsp;adalah siswa kelas 1,2 dan kelas 3 dengan usia minimal 10 tahun., dan usia maksimal 18 tahun.Target atau sasaran yang akan dilakukan Screening prilaku merokok yaitu 10 sekolah di wilayah kerja Puskesmas Eyat Mayang.</p><p style=\"text-align:justify;\">Sekolah merupakan Kawasan Tanpa Rokok. KTR / Kawasan Tanpa Rokok adalah ruangan atau area yang dinyatakan dilarang untuk kegiatan merokok atau kegiatan memproduksi, menjual, mengiklankan dan/atau mempromosikan produk tembakau. Oleh karena itu semua tempat yang telah ditetapkan sebagai KTR harus bebas dari asap rokok, penjualan, produksi, promosi dan sponsor rokok.</p><figure class=\"image\"><img src=\"/media/Template%20Media%20Eyat%20Mayang-5_GcR13uZ.jpg\"></figure><p style=\"text-align:justify;\">Hasil skrining akan dilaporkan kepada pihak sekolah sebagai bentuk feedback hasil screening perilaku merokok dari Puskesmas Eyat Mayang dan akan &nbsp;evaluasi, serta koordinasi dengan pihak sekolah sebagai langkah awal pencegahan dampak buruk rokok. sedangkan Apabila terdapat Guru atau siswa yang ingin konseling berhenti merokok dapat mengunjungi Poli UBM / Poli Upaya Berhenti Merokok yang langsung konsultasi dan diperiksa oleh dokter di Puskesmas Eyat Mayang.</p>", "view_count": 975, "word_count": 211, "status": "published", "created_at": "2023-08-01T10:16:08.673Z", "updated_at": "2024-07-11T09:17:54.930Z"}, "m2m": {"tags": [5], "photo": [12209, 12210, 12211]}}, {"condition": {"id": 4120}, "defaults": {"kategori_id": 31, "site_id": 52, "admin_id": 70, "judul": "Inspeksi Kesehatan Lingkungan Di Sekolah Wilayah Kerja  Puskesmas Eyatmayang", "judul_seo": "inspeksi-kesehatan-lingkungan-di-sekolah-wilayah-kerja-puskesmas-eyatmayang", "isi_berita": "<figure class=\"image\"><img src=\"/media/Template%20Posting%20Eyat%20Mayang-1_KaTDH7K.jpg\"></figure><p style=\"text-align:justify;\"><img>Rabu, 02 Agustus 2023. progremer kesehatan lingkungan bekerjasama dengan progremer UKS didampingi PJ UKM melakukan kegiatan inspeksi kegiatan lingkungan tempat fasilitas umum khususnya sekolah yang bertujuan untuk meningkatkan kebersihan dan kesehatan bangunan, halaman dan lingkungan sekolah.&nbsp;</p><figure class=\"image\"><img src=\"/media/Template%20Posting%20Eyat%20Mayang-2.jpg\"></figure><p style=\"text-align:justify;\">Dari hasil kegiatan ini didapat hasil yaitu sudah terdapat sarana tempat sampah organik dan anorganik di depan kelas, untuk pencahayaan, suhu dan kelembapan dalam ruangan sudah memenuhi syarat kesehatan. Diharapkan juga sekolah tetap menjaga kebersihan kamar mandi dan lingkungan sekitar sekolahnya, dan rajin melakukan 3M untuk memberantas jentik nyamuk di sekolah.</p>", "view_count": 147, "word_count": 84, "status": "published", "created_at": "2023-08-03T05:08:29.996Z", "updated_at": "2024-07-11T04:03:29.856Z"}, "m2m": {"tags": [5], "photo": [12293]}}, {"condition": {"id": 4121}, "defaults": {"kategori_id": 31, "site_id": 52, "admin_id": 70, "judul": "Posyandu Keluarga", "judul_seo": "posyandu-keluarga-8", "isi_berita": "<figure class=\"image\"><img src=\"/media/Template%20Posting%20Eyat%20Mayang-1_nYoXYxV.jpg\"></figure><figure class=\"image\"><img src=\"/media/Template%20Posting%20Eyat%20Mayang-2_THuqL3a.jpg\"></figure>", "view_count": 70, "word_count": 0, "status": "published", "created_at": "2023-08-03T05:32:37.876Z", "updated_at": "2024-07-11T04:04:28.175Z"}, "m2m": {"tags": [5], "photo": [12294, 12295, 12296]}}, {"condition": {"id": 4130}, "defaults": {"kategori_id": 31, "site_id": 52, "admin_id": 70, "judul": "Tuntaskan Masalah Kesehatan di Desa Labuan Tereng Dengan Melibatkan Semua Pihak", "judul_seo": "tuntaskan-masalah-kesehatan-di-desa-labuan-tereng-dengan-melibatkan-semua-pihak", "isi_berita": "<p style=\"text-align:justify;\">Kamis 3 agustus 2023. Kegiatan MMD dilakukan di Desa Labuan Tereng. MMD Atau Musyawarah Masyarakat Desa yaitu pertemuan perwakilan warga desa beserta tokoh masyarakat dan para petugas untuk merencanakan penanggulangan masalah kesehatan yang ada di Desa.</p><p>Tujuan MMD adalah:<br>1. Agar masyarakat mengenal masalah kesehatan yang ada di wilayahnya<br>2. Agar masyarakat sepakat untuk bersama-sama menanggulangi masalah kesehatan yang ada di wilayahnya<br>3. Tersusunnya rencana kerja untuk penanggulangan yang disepakati bersama.</p><p style=\"text-align:justify;\">Kegiatan ini dilaksanakan di Aula Kantor Desa Labuan Tereng yang dihadiri oleh, Kepala desa dalam hal ini diwakilkan oleh Sekretaris desa, &nbsp;Bhabinkamtibimas, Babinsa, seluruh kepala dusun, tokoh pemuda, tokoh agama, &nbsp;perwakilan kader, tokoh masyarakat lain, &nbsp;Tenaga Kesehatan dari Puskesmas, Bidan Desa dan petugas pustu. Kegiatan MMD membahas tentang permasalahan kesehatan yang ditemukan di masyarakat dari hasil survey kesehatan, cakupan program kesehatan dan keluhan masyarakat. Diantaranya seperti kesehatan lingkungan, pelayanan posyandu, pelayanan Imunisasi, Program Gizi, surveilance juga permalahan kesehatan yang sedang terjadi dari hasil survey kader kesehatan.</p><p style=\"text-align:justify;\">Setelahan pembahasan permasalahan kesehatan selanjutnya secara bersama sama akan mencari solusi dari prioritas masalah kesehatan tersebut. Dari hasil MMD ini dibentuklah beberapa komitmen kesepakatan di Desa labuan Tereng &nbsp;yakni Pengaktifan Gotong Royong / Jumat bersih Dan PSN (Pemberantasan Sarang Nyamuk) untuk mencegah terjadinya penyakit DBD DAn penyakit akibat sampah di lingkungan, Desa Labuan Tereng berkoordinasi dengan petugas kesehatan dan lintas sektor untuk mensukseskan Imunisasi dan UHC, dan Desa Labuan Tereng Merekrut Kader TB untuk Membantu program TOSS TB pada dusun yang terdapat kasus TBC.</p><p style=\"text-align:justify;\">Kegiatan MMD berjalan dengan lancar.&nbsp; Semoga dengan adanya MMD ini semua dapat menyelesaikan permasalahan kesehatan di wilayah kerja puskesmas Eyat mayang</p>", "view_count": 387, "word_count": 244, "status": "published", "created_at": "2023-08-03T11:23:06.556Z", "updated_at": "2024-07-11T05:52:30.750Z"}, "m2m": {"tags": [5], "photo": [12344]}}, {"condition": {"id": 4134}, "defaults": {"kategori_id": 31, "site_id": 52, "admin_id": 70, "judul": "Pertemuan Rutin Bidan Puskesmas Eyat Mayang", "judul_seo": "pertemuan-rutin-bidan-puskesmas-eyat-mayang", "isi_berita": "<p style=\"text-align:justify;\">Jum'at 4 agustus 2023. Bertempat di aula puskesmas eyat mayang, pertemuan rutin bidan puskesmas eyat mayang di hadiri oleh kepala puskesmas, Bidan kordinator, bidan desa dan bidan puskesmas.</p><p style=\"text-align:justify;\">Tujuan pertemuan rutin ini yakni membahas tentang Pengisian Laporan PWS Ibu dan anak, Persalinan, SHK Dan sekaligus sosialisasi ANC.</p><p style=\"text-align:justify;\">Hasil dari pertemuan ini ada beberapa kesepakatan diantaranya : penguatan komitmen bidan desa dalampenyerahan laporan, ketertiban dalam pengambilan sampel SHK, akan dilaksanakan OJT untuk Bidan dan Bidan harus teliti dalam analisis pasien sesuai dengan manual rujukan.</p><p>#BidanEMIdaman#</p>", "view_count": 330, "word_count": 74, "status": "published", "created_at": "2023-08-04T03:09:21.894Z", "updated_at": "2024-07-11T04:05:02.757Z"}, "m2m": {"tags": [5], "photo": [12359, 12360]}}, {"condition": {"id": 4136}, "defaults": {"kategori_id": 31, "site_id": 52, "admin_id": 70, "judul": "Serah terima dan OJT Alat Antropometri Kit Untuk Posyandu Wilayah Kerja Puskesmas Eyat Mayang", "judul_seo": "serah-terima-dan-ojt-alat-antropometri-kit-untuk-posyandu-wilayah-kerja-puskesmas-eyat-mayang", "isi_berita": "<p style=\"text-align:justify;\">Jumat 4 agustus 2023. Serah terima Antropometri Kit yang dilaksanakan di aula puskesmas Eyat Mayang.Serah terima secara simbolis dilakukan oleh kepala puskesmas Eyat Mayang Ns Zulqutbi, S.Kep dengan didampingi petugas gizi &nbsp;kepada perwakilan Posyandu masing-masing desa diwilayah kerja puskesmas eyat mayang.</p><p style=\"text-align:justify;\">Sebelum penerimaan antropometri kit petugas gizi melakukan OJT terlebih dahulu kepada kader yang akan menggunan alat tersebut.</p><p style=\"text-align:justify;\">Dalam satu tas Antropometri &nbsp;KIT &nbsp;terdiri dari :timbangan bayi, timbangan dewasa, alat ukur TB dan Lila. &nbsp;Sebanyak 43 Tas Antropometri KIT di serahkan ke masing - masing perwakilan kader posyandu dan berjalan Lancar.</p>", "view_count": 1256, "word_count": 80, "status": "published", "created_at": "2023-08-04T03:12:14.640Z", "updated_at": "2024-07-11T05:54:11.313Z"}, "m2m": {"tags": [5], "photo": [12363, 12364, 12365]}}, {"condition": {"id": 4142}, "defaults": {"kategori_id": 31, "site_id": 52, "admin_id": 70, "judul": "Senam Rutin Prolanis", "judul_seo": "senam-rutin-prolanis", "isi_berita": "<p>Jumat 4 Agustus 2023. Senam Prolanis merupakan program pengelolaan penyakit kronis bagi lansia, yaitu berupa aktivitas fisik yang teratur dan terarah yang disarankan bagi &nbsp;lansia. Sasaran dari senam prolanis ini adalah lansia usia diatas 50 tahun dan menderita penyakit kronis.</p><p style=\"text-align:justify;\">Senama prolanis ini dilakukan setiap seminggu sekali di halaman puskesmas Eyat Mayang. Senam prolanis bertujuan untuk mengurangi resiko strokes bagi penderita hipertensi, menjaga Tekanan darah agar stabil, menjaga kadar gula darah serta meningkatkan derajat kesehatan.</p><p style=\"text-align:justify;\">Selain senam prolanis untuk menghindari resiko penyakit juga harus di imbangi dengan pola hidup dan pola makan yang sehat. Kemudian &nbsp;harus tetap melalukan cek kesehatan di Fasilitas kesehatan terdekat &nbsp;dan melakukan pengobatan teratur.</p>", "view_count": 486, "word_count": 101, "status": "published", "created_at": "2023-08-04T06:31:57.313Z", "updated_at": "2024-07-11T05:54:25.770Z"}, "m2m": {"tags": [5], "photo": [12377]}}, {"condition": {"id": 4181}, "defaults": {"kategori_id": 31, "site_id": 52, "admin_id": 70, "judul": "Sosialisasi pemberian vaksinasi HPV ( Human Papilloma virus) Pada Anak Sekolah Wilayah Kerja Puskesmas Eyat Mayang", "judul_seo": "sosialisasi-pemberian-vaksinasi-hpv-human-papilloma-virus-pada-anak-sekolah-wilayah-kerja-puskesmas-eyat-mayang", "isi_berita": "<p style=\"text-align:justify;\">Vaksinasi HPV Adalah jenis vaksin yang dapat membantu melindungi individu dari infeksi HPV ( Human Papilloma Virus) yaitu virus yang hidup pada permukaan kulit yang menyebabkan kutil dan merupakan penyebab utama kanker serviks pada perempuan. Selain mencegah Kanker Serviks manfaat Vaksin ini adalah untuk mencegah terjadinya penyebaran virus melalui alat kelamin pria.</p><p style=\"text-align:justify;\">Sosialisasi ini dilaksanakan di aula puskesmas Eyat Mayang yang dihadiri oleh kepala sekolah dan perwakilan guru sekolah wilayah kerja Puskesmas Eyat Mayang. Kepala Puskesmas, Ns Zulqutbi S.Kep dan dokter beserta Tim vaksinasi memberikan sosialisasi dan menjelaskan sistem pelaksanaan pemberian Vaksinasi HPV. Sasaran Vaksinasi HPV ini adalah anak- anak yang berumur 10 tahun sampe 14 tahun wilayah kerja Puskesmas Eyat Mayang.</p><p style=\"text-align:justify;\">Diharapkan kepala sekolah dan guru-guru sekolah wilayah kerja puskesmas Eyat Mayang mendukung penuh dan mensukseskan vaksinasi HPV ini yang akan mulai launching pemberian pertama mulai besok Rabu, 9 Agustus 2023.</p><p>AYO !!1 Cegah Kanker Servik, bersama Sukseskan Pemberian Vaksinasi HPV pada Anak sekolah.</p>", "view_count": 356, "word_count": 142, "status": "published", "created_at": "2023-08-09T03:06:38.532Z", "updated_at": "2024-07-11T05:51:04.188Z"}, "m2m": {"tags": [5], "photo": [12509]}}, {"condition": {"id": 4212}, "defaults": {"kategori_id": 31, "site_id": 52, "admin_id": 70, "judul": "Penjaringan Anak Sekolah", "judul_seo": "penjaringan-anak-sekolah-1", "isi_berita": "<p style=\"margin-left:0px;text-align:justify;\">Senin, 14 agustus 2023. Penjaringan Kesehatan Anak Sekolah (Screening) adalah salah satu bentuk dari pemeriksaan&nbsp; kesehatan yang bertujuan untuk mendeteksi dini siswa yang memiliki masalah kesehatan. Rangkaian pemeriksaannya terdiri dari ukur tinggi badan,berat badan, pemeriksaan hb,tekanan darah, pemeriksaan kebersihan (rambut, kulit, telinga,gigi, dan kuku ,screening jiwa serta screening merokok. Kegiatan Penjaringan&nbsp; Anak Sekolah dilakukan DI 3 Sekolah MA &amp; MTS AL HAMIDY,SMP 4 Lembar wilayah kerja puskesmas Eyat Mayang.</p><p style=\"margin-left:0px;\">Tujuan penjaringan adalah:</p><p style=\"margin-left:0px;\">1. Agar siswa/i mengetahui pentingnya kebersihan diri</p><p style=\"margin-left:0px;\">2. Agar siswa/i tahu bahayanya merokok</p><p style=\"margin-left:0px;\">3. Agar siswa/i tahu pentingnya PHBS</p><p style=\"margin-left:0px;text-align:justify;\">Lebih dari&nbsp; 120 Siswa-siswi telah di lakukan pemeriksaan kesehatan. Selain itu juga dilakukan pembinaan UKS kepada Penanggung Jawab UKS di masing-masing sekolah. Kegiatan PENJARINGAN anak Sekolah ini akan dilakukan ke semua sekolah wilayah kerja Puskesmas Eyat Mayang.</p><p style=\"margin-left:0px;text-align:justify;\">Hasil dari penjaringan anak sekolah ini kemudian akan diberikan ke sekolah masing-Masing untuk di tindak lanjuti seperti merujuk siswa/i yang bermasalah kesehatan, pemeberitahuan kepada orang tua/wali, sekolah melakukan kebersihan rutin dan lainnya. Kegiatan penjaringan berjalan dengan lancar. Diharapkan agar setiap sekolah melakukan tindak lanjut dari hasil penjaringan kesehatan yang telah diberikan.</p>", "view_count": 130, "word_count": 150, "status": "published", "created_at": "2023-08-14T13:00:41.050Z", "updated_at": "2024-07-11T04:02:35.790Z"}, "m2m": {"tags": [5], "photo": [12593, 12594, 12595]}}, {"condition": {"id": 4356}, "defaults": {"kategori_id": 31, "site_id": 52, "admin_id": 70, "judul": "Pemberian Makan Tambahan Kepada Ibu Hamil KEK dan Bayi balita Gizi Kurang", "judul_seo": "pemberian-makan-tambahan-kepada-ibu-hamil-kek-dan-bayi-balita-gizi-kurang", "isi_berita": "<p style=\"text-align:justify;\">Jumat, 1 september 2023. Pemberian Makanan Tambahan (PMT) kepada ibu hamil yang mengalami KEK (Kekurangan Energi Kronis) serta bayi dan balita yang mengalami gizi kurang yang di lakukan oleh Tim Gizi Puskesmas Eyat Mayang berjalan lancar dan saat ini sudah hari ke-26.&nbsp;<br><br>Dimana pemberian makanan tambahan berupa kudapan ini di rencanakan akan dilakukan selama 90 hari makan. Pendistribusian makanan tambahan di bantu oleh beberapa kader dan tim gizi serta di pantau langsung agar sasaran benar-benar menghabiskan makanan yang di berikan.</p><p style=\"text-align:justify;\">Kegiatan ini bertujuan untuk meningkatkan status gizi baik pada ibu hamil yang mengalami KEK serta bayi dan balita yang mengalami masalah gizi kurang. Adapun sasaran yang di berikan makanan tambahan sebanyak 22 bumil KEK dan 140 balita yang mengalami gizi kurang.</p>", "view_count": 800, "word_count": 112, "status": "published", "created_at": "2023-09-03T00:49:44.308Z", "updated_at": "2024-07-12T00:03:00.505Z"}, "m2m": {"tags": [5], "photo": [13126, 13127, 13618]}}, {"condition": {"id": 4445}, "defaults": {"kategori_id": 31, "site_id": 52, "admin_id": 70, "judul": " Informasi Kesehatan Yang Lengkap dan Terpercaya Sekarang Dalam Genggaman Kamu", "judul_seo": "informasi-kesehatan-yang-lengkap-dan-terpercaya-sekarang-dalam-genggaman-kamu", "isi_berita": "<p>Mau tanya - tanya seputar kesehatan, WhatsApp kesini aja</p><p>#Healthies, informasi kesehatan yang lengkap dan terpercaya sekarang dalam genggaman kamu</p><p>Kamu bisa mendapatkan tips hidup sehat hingga konsultasi kesehatan tentang:</p><p>Gizi <br>Imunisasi<br>Pola Hidup Sehat <br>Stop Merokok <br>dll</p><p>Langsung gunakan chatbot WhatsApp Ayo Sehat yang selalu siap menjawab pertanyaan-pertanyaan mu seputar kesehatan.</p><p><a href=\"https://wa.me/6281277889912\">https://wa.me/6281277889912</a> , Di save ya!! </p><p>#janjihidupsehat #KemenkesHebatIndonesiaSehat</p>", "view_count": 642, "word_count": 47, "status": "published", "created_at": "2023-09-25T02:58:30.730Z", "updated_at": "2024-07-11T16:10:16.090Z"}, "m2m": {"tags": [5], "photo": [13356]}}, {"condition": {"id": 4990}, "defaults": {"kategori_id": 31, "site_id": 52, "admin_id": 70, "judul": "Pentingnya Pemeriksaan Kesehatan Sebelum Menikah", "judul_seo": "pentingnya-pemeriksaan-kesehatan-sebelum-menikah", "isi_berita": "<p>Salam Sehat </p><p>Ada yang punya resolusi menikah di tahun ini?&nbsp;<br>Jangan lupa pentingnya pemeriksaan kesehatan sebelum menikah baik untuk calon pengantin wanita dan juga pria.</p><p>Pemeriksaan kesehatan Catin bertujuan agar para calon pengantin mendapatkan pemeriksaan kesehatan untuk membentuk keluarga yang sehat, &nbsp;Produktif dan bahagia.</p><p>Kamu akan menikah? Yuk periksa kesehatan calon pengantin.</p><p>#promkesnaikdaun2024<br>#promkesEyatMayang</p>", "view_count": 105, "word_count": 47, "status": "published", "created_at": "2024-01-09T03:56:54.716Z", "updated_at": "2024-07-11T04:04:56.157Z"}, "m2m": {"tags": [164], "photo": [14795]}}, {"condition": {"id": 4992}, "defaults": {"kategori_id": 31, "site_id": 52, "admin_id": 70, "judul": "Safety Briefing UPT Puskesmas Eyat Mayang", "judul_seo": "safety-briefing-upt-puskesmas-eyat-mayang", "isi_berita": "<figure class=\"media\"><div data-oembed-url=\"https://youtu.be/ZjKKwNZXuPw?si=exYIxma5EbzwfooJ\"><div style=\"position: relative; padding-bottom: 100%; height: 0; padding-bottom: 56.2493%;\"><iframe src=\"https://www.youtube.com/embed/ZjKKwNZXuPw\" style=\"position: absolute; width: 100%; height: 100%; top: 0; left: 0;\" frameborder=\"0\" allow=\"autoplay; encrypted-media\" allowfullscreen=\"\"></iframe></div></div></figure>", "view_count": 262, "word_count": 0, "status": "published", "created_at": "2024-01-09T04:22:55.551Z", "updated_at": "2024-07-11T11:05:28.621Z"}, "m2m": {"tags": [5], "photo": [14802]}}, {"condition": {"id": 5063}, "defaults": {"kategori_id": 31, "site_id": 52, "admin_id": 70, "judul": "Family Gathering UPT Puskesmas  Eyat Mayang", "judul_seo": "family-gathering-upt-puskesmas-eyat-mayang", "isi_berita": "<p>Sabtu, 13 Januari 2024 bertempat di Taman lesehan taufik II ,Buwun sejati kecamatan Narmada, tepat pukul 09.00 WIB berlangsung kegiatan Family Gathering UPT Puskesmas &nbsp;Eyat Mayang. kegiatan berlangsung dengan meriah, hampir seluruh pegawai puskesmas hadir dalam kegiatan tersebut.</p><p><img class=\"image_resized\" style=\"width:100%;\" src=\"https://cdn.lombokbaratkab.go.id/media/WhatsApp%20Image%202024-01-15%20at%2011.29.23.jpeg\"><br>Puskesmas turut mengundang Kepala Dinas Kesehatan Kabupaten Lombok Barat Arief Suryawirawan, S.Si., Apt., MPH .Untuk Membuka Acara kegiatan Family Gathering kali ini. Kadikes Arief Suryawirawan, dalam sambutannya menyampaikan selamat dan sukses atas acara Family Ghatering yang digelar UPT Puskesmas Eyat Mayang. \"Silahkan semuanya berbahagia, dan &nbsp;menikmati kegiatan ini dengan penuh kekeluargaan\"pesan Kadikes. \"semoga dengan kegiatan ini, bisa lebih meningkatkan kerjasama dan kekompakan dalam bekerja\" lanjutnya.</p><p><img class=\"image_resized\" style=\"width:100%;\" src=\"https://cdn.lombokbaratkab.go.id/media/WhatsApp%20Image%202024-01-15%20at%2011.31.41.jpeg\"><br>Adapun kegiatan terdiri dari perlombaan dan membagi Doorprize. ada tiga permainan yang dilombakan dengan tujuan memupuk kekompakan tim. Setelah perlombaan selesai, dilanjutkan dengan Membagi Doorprize Dan ISHOMA.<br>Harapan, kedepan UPT Puskesmas Eyat Mayang dapat semakin jaya, pegawai kompak dan solid demi memberikan pelayanan yang bermutu.<br>&nbsp;</p>", "view_count": 105, "word_count": 137, "status": "published", "created_at": "2024-01-15T06:16:55.459Z", "updated_at": "2024-07-11T04:04:23.447Z"}, "m2m": {"tags": [5], "photo": [15001]}}, {"condition": {"id": 5084}, "defaults": {"kategori_id": 31, "site_id": 52, "admin_id": 70, "judul": "Video Dokumentasi Family Gathering UPT Puskesmas Eyat Mayang", "judul_seo": "video-dokumentasi-family-gathering-upt-puskesmas-eyat-mayang", "isi_berita": "<figure class=\"media\"><div data-oembed-url=\"https://www.youtube.com/watch?v=KkDHy1OlMg4\"><div style=\"position: relative; padding-bottom: 100%; height: 0; padding-bottom: 56.2493%;\"><iframe src=\"https://www.youtube.com/embed/KkDHy1OlMg4\" style=\"position: absolute; width: 100%; height: 100%; top: 0; left: 0;\" frameborder=\"0\" allow=\"autoplay; encrypted-media\" allowfullscreen=\"\"></iframe></div></div></figure>", "view_count": 47, "word_count": 0, "status": "published", "created_at": "2024-01-16T02:25:46.381Z", "updated_at": "2024-07-11T05:53:51.054Z"}, "m2m": {"tags": [5], "photo": [15045]}}, {"condition": {"id": 5162}, "defaults": {"kategori_id": 31, "site_id": 52, "admin_id": 70, "judul": "Penjaringan Kesehatan Anak Sekolah di Wilayah Kerja UPT Puskesmas Eyat Mayang", "judul_seo": "penjaringan-kesehatan-anak-sekolah-di-wilayah-kerja-upt-puskesmas-eyat-mayang", "isi_berita": "<p style=\"text-align:justify;\">Penjaringan Kesehatan Anak Sekolah merupakan salah satu bentuk dari pelayanan kesehatan yang bertujuan untuk mendeteksi dini siswa yang memiliki masalah kesehatan agar segera mendapatkan penanganan sedini mungkin serta tersedianya data atau informasi untuk menilai perkembangan kesehatan peserta didik.<br>Oleh karena &nbsp;itu, pada hari Selasa tanggal 16 Januari petugas Kesehatan dari Puskesmas Eyat Mayang melakukan Screening secara menyeluruh terhadap sasaran semua siswa di SD wilayah kerja Puskesmas Eyat Mayang. Adapun proses rangkaian Screening meliputi pemeriksaan kebersihan perorangan (rambut, kulit dan kuku), pemeriksaan status gizi melalui pengukuran Tinggi badan dan Berat Badan, pemeriksaan ketajaman indera (penglihatan dan pendengaran), pemeriksaan kesehatan gigi dan mulut.</p><p><br>#PromkesEyatMayang #Staysave #UKS #PKMEyatMayangIDAMAN</p>", "view_count": 896, "word_count": 100, "status": "published", "created_at": "2024-01-19T13:06:42.035Z", "updated_at": "2024-07-12T01:10:37.289Z"}, "m2m": {"tags": [5], "photo": [15246]}}, {"condition": {"id": 5223}, "defaults": {"kategori_id": 31, "site_id": 52, "admin_id": 70, "judul": "Petugas UPT Puskesmas Eyat Mayang Melaksanakan Kegiatan Penjaringan Kesehatan Anak Sekolah di SMKN 1 Lembar", "judul_seo": "petugas-upt-puskesmas-eyat-mayang-melaksanakan-kegiatan-penjaringan-kesehatan-anak-sekolah-di-smkn-1-lembar", "isi_berita": "<p style=\"text-align:justify;\">Rabu, 24 Januari 2024, Puskesmas Eyat Mayang melaksanakan kegiatan penjaringan kesehatan anak sekolah di SMKN 1 LEMBAR, Kegiatan ini dimaksudkan untuk mendeteksi sedini mungkin bagi siswa yang mengalami masalah atau gangguan kesehatan. Adapun jenis pemeriksaan yang dilakukan oleh Tim Tenaga Kesehatan Puskesmas diantaranya pengukuran tinggi badan, Pengukuran berat badan, Skrining mata, pemeriksaan telinga, Pemeriksaan gigi, Pemeriksaan kulit dan pengukuran tekanan darah.<br>Apabila ditemukan suatu masalah kesehatan yang membutuhkan penanganan lebih lanjut, maka tindak lanjut dari penjaringan kesehatan ini adalah dengan melakukan rujukan peserta didik ke Puskesmas.<br>Kegiatan ini diharapkan dapat menumbuhkan kesadaran &nbsp;peserta didik sejak dini cara hidup bersih dan sehat yang dapat dimulai dari lingkungan sekolah dan dapat di terapkan dimana pun mereka berada.<br>#PromkesEyatMayang &nbsp;#EyatMayangIdaman #PenjaringanAnakSekolah #PHBS</p>", "view_count": 475, "word_count": 110, "status": "published", "created_at": "2024-01-24T09:19:16.425Z", "updated_at": "2024-07-11T23:08:23.900Z"}, "m2m": {"tags": [5], "photo": [15396]}}, {"condition": {"id": 5237}, "defaults": {"kategori_id": 31, "site_id": 52, "admin_id": 70, "judul": "Selamat Hari Gizi Nasional ke-64", "judul_seo": "selamat-hari-gizi-nasional-ke-64", "isi_berita": "<p>25 Januari 2024 diperingati sebagai Hari Gizi Nasional ke-64. Peringatan tahun ini memberikan pesan soal pentingnya konsumsi protein hewani untuk mencegah stunting.<br>Kemenkes mengusung tema \"MPASI Kaya Protein Hewani Cegah Stunting\" dengan slogan \"MP-ASI Berkualitas untuk Generasi Emas\" untuk peringatan Hari Gizi Nasional tahun 2024.<br>Yuk makan protein hewani untuk mencegah stunting!</p><p style=\"text-align:justify;\">#Promkespuskesma #PromkesEyatMayang #HariGiziNasional #CegahStunting</p>", "view_count": 436, "word_count": 46, "status": "published", "created_at": "2024-01-25T12:11:08.974Z", "updated_at": "2024-07-11T16:06:43.797Z"}, "m2m": {"tags": [5], "photo": [15426]}}, {"condition": {"id": 5264}, "defaults": {"kategori_id": 31, "site_id": 52, "admin_id": 70, "judul": "Penjaringan Kesehatan Anak Sekolah (Screening) di Wilayah Kerja Puskesmas Eyat Mayang ", "judul_seo": "penjaringan-kesehatan-anak-sekolah-screening-di-wilayah-kerja-puskesmas-eyat-mayang", "isi_berita": "<p>Penjaringan Kesehatan Anak Sekolah (Screening) adalah salah satu bentuk dari pelayanan kesehatan yang bertujuan untuk mendeteksi dini siswa yang memiliki masalah kesehatan agar segera mendapatkan penanganan sedini mungkin serta tersedianya data atau informasi untuk menilai perkembangan kesehatan peserta didik.<br>Pada hari ini Sabtu, 27 Januari 2024, Puskesmas Eyat Mayang melakukan skrining kesehatan di Pondok Pesantren Al-Qur'an Nurul Hidayah Kecamatan Lembar.<br>Adapun jenis pemeriksaan yang dilakukan oleh Tim Tenaga Kesehatan Puskesmas diantaranya pengukuran tinggi badan, Pengukuran berat badan, Skrining mata, pemeriksaan telinga, Pemeriksaan gigi, Pemeriksaan kulit, pengukuran tekanan darah dan tidak lupa Scrining perilaku merokok.&nbsp;<br>Apabila ditemukan suatu masalah kesehatan yang membutuhkan penanganan lebih lanjut, maka tindak lanjut dari penjaringan kesehatan ini adalah dengan melakukan rujukan peserta didik ke Puskesmas.<br>Kegiatan ini diharapkan dapat menumbuhkan kesadaran &nbsp;peserta didik sejak dini cara hidup bersih dan sehat yang dapat dimulai dari lingkungan sekolah dan dapat di terapkan dimana pun mereka berada.</p>", "view_count": 540, "word_count": 139, "status": "published", "created_at": "2024-01-27T11:37:12.631Z", "updated_at": "2024-07-12T00:40:02.663Z"}, "m2m": {"tags": [5], "photo": [15496]}}, {"condition": {"id": 5365}, "defaults": {"kategori_id": 31, "site_id": 52, "admin_id": 70, "judul": "Senam Bersama  Penyelenggara Pemilu Tahun 2024", "judul_seo": "senam-bersama-penyelenggara-pemilu-tahun-2024", "isi_berita": "<p style=\"text-align:justify;\">Pelaksanan Pemilu 2024 tinggal beberapa hari lagi, sebagai penyelenggara pemilu terutama Kelompok Penyelenggara Pemungutan Suara (KPPS) tentunya segala sesuatunya harus dipersiapkan diantaranya masalah kesehatan.<br>Dalam rangka persiapan Pemilu 2024 dan menindak lanjuti Surat Edaran Bersama &nbsp;tentang pelaksanaan screening, riwayat kesehatan petugas penyelenggara Pemilu, PPS dan Puskesmas Eyat Mayang menggelar acara senam bersama bertajuk \"Senam Bersama &nbsp;Penyelenggara Pemilu 2024\" di halaman Puskesmas Eyat Mayang, Kecamatan Lembar, Jum'at 02 Februari 2024.<br>Sejak pagi sekitar pukul 07.30 WIB, puluhan anggota KPPS &nbsp;tampak antusias dan semangat mengikuti kegiatan senam bersama di halaman puskesmas.&nbsp;<br>Pada kegiatan senam tersebut dipandu oleh instruktur senam yang sudah berpengalaman &nbsp;yang biasa menjadi instruktur di Puskesmas Eyat Mayang.<br>Dalam suasana yang penuh semangat dan kebersamaan, para peserta senam mengikuti gerakan-gerakan yang dipandu dengan penuh antusiasme oleh instruktur senam.&nbsp;<br>Para peserta senam mengaku merasa sangat senang dan bersemangat mengikuti kegiatan ini. Mereka berharap agar kegiatan serupa dapat terus diadakan sebagai bagian dari upaya menjaga kesehatan dan mempererat hubungan sosial di masyarakat Eyat Mayang.<br>Dengan semangat yang terus berkobar, para pemangku kepentingan dan masyarakat Eyat Mayang berkomitmen untuk terus bergerak menuju pemilihan umum yang berkualitas dan berdemokratis. Sembari menjaga tubuh bugar, mereka juga siap berkontribusi dalam membangun masa depan yang lebih baik bagi daerah mereka.</p>", "view_count": 564, "word_count": 188, "status": "published", "created_at": "2024-02-02T11:39:58.085Z", "updated_at": "2024-07-11T20:12:24.562Z"}, "m2m": {"tags": [5], "photo": [15744]}}, {"condition": {"id": 5551}, "defaults": {"kategori_id": 31, "site_id": 52, "admin_id": 70, "judul": "Penjaringan Kesehatan Anak Sekolah (Screening)", "judul_seo": "penjaringan-kesehatan-anak-sekolah-screening", "isi_berita": "<p>&nbsp;Screening merupakan salah satu bentuk dari pelayanan kesehatan yang bertujuan untuk mendeteksi dini siswa yang memiliki masalah kesehatan agar segera mendapatkan penanganan sedini mungkin serta tersedianya data atau informasi untuk menilai perkembangan kesehatan peserta didik.<br>Pada hari ini Senin, 19 Februari 2024, Puskesmas Eyat Mayang melakukan skrining kesehatan di SMPN 1 LEMBAR.&nbsp;<br>Adapun jenis pemeriksaan yang dilakukan oleh Tim Tenaga Kesehatan Puskesmas diantaranya pengukuran tinggi badan, Pengukuran berat badan, Skrining mata, pemeriksaan telinga, Pemeriksaan gigi, Pemeriksaan kulit, pengukuran tekanan darah dan tidak lupa Scrining perilaku merokok.&nbsp;<br>Apabila ditemukan suatu masalah kesehatan yang membutuhkan penanganan lebih lanjut, maka tindak lanjut dari penjaringan kesehatan ini adalah dengan melakukan rujukan peserta didik ke Puskesmas.<br>Kegiatan ini diharapkan dapat menumbuhkan kesadaran &nbsp;peserta didik sejak dini cara hidup bersih dan sehat yang dapat dimulai dari lingkungan sekolah dan dapat di terapkan dimana pun mereka berada.</p>", "view_count": 694, "word_count": 133, "status": "published", "created_at": "2024-02-19T09:31:55.441Z", "updated_at": "2024-07-11T19:25:55.822Z"}, "m2m": {"tags": [5], "photo": [16222]}}, {"condition": {"id": 5878}, "defaults": {"kategori_id": 31, "site_id": 52, "admin_id": 70, "judul": "Safari Ramadan di Setiap Masjid Wilayah Binaan UPT Puskesmas Eyat Mayang", "judul_seo": "safari-ramadan-di-setiap-masjid-wilayah-binaan-upt-puskesmas-eyat-mayang", "isi_berita": "<p>UPT Puskesmas Eyat Mayang menggelar &nbsp;Safari Ramadan &nbsp;di setiap masjid yang terletak di wilayah binaanya. Dengan membuka Pelayanan Posbindu PTM dan Pengobatan Gratis pada jamaah Sholat tarawih.</p><p>Kegiatan tersebut bertujuan menjalin silaturahmi serta mendekatkan dan memudahkan pelayanan kesehatan kepada masyarakat.</p><p>Kepala UPT Puskesmas Eyat Mayang Ns.Zulqutbi,S.Kep. merasa sangat bangga karena sambutan masyarakat terhadap program Safari Ramadan ini sangat luar biasa.</p>", "view_count": 245, "word_count": 55, "status": "published", "created_at": "2024-03-18T02:06:39.654Z", "updated_at": "2024-07-11T04:40:09.628Z"}, "m2m": {"tags": [5, 6], "photo": [17099, 17100]}}]