[{"condition": {"id": 695}, "defaults": {"kategori_id": 9, "site_id": 61, "admin_id": 79, "judul": "Kegiatan Senam serentak ", "judul_seo": "kegiatan-senam-serentak", "isi_berita": "<p>Kegiatan senam Prolanis serentak klub Diabetes dan Hipertensi dalam rangka HUT BPJS Kesehatan ke-54 (Puskesmas Sedau)</p>\r\n", "view_count": 43, "word_count": 15, "status": "published", "created_at": "2022-07-12T12:41:23.779Z", "updated_at": "2024-07-02T22:26:43.267Z"}, "m2m": {"tags": [], "photo": [2636, 2637]}}, {"condition": {"id": 701}, "defaults": {"kategori_id": 9, "site_id": 61, "admin_id": 79, "judul": "Senam Serentak ( 12 Juli 2022 ) ", "judul_seo": "senam-serentak-12-juli-2022", "isi_berita": "<p>Kegiatan senam Prolanis serentak dalam rangka HUT BPJS Kesehatan ke-54</p>\r\n", "view_count": 45, "word_count": 9, "status": "published", "created_at": "2022-07-13T08:43:20.447Z", "updated_at": "2024-06-22T10:07:14.405Z"}, "m2m": {"tags": [], "photo": [2647, 2648, 2649]}}, {"condition": {"id": 740}, "defaults": {"kategori_id": 9, "site_id": 61, "admin_id": 79, "judul": "Kegiatan Operasi Pungut Plastik (OPLAS) di UPT Puskesmas Sedau", "judul_seo": "kegiatan-operasi-pungut-plastik-oplas-di-upt-puskesmas-sedau", "isi_berita": "<p><strong>Kegiatan Operasi Pungut Plastik (OPLAS) di UPT Puskesmas Sedau</strong></p>\r\n\r\n<p>Kegiatan OPLAS Awet Muda merupakan kegiatan pungut sampah yang di gagas oleh camat narmada. Untuk mendukung kegiatan ini, maka UPT Puskesmas sedau melakukan pungut sampah plastik di lingkungan Puskesmas Sedau dengan tujuan untuk menjaga kebersihan lingkungan Puskesmas Sedau, sehingga menciptakan lingkungan yang bersih dan indah</p>\r\n", "view_count": 87, "word_count": 54, "status": "published", "created_at": "2022-07-15T15:11:44.202Z", "updated_at": "2024-07-02T14:31:34.988Z"}, "m2m": {"tags": [5], "photo": []}}, {"condition": {"id": 766}, "defaults": {"kategori_id": 9, "site_id": 61, "admin_id": 79, "judul": "Kegiatan Kelas Ibu & Balita", "judul_seo": "kegiatan-kelas-ibu-balita", "isi_berita": "<p>&nbsp;</p>\r\n\r\n<p><em>Senin</em>, 18 Juli 2022</p>\r\n\r\n<p>Kegiatan kelas ibu balita ini bertjuan untuk Meningkatkan pengetahuan ibu balita tentang ASI Eksklusif, perawatan balita, imunisasi dan pemantauan tumbuh kembang balita serta kebutuhan gizi anak dll.</p>\r\n\r\n<p>Lokasi kegiatan (Aula kantor Desa Golong)</p>\r\n", "view_count": 88, "word_count": 35, "status": "published", "created_at": "2022-07-18T20:37:29.387Z", "updated_at": "2024-06-23T20:22:14.169Z"}, "m2m": {"tags": [5], "photo": [2788, 2789]}}, {"condition": {"id": 820}, "defaults": {"kategori_id": 3, "site_id": 61, "admin_id": 79, "judul": "Posnyandu Keluarga ", "judul_seo": "posnyandu-keluarga", "isi_berita": "<p>Selasa, 19 Juli 2022</p>\r\n\r\n<p>Posyandu Dusun Darmasaba Dasan Desa Keru</p>\r\n\r\n<p>Tujuan Kegiatan Posyandu keluarga ini yaitu memberikan pelayanan kesehatan Keluarga mulai dari Ibu Hamil, Bayi, Balita, Anak Usia Pra sekolah, Anak usia sekolah, Remaja Awal, Usia produktif remaja lanjut, Usia produktif, dan Lansia.<br />\r\nKemudian mengevaluasi hasil kegiatan posyadu keluarga<br />\r\nSebagai mana biasanya Petugas Posyan juga a selalu melaksanakan&nbsp; intervensi berupa pemberian PMT, Imunisasi, ANC, Penyuluhan.<br />\r\nD/S: 91%.<br />\r\nSegala bentuk kegiatan yang dilaksanakan oleh petugas posnyandu dan kader puskesmas Sedau selalu menerapkan&nbsp; Protokol kesehatan covid 19.&nbsp;</p>\r\n", "view_count": 84, "word_count": 80, "status": "published", "created_at": "2022-07-19T14:42:26.693Z", "updated_at": "2024-06-23T16:43:53.384Z"}, "m2m": {"tags": [5], "photo": [2937, 2938, 2939]}}, {"condition": {"id": 894}, "defaults": {"kategori_id": 5, "site_id": 61, "admin_id": 79, "judul": "Kegiatan Kelas Ibu Hamil", "judul_seo": "kegiatan-kelas-ibu-hamil-1", "isi_berita": "<p>Sabtu, 23 Juli 2022</p>\r\n\r\n<p>Kelas ibu hamil yang dilaksanakan di Desa Peresak kecamatan Narmada Ini bertujuan untuk Meningkatkan pengetahuanibu hamil tentang perawatan kehamilan, persalinan, masa nifas dan bayi baru lahir<br />\r\nMenurunkan angka kematian ibu dan bayi dengan meningkatnya pengetahuan ibu hamil tentang tanda-tanda bahaya pada kehamilan,persalinan dan nifas</p>\r\n", "view_count": 85, "word_count": 44, "status": "published", "created_at": "2022-07-23T17:07:30.308Z", "updated_at": "2024-07-06T14:11:23.634Z"}, "m2m": {"tags": [5], "photo": [3163, 3164]}}, {"condition": {"id": 1050}, "defaults": {"kategori_id": 3, "site_id": 61, "admin_id": 79, "judul": "Kegiatan orientasi Kader", "judul_seo": "kegiatan-orientasi-kader", "isi_berita": "<p>Rabu 27 juli 2022</p>\r\n\r\n<p>Lokasi Kegiatan : Balai Posyandu Tibu Piling</p>\r\n\r\n<p style=\"text-align:justify\">&nbsp;&nbsp;&nbsp;&nbsp;Kegiatan orientasi PMBA Kader kali ini membahas beberapa materi tentang 1000 HPK, permasalahan stunting,penjelasan kartu konseling,dan praktek MP-ASI serta makanan ibu hamil dan menyusui.yang di pandu oleh narasumber dan petugas gizi dari Puskesmas sedau. dengan harpan petugas kader posyandu yang jumlahnya 24 peserta ini mampu menjelaskan tentang 1000 HPK kepada sasaran dan mengkaitkan 1000 HPK dengan stunting. kader juga harus mampu menggunakan kartu konseling dan memperaktekan bagaimana pembuatan MP-ASI dan makanan ibu balita serta ibu menyusui.</p>\r\n", "view_count": 77, "word_count": 75, "status": "published", "created_at": "2022-07-28T10:06:08.951Z", "updated_at": "2024-07-03T19:33:37.210Z"}, "m2m": {"tags": [], "photo": [3452, 3453]}}, {"condition": {"id": 1242}, "defaults": {"kategori_id": 9, "site_id": 61, "admin_id": 79, "judul": "PENCEGAHAN STUNTING", "judul_seo": "pencegahan-stunting", "isi_berita": "<p style=\"text-align:justify\">Stunting adalah keadaan gagal tumbuh pada anak balita akibat kekurangan gizi kronis terutama dalam 1000 hari pertama kelahiran.&nbsp;</p>\r\n\r\n<p>Penyebabnya/faktor yg mempengaruhi nya adalah air bersih, jamban sehat, dan cuci tangan pakai sabun ( PHBS)kalau dari gizi Asi MP Asi + imunisasi</p>\r\n\r\n<p>Narasumber: MasJuliana. SKM( progremer Promkes)</p>\r\n\r\n<p>Kegiatan ini bertujuan untuk menurunkan angka stunting</p>\r\n\r\n<p>Lokasi kegiatan di Dusun Golong Desa, Golong&nbsp;</p>\r\n\r\n<p>&nbsp;</p>\r\n", "view_count": 87, "word_count": 55, "status": "published", "created_at": "2022-08-05T18:14:56.392Z", "updated_at": "2024-06-25T14:03:02.703Z"}, "m2m": {"tags": [5], "photo": [3902, 3903, 3904]}}, {"condition": {"id": 1802}, "defaults": {"kategori_id": 9, "site_id": 61, "admin_id": 79, "judul": "Penjaringan Anak Sekolah", "judul_seo": "penjaringan-anak-sekolah", "isi_berita": "<p>Kegiatan Penjaringan Anak Sekolah pada hari Sabtu 10 September 2022 yang dilaksanakan di 3 Sekolah yaitu di MI Bangket Punik,&nbsp; MI It-tidaiyah dan MA It-tidaiyah Bangket Punik</p>\r\n\r\n<p>Kegiatan ini bertujuan untuk mendeteksi secara dini kesehatan siswa-siswi Yang ada di sekolah tersebut. Kemudian kegiatan ini juga bertujuan untuk mengetahui data kesehatan anak didik disekolah apabila ditemukan masalah kesehatan pada anak didik dapat ditangani secara dini .</p>\r\n\r\n<p>Kegiatan yang di selenggarakan oleh Tim Penjaringan Puskesmas Sedau ini sebagian besar siswa di 3 sekolah ini dalam keadaan Sehat dan ada beberapa siswa&nbsp; yang mengalami&nbsp; gangguan pada gigi dan sudah diberikan rujukan untuk berobat ke Puskesmas Sedau&nbsp;</p>\r\n\r\n<p>Demikianlah kegiatan yang dilaksanakan oleh TiM kesehatan dari Puskesmas Sedau&nbsp;</p>\r\n\r\n<p>&nbsp;</p>\r\n", "view_count": 389, "word_count": 105, "status": "published", "created_at": "2022-09-12T13:26:25.119Z", "updated_at": "2024-06-23T15:03:04.669Z"}, "m2m": {"tags": [5], "photo": [5407, 5408, 5409]}}, {"condition": {"id": 1829}, "defaults": {"kategori_id": 9, "site_id": 61, "admin_id": 79, "judul": "Hari Kesehatan Gigi Nasional (HKGN) tahun 2022 ", "judul_seo": "hari-kesehatan-gigi-nasional-hkgn-tahun-2022", "isi_berita": "<p>Keru, 12 September 2022</p>\r\n\r\n<p style=\"text-align:justify\">&nbsp; &nbsp; &nbsp; &nbsp; &nbsp; &nbsp;Dalam rangka Hari Kesehatan Gigi Nasional (HKGN). Sekitar 318&nbsp; murid SDN 3 Peresak melakukan gerakan sikat gigi bersama yang didampingi oleh Kepala Puskesmas Sedau dan Kepala sekolah SDN 3 Peresak Kegiatan ini&nbsp; dipandu oleh Dokter Gigi dan Tim Promkes dari Puskesmas Sedau. Momentum ini sekaligus dimanfaatkan untuk menggugah kesadaran akan pentingnya kesehatan gigi dan mulut serta memberikan Edukasi kesehatan gigi kepada anak sekolah untuk Meningkatkan pemahaman siswa dalam melakukan sikat gigi 2 kali sehari.</p>\r\n\r\n<p style=\"text-align:justify\">&nbsp; &nbsp; &nbsp; &nbsp;Di peringatan tahun ke 12, HKGN mengangkat tema Pulih Bersama dengan Senyum Sehat Indonesia. Tema ini selaras dengan semangat Indonesia untuk pulih dan bangkit kembali setelah pandemi.</p>\r\n\r\n<p style=\"text-align:justify\">&nbsp;</p>\r\n", "view_count": 161, "word_count": 98, "status": "published", "created_at": "2022-09-13T19:25:37.080Z", "updated_at": "2024-06-06T11:43:32.148Z"}, "m2m": {"tags": [5, 79], "photo": [5492, 5493, 5494]}}, {"condition": {"id": 1881}, "defaults": {"kategori_id": 3, "site_id": 61, "admin_id": 79, "judul": "Monev Program PTM, Haji dan Imunisasi", "judul_seo": "monev-program-ptm-haji-dan-imunisasi", "isi_berita": "<p>Jum&#39;at, 16 September 2022</p>\r\n\r\n<p style=\"text-align:justify\">&nbsp; &nbsp; &nbsp; &nbsp; &nbsp;Kegiatan monitoring dan evaluasi yang dilaksanakan di Aula Puskesmas Sedau diikuti oleh programmer PTM, Haji dan Imunisasi yang dipandu oleh koordinator program P3KL dikes Lobar. pada pertemuan kali ini koordinator progremmer dikes menghimbau masing- masing progrmmer puskesmas&nbsp; Pertama PTM agar ditingkatkan screening DM dan hypertensi, kemudian dientri di aplikasi asik.</p>\r\n\r\n<p style=\"text-align:justify\">Kedua untuk progremmer haji tahun 2022 bapak Kabid Dikes mengatakan jamaah haji tahun 2022 dalam kondisi sehat dan untuk jatah haji tahun 2023 agar pemeriksaan kondisini kesehatannya dilakukan lebih awal untuk mempercepat pengobatan bila ditemukan kondisi tidak sehat.&nbsp;</p>\r\n\r\n<p style=\"text-align:justify\">&nbsp;</p>\r\n", "view_count": 274, "word_count": 85, "status": "published", "created_at": "2022-09-17T10:09:10.924Z", "updated_at": "2024-07-05T21:49:22.902Z"}, "m2m": {"tags": [5], "photo": [5638, 5639, 5640]}}, {"condition": {"id": 1924}, "defaults": {"kategori_id": 9, "site_id": 61, "admin_id": 79, "judul": "Kegiatan Penjaringan Anak Sekolah", "judul_seo": "kegiatan-penjaringan-anak-sekolah", "isi_berita": "<p>Selasa, 20 September 2022</p>\r\n\r\n<p style=\"text-align:justify\">Kegiatan Penjaringan Anak Sekolah sasaran murid SMP dan SMA Muhammadiyah<br />\r\nKegiatan yang dipandu oleh Tim UKS Puskesmas Sedau ini bertujuan untuk Memantau kondisi kesehatan murid.<br />\r\nSemua siswa-siswi telah dilakukan pemeriksaan kesehatan, dengan kondisi umum sehat, kecuali beberapa siswa mengalami gangguan gigi, anemi 2 orang dan diintervensi dg pemberian TTD</p>\r\n", "view_count": 159, "word_count": 49, "status": "published", "created_at": "2022-09-20T19:58:17.370Z", "updated_at": "2024-06-22T22:31:08.293Z"}, "m2m": {"tags": [5], "photo": [5772, 5773, 5774]}}, {"condition": {"id": 1939}, "defaults": {"kategori_id": 5, "site_id": 61, "admin_id": 79, "judul": "Posyandu Keluarga", "judul_seo": "posyandu-keluarga-2", "isi_berita": "<h3 style=\"text-align:justify\"><img alt=\"\" src=\" \" style=\"float:left; height:100px; margin-right:10px; width:100px\" /><span style=\"font-size:11pt\"><span style=\"font-family:Calibri,sans-serif\"><font style=\"vertical-align:inherit\"><font style=\"vertical-align:inherit\">Rabu, 21 September 2022</font></font></span></span></h3>\r\n\r\n<h3 style=\"text-align:justify\"><font style=\"vertical-align:inherit\"><font style=\"vertical-align:inherit\">&nbsp; &nbsp; &nbsp; &nbsp; &nbsp;Peran posyandu di tengah-tengah masyarakat sangatlah besar. </font><font style=\"vertical-align:inherit\">Meski identik dengan bayi dan balita, kegiatan posyandu dan manfaatnya ternyata tidak hanya sebatas itu. </font><font style=\"vertical-align:inherit\">Banyak program posyandu yang juga mengenal usia ibu hamil, ibu menyusui, dan produktif serta lansia.</font></font></h3>\r\n\r\n<p style=\"text-align:justify\"><span style=\"font-size:11pt\"><span style=\"font-family:Calibri,sans-serif\"><font style=\"vertical-align:inherit\"><font style=\"vertical-align:inherit\">Kali ini kegiatan posyandu dilaksanakan di dua desa yang berlokasi di dusun Paok gading desa Sedau dan dusun darmasaba desa Keru kecamatan Narmada. </font><font style=\"vertical-align:inherit\">kegiatan ini dipandu oleh Timn Imunisasi Puskesmas Sedau dan Kader kesehatan. </font><font style=\"vertical-align:inherit\">kegiatan ini bertujuan untuk&nbsp; </font></font></span></span><span style=\"font-size:11pt\"><span style=\"font-family:Calibri,sans-serif\"><font style=\"vertical-align:inherit\"><font style=\"vertical-align:inherit\">Memantau kesehatan bayi, ibu hamil, remaja, usia produktif dan lansia sebagaimana sasaran hari ini&nbsp; </font></font></span></span><span style=\"font-size:11pt\"><span style=\"font-family:Calibri,sans-serif\"><font style=\"vertical-align:inherit\"><font style=\"vertical-align:inherit\">yaitu D/S 86%, ibu hamil: 6 orang, latihan 11, PTM: 38 orang , dan lansia 9 orang.</font></font></span></span></p>", "view_count": 150, "word_count": 100, "status": "published", "created_at": "2022-09-21T20:35:48.892Z", "updated_at": "2024-06-29T11:50:43.815Z"}, "m2m": {"tags": [5], "photo": [5814, 5815, 5816]}}, {"condition": {"id": 2045}, "defaults": {"kategori_id": 5, "site_id": 61, "admin_id": 79, "judul": "Musyawarah Masyarakat Desa Golong", "judul_seo": "musyawarah-masyarakat-desa-golong", "isi_berita": "<p>Selasa, 27 September 2022</p>\r\n\r\n<p style=\"text-align:justify\">&nbsp; &nbsp; Kegiatan yang berlangsung di Aula kantor Desa Golong kali ini Membahas hasil survey mawas diri dan permasalahan kegiatan posyandu, acara ini dihadiri oleh Kepala UPT Puskesmas sedau, PJ UKM, kepala desa peresak,Sekdes, Kadus, PKK dan kader posyandu sebanyak 25 orang. Dimana hasil dari diskusi yang berlangsung pada kegiatan ini ialah&nbsp; Usulan pembiayaan melalui anggaran desa: sarana pendukung posyandu (timbangan, lengkboat, tensimeter digital), PMT pemulihan utk balita dan ini hamil KEK.</p>\r\n", "view_count": 294, "word_count": 70, "status": "published", "created_at": "2022-09-28T19:57:19.499Z", "updated_at": "2024-06-05T17:39:55.324Z"}, "m2m": {"tags": [5], "photo": [6181, 6182, 6183]}}, {"condition": {"id": 2071}, "defaults": {"kategori_id": 9, "site_id": 61, "admin_id": 79, "judul": "Musyawarah masyarakat Desa Sedau", "judul_seo": "musyawarah-masyarakat-desa-sedau", "isi_berita": "<p>Kamis, 29 September 2022</p>\r\n\r\n<p style=\"text-align:justify\">&nbsp; &nbsp; &nbsp; &nbsp;Musyawarah masyarakat Desa Sedau di Aula kantor Desa sedau. Membahas hasil survey mawas diri dan permasalahan kegiatan posyandu. Dihadiri oleh Kepala UPT Puskesmas sedau, kepala desa sedau, PJ. UKMS ekdes, Kadus, PKK dan kader posyandu (25 orang). Dan hasil pembahasan Usulan pembiayaan melalui anggaran desa: sarana pendukung posyandu (timbangan, lengkboat, tensimeter digital), PMT pemulihan utk balita dan ibu hami KEK.</p>\r\n\r\n<p>&nbsp;</p>\r\n\r\n<p>&nbsp;</p>\r\n\r\n<p>&nbsp;</p>\r\n\r\n<p>&nbsp;</p>\r\n\r\n<p>&nbsp;</p>\r\n", "view_count": 527, "word_count": 61, "status": "published", "created_at": "2022-09-30T16:00:20.334Z", "updated_at": "2024-06-27T16:54:35.918Z"}, "m2m": {"tags": [5], "photo": [6264, 6265]}}, {"condition": {"id": 2267}, "defaults": {"kategori_id": 9, "site_id": 61, "admin_id": 79, "judul": "Kegiatan Gerakan Nasional Aksi Bergizi ", "judul_seo": "kegiatan-gerakan-nasional-aksi-bergizi", "isi_berita": "<p style=\"text-align:justify\">&nbsp; &nbsp; &nbsp; &nbsp;Kegiatan Gerakan Nasional aksi bergizi yang akan dilaksanakan serentak nasional pada Rabu, 26 Oktober 2022.G erakan nasional aksi bergizi ini diikuti oleh siswa SMP 3 Narmada.G</p>\r\n\r\n<p style=\"text-align:justify\">&nbsp; &nbsp; &nbsp; &nbsp;Gerakan ini sudah dilakukan di beberapa kabupaten sejak 2018, gerakan ini dilaksanakan atas inisiasi UNICEF karena masih tingginya kasus anemia pada remaja putri.i</p>\r\n\r\n<p style=\"text-align:justify\">dkutip dari laman https://promkes.kemkes.go.id gerakan nasional aksi bergizi ini bertujuan untuk meningkatkan pengetahuan masyarakat tentang tablet tambah darah, aktivitas fisik dan konsumsi gizi seimbang sehingga Tim Promkes Dan Tim Gizi dibantu juga oleh Petugas Laboratorium Puskesmas Sedau Bekerjasama dengan sekolah memiliki komitmen untuk melaksanakan kegiatan aksi bergizi secara rutin.D engan membiasakan siswa siswi untuk mengkonsumsi tablet tambah darah, makan makanan bergizi dan aktivitas fisik.</p>\r\n\r\n<p>Adapun rangkaian kegiatan gerakan nasional aksi bergizi sebagai berikut:</p>\r\n\r\n<p>1.Senam bersama.</p>\r\n\r\n<p>2.Makan bersama.</p>\r\n\r\n<p>3.Pemeriksaan Kesehatan siswa</p>\r\n", "view_count": 389, "word_count": 118, "status": "published", "created_at": "2022-10-26T14:22:52.721Z", "updated_at": "2024-07-06T20:11:10.791Z"}, "m2m": {"tags": [5], "photo": [6848, 6849, 6850]}}, {"condition": {"id": 3400}, "defaults": {"kategori_id": 3, "site_id": 61, "admin_id": 79, "judul": "pengelola IT Puskesmas Sedau Mengikuti Bimtek Pengelolaan Website Kabupaten Lombok Barat di Hotel Sharon Senggigi", "judul_seo": "pengelola-it-puskesmas-sedau-mengikuti-bimtek-pengelolaan-website-kabupaten-lombok-barat-di-hotel-sharon-senggigi", "isi_berita": "<p>Pada tanggal 23 Mei 2023, Puskesmas Sedau, sebuah pusat kesehatan masyarakat yang terletak di Kabupaten Lombok Barat, berpartisipasi dalam Bimbingan Teknis (Bimtek) Pengelolaan Website yang diadakan oleh pemerintah kabupaten. Acara ini berlangsung di Hotel Sharon Senggigi dan dihadiri oleh berbagai instansi dan lembaga di wilayah tersebut.</p>\r\n\r\n<p>Bimtek Pengelolaan Website Kabupaten Lombok Barat bertujuan untuk memberikan pengetahuan dan keterampilan dalam mengelola dan memaintain website resmi setiap instansi pemerintah. Puskesmas Sedau melihat pentingnya kehadiran online sebagai sarana untuk menyampaikan informasi kesehatan kepada masyarakat secara efektif dan terkini.</p>\r\n\r\n<p>Melalui partisipasinya dalam Bimtek Pengelolaan Website Kabupaten Lombok Barat, Puskesmas Sedau menunjukkan komitmennya untuk beradaptasi dengan kemajuan teknologi dan memberikan pelayanan kesehatan yang terdepan kepada masyarakat. Website yang terkelola dengan baik akan memudahkan akses informasi kesehatan dan membantu masyarakat dalam menjaga kesehatan diri dan keluarga mereka.</p>\r\n\r\n<p>Dengan semangat baru ini, Puskesmas Sedau siap menghadapi tantangan masa depan dalam memberikan pelayanan kesehatan yang terbaik dan menjadikan website mereka sebagai sumber informasi yang terpercaya bagi masyarakat Kabupaten Lombok Barat.</p>\r\n", "view_count": 152, "word_count": 160, "status": "published", "created_at": "2023-05-23T06:51:48.601Z", "updated_at": "2024-06-05T17:39:37.427Z"}, "m2m": {"tags": [27], "photo": [9986, 9987]}}, {"condition": {"id": 4056}, "defaults": {"kategori_id": 9, "site_id": 61, "admin_id": 79, "judul": "kunjungan 13  perwakilan puskesmas Lombok Timur ke UPT Puskesmas Sedau dalam rangka pelatihan dan praktik kerja lapangan  program Pandu PTM ", "judul_seo": "kunjungan-13-perwakilan-puskesmas-lombok-timur-ke-upt-puskesmas-sedau-dalam-rangka-pelatihan-dan-praktik-kerja-lapangan-program-pandu-ptm", "isi_berita": "<p>Keru, 28 Juli 2023 . Dalam rangka meningkatkan kualitas kinerja dan pelayanan terhadap masyarakat Lombok Timur terutama dalam penanganan program Pandu PTM &nbsp;maka pemda Lotim dalam hal ini Dinas Kesehatan Lombok Timur &nbsp;mengirimkan 27 perwakilan dari setiap Puskesmas di Lombok Timur &nbsp; untuk melakukan Pelatihan dan Peraktik kerja lapangan &nbsp;di UPT Puskesmas Sedau dan UPT Puskesmas Suranadi di kabupaten Lombok Barat dalam program Pandu Penyakit Menular ( PTM ) , karena Puskesmas Sedau dan Puskesmas Suranadi dengan capaian terbaik dalam penangan kasus PTM di Lombok Barat &nbsp;. dengan adanya kunjungan ke puskesmas sedau nantinya 13 puskesmas Lombok Timur bisa menerapkan atau meningkatkan kualitas pelayanan mereka dalam penanganan kasus Pandu PTM .</p>", "view_count": 704, "word_count": 100, "status": "published", "created_at": "2023-07-28T08:01:02.369Z", "updated_at": "2024-07-08T11:25:27.947Z"}, "m2m": {"tags": [6, 7, 8, 79], "photo": [12069, 12070]}}, {"condition": {"id": 4274}, "defaults": {"kategori_id": 15, "site_id": 61, "admin_id": 79, "judul": "Pemberian Obat Cacing di Tiga Sekolah Dasar Wilker UPT Puskesmas Sedau", "judul_seo": "pemberian-obat-cacing-di-tiga-sekolah-dasar-wilker-upt-puskesmas-sedau", "isi_berita": "<p>Pada tanggal 18 Agustus 2023, tiga Sekolah Dasar (SD) di wilayah Kerja UPT Puskesmas Sedau telah melaksanakan program pemberian obat cacing kepada para siswa. Ketiga sekolah tersebut adalah SDN 1 Keru, SDN 3 Golong, dan SDN 2 Golong.</p><p>Program pemberian obat cacing ini merupakan bagian dari upaya pemerintah daerah untuk meningkatkan kesehatan dan kesejahteraan anak-anak sekolah. Obat cacing diberikan kepada para siswa dengan tujuan untuk mencegah dan mengatasi infeksi cacing usus yang dapat memengaruhi kesehatan mereka.</p><p>Kepala sekolah dari masing-masing SD menyampaikan bahwa pemberian obat cacing dilakukan dengan penuh perhatian terhadap keselamatan dan kenyamanan siswa. petugas Promkes &nbsp;dari UPT Puskesmas Sedau turut membantu dalam pelaksanaan program ini, memberikan informasi kepada siswa tentang pentingnya menjaga kebersihan dan kesehatan.<br>&nbsp;</p>", "view_count": 354, "word_count": 106, "status": "published", "created_at": "2023-08-20T12:02:21.970Z", "updated_at": "2024-07-08T00:30:10.552Z"}, "m2m": {"tags": [], "photo": [12845, 12846, 12847]}}, {"condition": {"id": 4275}, "defaults": {"kategori_id": 15, "site_id": 61, "admin_id": 79, "judul": "Imunisasi di Bangket Punik Wilayah Kerja UPT Puskesmas Sedau : Peningkatan Cakupan Kelas 1 dan 5", "judul_seo": "imunisasi-di-bangket-punik-wilayah-kerja-upt-puskesmas-sedau-peningkatan-cakupan-kelas-1-dan-5", "isi_berita": "<p>Sedau - UPT Puskesmas Sedau &nbsp;Melakukan BIAS Imuniasi di Madrasah Ibtidaiyah Bangket &nbsp;Punik&nbsp;</p><p>Dengan sasaran utama pada siswa kelas 1 dan kelas 5, Puskesmas Sedau memastikan bahwa imunisasi menjadi prioritas bagi kesehatan anak-anak di wilayah ini. Data terbaru yang dirilis menunjukkan hasil yang memuaskan:</p><p>Kelas 1:</p><p>Jumlah Sasaran: 17 orang<br>Tidak Diimunisasi: 3 orang<br>Kelas 5:</p><p>Jumlah Sasaran: 11 orang<br>Tidak Diimunisasi: 0 orang</p><p><br>Dari data ini, terlihat bahwa imunisasi di kelas 1 mencapai cakupan sebesar 82,35% dan di kelas 5 mencapai 100%. Ini menunjukkan komitmen dan kerja keras tim Puskesmas Sedau dalam memastikan bahwa setiap anak mendapatkan perlindungan yang diperlukan melalui imunisasi.</p><p>Tingginya kesadaran masyarakat terhadap pentingnya imunisasi dan dukungan dari pihak sekolah telah berperan penting dalam pencapaian ini. Puskesmas Sedau juga mengadakan kampanye edukasi dan sosialisasi untuk menghilangkan keraguan yang mungkin dimiliki orang tua terkait dengan imunisasi.</p><p>&nbsp;</p>", "view_count": 334, "word_count": 115, "status": "published", "created_at": "2023-08-20T12:11:16.781Z", "updated_at": "2024-07-08T01:31:05.529Z"}, "m2m": {"tags": [], "photo": [12848]}}, {"condition": {"id": 4897}, "defaults": {"kategori_id": 5, "site_id": 61, "admin_id": 79, "judul": "UPT Puskesmas Sedau Raih Penghargaan Sebagai Puskesmas Terbaik dalam Pengelolaan Keuangan dan Aset", "judul_seo": "upt-puskesmas-sedau-raih-penghargaan-sebagai-puskesmas-terbaik-dalam-pengelolaan-keuangan-dan-aset", "isi_berita": "<p>Puskesmas Sedau, yang terletak di Kabupaten Lombok Barat, baru-baru ini meraih penghargaan prestisius sebagai puskesmas dengan pengelolaan keuangan dan aset terbaik dari Bupati Lombok Barat. Penghargaan ini mencerminkan komitmen dan dedikasi Puskesmas Sedau dalam menyediakan layanan kesehatan yang optimal, sekaligus menunjukkan kemampuan mereka dalam manajemen keuangan yang efektif. penghargaan tersebut di terima langsung oleh kepala Puskesmas Sedau yaitu Bapak Ns.Junaidi, S.Kep</p><p>**Pengelolaan Keuangan yang Transparan dan Profesional**</p><p>Puskesmas Sedau berhasil menonjolkan diri melalui praktik pengelolaan keuangan yang transparan dan profesional.&nbsp;</p><p>&nbsp;</p><p>**Pemanfaatan Aset dengan Bijak**</p><p>Keberhasilan Puskesmas Sedau juga terletak pada pemanfaatan aset dengan bijak.&nbsp;</p><p>**Dampak Positif Terhadap Kesehatan Masyarakat**</p><p>Penghargaan yang diterima oleh Puskesmas Sedau bukan hanya prestasi semata, tetapi juga mencerminkan dampak positif yang dirasakan oleh masyarakat setempat. Melalui pengelolaan keuangan dan aset yang baik, Puskesmas Sedau mampu menyediakan pelayanan kesehatan yang terjangkau dan berkualitas, meningkatkan kesejahteraan masyarakat, serta mendukung upaya pemerintah dalam mencapai cakupan kesehatan yang merata.</p>", "view_count": 101, "word_count": 139, "status": "published", "created_at": "2023-12-21T07:26:34.756Z", "updated_at": "2024-07-11T14:32:23.975Z"}, "m2m": {"tags": [5], "photo": [14531, 14532]}}]