[{"condition": {"id": 195}, "defaults": {"site_id": 59, "admin_id": 77, "file_path": "SALINAN_INMENDAGRI_NOMOR_17_TAHUN_2022_TENTANG_PPKM_LUAR_JAWA_BALI.pdf", "nama": "KEMENDAGRI PPKM LUAR JAWA-BALI", "deskripsi": "", "size": 963243, "hits": 0, "created_at": "2022-06-15T10:27:18.150Z", "updated_at": "2023-05-23T01:22:09.213Z", "status": "published"}}, {"condition": {"id": 493}, "defaults": {"site_id": 59, "admin_id": 77, "file_path": "NIB_Puskesmas_Penimbung.pdf", "nama": "Nomor Izin Berusaha Puskesmas Penimbung", "deskripsi": null, "size": 530611, "hits": 0, "created_at": "2023-05-23T07:27:08.320Z", "updated_at": "2023-05-23T07:27:08.397Z", "status": "published"}}, {"condition": {"id": 494}, "defaults": {"site_id": 59, "admin_id": 77, "file_path": "pernyataan_mandiri_K3L.pdf", "nama": "Pernyataan Mandiri K3L", "deskripsi": null, "size": 20575, "hits": 0, "created_at": "2023-05-23T07:27:34.879Z", "updated_at": "2023-05-23T07:27:34.989Z", "status": "published"}}, {"condition": {"id": 495}, "defaults": {"site_id": 59, "admin_id": 77, "file_path": "pernyataan_mandiri_standar_usaha.pdf", "nama": "Pernyataan Mandiri Standar Usaha", "deskripsi": null, "size": 20427, "hits": 0, "created_at": "2023-05-23T07:28:02.169Z", "updated_at": "2023-05-23T07:28:02.263Z", "status": "published"}}, {"condition": {"id": 496}, "defaults": {"site_id": 59, "admin_id": 77, "file_path": "pernyataan_UMK.pdf", "nama": "Pernyataan UMK Tentang Tata Ruang", "deskripsi": null, "size": 20477, "hits": 0, "created_at": "2023-05-23T07:28:45.350Z", "updated_at": "2023-05-23T07:28:45.396Z", "status": "published"}}]