[{"condition": {"id": 65}, "defaults": {"site_id": 44, "admin_id": 47, "file_path": "98.OK_98.ALUR_PELAYANAN_LOKET.pdf", "nama": "SOP ALUR PELAYANAN LOKET", "deskripsi": "ALUR PELAYANAN LOKET", "size": 90756, "hits": 0, "created_at": "2021-06-09T09:58:56.430Z", "updated_at": "2021-06-09T09:58:56.458Z", "status": "published"}}, {"condition": {"id": 66}, "defaults": {"site_id": 44, "admin_id": 47, "file_path": "140._ALUR_PELAYANAN_RANAP.pdf", "nama": "SOP ALUR PELAYANAN RAWAT INAP", "deskripsi": "ALUR PELAYANAN RAWAT INAP", "size": 93741, "hits": 0, "created_at": "2021-06-09T10:15:26.536Z", "updated_at": "2021-06-09T10:15:26.554Z", "status": "published"}}, {"condition": {"id": 124}, "defaults": {"site_id": 44, "admin_id": 47, "file_path": "sp1.jpg", "nama": "Standar Pelayanan Persalinan Normal", "deskripsi": "", "size": 110540, "hits": 0, "created_at": "2021-06-14T14:06:11.300Z", "updated_at": "2024-05-28T04:23:25.934Z", "status": "published"}}, {"condition": {"id": 137}, "defaults": {"site_id": 44, "admin_id": 47, "file_path": "68575011_497156717713854_6520641167221063680_n_XMz9wOX.jpg", "nama": "FOTO", "deskripsi": "", "size": 169154, "hits": 0, "created_at": "2021-06-25T10:34:47.129Z", "updated_at": "2021-06-25T10:34:47.171Z", "status": "published"}}]