[{"condition": {"id": 40}, "defaults": {"site_id": 47, "admin_id": 51, "file_path": "POSTER_RSAM_2020.pdf", "nama": "Poster RSAM 2020", "deskripsi": "Poster RSAM 2020", "size": 4824428, "hits": 0, "created_at": "2021-06-08T13:20:37.629Z", "updated_at": "2021-06-08T13:20:37.644Z", "status": "published"}}, {"condition": {"id": 158}, "defaults": {"site_id": 47, "admin_id": 51, "file_path": "I.1.A.PDF", "nama": "Manajemen Perubahan - i. Tim Revormasi Birokrasi", "deskripsi": "Zona Integritas - Manajemen Perubahan", "size": 3538681, "hits": 0, "created_at": "2021-07-14T08:46:14.346Z", "updated_at": "2021-07-14T08:46:14.366Z", "status": "published"}}, {"condition": {"id": 159}, "defaults": {"site_id": 47, "admin_id": 51, "file_path": "I.1.B.pdf", "nama": "Manajemen Perubahan - i.b Tim Revormasi Birokrasi", "deskripsi": "Zona Integritas - Manajemen Perubahan", "size": 1866099, "hits": 0, "created_at": "2021-07-14T08:48:08.414Z", "updated_at": "2021-07-14T08:48:08.429Z", "status": "published"}}]