[{"condition": {"id": 535}, "defaults": {"site_id": 58, "admin_id": 76, "file_path": "1._DUK_PKM_Pelangan_2023-1.xlsx", "nama": "DAFTAR URUT KEPANGKATAN PEGAWAI NEGERI SIPIL", "deskripsi": null, "size": 434940, "hits": 0, "created_at": "2023-07-26T10:47:40.846Z", "updated_at": "2023-07-26T10:47:40.949Z", "status": "published"}}, {"condition": {"id": 536}, "defaults": {"site_id": 58, "admin_id": 76, "file_path": "SK_PEMBAGIAN_TUGAS_2023.docx", "nama": "SK PEMBAGIAN TUGAS", "deskripsi": null, "size": 72258, "hits": 0, "created_at": "2023-07-26T10:49:44.728Z", "updated_at": "2023-07-26T10:49:44.801Z", "status": "published"}}, {"condition": {"id": 537}, "defaults": {"site_id": 58, "admin_id": 76, "file_path": "STRUKTUR_PUSKESMAS_BARU_-_Copy-1.xlsx", "nama": "STRUKTUR PUSKESMAS PELANGAN", "deskripsi": null, "size": 75588, "hits": 0, "created_at": "2023-07-26T10:53:03.453Z", "updated_at": "2023-07-26T10:53:03.593Z", "status": "published"}}]