[{"condition": {"id": 259}, "defaults": {"site_id": 54, "admin_id": 72, "file_path": "Promkes_Xvo2CHj.zip", "nama": "PMK 43 TH 2019 ttg PUSKESMAS", "deskripsi": "", "size": 42427469, "hits": 0, "created_at": "2022-07-16T12:04:02.076Z", "updated_at": "2022-07-21T09:47:56.327Z", "status": "published"}}, {"condition": {"id": 262}, "defaults": {"site_id": 54, "admin_id": 72, "file_path": "Pengembangan_zsx7USz.zip", "nama": "PEDOMAN PENGEMBANGAN", "deskripsi": "", "size": 13886242, "hits": 0, "created_at": "2022-07-21T09:49:35.411Z", "updated_at": "2022-07-21T09:49:35.433Z", "status": "published"}}, {"condition": {"id": 263}, "defaults": {"site_id": 54, "admin_id": 72, "file_path": "P2_q5Kwql2.rar", "nama": "KUMPULAN DOKUMEN EXTERNAL P2", "deskripsi": "", "size": 56372034, "hits": 0, "created_at": "2022-07-21T09:52:51.587Z", "updated_at": "2022-07-21T09:52:51.608Z", "status": "published"}}, {"condition": {"id": 277}, "defaults": {"site_id": 54, "admin_id": 72, "file_path": "INSTRUKSI_GUBERNUR_PEMBATASAN_SOSIAL_SKALA_MIKRO_6zTJfjX.pdf", "nama": "INSTRUKSI_GUBERNUR_PEMBATASAN_SOSIAL_SKALA_MIKRO", "deskripsi": "", "size": 2435577, "hits": 0, "created_at": "2022-08-11T09:18:12.077Z", "updated_at": "2022-08-11T09:18:12.096Z", "status": "published"}}, {"condition": {"id": 278}, "defaults": {"site_id": 54, "admin_id": 72, "file_path": "Penundaan_Posyandu_Dimasa_PPKM003_7wG5VOU.pdf", "nama": "Penundaan_Posyandu_Dimasa_PPKM003", "deskripsi": "", "size": 781387, "hits": 0, "created_at": "2022-08-11T09:18:32.472Z", "updated_at": "2022-08-11T09:18:32.494Z", "status": "published"}}, {"condition": {"id": 279}, "defaults": {"site_id": 54, "admin_id": 72, "file_path": "SE_GUBERNUR_PEMBENTUKAN_POSYANDU_KELUARGA_DAN_PERAN_PELEMBAGAAN_wdwznBy.pdf", "nama": "SE_GUBERNUR_PEMBENTUKAN_POSYANDU_KELUARGA_DAN_PERAN_PELEMBAGAAN", "deskripsi": "", "size": 1226509, "hits": 0, "created_at": "2022-08-11T09:19:41.639Z", "updated_at": "2022-08-11T09:19:41.669Z", "status": "published"}}, {"condition": {"id": 280}, "defaults": {"site_id": 54, "admin_id": 72, "file_path": "Surat_Operasional_Pelaksanaan_Posyandu_Dalam_Pencegahan_Covid-19.pdf_ekRYW41.pdf", "nama": "Surat_Operasional_Pelaksanaan_Posyandu_Dalam_Pencegahan_Covid-19.pdf", "deskripsi": "", "size": 289229, "hits": 0, "created_at": "2022-08-11T09:20:57.656Z", "updated_at": "2022-08-11T09:20:57.677Z", "status": "published"}}, {"condition": {"id": 281}, "defaults": {"site_id": 54, "admin_id": 72, "file_path": "SURAT_PENGATURAN_POSYANDU_MASA_PANDEMI_jwmVAex.pdf", "nama": "SURAT_PENGATURAN_POSYANDU_MASA_PANDEMI", "deskripsi": "", "size": 350171, "hits": 0, "created_at": "2022-08-11T09:21:16.287Z", "updated_at": "2022-08-11T09:21:16.307Z", "status": "published"}}]