[{"condition": {"id": 215}, "defaults": {"site_id": 50, "admin_id": 60, "file_path": "sertfikat_akreditasi.pdf", "nama": "SERTIFIKAT AKREDITASI ", "deskripsi": "", "size": 739809, "hits": 0, "created_at": "2022-06-30T09:39:01.271Z", "updated_at": "2022-06-30T09:39:01.290Z", "status": "published"}}, {"condition": {"id": 219}, "defaults": {"site_id": 50, "admin_id": 60, "file_path": "atribut.jpeg", "nama": "atribut", "deskripsi": "", "size": 243921, "hits": 0, "created_at": "2022-06-30T10:32:24.789Z", "updated_at": "2022-06-30T10:32:24.809Z", "status": "published"}}, {"condition": {"id": 221}, "defaults": {"site_id": 50, "admin_id": 60, "file_path": "SK_SP_Puskesmas.pdf", "nama": "STANDAR PELAYANAN PUSKESMAS", "deskripsi": "", "size": 302941, "hits": 0, "created_at": "2022-06-30T10:51:03.798Z", "updated_at": "2022-06-30T10:51:03.819Z", "status": "published"}}, {"condition": {"id": 222}, "defaults": {"site_id": 50, "admin_id": 60, "file_path": "MAKLUMAT_PELAYANAN.jpeg", "nama": "MAKLUMAT LAYANAN", "deskripsi": "", "size": 165940, "hits": 0, "created_at": "2022-06-30T10:51:48.562Z", "updated_at": "2022-06-30T10:51:48.668Z", "status": "published"}}, {"condition": {"id": 223}, "defaults": {"site_id": 50, "admin_id": 60, "file_path": "VISI_MISI.jpeg", "nama": "VIDI DAN MISI", "deskripsi": "", "size": 212352, "hits": 0, "created_at": "2022-06-30T10:53:24.504Z", "updated_at": "2022-06-30T10:53:24.524Z", "status": "published"}}, {"condition": {"id": 224}, "defaults": {"site_id": 50, "admin_id": 60, "file_path": "motto.jpeg", "nama": "MOTTO PUSKESMAS", "deskripsi": "", "size": 202584, "hits": 0, "created_at": "2022-06-30T10:53:38.640Z", "updated_at": "2022-06-30T10:53:38.658Z", "status": "published"}}, {"condition": {"id": 225}, "defaults": {"site_id": 50, "admin_id": 60, "file_path": "jenis_layanan.jpeg", "nama": "ALUR PELAYANAN", "deskripsi": "", "size": 190958, "hits": 0, "created_at": "2022-06-30T10:54:05.208Z", "updated_at": "2022-06-30T10:54:05.226Z", "status": "published"}}, {"condition": {"id": 226}, "defaults": {"site_id": 50, "admin_id": 60, "file_path": "RUANG_TUNGGU.jpeg", "nama": "RUANGTUNGGU PASIEN", "deskripsi": "", "size": 224831, "hits": 0, "created_at": "2022-06-30T11:04:24.426Z", "updated_at": "2022-06-30T11:04:24.445Z", "status": "published"}}, {"condition": {"id": 227}, "defaults": {"site_id": 50, "admin_id": 60, "file_path": "TOILET_PENGGUNA_LAYANAN.jpeg", "nama": "TOILET UNTUK PENGGUN LAYANAN", "deskripsi": "", "size": 141437, "hits": 0, "created_at": "2022-06-30T11:05:08.500Z", "updated_at": "2022-06-30T11:05:08.513Z", "status": "published"}}, {"condition": {"id": 228}, "defaults": {"site_id": 50, "admin_id": 60, "file_path": "TOLITE_PASIEN_BERKEBUTUHAN_HUSUS.jpeg", "nama": "TOILET PASIEN BERKEBUTUHAN KHUSUS", "deskripsi": "", "size": 140903, "hits": 0, "created_at": "2022-06-30T11:05:34.031Z", "updated_at": "2022-06-30T11:05:34.057Z", "status": "published"}}, {"condition": {"id": 229}, "defaults": {"site_id": 50, "admin_id": 60, "file_path": "LOKET_PELAYANAN.jpeg", "nama": "LOKET PENDAFTARAN ", "deskripsi": "", "size": 186192, "hits": 0, "created_at": "2022-06-30T11:06:02.947Z", "updated_at": "2022-06-30T11:06:02.963Z", "status": "published"}}, {"condition": {"id": 230}, "defaults": {"site_id": 50, "admin_id": 60, "file_path": "PENGGUNA_LAYANANBERKRBUTUHAN_HUSUS.jpeg", "nama": "JALUR PEMANDU PASIEN BERKEBUTUHAN KHUSUS", "deskripsi": "", "size": 201699, "hits": 0, "created_at": "2022-06-30T11:06:37.997Z", "updated_at": "2022-06-30T11:06:38.024Z", "status": "published"}}, {"condition": {"id": 231}, "defaults": {"site_id": 50, "admin_id": 60, "file_path": "POJOK_ASI.jpeg", "nama": "POJOK IBU MENYUSUI", "deskripsi": "<p>Fasilitas khusus menyusui atau memerah ASI yang selanjutnya disebut dengan ruang ASI adalah ruangan yang dilengkapi dengan prasarana menyusui dan memerah ASI yang digunakan untuk menyusui bayi,</p>", "size": 150066, "hits": 0, "created_at": "2022-06-30T11:07:10.062Z", "updated_at": "2022-07-11T09:21:20.730Z", "status": "published"}}, {"condition": {"id": 251}, "defaults": {"site_id": 50, "admin_id": 60, "file_path": "SOP_Identifikasi_dan_Penanganan_Keluhan.docx", "nama": "SOP IDENTIFIKASI DAN PENANGANAN KELUHAN", "deskripsi": "", "size": 59942, "hits": 0, "created_at": "2022-07-11T10:01:19.899Z", "updated_at": "2022-07-11T10:01:19.915Z", "status": "published"}}]