[{"condition": {"id": 260}, "defaults": {"site_id": 51, "admin_id": 69, "file_path": "Struktur_Organisasi_2022_1.docx", "nama": "Struktur Organisasi Puskesmas Banyumulek", "deskripsi": "", "size": 121900, "hits": 0, "created_at": "2022-07-18T20:50:55.518Z", "updated_at": "2022-07-18T20:50:55.543Z", "status": "published"}}, {"condition": {"id": 694}, "defaults": {"site_id": 51, "admin_id": 69, "file_path": "BULETIN_MGG_4_PKM_BANYUMULEK.pdf", "nama": "BULLETIN SISTEM KEWASPADAAN DINI DAN RESPON (SKDR)  MINGGU KE-03 SAMPAI MINGGU KE-04 TAHUN 2024 UPT PUSKESMAS BANYUMULEK", "deskripsi": null, "size": 1542619, "hits": 0, "created_at": "2024-01-29T02:58:04.067Z", "updated_at": "2024-01-29T02:58:04.384Z", "status": "published"}}]