[{"condition": {"id": 68}, "defaults": {"site_id": 45, "admin_id": 48, "file_path": "1-415366-3tahunan-848.pdf", "nama": "RENCANA STRATEGIS KEMENTERIAN KESEHATAN ", "deskripsi": "RENCANA STRATEGIS KEMENTERIAN KESEHATAN ", "size": 2938624, "hits": 0, "created_at": "2021-06-09T12:43:19.924Z", "updated_at": "2021-06-09T12:43:19.953Z", "status": "published"}}, {"condition": {"id": 69}, "defaults": {"site_id": 45, "admin_id": 48, "file_path": "pmk-nomor-43-tahun-2019-tentang-puskesmas_2.pdf", "nama": "PERATURAN MENTERI KESEHATAN REPUBLIK INDONESIA NOMOR 43 TAHUN 2019 TENTANG PUSAT KESEHATAN MASYARAKAT ", "deskripsi": "PERATURAN MENTERI KESEHATAN REPUBLIK INDONESIA NOMOR 43 TAHUN 2019 TENTANG PUSAT KESEHATAN MASYARAKAT ", "size": 960658, "hits": 0, "created_at": "2021-06-09T12:44:54.415Z", "updated_at": "2021-06-09T12:44:54.479Z", "status": "published"}}, {"condition": {"id": 299}, "defaults": {"site_id": 45, "admin_id": 48, "file_path": "SOP_PENYAMPAIAN_INFORMASI_PENDAFTARAN_TARIF_JENIS_PELAYANAN_DAN_RUJUKAN.pdf", "nama": "SOP PENYAMPAIAN INFORMASI PENDAFTARAN TARIF, JENIS PELAYANAN, DAN RUJUKAN", "deskripsi": "", "size": 494430, "hits": 0, "created_at": "2022-08-27T10:28:01.641Z", "updated_at": "2022-08-27T10:28:01.662Z", "status": "published"}}, {"condition": {"id": 300}, "defaults": {"site_id": 45, "admin_id": 48, "file_path": "SOP_Posyandu_Pada_Masa_Pandemi_Covid19.pdf", "nama": "SOP Posyandu Pada Masa Pandemi Covid19", "deskripsi": "", "size": 663344, "hits": 0, "created_at": "2022-08-27T10:30:38.505Z", "updated_at": "2022-08-27T10:30:38.520Z", "status": "published"}}, {"condition": {"id": 301}, "defaults": {"site_id": 45, "admin_id": 48, "file_path": "SOP_HAK_MENOLAK_ATAU_TIDAK_MELANJUTKAN_PENGOBATAN.pdf", "nama": "SOP HAK MENOLAK ATAU TIDAK MELANJUTKAN PENGOBATAN", "deskripsi": "", "size": 488290, "hits": 0, "created_at": "2022-08-27T10:31:46.556Z", "updated_at": "2022-08-27T10:31:46.576Z", "status": "published"}}, {"condition": {"id": 302}, "defaults": {"site_id": 45, "admin_id": 48, "file_path": "SOP_PENANGANAN_GAWAT_DARURAT.pdf", "nama": "SOP PENANGANAN GAWAT DARURAT", "deskripsi": "", "size": 590565, "hits": 0, "created_at": "2022-08-27T10:34:13.354Z", "updated_at": "2022-08-27T10:34:13.373Z", "status": "published"}}, {"condition": {"id": 303}, "defaults": {"site_id": 45, "admin_id": 48, "file_path": "SOP_PENDAFTARAN.pdf", "nama": "SOP PENDAFTARAN", "deskripsi": "", "size": 593206, "hits": 0, "created_at": "2022-08-27T10:36:40.317Z", "updated_at": "2022-08-27T10:36:40.333Z", "status": "published"}}]