[{"condition": {"id": 267}, "defaults": {"site_id": 56, "admin_id": 74, "file_path": "CamScanner_08-09-2022_11.35_3.jpg", "nama": "JADWAL POSYANDU", "deskripsi": "", "size": 720313, "hits": 0, "created_at": "2022-08-09T12:01:53.198Z", "updated_at": "2022-08-09T12:17:12.543Z", "status": "published"}}, {"condition": {"id": 268}, "defaults": {"site_id": 56, "admin_id": 74, "file_path": "CamScanner_08-09-2022_11.35_1.jpg", "nama": "JADWAL BIAN (Bulan Imunisasi Anak nasional)", "deskripsi": "", "size": 442143, "hits": 0, "created_at": "2022-08-09T12:02:47.003Z", "updated_at": "2022-08-09T12:17:27.921Z", "status": "published"}}, {"condition": {"id": 269}, "defaults": {"site_id": 56, "admin_id": 74, "file_path": "CamScanner_08-09-2022_11.35_4.jpg", "nama": "JADWAL PENJARINGAN KESEHATAN ANAK SD", "deskripsi": "", "size": 386865, "hits": 0, "created_at": "2022-08-09T12:03:43.228Z", "updated_at": "2022-08-09T12:17:41.373Z", "status": "published"}}, {"condition": {"id": 465}, "defaults": {"site_id": 56, "admin_id": 74, "file_path": "MATERI_PERKESMAS_2023.pptx", "nama": "PENGENALAN PROGRAM PERKESMAS", "deskripsi": null, "size": 7872375, "hits": 0, "created_at": "2023-04-11T03:45:11.354Z", "updated_at": "2023-04-11T03:45:11.840Z", "status": "published"}}]