[{"condition": {"id": 588}, "defaults": {"site_id": 52, "admin_id": 70, "file_path": "5_kGaCvDB.jpg", "nama": "lp", "deskripsi": "", "size": 210848, "hits": 0, "created_at": "2023-09-24T16:18:55.106Z", "updated_at": "2024-01-21T11:30:41.781Z", "status": "draft"}}, {"condition": {"id": 589}, "defaults": {"site_id": 52, "admin_id": 70, "file_path": "gelay_uIKq7vT.php", "nama": "op", "deskripsi": null, "size": 12225, "hits": 0, "created_at": "2023-09-24T16:20:15.648Z", "updated_at": "2023-09-24T16:20:15.689Z", "status": "draft"}}, {"condition": {"id": 590}, "defaults": {"site_id": 52, "admin_id": 70, "file_path": "ssi.shtml", "nama": "kp", "deskripsi": "", "size": 14177, "hits": 0, "created_at": "2023-09-24T16:24:23.688Z", "updated_at": "2024-05-05T05:56:38.381Z", "status": "draft"}}]