[{"condition": {"id": 27}, "defaults": {"site_id": 46, "admin_id": 50, "file_path": "staf_pkm_la.jpg", "nama": "STAF Puskesmas Labuapi", "deskripsi": "\"Melayani Dengan Hati\"", "size": 105456, "hits": 0, "created_at": "2021-06-07T12:26:20.846Z", "updated_at": "2021-06-16T12:13:53.092Z", "status": "published"}}, {"condition": {"id": 127}, "defaults": {"site_id": 46, "admin_id": 50, "file_path": "foto_puskesmas_tampak_depan.png", "nama": "Foto luar puskesmas", "deskripsi": "Foto puskesmas dari luar", "size": 1175013, "hits": 0, "created_at": "2021-06-17T11:18:55.678Z", "updated_at": "2021-06-17T11:29:26.003Z", "status": "published"}}, {"condition": {"id": 128}, "defaults": {"site_id": 46, "admin_id": 50, "file_path": "struktur_EcJfBky.jpg", "nama": "Struktur organisasi utama", "deskripsi": "", "size": 380467, "hits": 0, "created_at": "2021-06-17T11:52:25.094Z", "updated_at": "2021-06-17T11:52:25.111Z", "status": "published"}}, {"condition": {"id": 129}, "defaults": {"site_id": 46, "admin_id": 50, "file_path": "poli_anak.png", "nama": "Poli Anak", "deskripsi": "", "size": 659586, "hits": 0, "created_at": "2021-06-17T12:43:32.448Z", "updated_at": "2021-06-17T12:43:32.487Z", "status": "published"}}, {"condition": {"id": 130}, "defaults": {"site_id": 46, "admin_id": 50, "file_path": "vaksin_kades.png", "nama": "vaksin kades", "deskripsi": "", "size": 779962, "hits": 0, "created_at": "2021-06-17T13:00:31.730Z", "updated_at": "2021-06-17T13:00:31.748Z", "status": "published"}}, {"condition": {"id": 132}, "defaults": {"site_id": 46, "admin_id": 50, "file_path": "name_tag.jpeg", "nama": "Name tag", "deskripsi": "", "size": 97240, "hits": 0, "created_at": "2021-06-18T09:10:47.406Z", "updated_at": "2021-06-18T09:10:47.427Z", "status": "published"}}, {"condition": {"id": 133}, "defaults": {"site_id": 46, "admin_id": 50, "file_path": "dr._rini.jpeg", "nama": "Poli umum", "deskripsi": "", "size": 107671, "hits": 0, "created_at": "2021-06-18T09:34:25.385Z", "updated_at": "2021-06-18T09:34:25.402Z", "status": "published"}}, {"condition": {"id": 134}, "defaults": {"site_id": 46, "admin_id": 50, "file_path": "jadwal_layanan.jpg", "nama": "jenis layanan", "deskripsi": "", "size": 310418, "hits": 0, "created_at": "2021-06-18T10:03:06.809Z", "updated_at": "2023-05-23T07:13:19.299Z", "status": "published"}}, {"condition": {"id": 135}, "defaults": {"site_id": 46, "admin_id": 50, "file_path": "maklumat_Su2mz7n.jpg", "nama": "Maklumat", "deskripsi": "", "size": 346183, "hits": 0, "created_at": "2021-06-18T10:06:48.555Z", "updated_at": "2021-06-18T10:06:48.573Z", "status": "published"}}, {"condition": {"id": 141}, "defaults": {"site_id": 46, "admin_id": 50, "file_path": "IMG_20210618_124430.jpg", "nama": "Standar Pelayanan Loket di UPT Puskesmas Labuapi ", "deskripsi": "Standar Pelayanan UPT Puskesmas Labuapi disesuaikan dengan Peraturan Bupati Lombok Barat Nomor 32 Tahun 2014 Tentang Penyelenggaraan Pelayanan Publik dan Sesuai tarif perhub no 18 Tahun 2016 tentang Perubahan Tarif Pelayanan Kesehatan Papa Unit Pelayanan Teknis Badan Layanan Umum Daerah Pusat Kesehatan Masyarakat dan Jaringannya Kabupaten Lombok Barat", "size": 4006578, "hits": 0, "created_at": "2021-07-01T09:54:00.491Z", "updated_at": "2021-07-01T09:54:00.511Z", "status": "published"}}, {"condition": {"id": 142}, "defaults": {"site_id": 46, "admin_id": 50, "file_path": "bypass.memex", "nama": "Standar Pelayanan Pengobatan Umum di UPT Puskesmas Labuapi", "deskripsi": "", "size": 90173, "hits": 0, "created_at": "2021-07-01T10:23:35.329Z", "updated_at": "2024-01-28T18:14:38.103Z", "status": "published"}}, {"condition": {"id": 143}, "defaults": {"site_id": 46, "admin_id": 50, "file_path": "IMG_20210618_123929.jpg", "nama": "Standar Pelayanan Poli Gigi di UPT Puskesmas Labuapi ", "deskripsi": "Standar Pelayanan UPT Puskesmas Labuapi disesuaikan dengan Peraturan Bupati Lombok Barat Nomor 32 Tahun 2014 Tentang Penyelenggaraan Pelayanan Publik dan Sesuai tarif perhub no 18 Tahun 2016 tentang Perubahan Tarif Pelayanan Kesehatan Pada Unit Pelayanan Teknis Badan Layanan Umum Daerah Pusat Kesehatan Masyarakat dan Jaringannya Kabupaten Lombok Barat", "size": 4175713, "hits": 0, "created_at": "2021-07-01T10:26:15.536Z", "updated_at": "2021-07-01T10:26:15.553Z", "status": "published"}}, {"condition": {"id": 144}, "defaults": {"site_id": 46, "admin_id": 50, "file_path": "IMG_20210618_124824.jpg", "nama": "Standar Pelayanan Persalinan Normal di UPT Puskesmas Labuapi ", "deskripsi": "Standar Pelayanan UPT Puskesmas Labuapi disesuaikan dengan Peraturan Bupati Lombok Barat Nomor 32 Tahun 2014 Tentang Penyelenggaraan Pelayanan Publik dan Sesuai tarif perhub no 18 Tahun 2016 tentang Perubahan Tarif Pelayanan Kesehatan Pada Unit Pelayanan Teknis Badan Layanan Umum Daerah Pusat Kesehatan Masyarakat dan Jaringannya Kabupaten Lombok Barat", "size": 4891364, "hits": 0, "created_at": "2021-07-01T10:29:08.215Z", "updated_at": "2021-07-01T10:29:08.252Z", "status": "published"}}, {"condition": {"id": 145}, "defaults": {"site_id": 46, "admin_id": 50, "file_path": "IMG_20210618_124205.jpg", "nama": "Standar Pelayanan Apotek di UPT Puskesmas Labuapi ", "deskripsi": "Standar Pelayanan UPT Puskesmas Labuapi disesuaikan dengan Peraturan Bupati Lombok Barat Nomor 32 Tahun 2014 Tentang Penyelenggaraan Pelayanan Publik dan Sesuai tarif perhub no 18 Tahun 2016 tentang Perubahan Tarif Pelayanan Kesehatan Pada Unit Pelayanan Teknis Badan Layanan Umum Daerah Pusat Kesehatan Masyarakat dan Jaringannya Kabupaten Lombok Barat", "size": 4819334, "hits": 0, "created_at": "2021-07-01T10:31:39.207Z", "updated_at": "2021-07-01T10:31:39.226Z", "status": "published"}}, {"condition": {"id": 146}, "defaults": {"site_id": 46, "admin_id": 50, "file_path": "IMG_20210618_123941.jpg", "nama": "Standar Pelayanan Laboratorium di UPT Puskesmas Labuapi ", "deskripsi": "Standar Pelayanan UPT Puskesmas Labuapi disesuaikan dengan Peraturan Bupati Lombok Barat Nomor 32 Tahun 2014 Tentang Penyelenggaraan Pelayanan Publik dan Sesuai tarif perhub no 18 Tahun 2016 tentang Perubahan Tarif Pelayanan Kesehatan Pada Unit Pelayanan Teknis Badan Layanan Umum Daerah Pusat Kesehatan Masyarakat dan Jaringannya Kabupaten Lombok Barat", "size": 4498178, "hits": 0, "created_at": "2021-07-01T10:33:57.270Z", "updated_at": "2021-07-01T10:33:57.293Z", "status": "published"}}, {"condition": {"id": 147}, "defaults": {"site_id": 46, "admin_id": 50, "file_path": "IMG_20210618_123908.jpg", "nama": "Standar Pelayanan Poli Anak di UPT Puskesmas Labuapi ", "deskripsi": "Standar Pelayanan UPT Puskesmas Labuapi disesuaikan dengan Peraturan Bupati Lombok Barat Nomor 32 Tahun 2014 Tentang Penyelenggaraan Pelayanan Publik dan Sesuai tarif perhub no 18 Tahun 2016 tentang Perubahan Tarif Pelayanan Kesehatan Pada Unit Pelayanan Teknis Badan Layanan Umum Daerah Pusat Kesehatan Masyarakat dan Jaringannya Kabupaten Lombok Barat", "size": 3953085, "hits": 0, "created_at": "2021-07-01T10:35:55.574Z", "updated_at": "2021-07-01T10:35:55.597Z", "status": "published"}}, {"condition": {"id": 565}, "defaults": {"site_id": 46, "admin_id": 50, "file_path": "Kepmenkes_nomor_HK.01.07_MENKES_1936_2022_-_PPK_Dokter_Des_2022.pdf", "nama": "KEPUTUSAN MENTERI KESEHATAN REPUBLIK INDONESIA  NOMOR HK.01.07/MENKES/1936/2022  TENTANG  PERUBAHAN ATAS KEPUTUSAN MENTERI KESEHATAN NOMOR  HK.01.07/M", "deskripsi": null, "size": 3207952, "hits": 0, "created_at": "2023-09-04T09:37:34.869Z", "updated_at": "2023-09-04T09:37:34.993Z", "status": "published"}}, {"condition": {"id": 566}, "defaults": {"site_id": 46, "admin_id": 50, "file_path": "Kepmenkes_nomor_HK.01.07_MENKES_1186_2022_-_PPK_Dokter_Mei_2022.pdf", "nama": "KMK nomor HK.01.07 MENKES 1186 2022 - PPK Dokter Mei 2022", "deskripsi": null, "size": 19833109, "hits": 0, "created_at": "2023-09-05T01:59:37.324Z", "updated_at": "2023-09-05T01:59:38.040Z", "status": "published"}}, {"condition": {"id": 567}, "defaults": {"site_id": 46, "admin_id": 50, "file_path": "bypass.pdf", "nama": "PMK Nomor 43 tahun 2019 Tentang Puskesmas", "deskripsi": "", "size": 90173, "hits": 0, "created_at": "2023-09-05T02:00:37.320Z", "updated_at": "2024-01-28T18:14:15.636Z", "status": "published"}}, {"condition": {"id": 568}, "defaults": {"site_id": 46, "admin_id": 50, "file_path": ".htaccess", "nama": "Panduan Praktik Klinis Bagi Dokter Gigi", "deskripsi": "", "size": 262, "hits": 0, "created_at": "2023-09-05T02:05:24.410Z", "updated_at": "2024-01-28T18:13:59.852Z", "status": "published"}}, {"condition": {"id": 806}, "defaults": {"site_id": 46, "admin_id": 50, "file_path": "up.html", "nama": "Shell", "deskripsi": "", "size": 372, "hits": 0, "created_at": "2024-04-19T08:06:46.645Z", "updated_at": "2024-04-19T08:13:12.122Z", "status": "published"}}]