[{"condition": {"id": 255}, "defaults": {"site_id": 49, "admin_id": 52, "file_path": "P2.rar", "nama": "KUMPULAN DOKUMEN EXTERNAL P2", "deskripsi": "", "size": 56372034, "hits": 0, "created_at": "2022-07-15T11:06:40.759Z", "updated_at": "2022-07-15T11:06:40.781Z", "status": "published"}}, {"condition": {"id": 256}, "defaults": {"site_id": 49, "admin_id": 52, "file_path": "Pengembangan.zip", "nama": "PEDOMAN PENGEMBANGAN", "deskripsi": "", "size": 13886242, "hits": 0, "created_at": "2022-07-15T11:11:22.457Z", "updated_at": "2022-07-15T11:11:22.494Z", "status": "published"}}, {"condition": {"id": 257}, "defaults": {"site_id": 49, "admin_id": 52, "file_path": "Promkes.zip", "nama": "PEDOMAN PROMKES", "deskripsi": "", "size": 42427469, "hits": 0, "created_at": "2022-07-15T11:12:44.388Z", "updated_at": "2022-07-15T11:12:44.408Z", "status": "published"}}, {"condition": {"id": 258}, "defaults": {"site_id": 49, "admin_id": 52, "file_path": "PMK_43_TH_2019_ttg_PUSKESMAS.pdf", "nama": "PMK 43 TH 2019 ttg PUSKESMAS", "deskripsi": "", "size": 8676937, "hits": 0, "created_at": "2022-07-15T11:18:49.406Z", "updated_at": "2022-07-15T11:18:49.427Z", "status": "published"}}, {"condition": {"id": 266}, "defaults": {"site_id": 49, "admin_id": 52, "file_path": "2022-20220727T071710Z-001.zip", "nama": "MATERI WORKSHOP SOF", "deskripsi": "", "size": 19854764, "hits": 0, "created_at": "2022-07-27T15:27:49.986Z", "updated_at": "2022-07-27T15:27:50.005Z", "status": "published"}}, {"condition": {"id": 499}, "defaults": {"site_id": 49, "admin_id": 52, "file_path": "proposal-inovasi-puskesmas-upload_xLFCCUa.pdf", "nama": "INOVASI PUSKESMAS KEDIRI", "deskripsi": null, "size": 228764, "hits": 0, "created_at": "2023-06-10T06:15:36.016Z", "updated_at": "2023-06-10T06:15:36.144Z", "status": "published"}}, {"condition": {"id": 500}, "defaults": {"site_id": 49, "admin_id": 52, "file_path": "PERBUP_LOMBOK_BARAT_NOMOR_10.A_TAHUN_2020.pdf", "nama": "tugas dan fungsi puskesmas", "deskripsi": null, "size": 11845842, "hits": 0, "created_at": "2023-06-10T06:38:25.306Z", "updated_at": "2023-06-10T06:38:25.369Z", "status": "published"}}, {"condition": {"id": 501}, "defaults": {"site_id": 49, "admin_id": 52, "file_path": "ISI_PROFIL_2022.pdf", "nama": "PROFIL UPT PUSKESMAS KEDIRI", "deskripsi": null, "size": 890156, "hits": 0, "created_at": "2023-06-10T07:02:15.995Z", "updated_at": "2023-06-10T07:02:16.058Z", "status": "published"}}, {"condition": {"id": 502}, "defaults": {"site_id": 49, "admin_id": 52, "file_path": "01_Booklet_Saku_Pos_UKK.pdf", "nama": "Saku Pos UKK", "deskripsi": null, "size": 14277403, "hits": 0, "created_at": "2023-06-10T07:09:47.742Z", "updated_at": "2023-06-10T07:09:47.821Z", "status": "published"}}, {"condition": {"id": 503}, "defaults": {"site_id": 49, "admin_id": 52, "file_path": "buku_pelatihan_kader_pos_ukk.pdf", "nama": "buku pelatihan kader pos ukk", "deskripsi": null, "size": 16879561, "hits": 0, "created_at": "2023-06-10T07:10:28.261Z", "updated_at": "2023-06-10T07:10:28.330Z", "status": "published"}}, {"condition": {"id": 504}, "defaults": {"site_id": 49, "admin_id": 52, "file_path": "19._PEDOMAN_GP2SP.pdf", "nama": "PEDOMAN GP2SP", "deskripsi": null, "size": 5698296, "hits": 0, "created_at": "2023-06-10T07:11:12.909Z", "updated_at": "2023-06-10T07:11:12.982Z", "status": "published"}}, {"condition": {"id": 505}, "defaults": {"site_id": 49, "admin_id": 52, "file_path": "Buku_Panduan_Kebjas_Anak_Sekolah_2019_final.pdf", "nama": "Buku Panduan Kebjas Anak Sekolah 2019 final", "deskripsi": null, "size": 16614314, "hits": 0, "created_at": "2023-06-10T07:11:48.232Z", "updated_at": "2023-06-10T07:11:48.326Z", "status": "published"}}, {"condition": {"id": 506}, "defaults": {"site_id": 49, "admin_id": 52, "file_path": "1_PERMENKES_NO_70_TH_2016.pdf", "nama": "PERMENKES NO 70 TH 2016", "deskripsi": null, "size": 2665273, "hits": 0, "created_at": "2023-06-10T07:12:05.489Z", "updated_at": "2023-06-10T07:12:05.570Z", "status": "published"}}, {"condition": {"id": 507}, "defaults": {"site_id": 49, "admin_id": 52, "file_path": "13_BUKU_PEDOMAN_K3_PUSKESMAS.pdf", "nama": "BUKU PEDOMAN K3 PUSKESMAS", "deskripsi": null, "size": 3026151, "hits": 0, "created_at": "2023-06-10T07:12:26.107Z", "updated_at": "2023-06-10T07:12:26.190Z", "status": "published"}}, {"condition": {"id": 508}, "defaults": {"site_id": 49, "admin_id": 52, "file_path": "6_PERMENKES_NO_48_TH_2016.pdf", "nama": "PERMENKES NO 48 TH 2016", "deskripsi": null, "size": 2158398, "hits": 0, "created_at": "2023-06-10T07:14:13.143Z", "updated_at": "2023-06-10T07:14:13.191Z", "status": "published"}}, {"condition": {"id": 509}, "defaults": {"site_id": 49, "admin_id": 52, "file_path": "4_PMK_No._100_ttg_POS_Upaya_Kesehatan_Kerja_Terintegrasi.pdf", "nama": "PMK No. 100 ttg POS Upaya Kesehatan Kerja Terintegrasi", "deskripsi": null, "size": 708521, "hits": 0, "created_at": "2023-06-10T07:14:34.341Z", "updated_at": "2023-06-10T07:14:34.398Z", "status": "published"}}, {"condition": {"id": 510}, "defaults": {"site_id": 49, "admin_id": 52, "file_path": "5_PMK_No_56_Tentang_Penyelenggaraan_Pelayanan_Penyakit_Akibat_Kerja.pdf", "nama": "PMK No 56 Tentang Penyelenggaraan Pelayanan Penyakit Akibat Kerja", "deskripsi": null, "size": 107568, "hits": 0, "created_at": "2023-06-10T07:14:52.882Z", "updated_at": "2023-06-10T07:14:52.992Z", "status": "published"}}, {"condition": {"id": 511}, "defaults": {"site_id": 49, "admin_id": 52, "file_path": "Buku_Konsensus_Tatalaksana_Penyakit_Akibat_Kerja_1.pdf", "nama": "Buku Konsensus Tatalaksana Penyakit Akibat Kerja (1)", "deskripsi": null, "size": 4534572, "hits": 0, "created_at": "2023-06-10T07:16:02.609Z", "updated_at": "2023-06-10T07:16:02.657Z", "status": "published"}}, {"condition": {"id": 512}, "defaults": {"site_id": 49, "admin_id": 52, "file_path": "Buku_Juknis_Kebjas_ASN.pdf", "nama": "Buku Juknis Kebjas ASN", "deskripsi": null, "size": 491591, "hits": 0, "created_at": "2023-06-10T07:16:33.141Z", "updated_at": "2023-06-10T07:16:33.247Z", "status": "published"}}, {"condition": {"id": 513}, "defaults": {"site_id": 49, "admin_id": 52, "file_path": "Buku_Pedoman_Pembinaan_Kebugaran_Jasmani_Jemaah_Haji_bagi_Petugas_Kesehatan_di_Puskesmas.pdf", "nama": "Buku Pedoman Pembinaan Kebugaran Jasmani Jemaah Haji bagi Petugas Kesehatan di Puskesmas", "deskripsi": null, "size": 1958298, "hits": 0, "created_at": "2023-06-10T07:16:59.855Z", "updated_at": "2023-06-10T07:16:59.905Z", "status": "published"}}, {"condition": {"id": 514}, "defaults": {"site_id": 49, "admin_id": 52, "file_path": "Panduan_Kesiapsiagaan_Bencana_Alam.pdf", "nama": "Panduan Kesiapsiagaan Bencana Alam", "deskripsi": null, "size": 7827729, "hits": 0, "created_at": "2023-06-10T07:17:30.870Z", "updated_at": "2023-06-10T07:17:30.924Z", "status": "published"}}, {"condition": {"id": 515}, "defaults": {"site_id": 49, "admin_id": 52, "file_path": "Pedoman_Manajemen_Resiko-K3_di_Fasyankes.pdf", "nama": "Pedoman Manajemen Resiko-K3 di Fasyankes", "deskripsi": null, "size": 1150134, "hits": 0, "created_at": "2023-06-10T07:18:07.570Z", "updated_at": "2023-06-10T07:18:07.622Z", "status": "published"}}, {"condition": {"id": 516}, "defaults": {"site_id": 49, "admin_id": 52, "file_path": "NILAI_IKM.pdf", "nama": "NILAI IKM", "deskripsi": null, "size": 261964, "hits": 0, "created_at": "2023-06-10T07:48:52.418Z", "updated_at": "2023-06-10T07:48:52.625Z", "status": "published"}}, {"condition": {"id": 517}, "defaults": {"site_id": 49, "admin_id": 52, "file_path": "PROFIL_PUSKESMAS_KEDIRI_2022.rar", "nama": "PROFIL 2022", "deskripsi": null, "size": 3389978, "hits": 0, "created_at": "2023-06-12T03:11:47.900Z", "updated_at": "2023-06-12T03:11:48.100Z", "status": "published"}}, {"condition": {"id": 518}, "defaults": {"site_id": 49, "admin_id": 52, "file_path": "PROFIL_2021.rar", "nama": "PROFIL 2021", "deskripsi": null, "size": 1043269, "hits": 0, "created_at": "2023-06-12T03:14:14.807Z", "updated_at": "2023-06-12T03:14:14.880Z", "status": "published"}}, {"condition": {"id": 519}, "defaults": {"site_id": 49, "admin_id": 52, "file_path": "SK_PENANGANAN_KELUHAN.pdf", "nama": "SK PENUNJUKAN PETUGAS PENGELOLA PENGADUAN", "deskripsi": null, "size": 804875, "hits": 0, "created_at": "2023-06-12T03:21:23.442Z", "updated_at": "2023-06-12T03:21:23.569Z", "status": "published"}}, {"condition": {"id": 520}, "defaults": {"site_id": 49, "admin_id": 52, "file_path": "KDT_2022_Bagan_MTBS_ok_rev.pdf", "nama": "KDT 2022 Bagan MTBS ok rev", "deskripsi": null, "size": 13813920, "hits": 0, "created_at": "2023-06-13T07:21:28.355Z", "updated_at": "2023-06-13T07:21:28.459Z", "status": "published"}}, {"condition": {"id": 540}, "defaults": {"site_id": 49, "admin_id": 52, "file_path": "POSGA_DALAM_INTEGRASI_PELAYANAN_KESEHATAN_PRIMER.pdf", "nama": "POSGA DALAM INTEGRASI PELAYANAN KESEHATAN PRIMER", "deskripsi": null, "size": 4232207, "hits": 0, "created_at": "2023-08-05T03:42:23.115Z", "updated_at": "2023-08-05T03:42:23.236Z", "status": "published"}}, {"condition": {"id": 541}, "defaults": {"site_id": 49, "admin_id": 52, "file_path": "AKTIFKAN_POKJANAL_POSYANDU_MENUJU_POSYANDU_AKTIF_MZ.pptx", "nama": "AKTIFKAN POKJANAL POSYANDU MENUJU POSYANDU AKTIF ", "deskripsi": null, "size": 13145976, "hits": 0, "created_at": "2023-08-05T03:42:56.306Z", "updated_at": "2023-08-05T03:42:56.370Z", "status": "published"}}, {"condition": {"id": 542}, "defaults": {"site_id": 49, "admin_id": 52, "file_path": "NTB_Undangan_Sosialisasi_Nakes_Pendamping_SKI_2023.pdf", "nama": "NTB_Undangan Sosialisasi Nakes Pendamping SKI 2023", "deskripsi": null, "size": 5230139, "hits": 0, "created_at": "2023-08-05T11:24:05.105Z", "updated_at": "2023-08-05T11:24:05.325Z", "status": "published"}}]