[{"condition": {"id": 270}, "defaults": {"site_id": 43, "admin_id": 46, "file_path": "PerbubTarif18Tahun201609500513042020_NDwwLdg.pdf", "nama": "Peraturan Bupati Lombok Barat Nomor 18 Tahun 2016 Tentang Perubahan Tarif Pelayanan kesehatan ", "deskripsi": "<p>Peraturan Bupati Lombok Barat Nomor 18 Tahun 2016 Tentang Perubahan Tarif Pelayanan kesehatan Pada Unit Pelaksana Teknis Badan Layanan Umum Daerah Pusat Kesehatan Masyarakat Dan jaringannya di Kabupaten Lombok Barat</p>\r\n", "size": 5554307, "hits": 0, "created_at": "2022-08-10T20:51:45.782Z", "updated_at": "2022-08-10T20:51:45.878Z", "status": "published"}}, {"condition": {"id": 271}, "defaults": {"site_id": 43, "admin_id": 46, "file_path": "SURAT_PENGATURAN_POSYANDU_MASA_PANDEMI.pdf", "nama": "Surat Edaran Pengaturan Posyandu Masa Pandemi", "deskripsi": "<p>Surat Edaran Pengaturan Posyandu Masa Pandemi</p>\r\n", "size": 350171, "hits": 0, "created_at": "2022-08-10T20:55:59.047Z", "updated_at": "2022-08-10T20:55:59.068Z", "status": "published"}}, {"condition": {"id": 272}, "defaults": {"site_id": 43, "admin_id": 46, "file_path": "Surat_Operasional_Pelaksanaan_Posyandu_Dalam_Pencegahan_Covid-19.pdf.pdf", "nama": "Surat Edaran Operasional Pelaksanaan Posyandu Dalam Pencegahan Covid-19", "deskripsi": "<p>Surat Edaran Operasional Pelaksanaan Posyandu Dalam Pencegahan Covid-19</p>\r\n", "size": 289229, "hits": 0, "created_at": "2022-08-10T20:56:51.115Z", "updated_at": "2022-08-10T20:56:51.132Z", "status": "published"}}, {"condition": {"id": 273}, "defaults": {"site_id": 43, "admin_id": 46, "file_path": "SE_BUPATI_LOBAR_PEMBATASAN_IDUL_FITRI_1442_H.pdf", "nama": "Surat Edaran Pembatasan Kegiatan Pada Bulan Ramadhan dan Hari Raya Idul Fitri 1442H/2021 Dalam Masa Pandemi", "deskripsi": "<p>Surat Edaran Pembatasan Kegiatan Pada Bulan Ramadhan dan Hari Raya Idul Fitri 1442H/2021 Dalam Masa Pandemi</p>\r\n", "size": 345203, "hits": 0, "created_at": "2022-08-10T20:58:22.570Z", "updated_at": "2022-08-10T20:58:22.589Z", "status": "published"}}, {"condition": {"id": 274}, "defaults": {"site_id": 43, "admin_id": 46, "file_path": "Penundaan_Posyandu_Dimasa_PPKM003.pdf", "nama": "Surat Edaran Penundaan Posyandu di Masa PPKM", "deskripsi": "<p>Surat Edaran Penundaan Posyandu di Masa PPKM</p>\r\n", "size": 781387, "hits": 0, "created_at": "2022-08-10T20:59:44.676Z", "updated_at": "2022-08-10T20:59:44.693Z", "status": "published"}}, {"condition": {"id": 275}, "defaults": {"site_id": 43, "admin_id": 46, "file_path": "INSTRUKSI_GUBERNUR_PEMBATASAN_SOSIAL_SKALA_MIKRO.pdf", "nama": "Instruksi Gubernur Pemberlakuan Pembatasan Kegiatan Berbasis Mikro di NTB", "deskripsi": "<p>Instruksi Gubernur Pemberlakuan Pembatasan Kegiatan Berbasis Mikro di NTB</p>\r\n", "size": 2435577, "hits": 0, "created_at": "2022-08-10T21:01:34.268Z", "updated_at": "2022-08-10T21:01:34.288Z", "status": "published"}}, {"condition": {"id": 276}, "defaults": {"site_id": 43, "admin_id": 46, "file_path": "SE_GUBERNUR_PEMBENTUKAN_POSYANDU_KELUARGA_DAN_PERAN_PELEMBAGAAN.pdf", "nama": "Surat Edaran Bupati Pembentukan Posyandu Keluarga (Posyanga)", "deskripsi": "<p>Surat Edaran Bupati Pembentukan Posyandu Keluarga (Posyanga)</p>\r\n", "size": 1226509, "hits": 0, "created_at": "2022-08-10T21:03:28.045Z", "updated_at": "2022-08-10T21:03:28.065Z", "status": "published"}}, {"condition": {"id": 288}, "defaults": {"site_id": 43, "admin_id": 46, "file_path": "SP_Loket.pdf", "nama": "SP (Standar Pelayanan) Loket", "deskripsi": "", "size": 22832, "hits": 0, "created_at": "2022-08-22T12:55:32.643Z", "updated_at": "2022-08-22T12:55:32.661Z", "status": "published"}}, {"condition": {"id": 289}, "defaults": {"site_id": 43, "admin_id": 46, "file_path": "SP_Poli_Umum.pdf", "nama": "SP (Standar Pelayanan) Poli Umum", "deskripsi": "", "size": 42592, "hits": 0, "created_at": "2022-08-22T12:55:47.411Z", "updated_at": "2022-08-22T12:55:47.432Z", "status": "published"}}, {"condition": {"id": 290}, "defaults": {"site_id": 43, "admin_id": 46, "file_path": "SP_Poli_Anak.pdf", "nama": "SP (Standar Pelayanan) Poli Anak", "deskripsi": "", "size": 22571, "hits": 0, "created_at": "2022-08-22T12:56:00.133Z", "updated_at": "2022-08-22T12:56:00.153Z", "status": "published"}}, {"condition": {"id": 291}, "defaults": {"site_id": 43, "admin_id": 46, "file_path": "SP_Poli_Jiwa.pdf", "nama": "SP (Standar Pelayanan) Poli Jiwa", "deskripsi": "", "size": 42685, "hits": 0, "created_at": "2022-08-22T12:56:24.963Z", "updated_at": "2022-08-22T12:56:24.988Z", "status": "published"}}, {"condition": {"id": 292}, "defaults": {"site_id": 43, "admin_id": 46, "file_path": "SP_Poli_Gigi.pdf", "nama": "SP (Standar Pelayanan) Poli Gigi", "deskripsi": "", "size": 22944, "hits": 0, "created_at": "2022-08-22T12:56:40.872Z", "updated_at": "2022-08-22T12:56:40.891Z", "status": "published"}}, {"condition": {"id": 293}, "defaults": {"site_id": 43, "admin_id": 46, "file_path": "SP_Konsultasi_Gizi.pdf", "nama": "SP (Standar Pelayanan) Konsultasi Gizi", "deskripsi": "", "size": 22604, "hits": 0, "created_at": "2022-08-22T12:57:07.738Z", "updated_at": "2022-08-22T12:57:07.754Z", "status": "published"}}, {"condition": {"id": 294}, "defaults": {"site_id": 43, "admin_id": 46, "file_path": "SP_Klinik_Sanitasi.pdf", "nama": "SP (Standar Pelayanan) Kilinik Sanitasi", "deskripsi": "", "size": 22524, "hits": 0, "created_at": "2022-08-22T12:57:25.592Z", "updated_at": "2022-08-22T12:57:25.614Z", "status": "published"}}, {"condition": {"id": 295}, "defaults": {"site_id": 43, "admin_id": 46, "file_path": "SP_Laboratorium.pdf", "nama": "SP (Standar Pelayanan) Laboratorium", "deskripsi": "", "size": 23227, "hits": 0, "created_at": "2022-08-22T12:58:02.775Z", "updated_at": "2022-08-22T12:58:02.797Z", "status": "published"}}, {"condition": {"id": 296}, "defaults": {"site_id": 43, "admin_id": 46, "file_path": "SP_Persalinan_Normal.pdf", "nama": "SP (Standar Pelayanan) Persalinan Normal", "deskripsi": "", "size": 23105, "hits": 0, "created_at": "2022-08-22T12:58:19.414Z", "updated_at": "2022-08-22T12:58:19.433Z", "status": "published"}}, {"condition": {"id": 297}, "defaults": {"site_id": 43, "admin_id": 46, "file_path": "SP_Rawat_Inap.pdf", "nama": "SP (Standar Pelayanan) Rawat Inap", "deskripsi": "", "size": 23379, "hits": 0, "created_at": "2022-08-22T12:58:36.534Z", "updated_at": "2022-08-22T12:58:36.553Z", "status": "published"}}, {"condition": {"id": 298}, "defaults": {"site_id": 43, "admin_id": 46, "file_path": "SP_Gawat_Darurat.pdf", "nama": "SP (Standar Pelayanan) Rawat Darurat", "deskripsi": "", "size": 23199, "hits": 0, "created_at": "2022-08-22T12:58:56.577Z", "updated_at": "2022-08-22T12:58:56.643Z", "status": "published"}}]