[{"condition": {"id": 216}, "defaults": {"site_id": 57, "admin_id": 75, "file_path": "SK_PETUGAS_PENGELOLA_PENGADUAN.pdf", "nama": "SK PETUGAS PENGELOLA PENGADUAN", "deskripsi": "", "size": 338293, "hits": 0, "created_at": "2022-06-30T09:49:25.809Z", "updated_at": "2022-06-30T09:49:25.835Z", "status": "published"}}, {"condition": {"id": 217}, "defaults": {"site_id": 57, "admin_id": 75, "file_path": "JENIS_LAYANAN_1.pdf", "nama": "JENIS LAYANAN ", "deskripsi": "", "size": 305380, "hits": 0, "created_at": "2022-06-30T09:50:13.854Z", "updated_at": "2022-06-30T09:50:13.912Z", "status": "published"}}, {"condition": {"id": 218}, "defaults": {"site_id": 57, "admin_id": 75, "file_path": "VISI_MISI_DAN_TATA_NILAI.pdf", "nama": "VISI MISI DAN TATA NILAI", "deskripsi": "", "size": 182226, "hits": 0, "created_at": "2022-06-30T09:50:48.491Z", "updated_at": "2022-06-30T09:50:48.518Z", "status": "published"}}, {"condition": {"id": 523}, "defaults": {"site_id": 57, "admin_id": 75, "file_path": "jenis_jenis_pelayanan_UPT_Puskesmas_Meninting.jpg", "nama": "Jenis jenis Layanan", "deskripsi": null, "size": 176906, "hits": 0, "created_at": "2023-07-01T14:44:41.806Z", "updated_at": "2023-07-01T14:44:41.925Z", "status": "published"}}, {"condition": {"id": 529}, "defaults": {"site_id": 57, "admin_id": 75, "file_path": "Jumlah_10_Besar_Penyakit_Terbanyak_di_Puskesmas_Tahun_2018_Prov_NTB_0.xlsx", "nama": "10 Penyakit terbanyak tahun 2018", "deskripsi": null, "size": 19003, "hits": 0, "created_at": "2023-07-22T11:17:23.517Z", "updated_at": "2023-07-22T11:17:23.577Z", "status": "published"}}, {"condition": {"id": 530}, "defaults": {"site_id": 57, "admin_id": 75, "file_path": "Jumlah_10_besar_penyakit_terbanyak_di_Puskesmas_se_NTB_Tahun_2019.xlsx", "nama": "10 Penyakit terbanyak tahun 2019", "deskripsi": null, "size": 9758, "hits": 0, "created_at": "2023-07-22T11:18:02.266Z", "updated_at": "2023-07-22T11:18:02.483Z", "status": "published"}}, {"condition": {"id": 531}, "defaults": {"site_id": 57, "admin_id": 75, "file_path": "Rekapitulasi_10_Besar_Penyakit_Terbanyak_Di_Puskesmas_Se-NTB_Tahun_2020.xlsx", "nama": "10 Penyakit terbanyak tahun 2020", "deskripsi": null, "size": 11583, "hits": 0, "created_at": "2023-07-22T11:18:34.495Z", "updated_at": "2023-07-22T11:18:34.555Z", "status": "published"}}, {"condition": {"id": 532}, "defaults": {"site_id": 57, "admin_id": 75, "file_path": "Jumlah_10_Besar_Penyakit_Terbanyak_di_Puskesmas_2021_Prov_NTB.xlsx", "nama": "10 Penyakit terbanyak tahun 2021", "deskripsi": null, "size": 11823, "hits": 0, "created_at": "2023-07-22T11:19:05.724Z", "updated_at": "2023-07-22T11:19:05.881Z", "status": "published"}}, {"condition": {"id": 533}, "defaults": {"site_id": 57, "admin_id": 75, "file_path": "Jumlah_10_Besar_Penyakit_Terbanyak_di_Puskesmas_2022_Prov_NTB_1.xlsx", "nama": "10 Penyakit terbanyak tahun 2022", "deskripsi": null, "size": 11823, "hits": 0, "created_at": "2023-07-22T11:19:33.676Z", "updated_at": "2023-07-22T11:19:33.728Z", "status": "published"}}]