[{"condition": {"id": 235}, "defaults": {"site_id": 64, "admin_id": 82, "file_path": "MAKLUMAT_PELAYANAN.jpg", "nama": "MAKLUMAT PELAYANAN UPT PUSKESMAS SURANADI", "deskripsi": "", "size": 117082, "hits": 0, "created_at": "2022-07-07T14:29:33.485Z", "updated_at": "2022-07-07T14:29:33.514Z", "status": "published"}}, {"condition": {"id": 236}, "defaults": {"site_id": 64, "admin_id": 82, "file_path": "RUANG_TUNGGU_QXU919h.jpg", "nama": "RUANG TUNGGU PASIEN UPT PUSKESMAS SURANADI", "deskripsi": "", "size": 98540, "hits": 0, "created_at": "2022-07-07T14:30:30.472Z", "updated_at": "2022-07-07T14:30:30.493Z", "status": "published"}}, {"condition": {"id": 237}, "defaults": {"site_id": 64, "admin_id": 82, "file_path": "TOILET_PASIEN_1.jpg", "nama": "TOILET PASIEN", "deskripsi": "<p><img alt=\"\" src=\"/media/uploads/puskesmassuranadilobar/2022/07/07/toilet-pasien.jpg\" style=\"height:400px; width:300px\" /></p>\r\n", "size": 56807, "hits": 0, "created_at": "2022-07-07T14:34:21.339Z", "updated_at": "2022-07-07T14:34:21.359Z", "status": "published"}}, {"condition": {"id": 239}, "defaults": {"site_id": 64, "admin_id": 82, "file_path": "211cd754-81c9-4aa2-9f5b-1e0e62434f09.jpg", "nama": "LOKET/MEJA PELAYANAN", "deskripsi": "<p><img alt=\"\" src=\"/media/uploads/puskesmassuranadilobar/2022/07/08/ruang-pendaftaran.jpg\" style=\"height:960px; width:1280px\" /></p>\r\n", "size": 103936, "hits": 0, "created_at": "2022-07-08T10:51:37.696Z", "updated_at": "2022-07-08T10:51:37.719Z", "status": "published"}}, {"condition": {"id": 240}, "defaults": {"site_id": 64, "admin_id": 82, "file_path": "TARIF_LAYANAN.jpg", "nama": "BIAYA/TARIF", "deskripsi": "<p><img alt=\"\" src=\"/media/uploads/puskesmassuranadilobar/2022/07/08/tarif-layanan.jpg\" style=\"height:1280px; width:960px\" /></p>\r\n", "size": 142728, "hits": 0, "created_at": "2022-07-08T10:52:46.630Z", "updated_at": "2022-07-08T10:52:46.644Z", "status": "published"}}, {"condition": {"id": 241}, "defaults": {"site_id": 64, "admin_id": 82, "file_path": "RUANG_ASI.jpg", "nama": "RUANG ASI", "deskripsi": "<p><img alt=\"\" src=\"/media/uploads/puskesmassuranadilobar/2022/07/08/ruang-asi.jpg\" style=\"height:1280px; width:960px\" /></p>\r\n", "size": 81313, "hits": 0, "created_at": "2022-07-08T10:53:52.221Z", "updated_at": "2022-07-08T10:53:52.238Z", "status": "published"}}, {"condition": {"id": 242}, "defaults": {"site_id": 64, "admin_id": 82, "file_path": "TOILET_PETUGAS_2.jpg", "nama": "TOILET KHUSUS PETUGAS", "deskripsi": "<p><img alt=\"\" src=\"/media/uploads/puskesmassuranadilobar/2022/07/08/toilet-petugas.jpg\" style=\"height:960px; width:1280px\" /></p>\r\n", "size": 53167, "hits": 0, "created_at": "2022-07-08T10:56:41.099Z", "updated_at": "2022-07-08T10:56:41.124Z", "status": "published"}}, {"condition": {"id": 243}, "defaults": {"site_id": 64, "admin_id": 82, "file_path": "RAMAH_DISABILITAS.jpg", "nama": "PELAYANAN KHUSUS BAGI PASIEN BERKEBUTUHAN KHUSUS", "deskripsi": "<p><img alt=\"\" src=\"/media/uploads/puskesmassuranadilobar/2022/07/08/ramah-dis.jpg\" style=\"height:960px; width:1280px\" /></p>\r\n", "size": 83476, "hits": 0, "created_at": "2022-07-08T10:58:23.634Z", "updated_at": "2022-07-08T10:58:23.652Z", "status": "published"}}, {"condition": {"id": 244}, "defaults": {"site_id": 64, "admin_id": 82, "file_path": "MEJA_PENGADUAN.jpg", "nama": "SARANA PENGADUAN", "deskripsi": "<p><img alt=\"\" src=\"/media/uploads/puskesmassuranadilobar/2022/07/08/meja-pengaduan.jpg\" style=\"height:960px; width:1280px\" /></p>\r\n", "size": 146129, "hits": 0, "created_at": "2022-07-08T10:59:31.169Z", "updated_at": "2022-07-08T10:59:31.185Z", "status": "published"}}, {"condition": {"id": 245}, "defaults": {"site_id": 64, "admin_id": 82, "file_path": "ALUR_PELAYANAN.jpg", "nama": "ALUR PELAYANAN PASIEN", "deskripsi": "<p><img alt=\"\" src=\"/media/uploads/puskesmassuranadilobar/2022/07/08/alur-pelayanan.jpg\" style=\"height:960px; width:1280px\" /></p>\r\n", "size": 60554, "hits": 0, "created_at": "2022-07-08T11:00:37.188Z", "updated_at": "2022-07-08T11:00:37.657Z", "status": "published"}}, {"condition": {"id": 246}, "defaults": {"site_id": 64, "admin_id": 82, "file_path": "KOTAK_SURVEY_KEPUASAN.jpg", "nama": "SARANA PENGUKUR KEPUASAN PELANGGAN", "deskripsi": "<p><img alt=\"\" src=\"/media/uploads/puskesmassuranadilobar/2022/07/08/kotak-survey-kepuasan.jpg\" style=\"height:1280px; width:960px\" /></p>\r\n", "size": 61988, "hits": 0, "created_at": "2022-07-08T11:02:04.544Z", "updated_at": "2022-07-08T11:02:04.604Z", "status": "published"}}, {"condition": {"id": 247}, "defaults": {"site_id": 64, "admin_id": 82, "file_path": "VISI_MISI_MOTO.jpg", "nama": "VISI, MISI DAN MOTO PUSKESMAS SURANADI", "deskripsi": "<p><img alt=\"\" src=\"/media/uploads/puskesmassuranadilobar/2022/07/08/visi-misi-moto.jpg\" style=\"height:1280px; width:960px\" /></p>\r\n", "size": 112048, "hits": 0, "created_at": "2022-07-08T11:02:53.067Z", "updated_at": "2022-07-08T11:02:53.087Z", "status": "published"}}, {"condition": {"id": 248}, "defaults": {"site_id": 64, "admin_id": 82, "file_path": "PETUGAS_NAMETAG.jpg", "nama": "PETUGAS PELAYANAN DENGAN ID CARD", "deskripsi": "<p><img alt=\"\" src=\"/media/uploads/puskesmassuranadilobar/2022/07/08/petugas-nametag.jpg\" style=\"height:1280px; width:960px\" /></p>\r\n", "size": 88938, "hits": 0, "created_at": "2022-07-08T11:04:14.225Z", "updated_at": "2022-07-08T11:04:14.245Z", "status": "published"}}, {"condition": {"id": 252}, "defaults": {"site_id": 64, "admin_id": 82, "file_path": "PIAGAM_AKREDITASI_PUSKESMAS.jpg", "nama": "PIAGAM PENGHARGAAN PUSKESMAS", "deskripsi": "<p><img src=\"/media/uploads/puskesmassuranadilobar/2022/07/11/piagam-tanggap-darurat.jpg\" style=\"height:960px; width:1280px\" /><img src=\"/media/uploads/puskesmassuranadilobar/2022/07/11/piagam-alat-kesehatan-bermercury.jpg\" style=\"height:960px; width:1280px\" /><img src=\"/media/uploads/puskesmassuranadilobar/2022/07/11/piagam-pelaksanaan-mr.jpg\" style=\"height:960px; width:1280px\" /></p>\r\n", "size": 103340, "hits": 0, "created_at": "2022-07-11T14:41:35.398Z", "updated_at": "2022-07-11T14:41:35.424Z", "status": "published"}}, {"condition": {"id": 693}, "defaults": {"site_id": 64, "admin_id": 82, "file_path": "SERTIFIKAT_AKREDITASI_PUSKESMAS_SURANADI.pdf", "nama": "UPT PUSKESMAS SURANADI RAIH PARIPURNA PADA AKREDITASI TAHUN 2023", "deskripsi": null, "size": 874650, "hits": 0, "created_at": "2024-01-19T03:25:27.799Z", "updated_at": "2024-01-19T03:25:28.072Z", "status": "published"}}]