[{"condition": {"id": 19}, "defaults": {"site_id": 45, "admin_id": 48, "judul": "VAKSINASI CALON JAMAAH HAJI UPT PUSKESMAS DASAN TAPEN", "view_count": 0, "embed": "<iframe width=\"560\" height=\"315\" src=\"https://www.youtube.com/embed/ECYlCwK--ko\" title=\"YouTube video player\" frameborder=\"0\" allow=\"accelerometer; autoplay; clipboard-write; encrypted-media; gyroscope; picture-in-picture\" allowfullscreen></iframe>", "embed_video": "https://www.youtube.com/embed/ECYlCwK--ko", "created_at": "2021-06-08T09:55:31.250Z", "updated_at": "2022-02-25T08:48:47.196Z"}}, {"condition": {"id": 20}, "defaults": {"site_id": 45, "admin_id": 48, "judul": "VAKSINASI COVID-19", "view_count": 0, "embed": "<iframe width=\"560\" height=\"315\" src=\"https://www.youtube.com/embed/wIyGaHZu6Os\" title=\"YouTube video player\" frameborder=\"0\" allow=\"accelerometer; autoplay; clipboard-write; encrypted-media; gyroscope; picture-in-picture\" allowfullscreen></iframe>", "embed_video": "https://www.youtube.com/embed/wIyGaHZu6Os", "created_at": "2021-06-08T09:57:17.693Z", "updated_at": "2022-02-25T08:48:47.214Z"}}, {"condition": {"id": 54}, "defaults": {"site_id": 45, "admin_id": 48, "judul": "POSYANDU KELUARGA DI DESA BABUSSALAM WILAYAH KERJA PUSKESMAS DASAN TAPEN", "view_count": 0, "embed": "<iframe width=\"853\" height=\"480\" src=\"https://www.youtube.com/embed/4lwHQ-wnck0\" title=\"YouTube video player\" frameborder=\"0\" allow=\"accelerometer; autoplay; clipboard-write; encrypted-media; gyroscope; picture-in-picture\" allowfullscreen></iframe>", "embed_video": "https://www.youtube.com/embed/4lwHQ-wnck0", "created_at": "2021-06-18T08:48:52.163Z", "updated_at": "2022-02-25T08:48:47.650Z"}}, {"condition": {"id": 55}, "defaults": {"site_id": 45, "admin_id": 48, "judul": "MARS PUSKESMAS DASAN TAPEN KAB. LOMBOK BARAT", "view_count": 0, "embed": "<iframe width=\"853\" height=\"480\" src=\"https://www.youtube.com/embed/AmsmUrs7lWQ\" title=\"YouTube video player\" frameborder=\"0\" allow=\"accelerometer; autoplay; clipboard-write; encrypted-media; gyroscope; picture-in-picture\" allowfullscreen></iframe>", "embed_video": "https://www.youtube.com/embed/AmsmUrs7lWQ", "created_at": "2021-06-18T08:57:28.730Z", "updated_at": "2022-02-25T08:48:47.667Z"}}, {"condition": {"id": 56}, "defaults": {"site_id": 45, "admin_id": 48, "judul": "FAMILY GATHERING & OUTBON UPT BLUD PUSKESMAS DASAN TAPEN", "view_count": 0, "embed": "<iframe width=\"853\" height=\"480\" src=\"https://www.youtube.com/embed/0Iwmq4s4O8A\" title=\"YouTube video player\" frameborder=\"0\" allow=\"accelerometer; autoplay; clipboard-write; encrypted-media; gyroscope; picture-in-picture\" allowfullscreen></iframe>", "embed_video": "https://www.youtube.com/embed/0Iwmq4s4O8A", "created_at": "2021-06-18T08:58:18.724Z", "updated_at": "2022-02-25T08:48:47.684Z"}}, {"condition": {"id": 62}, "defaults": {"site_id": 45, "admin_id": 48, "judul": "HUT BHAYANGKARA ke 75 PUSKESMAS DASAN TAPEN MELAKSANAKAN VAKSINASI COVID 19 UNTUK MASYARAKAT UMUM", "view_count": 0, "embed": "<iframe width=\"853\" height=\"480\"\r\nsrc=\"https://www.youtube.com/embed/Ne6ePS8YLyg\"\r\ntitle=\"YouTube video player\"\r\nframeborder=\"0\"\r\nallow=\"accelerometer; autoplay; clipboard-write; encrypted-media; gyroscope; picture-in-picture\"\r\nallowfullscreen></iframe>", "embed_video": "", "created_at": "2021-06-28T10:31:39.636Z", "updated_at": "2022-02-25T08:48:47.805Z"}}, {"condition": {"id": 111}, "defaults": {"site_id": 45, "admin_id": 48, "judul": "HARI GIZI NASIONAL Ke 62 di PUSKESMAS DASAN TAPEN tahun 2022", "view_count": 0, "embed": "<iframe width=\"683\" height=\"384\" src=\"https://www.youtube.com/embed/zEKvG38mfWE\" title=\"YouTube video player\" frameborder=\"0\" allow=\"accelerometer; autoplay; clipboard-write; encrypted-media; gyroscope; picture-in-picture\" allowfullscreen></iframe>", "embed_video": "https://www.youtube.com/embed/zEKvG38mfWE", "created_at": "2022-01-31T20:19:11.260Z", "updated_at": "2022-02-25T08:48:48.401Z"}}, {"condition": {"id": 121}, "defaults": {"site_id": 45, "admin_id": 48, "judul": "Peringatan Hari Kesehatan Nasional Ke-57", "view_count": 0, "embed": "<p>https://www.youtube.com/embed/jc3B1dZKz8c</p>", "embed_video": "", "created_at": "2022-02-23T09:34:37.527Z", "updated_at": "2022-03-02T09:14:53.016Z"}}, {"condition": {"id": 169}, "defaults": {"site_id": 45, "admin_id": 48, "judul": "SENAM RUTIN HARI JUM'AT KARYAWAN UPT PUSKESMAS DASAN TAPEN", "view_count": 0, "embed": "<pre>\r\n&lt;iframe width=&quot;1280&quot; height=&quot;704&quot; src=&quot;https://www.youtube.com/embed/WAwZHCLJcqQ&quot; title=&quot;SENAM RUTIN STAF PUSKESMAS DASAN TAPEN&quot; frameborder=&quot;0&quot; allow=&quot;accelerometer; autoplay; clipboard-write; encrypted-media; gyroscope; picture-in-picture&quot; allowfullscreen&gt;&lt;/iframe&gt;\r\n</pre>", "embed_video": "https://www.youtube.com/embed/WAwZHCLJcqQ", "created_at": "2022-07-08T09:37:42.324Z", "updated_at": "2022-07-08T12:09:46.753Z"}}, {"condition": {"id": 176}, "defaults": {"site_id": 45, "admin_id": 48, "judul": "SENAM PROLANIS DALAM RANGKA HUT BPJS KE 54 PUSKESMAS DASAN TAPEN", "view_count": 0, "embed": "<p><iframe frameborder=\"0\" height=\"720\" src=\"https://www.youtube.com/embed/-HiAjQxV_VI\" title=\"HUT BPJS ke 54 PUSKESMAS DASAN TAPEN\" width=\"1280\"></iframe></p>", "embed_video": "https://www.youtube.com/embed/-HiAjQxV_VI", "created_at": "2022-07-12T14:25:01.420Z", "updated_at": "2022-07-12T14:41:45.876Z"}}, {"condition": {"id": 190}, "defaults": {"site_id": 45, "admin_id": 48, "judul": "Senam Hari Juma'at 15 Juli 2022 karyawan Puskesmas Dasan Tapen", "view_count": 0, "embed": "<p>&lt;iframe width=&quot;1202&quot; height=&quot;721&quot; src=&quot;https://www.youtube.com/embed/yIetC_Eilos&quot; title=&quot;Senam Sehat 15 juli 2022&quot; frameborder=&quot;0&quot; allow=&quot;accelerometer; autoplay; clipboard-write; encrypted-media; gyroscope; picture-in-picture&quot; allowfullscreen&gt;&lt;/iframe&gt;</p>\r\n", "embed_video": "https://www.youtube.com/embed/yIetC_Eilos", "created_at": "2022-07-16T08:18:10.008Z", "updated_at": "2022-07-16T08:18:10.008Z"}}, {"condition": {"id": 229}, "defaults": {"site_id": 45, "admin_id": 48, "judul": "Dorprize Posyandu", "view_count": 0, "embed": "<p><a href=\"https://youtu.be/YwWL32_xBeE\">&lt;iframe width=&quot;1280&quot; height=&quot;720&quot; src=&quot;https://www.youtube.com/embed/YwWL32_xBeE&quot; title=&quot;22 Juli 2022&quot; frameborder=&quot;0&quot; allow=&quot;accelerometer; autoplay; clipboard-write; encrypted-media; gyroscope; picture-in-picture&quot; allowfullscreen&gt;&lt;/iframe&gt;</a></p>", "embed_video": "https://www.youtube.com/embed/YwWL32_xBeE", "created_at": "2022-07-22T10:52:41.206Z", "updated_at": "2022-07-22T10:54:50.746Z"}}, {"condition": {"id": 283}, "defaults": {"site_id": 45, "admin_id": 48, "judul": "SENAM RUTIN HARI JUMAT", "view_count": 0, "embed": "<p>https://youtu.be/39Vv_2XvNHk</p>", "embed_video": "", "created_at": "2022-09-24T10:46:29.317Z", "updated_at": "2022-10-26T08:30:56.636Z"}}, {"condition": {"id": 293}, "defaults": {"site_id": 45, "admin_id": 48, "judul": "SENAM GERMAS", "view_count": 0, "embed": "<p>https://youtu.be/39Vv_2XvNHk</p>", "embed_video": "", "created_at": "2022-10-26T08:11:47.748Z", "updated_at": "2022-10-26T08:24:22.381Z"}}, {"condition": {"id": 294}, "defaults": {"site_id": 45, "admin_id": 48, "judul": "family Getring", "view_count": 0, "embed": "<p>&lt;iframe src=&quot;https://www.facebook.com/plugins/video.php?height=314&amp;href=https%3A%2F%2Fwww.facebook.com%2Fhendri.awan.14203%2Fvideos%2F642961950229321%2F&amp;show_text=true&amp;width=560&amp;t=0&quot; width=&quot;560&quot; height=&quot;429&quot; style=&quot;border:none;overflow:hidden&quot; scrolling=&quot;no&quot; frameborder=&quot;0&quot; allowfullscreen=&quot;true&quot; allow=&quot;autoplay; clipboard-write; encrypted-media; picture-in-picture; web-share&quot; allowFullScreen=&quot;true&quot;&gt;&lt;/iframe&gt;</p>", "embed_video": "https://www.facebook.com/plugins/video.php?height=314&amp;href=https%3A%2F%2Fwww.facebook.com%2Fhendri.awan.14203%2Fvideos%2F642961950229321%2F&amp;show_text=true&amp;width=560&amp;t=0", "created_at": "2022-10-26T10:56:04.354Z", "updated_at": "2022-10-26T10:58:52.329Z"}}, {"condition": {"id": 320}, "defaults": {"site_id": 45, "admin_id": 48, "judul": "KEGIATAN GERMAS BERSAMA KADER DALAM RANGKA HKN KE 58 TAHUN 2022", "view_count": 0, "embed": "<p>&lt;iframe width=&quot;1280&quot; height=&quot;720&quot; src=&quot;https://www.youtube.com/embed/O5V1wClEJVc&quot; title=&quot;KEGIATAN GERMAS BERSAMA KADER DALAM RANGKA HKN KE 58 TAHUN 2022&quot; frameborder=&quot;0&quot; allow=&quot;accelerometer; autoplay; clipboard-write; encrypted-media; gyroscope; picture-in-picture&quot; allowfullscreen&gt;&lt;/iframe&gt;</p>\r\n", "embed_video": "https://www.youtube.com/embed/O5V1wClEJVc", "created_at": "2022-12-06T08:30:23.424Z", "updated_at": "2022-12-06T08:30:23.424Z"}}, {"condition": {"id": 324}, "defaults": {"site_id": 45, "admin_id": 48, "judul": "DEKLARASI DUKUNG IBU HAMIL SEHAT DAN BAHAGIA", "view_count": 0, "embed": "<p>&lt;iframe width=&quot;330&quot; height=&quot;186&quot; src=&quot;https://www.youtube.com/embed/3s9JU3eBMU0&quot; title=&quot;GERAKAN IBU HAMIL SEHAT UPT PUSKESMAS DASAN TAPEN KAB &nbsp;LOMBOK BARAT&quot; frameborder=&quot;0&quot; allow=&quot;accelerometer; autoplay; clipboard-write; encrypted-media; gyroscope; picture-in-picture&quot; allowfullscreen&gt;&lt;/iframe&gt;</p>", "embed_video": "https://www.youtube.com/embed/3s9JU3eBMU0", "created_at": "2022-12-23T08:30:55.923Z", "updated_at": "2022-12-23T08:34:26.448Z"}}, {"condition": {"id": 328}, "defaults": {"site_id": 45, "admin_id": 48, "judul": "SENAM DI PENGHUJUNG TAHUN 2022", "view_count": 0, "embed": "<p>&lt;iframe width=&quot;1280&quot; height=&quot;640&quot; src=&quot;https://www.youtube.com/embed/lUArnkPqNsg&quot; title=&quot;SENAM RUTIN&quot; frameborder=&quot;0&quot; allow=&quot;accelerometer; autoplay; clipboard-write; encrypted-media; gyroscope; picture-in-picture&quot; allowfullscreen&gt;&lt;/iframe&gt;</p>", "embed_video": "https://www.youtube.com/embed/lUArnkPqNsg", "created_at": "2022-12-31T15:02:27.637Z", "updated_at": "2022-12-31T15:04:31.711Z"}}, {"condition": {"id": 329}, "defaults": {"site_id": 45, "admin_id": 48, "judul": "UCAPAN TAHUN BARU", "view_count": 0, "embed": "<p>&lt;iframe width=&quot;1180&quot; height=&quot;664&quot; src=&quot;https://www.youtube.com/embed/BQy7MvSfNLc&quot; title=&quot;Ucapan Selamat tahun baru 2023 UPT PUSKESMAS DASAN TAPEN&quot; frameborder=&quot;0&quot; allow=&quot;accelerometer; autoplay; clipboard-write; encrypted-media; gyroscope; picture-in-picture&quot; allowfullscreen&gt;&lt;/iframe&gt;</p>\r\n", "embed_video": "https://www.youtube.com/embed/BQy7MvSfNLc", "created_at": "2023-01-02T14:15:49.314Z", "updated_at": "2023-01-02T14:15:49.314Z"}}, {"condition": {"id": 386}, "defaults": {"site_id": 45, "admin_id": 48, "judul": "sosialisasi Mobile JKN", "view_count": 0, "embed": "<p>&lt;iframe width=&quot;1280&quot; height=&quot;720&quot; src=&quot;https://www.youtube.com/embed/Og0oy28ZcNI&quot; title=&quot;TERNYATA BEGINI CARA DOWNLOAD DAN REGISTRASI MOBILE JKN DENGAN BENAR! SUPER MUDAH DAN BERMANFAAT&quot; frameborder=&quot;0&quot; allow=&quot;accelerometer; autoplay; clipboard-write; encrypted-media; gyroscope; picture-in-picture; web-share&quot; allowfullscreen&gt;&lt;/iframe&gt;</p>", "embed_video": "https://www.youtube.com/embed/Og0oy28ZcNI", "created_at": "2023-05-04T00:53:24.293Z", "updated_at": "2023-05-04T00:57:25.290Z"}}, {"condition": {"id": 462}, "defaults": {"site_id": 45, "admin_id": 48, "judul": "REAKREDITASI", "view_count": 0, "embed": "<p>&lt;iframe width=\"1271\" height=\"715\" src=\"https://www.youtube.com/embed/10Q19NflKx0\" title=\"REAKREDITASI PUSKESMAS DASAN TAPEN TAHUN 2023\" frameborder=\"0\" allow=\"accelerometer; autoplay; clipboard-write; encrypted-media; gyroscope; picture-in-picture; web-share\" allowfullscreen&gt;&lt;/iframe&gt;</p>", "embed_video": null, "created_at": "2023-09-04T03:16:34.123Z", "updated_at": "2023-09-07T00:40:50.063Z"}}, {"condition": {"id": 463}, "defaults": {"site_id": 45, "admin_id": 48, "judul": "SERBA SERBI AKREDITASI 2023", "view_count": 0, "embed": "<p>https://youtu.be/gy0CQIS0PBM?t=14</p>", "embed_video": null, "created_at": "2023-09-07T00:41:23.608Z", "updated_at": "2023-09-07T00:41:23.608Z"}}, {"condition": {"id": 471}, "defaults": {"site_id": 45, "admin_id": 48, "judul": "family Gatring 2023", "view_count": 0, "embed": "<figure class=\"media\"><div data-oembed-url=\"https://www.youtube.com/watch?v=NGz_AacH0b0&amp;ab_channel=PuskesmasDasanTapen\"><div style=\"position: relative; padding-bottom: 100%; height: 0; padding-bottom: 56.2493%;\"><iframe src=\"https://www.youtube.com/embed/NGz_AacH0b0\" style=\"position: absolute; width: 100%; height: 100%; top: 0; left: 0;\" frameborder=\"0\" allow=\"autoplay; encrypted-media\" allowfullscreen=\"\"></iframe></div></div></figure>", "embed_video": "https://www.youtube.com/embed/NGz_AacH0b0", "created_at": "2023-10-18T00:20:05.320Z", "updated_at": "2023-10-18T00:20:05.320Z"}}]