[{"condition": {"id": 184}, "defaults": {"site_id": 60, "admin_id": 78, "judul": "Kunjungan Stafsus Kemenkes RI ke Posyandu Mawar I Desa Perampuan", "view_count": 0, "embed": "<iframe width=\"848\" height=\"480\" src=\"https://www.youtube.com/embed/agVd3loQEBQ\" title=\"Kunjungan Stafsus Kemenkes RI ke Posyandu Mawar I Desa Perampuan\" frameborder=\"0\" allow=\"accelerometer; autoplay; clipboard-write; encrypted-media; gyroscope; picture-in-picture\" allowfullscreen></iframe>", "embed_video": "https://www.youtube.com/embed/agVd3loQEBQ", "created_at": "2022-07-14T11:08:04.163Z", "updated_at": "2022-07-14T11:08:04.163Z"}}, {"condition": {"id": 391}, "defaults": {"site_id": 60, "admin_id": 78, "judul": "Menyambut Hari Ulang Tahun BPJS ke - 54", "view_count": 0, "embed": "<p>https://www.youtube.com/watch?v=pwKSI0H1SFo</p>\r\n", "embed_video": "", "created_at": "2023-05-16T01:09:11.708Z", "updated_at": "2023-05-16T01:09:11.708Z"}}, {"condition": {"id": 395}, "defaults": {"site_id": 60, "admin_id": 78, "judul": "Keseruan Capacity Building", "view_count": 0, "embed": "<p>https://www.facebook.com/100012241668009/videos/976921140347612</p>\r\n", "embed_video": "", "created_at": "2023-05-25T02:58:23.150Z", "updated_at": "2023-05-25T02:58:23.150Z"}}, {"condition": {"id": 421}, "defaults": {"site_id": 60, "admin_id": 78, "judul": "Ayo Keposyandu Keluarga Perdana ciptaan Kepala Puskesmas Perampuan ", "view_count": 0, "embed": "<p>https://youtu.be/vMGOEHSqVvg</p>\r\n", "embed_video": "", "created_at": "2023-07-03T10:45:53.506Z", "updated_at": "2023-07-03T10:45:53.506Z"}}, {"condition": {"id": 438}, "defaults": {"site_id": 60, "admin_id": 78, "judul": "Talk Show Cecag Stunting Melalui Gerakan Pengaktifan Posyandu Keluarga", "view_count": 0, "embed": "<figure class=\"media\"><div data-oembed-url=\"https://www.youtube.com/watch?v=WCf7PvwhWos&amp;t=128s\"><div style=\"position: relative; padding-bottom: 100%; height: 0; padding-bottom: 56.2493%;\"><iframe src=\"https://www.youtube.com/embed/WCf7PvwhWos?start=128\" style=\"position: absolute; width: 100%; height: 100%; top: 0; left: 0;\" frameborder=\"0\" allow=\"autoplay; encrypted-media\" allowfullscreen=\"\"></iframe></div></div></figure>", "embed_video": null, "created_at": "2023-07-26T01:46:00.392Z", "updated_at": "2023-07-26T01:46:00.392Z"}}, {"condition": {"id": 439}, "defaults": {"site_id": 60, "admin_id": 78, "judul": "Tes Kebugaran Bersama Kader Dalam Rangkaian Acara Talk Show \"Cegah Stunting\"", "view_count": 0, "embed": "<figure class=\"media\"><div data-oembed-url=\"https://www.youtube.com/watch?v=ZmZhe0dCHTI\"><div style=\"position: relative; padding-bottom: 100%; height: 0; padding-bottom: 56.2493%;\"><iframe src=\"https://www.youtube.com/embed/ZmZhe0dCHTI\" style=\"position: absolute; width: 100%; height: 100%; top: 0; left: 0;\" frameborder=\"0\" allow=\"autoplay; encrypted-media\" allowfullscreen=\"\"></iframe></div></div></figure>", "embed_video": null, "created_at": "2023-07-26T01:47:44.919Z", "updated_at": "2023-07-26T01:47:44.919Z"}}, {"condition": {"id": 440}, "defaults": {"site_id": 60, "admin_id": 78, "judul": "Hari Lanjut Usia Nasional UPT Puskesmas Perampuan 2023", "view_count": 0, "embed": "<figure class=\"media\"><div data-oembed-url=\"https://www.youtube.com/watch?v=g5gBFGTWD8A\"><div style=\"position: relative; padding-bottom: 100%; height: 0; padding-bottom: 56.2493%;\"><iframe src=\"https://www.youtube.com/embed/g5gBFGTWD8A\" style=\"position: absolute; width: 100%; height: 100%; top: 0; left: 0;\" frameborder=\"0\" allow=\"autoplay; encrypted-media\" allowfullscreen=\"\"></iframe></div></div></figure>", "embed_video": null, "created_at": "2023-07-26T01:49:18.221Z", "updated_at": "2023-07-26T01:49:18.221Z"}}, {"condition": {"id": 441}, "defaults": {"site_id": 60, "admin_id": 78, "judul": "Penyuluhan Kesehatan Remaja", "view_count": 0, "embed": "<p>https://www.youtube.com/shorts/duaZ-WjyZC0</p>", "embed_video": null, "created_at": "2023-07-26T01:50:36.834Z", "updated_at": "2023-07-26T01:50:36.834Z"}}, {"condition": {"id": 442}, "defaults": {"site_id": 60, "admin_id": 78, "judul": "Senam Germas UPT Puskesmas Perampuan Dalam Rangka Hari Kesehatan Nasional Ke 58", "view_count": 0, "embed": "<figure class=\"media\"><div data-oembed-url=\"https://www.youtube.com/watch?v=cZtinN_SHr0\"><div style=\"position: relative; padding-bottom: 100%; height: 0; padding-bottom: 56.2493%;\"><iframe src=\"https://www.youtube.com/embed/cZtinN_SHr0\" style=\"position: absolute; width: 100%; height: 100%; top: 0; left: 0;\" frameborder=\"0\" allow=\"autoplay; encrypted-media\" allowfullscreen=\"\"></iframe></div></div></figure>", "embed_video": null, "created_at": "2023-07-26T01:52:26.511Z", "updated_at": "2023-07-26T01:52:26.511Z"}}, {"condition": {"id": 443}, "defaults": {"site_id": 60, "admin_id": 78, "judul": "Memperingati HKGN 2022 di SDN 1 Perampuan", "view_count": 0, "embed": "<figure class=\"media\"><div data-oembed-url=\"https://www.youtube.com/watch?v=gWbY1V-Kd2U\"><div style=\"position: relative; padding-bottom: 100%; height: 0; padding-bottom: 56.2493%;\"><iframe src=\"https://www.youtube.com/embed/gWbY1V-Kd2U\" style=\"position: absolute; width: 100%; height: 100%; top: 0; left: 0;\" frameborder=\"0\" allow=\"autoplay; encrypted-media\" allowfullscreen=\"\"></iframe></div></div></figure>", "embed_video": null, "created_at": "2023-07-26T01:53:34.297Z", "updated_at": "2023-07-26T01:53:34.297Z"}}]