[{"condition": {"id": 219}, "defaults": {"site_id": 58, "admin_id": 76, "judul": "KELUARGA BESAR UPT BLUD PUSKESMAS PELANGAN", "judul_seo": "keluarga-besar-upt-blud-puskesmas-pelangan", "photo_id": 1375, "view_count": 0, "created_at": "2021-10-01T00:33:26.684Z", "updated_at": "2021-10-01T00:40:15.020Z"}}, {"condition": {"id": 289}, "defaults": {"site_id": 58, "admin_id": 76, "judul": "POTRET KEGIATAN  POKJA UKP PERSIAPAN TIM AKREDITASI MENUJU PUSKESMAS PELANGAN PARIPURNA", "judul_seo": "potret-kegiatan-pokja-ukp-persiapan-tim-akreditasi-menuju-puskesmas-pelangan-paripurna-58", "photo_id": 2270, "view_count": 0, "created_at": "2022-06-30T12:17:58.613Z", "updated_at": "2022-06-30T12:19:15.723Z"}}, {"condition": {"id": 290}, "defaults": {"site_id": 58, "admin_id": 76, "judul": "POTRET KEGIATAN  POKJA ADMIN PERSIAPAN TIM AKREDITASI MENUJU PUSKESMAS PELANGAN PARIPURNA", "judul_seo": "potret-kegiatan-pokja-admin-persiapan-tim-akreditasi-menuju-puskesmas-pelangan-paripurna-58", "photo_id": 2274, "view_count": 0, "created_at": "2022-06-30T12:20:20.494Z", "updated_at": "2022-06-30T12:20:20.494Z"}}, {"condition": {"id": 418}, "defaults": {"site_id": 58, "admin_id": 76, "judul": "POTRET APEL PARIPURNA PUSKESMAS PELANGAN", "judul_seo": "potret-apel-paripurna-puskesmas-pelangan--58", "photo_id": 6017, "view_count": 0, "created_at": "2022-09-27T08:58:14.109Z", "updated_at": "2022-09-27T08:58:14.109Z"}}, {"condition": {"id": 419}, "defaults": {"site_id": 58, "admin_id": 76, "judul": "POTRET KEGIATAN WORKSHOP PENANGANAN KEGAWATDARURATAN MEDIK TENAGA KESEHATAN EVENT BALAP MANDALIKA DI IKUTI OLEH DOKTER PUSKESMAS PELANGAN", "judul_seo": "potret-kegiatan-workshop-penanganan-kegawatdaruratan-medik-tenaga-kesehatan-event-balap-mandalika-di-ikuti-oleh-dokter-puskesmas-pelangan--58", "photo_id": 6023, "view_count": 0, "created_at": "2022-09-27T09:05:04.900Z", "updated_at": "2022-09-27T09:05:04.900Z"}}, {"condition": {"id": 420}, "defaults": {"site_id": 58, "admin_id": 76, "judul": "POTRET PELATIHAN PELAYANAN KEPERAWATAN MASYARAKAT (PERKESMAS) HARI KE-8 OLEH STAF PUSKESMAS", "judul_seo": "potret-pelatihan-pelayanan-keperawatan-masyarakat-perkesmas-hari-ke-8-oleh-staf-puskesmas--58", "photo_id": 6035, "view_count": 0, "created_at": "2022-09-27T09:18:13.027Z", "updated_at": "2022-09-27T09:18:13.027Z"}}, {"condition": {"id": 421}, "defaults": {"site_id": 58, "admin_id": 76, "judul": "POTRET PERTEMUAN SOSIALISASI KESEHATAN KERJA DI PERKANTORAN TINGKAT KABUPATEN LOMBOK BARAT", "judul_seo": "potret-pertemuan-sosialisasi-kesehatan-kerja-di-perkantoran-tingkat-kabupaten-lombok-barat--58", "photo_id": 6036, "view_count": 0, "created_at": "2022-09-27T09:20:40.665Z", "updated_at": "2022-09-27T09:34:15.683Z"}}, {"condition": {"id": 422}, "defaults": {"site_id": 58, "admin_id": 76, "judul": "Potret Layanan Kesehatan pada Remaja Melalui Peer Gruf ", "judul_seo": "potret-layanan-kesehatan-pada-remaja-melalui-peer-gruf--58", "photo_id": 6039, "view_count": 0, "created_at": "2022-09-27T09:23:06.932Z", "updated_at": "2022-09-27T09:23:06.932Z"}}, {"condition": {"id": 423}, "defaults": {"site_id": 58, "admin_id": 76, "judul": "Potret Layanan Imunisasi Di posyandu Keluarga wilayah kerja Puskesmas Pelangan ", "judul_seo": "potret-layanan-imunisasi-di-posyandu-keluarga-wilayah-kerja-puskesmas-pelangan--58", "photo_id": 6040, "view_count": 0, "created_at": "2022-09-27T09:25:14.139Z", "updated_at": "2022-09-27T09:25:14.139Z"}}, {"condition": {"id": 424}, "defaults": {"site_id": 58, "admin_id": 76, "judul": "Potret Kepala Puskesmas Saat menjadi narasumber Linsek Kecamatan Sekotong ", "judul_seo": "potret-kepala-puskesmas-saat-menjadi-narasumber-linsek-kecamatan-sekotong--58", "photo_id": 6041, "view_count": 0, "created_at": "2022-09-27T09:27:57.394Z", "updated_at": "2022-09-27T09:27:57.394Z"}}, {"condition": {"id": 425}, "defaults": {"site_id": 58, "admin_id": 76, "judul": "Potret Pelaksanaan Komunikasi Antar pada Ibu Hamil ", "judul_seo": "potret-pelaksanaan-komunikasi-antar-pada-ibu-hamil--58", "photo_id": 6042, "view_count": 0, "created_at": "2022-09-27T09:32:20.497Z", "updated_at": "2022-09-27T09:32:20.497Z"}}, {"condition": {"id": 426}, "defaults": {"site_id": 58, "admin_id": 76, "judul": "POTRET PELAKSANAAN PMBA BAGI KADER POSYANDU WILAYAH KERJA PUSKESMAS PELANGAN", "judul_seo": "potret-pelaksanaan-pmba-bagi-kader-posyandu-wilayah-kerja-puskesmas-pelangan--58", "photo_id": 6056, "view_count": 0, "created_at": "2022-09-27T11:28:39.420Z", "updated_at": "2022-09-27T11:28:39.420Z"}}, {"condition": {"id": 427}, "defaults": {"site_id": 58, "admin_id": 76, "judul": "POTRET PEMBUKAAN KELAS PMBA BAGI KADER POSYANDU OLEH KEPALA UPT PUSKESMAS PELANGAN BERSAMA PJ UKM DAN KOORDINATOR GIZI ", "judul_seo": "potret-pembukaan-kelas-pmba-bagi-kader-posyandu-oleh-kepala-upt-puskesmas-pelangan-bersama-pj-ukm-dan-koordinator-gizi--58", "photo_id": 6059, "view_count": 0, "created_at": "2022-09-27T11:35:29.268Z", "updated_at": "2022-09-27T11:35:29.268Z"}}, {"condition": {"id": 428}, "defaults": {"site_id": 58, "admin_id": 76, "judul": "POTRET KEGIATAN DISKUSI KELOMPOK PADA PELATIHAN PELAYANAN PERKESMAS ANGKATAN II", "judul_seo": "potret-kegiatan-diskusi-kelompok-pada-pelatihan-pelayanan-perkesmas-angkatan-ii--58", "photo_id": 6060, "view_count": 0, "created_at": "2022-09-27T11:44:37.735Z", "updated_at": "2022-09-27T11:44:37.735Z"}}, {"condition": {"id": 429}, "defaults": {"site_id": 58, "admin_id": 76, "judul": "POTRET PELAYANAN POSYANDU DI WILAYAH KERJA UPT PUSKESMAS PELANGAN", "judul_seo": "potret-pelayanan-posyandu-di-wilayah-kerja-upt-puskesmas-pelangan--58", "photo_id": 6063, "view_count": 0, "created_at": "2022-09-27T11:47:47.663Z", "updated_at": "2022-09-27T11:47:47.663Z"}}, {"condition": {"id": 430}, "defaults": {"site_id": 58, "admin_id": 76, "judul": "POTRET PENDISTRIBUSIAN ALKES OLEH DINAS KESEHATAN KE PUSKESMAS PELANGAN", "judul_seo": "potret-pendistribusian-alkes-oleh-dinas-kesehatan-ke-puskesmas-pelangan--58", "photo_id": 6064, "view_count": 0, "created_at": "2022-09-27T12:03:20.168Z", "updated_at": "2022-09-27T12:03:20.168Z"}}, {"condition": {"id": 431}, "defaults": {"site_id": 58, "admin_id": 76, "judul": "POTRET KEGIATAN PETUGAS DAPUR DALAM PENGOLAHAN SAJIAN MAKANAN UNTUK PASIEN RAWAT INAP DI PUSKESMAS PELANGAN", "judul_seo": "potret-kegiatan-petugas-dapur-dalam-pengolahan-sajian-makanan-untuk-pasien-rawat-inap-di-puskesmas-pelangan--58", "photo_id": 6065, "view_count": 0, "created_at": "2022-09-27T12:15:19.298Z", "updated_at": "2022-09-27T12:15:19.298Z"}}, {"condition": {"id": 435}, "defaults": {"site_id": 58, "admin_id": 76, "judul": "Potret kegiatan zoom metting TGC TK Provinsi NTB oleh 3 Staf Puskesmas Pelangan", "judul_seo": "potret-kegiatan-zoom-metting-tgc-tk-provinsi-ntb-oleh-3-staf-puskesmas-pelangan--58", "photo_id": 6144, "view_count": 0, "created_at": "2022-09-28T10:25:45.093Z", "updated_at": "2022-09-28T10:25:45.093Z"}}, {"condition": {"id": 436}, "defaults": {"site_id": 58, "admin_id": 76, "judul": "Potret Apel Pagi 28 September 2022 di UPT Puskesmas Pelangan", "judul_seo": "potret-apel-pagi-28-september-2022-di-upt-puskesmas-pelangan--58", "photo_id": 6145, "view_count": 0, "created_at": "2022-09-28T10:29:52.383Z", "updated_at": "2022-09-28T10:29:52.383Z"}}, {"condition": {"id": 437}, "defaults": {"site_id": 58, "admin_id": 76, "judul": "Potret kegiatan hari ke 2 PMBA di wilayah kerja UPT Puskesmas Pelangan", "judul_seo": "potret-kegiatan-hari-ke-2-pmba-di-wilayah-kerja-upt-puskesmas-pelangan--58", "photo_id": 6146, "view_count": 0, "created_at": "2022-09-28T10:32:10.844Z", "updated_at": "2022-09-28T10:32:10.844Z"}}, {"condition": {"id": 438}, "defaults": {"site_id": 58, "admin_id": 76, "judul": "Potret Kegiatan hari ke 2 K3 Topik Bahasan  Kesehatan dan keselamatan pekerja perempuan di perkantoran", "judul_seo": "potret-kegiatan-hari-ke-2-k3-topik-bahasan-kesehatan-dan-keselamatan-pekerja-perempuan-di-perkantoran--58", "photo_id": 6147, "view_count": 0, "created_at": "2022-09-28T10:37:44.560Z", "updated_at": "2022-09-28T10:37:44.560Z"}}, {"condition": {"id": 439}, "defaults": {"site_id": 58, "admin_id": 76, "judul": "POTRET KEGIATAN HARI TERAKHIR PELATIHAN PERKESMAS  OBSERVASI LAPANGAN DI PUSKESMAS PEJERUK", "judul_seo": "potret-kegiatan-hari-terakhir-pelatihan-perkesmas-observasi-lapangan-di-puskesmas-pejeruk--58", "photo_id": 6148, "view_count": 0, "created_at": "2022-09-28T10:42:05.262Z", "updated_at": "2022-09-28T10:42:05.263Z"}}, {"condition": {"id": 440}, "defaults": {"site_id": 58, "admin_id": 76, "judul": "POTRET KEGIATAN PENUTUPAN PELATIHAN PMBA KADER PUSKESMAS PELANGAN", "judul_seo": "potret-kegiatan-penutupan-pelatihan-pmba-kader-puskesmas-pelangan--58", "photo_id": 6176, "view_count": 0, "created_at": "2022-09-28T15:27:26.323Z", "updated_at": "2022-09-28T15:27:26.323Z"}}]