[{"condition": {"id": 174}, "defaults": {"site_id": 57, "admin_id": 75, "judul": "Struktur Organisasi UPT Puskesmas Meninting", "photo_id": 11424, "status": "published", "link": null, "created_at": "2023-07-03T14:00:54.072Z", "updated_at": "2023-07-03T14:00:54.072Z"}}, {"condition": {"id": 175}, "defaults": {"site_id": 57, "admin_id": 75, "judul": "Selamat Datang di Website UPT Puskesmas Meninting", "photo_id": 11433, "status": "published", "link": null, "created_at": "2023-07-03T15:09:56.147Z", "updated_at": "2024-03-18T10:31:28.131Z"}}, {"condition": {"id": 236}, "defaults": {"site_id": 57, "admin_id": 75, "judul": "Ucapan Hari Raya Idul Fitri 1445H | 2024", "photo_id": 17121, "status": "published", "link": null, "created_at": "2024-03-18T10:57:50.027Z", "updated_at": "2024-04-16T04:26:18.230Z"}}]