[{"condition": {"id": 312}, "defaults": {"site_id": 51, "admin_id": 69, "judul": "ALUR PELAYANAN RAWAT JALAN", "judul_seo": "alur-pelayanan-rawat-jalan-51", "photo_id": 2815, "view_count": 0, "created_at": "2022-07-18T23:43:19.291Z", "updated_at": "2022-07-18T23:43:19.291Z"}}, {"condition": {"id": 313}, "defaults": {"site_id": 51, "admin_id": 69, "judul": "Penerapan 5R di Tempat Kerja", "judul_seo": "penerapan-5r-di-tempat-kerja-51", "photo_id": 2816, "view_count": 0, "created_at": "2022-07-18T23:44:37.157Z", "updated_at": "2022-07-18T23:44:37.157Z"}}, {"condition": {"id": 314}, "defaults": {"site_id": 51, "admin_id": 69, "judul": "Hak dan Kewajiban Pasien", "judul_seo": "hak-dan-kewajiban-pasien-51", "photo_id": 2817, "view_count": 0, "created_at": "2022-07-18T23:45:40.459Z", "updated_at": "2022-07-18T23:45:40.459Z"}}, {"condition": {"id": 315}, "defaults": {"site_id": 51, "admin_id": 69, "judul": "Alur Pelayanan UGD/Persalinan", "judul_seo": "alur-pelayanan-ugdpersalinan-51", "photo_id": 2818, "view_count": 0, "created_at": "2022-07-18T23:47:18.706Z", "updated_at": "2022-07-18T23:47:18.706Z"}}, {"condition": {"id": 316}, "defaults": {"site_id": 51, "admin_id": 69, "judul": "Maklumat Pelayanan", "judul_seo": "maklumat-pelayanan-51", "photo_id": 2819, "view_count": 0, "created_at": "2022-07-18T23:48:37.169Z", "updated_at": "2022-07-18T23:48:37.169Z"}}, {"condition": {"id": 317}, "defaults": {"site_id": 51, "admin_id": 69, "judul": "Jadwal Pelayanan UPT Puskesmas Banyumulek", "judul_seo": "jadwal-pelayanan-upt-puskesmas-banyumulek-51", "photo_id": 2820, "view_count": 0, "created_at": "2022-07-18T23:50:21.240Z", "updated_at": "2022-07-18T23:50:21.240Z"}}, {"condition": {"id": 318}, "defaults": {"site_id": 51, "admin_id": 69, "judul": "Pelayanan Laboraturium", "judul_seo": "pelayanan-laboraturium-51", "photo_id": 2821, "view_count": 0, "created_at": "2022-07-18T23:52:04.409Z", "updated_at": "2022-07-18T23:52:04.409Z"}}, {"condition": {"id": 408}, "defaults": {"site_id": 51, "admin_id": 69, "judul": "Merapat Duduk 3 Plus 1", "judul_seo": "merapat-duduk-3-plus-1--51", "photo_id": 5110, "view_count": 0, "created_at": "2022-09-02T19:16:46.185Z", "updated_at": "2022-09-02T19:16:46.185Z"}}, {"condition": {"id": 663}, "defaults": {"site_id": 51, "admin_id": 69, "judul": "Ayo Sukseskan PIN (Pekan Imunisasi Nasional ) Polio ", "judul_seo": "ayo-sukseskan-pin-pekan-imunisasi-nasional-polio", "photo_id": 20128, "view_count": 0, "created_at": "2024-07-11T05:35:33.760Z", "updated_at": "2024-07-11T05:35:33.760Z"}}]