[{"condition": {"id": 25}, "defaults": {"site_id": 43, "admin_id": 46, "judul": "Vaksin Kepala Lingkungan Montong Sari", "judul_seo": "vaksin-kepala-lingkungan-montong-sari", "photo_id": 377, "view_count": 0, "created_at": "2021-06-08T12:03:02.499Z", "updated_at": "2021-06-08T12:03:02.499Z"}}, {"condition": {"id": 46}, "defaults": {"site_id": 43, "admin_id": 46, "judul": "CCTV", "judul_seo": "cctv", "photo_id": 427, "view_count": 0, "created_at": "2021-06-08T15:17:23.987Z", "updated_at": "2021-06-08T15:17:58.032Z"}}, {"condition": {"id": 47}, "defaults": {"site_id": 43, "admin_id": 46, "judul": "TV Informasi & Edukasi kesehatan Ruang Tunggu Pengunjung/Pasien", "judul_seo": "tv-informasi-edukasi-kesehatan-ruang-tunggu-pengunjungpasien", "photo_id": 428, "view_count": 0, "created_at": "2021-06-08T15:20:13.594Z", "updated_at": "2021-06-08T15:20:13.594Z"}}, {"condition": {"id": 50}, "defaults": {"site_id": 43, "admin_id": 46, "judul": "Ruang Tunggu Pasien", "judul_seo": "ruang-tunggu-pasien", "photo_id": 516, "view_count": 0, "created_at": "2021-06-09T11:22:33.262Z", "updated_at": "2021-06-09T11:22:33.262Z"}}, {"condition": {"id": 51}, "defaults": {"site_id": 43, "admin_id": 46, "judul": "Hand Sanitizer Pasien Disetiap Poli", "judul_seo": "hand-sanitizer-pasien-disetiap-poli", "photo_id": 518, "view_count": 0, "created_at": "2021-06-09T11:24:55.543Z", "updated_at": "2021-06-09T11:24:55.543Z"}}, {"condition": {"id": 52}, "defaults": {"site_id": 43, "admin_id": 46, "judul": "Toilet Pasien", "judul_seo": "toilet-pasien", "photo_id": 520, "view_count": 0, "created_at": "2021-06-09T11:27:35.733Z", "updated_at": "2021-06-09T11:27:35.733Z"}}, {"condition": {"id": 53}, "defaults": {"site_id": 43, "admin_id": 46, "judul": "Alat Pemadam Api Ringan (APAR)", "judul_seo": "alat-pemadam-api-ringan-apar", "photo_id": 521, "view_count": 0, "created_at": "2021-06-09T11:29:16.582Z", "updated_at": "2021-06-09T11:29:16.582Z"}}, {"condition": {"id": 65}, "defaults": {"site_id": 43, "admin_id": 46, "judul": "Air Conditioner (AC) disetiap Ruangan Poli", "judul_seo": "air-conditioner-ac-disetiap-ruangan-poli", "photo_id": 661, "view_count": 0, "created_at": "2021-06-14T12:04:40.277Z", "updated_at": "2021-06-14T12:09:52.993Z"}}, {"condition": {"id": 66}, "defaults": {"site_id": 43, "admin_id": 46, "judul": "Tarif Pelayanan Laboratorium", "judul_seo": "tarif-pelayanan-laboratorium", "photo_id": 671, "view_count": 0, "created_at": "2021-06-14T12:49:15.002Z", "updated_at": "2021-06-14T12:49:15.002Z"}}, {"condition": {"id": 184}, "defaults": {"site_id": 43, "admin_id": 46, "judul": "Vaksinasi Massal Hari Bhayangkara ke-75 ", "judul_seo": "vaksinasi-massal-hari-bhayangkara-ke-75", "photo_id": 983, "view_count": 0, "created_at": "2021-06-26T12:02:54.310Z", "updated_at": "2021-06-26T12:02:54.310Z"}}, {"condition": {"id": 185}, "defaults": {"site_id": 43, "admin_id": 46, "judul": "Vaksinasi Massal Hari Bhayangkara ke-75 , Pelayanan Vaksinasi ", "judul_seo": "vaksinasi-massal-hari-bhayangkara-ke-75-pelayanan-vaksinasi", "photo_id": 984, "view_count": 0, "created_at": "2021-06-26T12:04:18.378Z", "updated_at": "2021-06-26T12:04:18.378Z"}}, {"condition": {"id": 186}, "defaults": {"site_id": 43, "admin_id": 46, "judul": "Vaksinasi Massal Hari Bhayangkara ke-75, Skrining Meja II Oleh Petugas Kesehatan", "judul_seo": "vaksinasi-massal-hari-bhayangkara-ke-75-skrining-meja-ii-oleh-petugas-kesehatan", "photo_id": 985, "view_count": 0, "created_at": "2021-06-26T12:05:08.646Z", "updated_at": "2021-06-26T12:05:08.646Z"}}, {"condition": {"id": 187}, "defaults": {"site_id": 43, "admin_id": 46, "judul": "Vaksinasi Massal Hari Bhayangkara ke-75, Meja I pendaftaran dan Registrasi", "judul_seo": "vaksinasi-massal-hari-bhayangkara-ke-75-meja-i-pendaftaran-dan-registrasi", "photo_id": 986, "view_count": 0, "created_at": "2021-06-26T12:06:02.740Z", "updated_at": "2021-06-26T12:06:02.740Z"}}, {"condition": {"id": 188}, "defaults": {"site_id": 43, "admin_id": 46, "judul": "Vaksinasi Massal Hari Bhayangkara ke-75, Pelayanan Vaksinasi", "judul_seo": "vaksinasi-massal-hari-bhayangkara-ke-75-pelayanan-vaksinasi-1", "photo_id": 987, "view_count": 0, "created_at": "2021-06-26T12:07:24.567Z", "updated_at": "2021-06-26T12:07:24.567Z"}}, {"condition": {"id": 189}, "defaults": {"site_id": 43, "admin_id": 46, "judul": "Giat Evaluasi Kegiatan Gizi UPT Puskesmas Gerung", "judul_seo": "giat-evaluasi-kegiatan-gizi-upt-puskesmas-gerung", "photo_id": 988, "view_count": 0, "created_at": "2021-06-26T12:25:16.839Z", "updated_at": "2021-06-26T12:35:09.517Z"}}, {"condition": {"id": 193}, "defaults": {"site_id": 43, "admin_id": 46, "judul": "MMD Desa Tempos", "judul_seo": "mmd-desa-tempos", "photo_id": 1109, "view_count": 0, "created_at": "2021-07-16T20:27:51.973Z", "updated_at": "2021-07-16T20:27:51.973Z"}}, {"condition": {"id": 194}, "defaults": {"site_id": 43, "admin_id": 46, "judul": "MMD Kelurahan Gerung Selatan", "judul_seo": "mmd-kelurahan-gerung-selatan", "photo_id": 1110, "view_count": 0, "created_at": "2021-07-16T20:28:15.343Z", "updated_at": "2021-07-16T20:28:15.343Z"}}, {"condition": {"id": 195}, "defaults": {"site_id": 43, "admin_id": 46, "judul": "MMD Desa Giri Tembesi", "judul_seo": "mmd-desa-giri-tembesi", "photo_id": 1111, "view_count": 0, "created_at": "2021-07-16T20:28:37.429Z", "updated_at": "2021-07-16T20:28:37.429Z"}}, {"condition": {"id": 196}, "defaults": {"site_id": 43, "admin_id": 46, "judul": "MMD Desa Kebon Ayu", "judul_seo": "mmd-desa-kebon-ayu", "photo_id": 1112, "view_count": 0, "created_at": "2021-07-16T20:28:55.677Z", "updated_at": "2021-07-16T20:28:55.677Z"}}, {"condition": {"id": 204}, "defaults": {"site_id": 43, "admin_id": 46, "judul": "JANGAN SEPELEKAN MANFAAT ZAT BESI (Fe) UNTUK TUBUH", "judul_seo": "jangan-sepelekan-manfaat-zat-besi-fe-untuk-tubuh", "photo_id": 1162, "view_count": 0, "created_at": "2021-07-27T21:20:26.342Z", "updated_at": "2021-07-27T21:20:26.342Z"}}, {"condition": {"id": 205}, "defaults": {"site_id": 43, "admin_id": 46, "judul": "Kilas Balik Kemitraan bidan, dukun bayi dan kader posyandu 1", "judul_seo": "kilas-balik-kemitraan-bidan-dukun-bayi-dan-kader-posyandu-1", "photo_id": 1179, "view_count": 0, "created_at": "2021-08-05T10:35:06.371Z", "updated_at": "2021-08-05T10:35:06.371Z"}}, {"condition": {"id": 206}, "defaults": {"site_id": 43, "admin_id": 46, "judul": "Paket Gizi, Sekotim dan Sekobar", "judul_seo": "paket-gizi-sekotim-dan-sekobar", "photo_id": 1180, "view_count": 0, "created_at": "2021-08-05T10:35:57.646Z", "updated_at": "2021-08-05T10:35:57.646Z"}}, {"condition": {"id": 207}, "defaults": {"site_id": 43, "admin_id": 46, "judul": "Kilas Balik Pelayanan Akseptor Safari PKK", "judul_seo": "kilas-balik-pelayanan-akseptor-safari-pkk", "photo_id": 1181, "view_count": 0, "created_at": "2021-08-05T10:36:27.660Z", "updated_at": "2021-08-05T10:36:27.660Z"}}, {"condition": {"id": 208}, "defaults": {"site_id": 43, "admin_id": 46, "judul": "Kilas Balik Pelayanan Terpadu Di Gumesa", "judul_seo": "kilas-balik-pelayanan-terpadu-di-gumesa", "photo_id": 1182, "view_count": 0, "created_at": "2021-08-05T10:36:51.924Z", "updated_at": "2021-08-05T10:36:51.924Z"}}, {"condition": {"id": 209}, "defaults": {"site_id": 43, "admin_id": 46, "judul": "Lauching Gerai Vaksinasi Mobile \"Serbu\" Mulai Layani Vaksinasi Keliling di Lombok Barat (1)", "judul_seo": "lauching-gerai-vaksinasi-mobile-serbu-mulai-layani-vaksinasi-keliling-di-lombok-barat-1", "photo_id": 1186, "view_count": 0, "created_at": "2021-08-05T10:59:52.998Z", "updated_at": "2021-08-05T10:59:52.998Z"}}, {"condition": {"id": 210}, "defaults": {"site_id": 43, "admin_id": 46, "judul": "Lauching Gerai Vaksinasi Mobile \"Serbu\" Mulai Layani Vaksinasi Keliling di Lombok Barat (2)", "judul_seo": "lauching-gerai-vaksinasi-mobile-serbu-mulai-layani-vaksinasi-keliling-di-lombok-barat-2", "photo_id": 1187, "view_count": 0, "created_at": "2021-08-05T11:00:18.887Z", "updated_at": "2021-08-05T11:00:18.887Z"}}, {"condition": {"id": 211}, "defaults": {"site_id": 43, "admin_id": 46, "judul": "Vaksinasi  Covid-19 Tahap II Desa Tempos", "judul_seo": "vaksinasi-covid-19-tahap-ii-desa-tempos", "photo_id": 1213, "view_count": 0, "created_at": "2021-08-18T09:30:33.894Z", "updated_at": "2021-08-18T09:30:33.894Z"}}, {"condition": {"id": 214}, "defaults": {"site_id": 43, "admin_id": 46, "judul": "Vaksinasi Covid19 Desa Banyu Urip Dosis II", "judul_seo": "vaksinasi-covid19-desa-banyu-urip-dosis-ii", "photo_id": 1230, "view_count": 0, "created_at": "2021-08-23T20:49:48.944Z", "updated_at": "2021-08-23T21:02:30.738Z"}}, {"condition": {"id": 217}, "defaults": {"site_id": 43, "admin_id": 46, "judul": "PHBS Bag. II (Ibu Memberi ASI Ekslusif)  4", "judul_seo": "phbs-bag-ii-ibu-memberi-asi-ekslusif-4", "photo_id": 1260, "view_count": 0, "created_at": "2021-09-02T08:17:54.791Z", "updated_at": "2021-09-02T08:17:54.791Z"}}, {"condition": {"id": 218}, "defaults": {"site_id": 43, "admin_id": 46, "judul": "PHBS Bag. II (Ibu Memberi ASI Ekslusif) 5", "judul_seo": "phbs-bag-ii-ibu-memberi-asi-ekslusif-5", "photo_id": 1261, "view_count": 0, "created_at": "2021-09-02T08:18:09.022Z", "updated_at": "2021-09-02T08:18:09.022Z"}}, {"condition": {"id": 252}, "defaults": {"site_id": 43, "admin_id": 46, "judul": "Piagam Juara III Puskesmas Berprestasi Kategori Perdesaan Kabupaten Lombok Barat Tahun 2014", "judul_seo": "piagam-juara-iii-puskesmas-berprestasi-kategori-perdesaan-kabupaten-lombok-barat-tahun-2014", "photo_id": 2014, "view_count": 0, "created_at": "2022-05-30T19:22:20.850Z", "updated_at": "2022-05-30T19:22:20.850Z"}}]