[{"condition": {"id": 167}, "defaults": {"site_id": 73, "admin_id": 103, "judul": "UPT.Laboratorium Kesehatan Lombok Barat", "view_count": 0, "embed": "<p>&lt;iframe width=&quot;683&quot; height=&quot;384&quot; src=&quot;https://www.youtube.com/embed/xJ0DLhkhZIM&quot; title=&quot;UPT.Laboratorium Kesehatan Lombok Barat&quot; frameborder=&quot;0&quot; allow=&quot;accelerometer; autoplay; clipboard-write; encrypted-media; gyroscope; picture-in-picture&quot; allowfullscreen&gt;&lt;/iframe&gt;</p>\r\n", "embed_video": "https://www.youtube.com/embed/xJ0DLhkhZIM", "created_at": "2022-07-06T15:26:17.185Z", "updated_at": "2022-07-06T15:26:17.185Z"}}, {"condition": {"id": 257}, "defaults": {"site_id": 73, "admin_id": 103, "judul": "MITIGASI BENCANA UPT LABORATORIUM KESEHATAN LOMBOK BARAT", "view_count": 0, "embed": "<p><iframe allow=\"accelerometer; autoplay; clipboard-write; encrypted-media; gyroscope; picture-in-picture\" allowfullscreen=\"\" frameborder=\"0\" height=\"384\" src=\"https://www.youtube.com/embed/cdaBXOQgwdo\" title=\"MITIGASI BENCANA LABORATORIUM KESEHATAN DAERAH DIKES LOBAR (4-5/8/2022)\" width=\"683\"></iframe></p>", "embed_video": "https://www.youtube.com/embed/cdaBXOQgwdo", "created_at": "2022-08-23T08:24:34.059Z", "updated_at": "2022-09-14T19:33:28.179Z"}}]