[{"condition": {"id": 292}, "defaults": {"site_id": 57, "admin_id": 75, "judul": "VISI DAN MISI", "judul_seo": "visi-dan-misi-57", "photo_id": 2295, "view_count": 0, "created_at": "2022-06-30T19:58:50.838Z", "updated_at": "2022-06-30T19:58:50.838Z"}}, {"condition": {"id": 296}, "defaults": {"site_id": 57, "admin_id": 75, "judul": "MOTTO", "judul_seo": "motto--57", "photo_id": 2372, "view_count": 0, "created_at": "2022-07-02T12:26:59.787Z", "updated_at": "2023-06-05T06:55:39.269Z"}}, {"condition": {"id": 297}, "defaults": {"site_id": 57, "admin_id": 75, "judul": "JADWAL PELAYANAN UPAYA KESEHATAN MASYARAKAT (LUAR GEDUNG)", "judul_seo": "jadwal-pelayanan-upaya-kesehatan-masyarakat-luar-gedung-57", "photo_id": 2373, "view_count": 0, "created_at": "2022-07-02T12:28:32.943Z", "updated_at": "2022-07-02T12:28:32.943Z"}}, {"condition": {"id": 589}, "defaults": {"site_id": 57, "admin_id": 75, "judul": "Potret Kunjungan dari Dinas Kesehatan Kabupaten Sumbawa dalam rangka Praktek Kerja Lapangan Pemeriksaan IVA di Puskesmas Meninting.", "judul_seo": "potret-kunjungan-dari-dinas-kesehatan-kabupaten-sumbawa-dalam-rangka-praktek-kerja-lapangan-pemeriksaan-iva-di-puskesmas-meninting", "photo_id": 14077, "view_count": 0, "created_at": "2023-11-17T02:21:03.580Z", "updated_at": "2023-11-17T02:21:03.580Z"}}, {"condition": {"id": 590}, "defaults": {"site_id": 57, "admin_id": 75, "judul": "Potret Kunjungan dari Dinas Kesehatan Kabupaten Sumbawa dalam rangka Praktek Kerja Lapangan Pemeriksaan IVA di Puskesmas Meninting.", "judul_seo": "potret-kunjungan-dari-dinas-kesehatan-kabupaten-sumbawa-dalam-rangka-praktek-kerja-lapangan-pemeriksaan-iva-di-puskesmas-meninting-1", "photo_id": 14078, "view_count": 0, "created_at": "2023-11-17T02:22:12.790Z", "updated_at": "2023-11-17T02:22:12.790Z"}}, {"condition": {"id": 591}, "defaults": {"site_id": 57, "admin_id": 75, "judul": "Potret Kunjungan dari Dinas Kesehatan Kabupaten Sumbawa dalam rangka Praktek Kerja Lapangan Pemeriksaan IVA di Puskesmas Meninting.", "judul_seo": "potret-kunjungan-dari-dinas-kesehatan-kabupaten-sumbawa-dalam-rangka-praktek-kerja-lapangan-pemeriksaan-iva-di-puskesmas-meninting-2", "photo_id": 14079, "view_count": 0, "created_at": "2023-11-17T02:23:12.247Z", "updated_at": "2023-11-17T02:23:12.247Z"}}, {"condition": {"id": 592}, "defaults": {"site_id": 57, "admin_id": 75, "judul": "\"POTRET KUNJUNGAN BUPATI LOMBOK BARAT (HJ. SUMIATUN) KE LOKASI BENCANA ANGIN PUTING BELIUNG DI DUSUN AIQ GENIT DESA SENTELUK KECAMATAN BATULAYAR\"", "judul_seo": "potret-kunjungan-bupati-lombok-barat-hj-sumiatun-ke-lokasi-bencana-angin-puting-beliung-di-dusun-aiq-genit-desa-senteluk-kecamatan-batulayar", "photo_id": 14192, "view_count": 0, "created_at": "2023-11-23T05:36:19.637Z", "updated_at": "2023-11-23T05:36:19.637Z"}}, {"condition": {"id": 593}, "defaults": {"site_id": 57, "admin_id": 75, "judul": "\"POTRET KUNJUNGAN BUPATI LOMBOK BARAT (HJ. SUMIATUN) KE LOKASI BENCANA ANGIN PUTING BELIUNG DI DUSUN AIQ GENIT DESA SENTELUK KECAMATAN BATULAYAR\"", "judul_seo": "potret-kunjungan-bupati-lombok-barat-hj-sumiatun-ke-lokasi-bencana-angin-puting-beliung-di-dusun-aiq-genit-desa-senteluk-kecamatan-batulayar-1", "photo_id": 14193, "view_count": 0, "created_at": "2023-11-23T05:37:26.352Z", "updated_at": "2023-11-23T05:37:26.352Z"}}, {"condition": {"id": 594}, "defaults": {"site_id": 57, "admin_id": 75, "judul": "\"POTRET KUNJUNGAN BUPATI LOMBOK BARAT (HJ. SUMIATUN) KE LOKASI BENCANA ANGIN PUTING BELIUNG DI DUSUN AIQ GENIT DESA SENTELUK KECAMATAN BATULAYAR\"", "judul_seo": "potret-kunjungan-bupati-lombok-barat-hj-sumiatun-ke-lokasi-bencana-angin-puting-beliung-di-dusun-aiq-genit-desa-senteluk-kecamatan-batulayar-2", "photo_id": 14194, "view_count": 0, "created_at": "2023-11-23T05:38:08.197Z", "updated_at": "2023-11-23T05:38:08.197Z"}}, {"condition": {"id": 595}, "defaults": {"site_id": 57, "admin_id": 75, "judul": "\"POTRET KUNJUNGAN BUPATI LOMBOK BARAT (HJ. SUMIATUN) KE LOKASI BENCANA ANGIN PUTING BELIUNG DI DUSUN AIQ GENIT DESA SENTELUK KECAMATAN BATULAYAR\"", "judul_seo": "potret-kunjungan-bupati-lombok-barat-hj-sumiatun-ke-lokasi-bencana-angin-puting-beliung-di-dusun-aiq-genit-desa-senteluk-kecamatan-batulayar-3", "photo_id": 14195, "view_count": 0, "created_at": "2023-11-23T05:38:51.086Z", "updated_at": "2023-11-23T05:38:51.086Z"}}, {"condition": {"id": 622}, "defaults": {"site_id": 57, "admin_id": 75, "judul": "Pendampingan ILP di Puskesmas Narmada", "judul_seo": "pendampingan-ilp-di-puskesmas-narmada", "photo_id": 17125, "view_count": 0, "created_at": "2024-03-18T11:46:29.657Z", "updated_at": "2024-03-18T11:46:29.657Z"}}, {"condition": {"id": 625}, "defaults": {"site_id": 57, "admin_id": 75, "judul": "RAPAT PERSIAPAN SIAGA CUTI BERSAMA DAN HARI RAYA IDUL FITRI 1445H", "judul_seo": "rapat-persiapan-siaga-cuti-bersama-dan-hari-raya-idul-fitri-1445h", "photo_id": 17584, "view_count": 0, "created_at": "2024-04-05T00:35:05.102Z", "updated_at": "2024-04-05T00:35:05.102Z"}}, {"condition": {"id": 629}, "defaults": {"site_id": 57, "admin_id": 75, "judul": "SELAMAT HARI RAYA IDUL FITRI 1 SYAWAL / 1445H | 2024", "judul_seo": "selamat-hari-raya-idul-fitri-1-syawal-1445h-2024", "photo_id": 17730, "view_count": 0, "created_at": "2024-04-16T04:21:30.650Z", "updated_at": "2024-04-16T04:21:30.650Z"}}]