[{"condition": {"id": 8}, "defaults": {"site_id": 46, "admin_id": 50, "judul": "Pelayanan Puskesmas Labuapi", "view_count": 0, "embed": "<iframe width=\"560\" height=\"315\" src=\"https://www.youtube.com/embed/TusFpxm5X_E\" title=\"YouTube video player\" frameborder=\"0\" allow=\"accelerometer; autoplay; clipboard-write; encrypted-media; gyroscope; picture-in-picture\" allowfullscreen></iframe>", "embed_video": "https://www.youtube.com/embed/TusFpxm5X_E", "created_at": "2021-06-07T12:21:41.777Z", "updated_at": "2022-02-25T08:48:47.007Z"}}]