[{"condition": {"id": 195}, "defaults": {"site_id": 60, "admin_id": 78, "judul": "motto Puskesmas Perampuan ", "photo_id": 12773, "status": "published", "link": null, "created_at": "2023-08-17T05:20:09.408Z", "updated_at": "2023-08-17T05:20:09.408Z"}}, {"condition": {"id": 196}, "defaults": {"site_id": 60, "admin_id": 78, "judul": "Visi Misi Puskesmas Perampuan ", "photo_id": 12774, "status": "published", "link": null, "created_at": "2023-08-17T05:20:44.828Z", "updated_at": "2023-08-17T05:20:44.828Z"}}, {"condition": {"id": 197}, "defaults": {"site_id": 60, "admin_id": 78, "judul": "Tampak Depan Puskesmas Perampuan ", "photo_id": 12775, "status": "published", "link": null, "created_at": "2023-08-17T05:23:00.092Z", "updated_at": "2023-08-17T05:23:00.092Z"}}, {"condition": {"id": 198}, "defaults": {"site_id": 60, "admin_id": 78, "judul": "Foto Karyawan dan Karyawati", "photo_id": 12776, "status": "published", "link": null, "created_at": "2023-08-17T05:23:59.347Z", "updated_at": "2023-08-17T05:23:59.348Z"}}]