[{"condition": {"id": 291}, "defaults": {"site_id": 53, "admin_id": 71, "judul": "VISI MISI UPT PUSKESMAS GUNUNGSARI", "judul_seo": "visi-misi-upt-puskesmas-gunungsari-53", "photo_id": 2282, "view_count": 0, "created_at": "2022-06-30T15:34:07.048Z", "updated_at": "2022-06-30T15:34:07.048Z"}}, {"condition": {"id": 304}, "defaults": {"site_id": 53, "admin_id": 71, "judul": "Tes Kebugaran Untuk Calon Jamaah Haji Tahun 2022", "judul_seo": "tes-kebugaran-untuk-calon-jamaah-haji-tahun-2022-53", "photo_id": 2574, "view_count": 0, "created_at": "2022-07-09T12:02:19.750Z", "updated_at": "2022-07-09T12:02:19.750Z"}}, {"condition": {"id": 307}, "defaults": {"site_id": 53, "admin_id": 71, "judul": "Pendampingan Reakreditasi", "judul_seo": "pendampingan-reakreditasi-53", "photo_id": 2646, "view_count": 0, "created_at": "2022-07-12T23:50:53.867Z", "updated_at": "2022-07-12T23:50:53.867Z"}}]