[{"condition": {"id": 308}, "defaults": {"site_id": 63, "admin_id": 81, "judul": "APEL PAGI PUSKESMAS SIGERONGAN", "judul_seo": "apel-pagi-puskesmas-sigerongan-63", "photo_id": 2659, "view_count": 0, "created_at": "2022-07-13T13:24:54.690Z", "updated_at": "2022-07-13T13:28:26.481Z"}}, {"condition": {"id": 336}, "defaults": {"site_id": 63, "admin_id": 81, "judul": "Penyuluhan dan Pemeriksaan Garam Beryodium di Sekolah", "judul_seo": "penyuluhan-dan-pemeriksaan-garam-beryodium-di-sekolah-63", "photo_id": 3408, "view_count": 0, "created_at": "2022-07-27T23:40:29.551Z", "updated_at": "2022-07-27T23:40:29.551Z"}}, {"condition": {"id": 346}, "defaults": {"site_id": 63, "admin_id": 81, "judul": "BIAN CAMPAK SDIT DARUL QUR'AN KARANG BAYAN", "judul_seo": "bian-campak-sdit-darul-quran-karang-bayan-63", "photo_id": 3538, "view_count": 0, "created_at": "2022-07-30T06:49:44.500Z", "updated_at": "2022-07-30T06:49:44.500Z"}}, {"condition": {"id": 416}, "defaults": {"site_id": 63, "admin_id": 81, "judul": "Sikat Gigi Bersama Peringatan HKGN tahun 2022", "judul_seo": "sikat-gigi-bersama-peringatan-hkgn-tahun-2022--63", "photo_id": 6007, "view_count": 0, "created_at": "2022-09-27T01:23:38.363Z", "updated_at": "2022-09-27T01:23:38.363Z"}}, {"condition": {"id": 417}, "defaults": {"site_id": 63, "admin_id": 81, "judul": "Penyuluhan Kesehatan Gigi dan Mulut dalam rangka HKGN", "judul_seo": "penyuluhan-kesehatan-gigi-dan-mulut-dalam-rangka-hkgn--63", "photo_id": 6008, "view_count": 0, "created_at": "2022-09-27T01:32:59.587Z", "updated_at": "2022-09-27T01:32:59.587Z"}}, {"condition": {"id": 450}, "defaults": {"site_id": 63, "admin_id": 81, "judul": "Senam Bersama dalam rangka merayakan HUT BAPELKES KE I", "judul_seo": "senam-bersama-dalam-rangka-merayakan-hut-bapelkes-ke-i--63", "photo_id": 6797, "view_count": 0, "created_at": "2022-10-23T00:18:04.737Z", "updated_at": "2022-10-23T00:18:04.737Z"}}, {"condition": {"id": 451}, "defaults": {"site_id": 63, "admin_id": 81, "judul": "Kegiatan Rutin UKGS UPT PUSKESMAS SIGERONGAN", "judul_seo": "kegiatan-rutin-ukgs-upt-puskesmas-sigerongan--63", "photo_id": 6798, "view_count": 0, "created_at": "2022-10-23T00:19:23.110Z", "updated_at": "2022-10-23T00:19:23.110Z"}}, {"condition": {"id": 452}, "defaults": {"site_id": 63, "admin_id": 81, "judul": "Kegiatan STBM di Desa Dasan Geria", "judul_seo": "kegiatan-stbm-di-desa-dasan-geria--63", "photo_id": 6799, "view_count": 0, "created_at": "2022-10-23T00:20:29.786Z", "updated_at": "2022-10-23T00:20:29.786Z"}}, {"condition": {"id": 489}, "defaults": {"site_id": 63, "admin_id": 81, "judul": "Halal Bi Halal UPT Puskesmas Sigerongan EID 2023", "judul_seo": "halal-bi-halal-upt-puskesmas-sigerongan-eid-2023--63", "photo_id": 9967, "view_count": 0, "created_at": "2023-05-23T06:17:23.263Z", "updated_at": "2023-05-23T06:17:23.263Z"}}, {"condition": {"id": 490}, "defaults": {"site_id": 63, "admin_id": 81, "judul": "Nutritionist Day 2023 UPT Puskesmas Sigerongan", "judul_seo": "nutritionist-day-2023-upt-puskesmas-sigerongan--63", "photo_id": 9972, "view_count": 0, "created_at": "2023-05-23T06:22:22.854Z", "updated_at": "2023-05-23T06:22:22.854Z"}}, {"condition": {"id": 491}, "defaults": {"site_id": 63, "admin_id": 81, "judul": "Tes Kebugaran UPT Puskesmas Sigerongan", "judul_seo": "tes-kebugaran-upt-puskesmas-sigerongan--63", "photo_id": 9973, "view_count": 0, "created_at": "2023-05-23T06:27:56.817Z", "updated_at": "2023-05-23T06:27:56.818Z"}}, {"condition": {"id": 492}, "defaults": {"site_id": 63, "admin_id": 81, "judul": "Pemeriksaan Kesehatan Calon Jamaah Haji tahun 2023", "judul_seo": "pemeriksaan-kesehatan-calon-jamaah-haji-tahun-2023--63", "photo_id": 9974, "view_count": 0, "created_at": "2023-05-23T06:30:45.294Z", "updated_at": "2023-05-23T06:30:45.294Z"}}, {"condition": {"id": 493}, "defaults": {"site_id": 63, "admin_id": 81, "judul": "Tes Kebugaran bagi calon jamaah haji tahun 2023", "judul_seo": "tes-kebugaran-bagi-calon-jamaah-haji-tahun-2023--63", "photo_id": 9975, "view_count": 0, "created_at": "2023-05-23T06:32:24.008Z", "updated_at": "2023-05-23T06:32:24.008Z"}}, {"condition": {"id": 494}, "defaults": {"site_id": 63, "admin_id": 81, "judul": "Bimtek Pengelolaan Website Kabupaten Rumah Sakit dan Puskesmas", "judul_seo": "bimtek-pengelolaan-website-kabupaten-rumah-sakit-dan-puskesmas--63", "photo_id": 9997, "view_count": 0, "created_at": "2023-05-23T07:16:44.508Z", "updated_at": "2023-05-23T07:16:44.508Z"}}, {"condition": {"id": 497}, "defaults": {"site_id": 63, "admin_id": 81, "judul": "Pelatihan membuat pangan pemberian makanan tambahan berbasis pangan local bagi ibu hamil kek dan balita gizi kurang UPT Puskesmas Sigerongan", "judul_seo": "pelatihan-membuat-pangan-pemberian-makanan-tambahan-berbasis-pangan-local-bagi-ibu-hamil-kek-dan-balita-gizi-kurang-upt-puskesmas-sigerongan--63", "photo_id": 10185, "view_count": 0, "created_at": "2023-05-27T05:36:43.100Z", "updated_at": "2023-05-27T05:36:43.100Z"}}, {"condition": {"id": 504}, "defaults": {"site_id": 63, "admin_id": 81, "judul": "Bakti Stunting RSJ MUTIARA SUKMA", "judul_seo": "bakti-stunting-rsj-mutiara-sukma--63", "photo_id": 10347, "view_count": 0, "created_at": "2023-06-03T08:48:00.398Z", "updated_at": "2023-06-03T08:48:00.398Z"}}, {"condition": {"id": 519}, "defaults": {"site_id": 63, "admin_id": 81, "judul": "LINSEK UPT PUSKESMAS SIGERONGAN AT VILLA SAYANG", "judul_seo": "linsek-upt-puskesmas-sigerongan-at-villa-sayang--63", "photo_id": 10825, "view_count": 0, "created_at": "2023-06-15T07:00:53.092Z", "updated_at": "2023-06-15T07:00:53.092Z"}}, {"condition": {"id": 520}, "defaults": {"site_id": 63, "admin_id": 81, "judul": "Penggalangan komitmen bersama lintas sektor dalam peningkatan mutu pelayanan kesehatan UPT Puskesmas Sigerongan", "judul_seo": "penggalangan-komitmen-bersama-lintas-sektor-dalam-peningkatan-mutu-pelayanan-kesehatan-upt-puskesmas-sigerongan--63", "photo_id": 10827, "view_count": 0, "created_at": "2023-06-15T07:03:55.081Z", "updated_at": "2023-06-15T07:03:55.081Z"}}, {"condition": {"id": 525}, "defaults": {"site_id": 63, "admin_id": 81, "judul": "Sejuta aseptor KB wilayah kerja UPT Puskesmas Sigerongan", "judul_seo": "sejuta-aseptor-kb-wilayah-kerja-upt-puskesmas-sigerongan--63", "photo_id": 10994, "view_count": 0, "created_at": "2023-06-20T06:18:23.941Z", "updated_at": "2023-06-20T06:18:23.941Z"}}, {"condition": {"id": 527}, "defaults": {"site_id": 63, "admin_id": 81, "judul": "Mensukseskan Sejuta aseptor KB wilayah kerja UPT Puskesmas Sigerongan", "judul_seo": "mensukseskan-sejuta-aseptor-kb-wilayah-kerja-upt-puskesmas-sigerongan--63", "photo_id": 10996, "view_count": 0, "created_at": "2023-06-20T06:25:28.153Z", "updated_at": "2023-06-20T06:25:28.154Z"}}, {"condition": {"id": 528}, "defaults": {"site_id": 63, "admin_id": 81, "judul": "Kalakarya bidan UPT Puskesmas Sigerongan", "judul_seo": "kalakarya-bidan-upt-puskesmas-sigerongan--63", "photo_id": 10997, "view_count": 0, "created_at": "2023-06-20T06:29:43.747Z", "updated_at": "2023-06-20T06:29:43.747Z"}}, {"condition": {"id": 529}, "defaults": {"site_id": 63, "admin_id": 81, "judul": "Praktek Penerapan hasil  kalakarya bidan", "judul_seo": "praktek-penerapan-hasil-kalakarya-bidan--63", "photo_id": 10998, "view_count": 0, "created_at": "2023-06-20T06:31:18.437Z", "updated_at": "2023-06-20T06:31:41.822Z"}}, {"condition": {"id": 530}, "defaults": {"site_id": 63, "admin_id": 81, "judul": "Praktek Penerapan hasil  kalakarya bidan pengukuran tinggi badan", "judul_seo": "praktek-penerapan-hasil-kalakarya-bidan-pengukuran-tinggi-badan--63", "photo_id": 10999, "view_count": 0, "created_at": "2023-06-20T06:33:14.402Z", "updated_at": "2023-06-20T06:33:14.402Z"}}, {"condition": {"id": 531}, "defaults": {"site_id": 63, "admin_id": 81, "judul": "Workshop Manajemen ILTB dan Pemberian Terapi Pencegahan TB Provinsi NTB tahun 2023", "judul_seo": "workshop-manajemen-iltb-dan-pemberian-terapi-pencegahan-tb-provinsi-ntb-tahun-2023--63", "photo_id": 11001, "view_count": 0, "created_at": "2023-06-20T06:55:03.821Z", "updated_at": "2023-06-20T06:55:03.821Z"}}, {"condition": {"id": 532}, "defaults": {"site_id": 63, "admin_id": 81, "judul": "Peserta Whorkshop Manajemen ILTB", "judul_seo": "peserta-whorkshop-manajemen-iltb--63", "photo_id": 11002, "view_count": 0, "created_at": "2023-06-20T06:57:11.167Z", "updated_at": "2023-06-20T06:57:11.167Z"}}, {"condition": {"id": 534}, "defaults": {"site_id": 63, "admin_id": 81, "judul": "Workshop eliminasi malaria, sosialisasi aplikasi sihepi dan pengisian ebs pada skdr", "judul_seo": "workshop-eliminasi-malaria-sosialisasi-aplikasi-sihepi-dan-pengisian-ebs-pada-skdr--63", "photo_id": 11004, "view_count": 0, "created_at": "2023-06-20T07:02:58.318Z", "updated_at": "2023-06-20T07:02:58.318Z"}}, {"condition": {"id": 543}, "defaults": {"site_id": 63, "admin_id": 81, "judul": "Basuh Anting go to Nasional", "judul_seo": "basuh-anting-go-to-nasional--63", "photo_id": 11405, "view_count": 0, "created_at": "2023-07-03T06:47:35.157Z", "updated_at": "2023-07-03T06:47:35.157Z"}}, {"condition": {"id": 544}, "defaults": {"site_id": 63, "admin_id": 81, "judul": "Qurratul Ai'ni in action Lomba Nakes Teladan", "judul_seo": "qurratul-aini-in-action-lomba-nakes-teladan--63", "photo_id": 11406, "view_count": 0, "created_at": "2023-07-03T06:49:33.602Z", "updated_at": "2023-07-03T06:49:33.602Z"}}, {"condition": {"id": 545}, "defaults": {"site_id": 63, "admin_id": 81, "judul": "Cuti bersama Hari Raya Idul Adha 1444 Hijriyah", "judul_seo": "cuti-bersama-hari-raya-idul-adha-1444-hijriyah--63", "photo_id": 11407, "view_count": 0, "created_at": "2023-07-03T06:50:26.271Z", "updated_at": "2023-07-03T06:50:26.271Z"}}, {"condition": {"id": 546}, "defaults": {"site_id": 63, "admin_id": 81, "judul": "Happy Eid Adha 1444 Hijriah", "judul_seo": "happy-eid-adha-1444-hijriah--63", "photo_id": 11408, "view_count": 0, "created_at": "2023-07-03T06:51:10.819Z", "updated_at": "2023-07-03T06:51:10.820Z"}}, {"condition": {"id": 552}, "defaults": {"site_id": 63, "admin_id": 81, "judul": "Tes Kebugaran Bencingah Lobar \" Registration\"", "judul_seo": "tes-kebugaran-bencingah-lobar-registration--63", "photo_id": 11570, "view_count": 0, "created_at": "2023-07-07T05:22:35.583Z", "updated_at": "2023-07-07T05:22:35.583Z"}}, {"condition": {"id": 553}, "defaults": {"site_id": 63, "admin_id": 81, "judul": "Kadiskes LOBAR chek up with sigerongan team", "judul_seo": "kadiskes-lobar-chek-up-with-sigerongan-team--63", "photo_id": 11572, "view_count": 0, "created_at": "2023-07-07T05:27:09.888Z", "updated_at": "2023-07-07T05:27:09.888Z"}}, {"condition": {"id": 609}, "defaults": {"site_id": 63, "admin_id": 81, "judul": "USG Kehamilan kini bisa di Puskesmas Saja", "judul_seo": "usg-kehamilan-kini-bisa-di-puskesmas-saja", "photo_id": 14893, "view_count": 0, "created_at": "2024-01-11T07:21:58.131Z", "updated_at": "2024-01-11T07:21:58.131Z"}}, {"condition": {"id": 610}, "defaults": {"site_id": 63, "admin_id": 81, "judul": "Imunisasi Hepatitis B untuk Tenaga Medis UPT Puskesmas Sigerongan", "judul_seo": "imunisasi-hepatitis-b-untuk-tenaga-medis-upt-puskesmas-sigerongan", "photo_id": 15257, "view_count": 0, "created_at": "2024-01-20T07:12:10.328Z", "updated_at": "2024-01-20T07:12:10.328Z"}}, {"condition": {"id": 612}, "defaults": {"site_id": 63, "admin_id": 81, "judul": "Mahasiswa DIII Keperawatan Poltekkes Mataram Memulai Praktek Klinik di UPT Puskesmas Sigerongan", "judul_seo": "mahasiswa-diii-keperawatan-poltekkes-mataram-memulai-praktek-klinik-di-upt-puskesmas-sigerongan", "photo_id": 15370, "view_count": 0, "created_at": "2024-01-23T07:12:18.447Z", "updated_at": "2024-01-23T07:12:18.447Z"}}, {"condition": {"id": 613}, "defaults": {"site_id": 63, "admin_id": 81, "judul": "Kegiatan Kelas Ibu Hamil di Desa Dasan Geria Menjadi Sarana Edukasi Kesehatan", "judul_seo": "kegiatan-kelas-ibu-hamil-di-desa-dasan-geria-menjadi-sarana-edukasi-kesehatan", "photo_id": 15371, "view_count": 0, "created_at": "2024-01-23T07:13:14.756Z", "updated_at": "2024-01-23T07:13:14.756Z"}}, {"condition": {"id": 614}, "defaults": {"site_id": 63, "admin_id": 81, "judul": "Puncak Perayaan HGN ke-64 UPT Puskesmas Sigerongan", "judul_seo": "puncak-perayaan-hgn-ke-64-upt-puskesmas-sigerongan", "photo_id": 15452, "view_count": 0, "created_at": "2024-01-26T06:00:44.688Z", "updated_at": "2024-01-26T06:00:44.688Z"}}, {"condition": {"id": 615}, "defaults": {"site_id": 63, "admin_id": 81, "judul": "Puncak Perayaan HGN ke-64 UPT Puskesmas Sigerongan", "judul_seo": "puncak-perayaan-hgn-ke-64-upt-puskesmas-sigerongan-1", "photo_id": 15453, "view_count": 0, "created_at": "2024-01-26T06:01:15.976Z", "updated_at": "2024-01-26T06:01:15.976Z"}}, {"condition": {"id": 618}, "defaults": {"site_id": 63, "admin_id": 81, "judul": "Minum Obat Cacing di Sekolah Wilayah Kerja UPT Puskesmas Sigerongan Berlangsung Lancar", "judul_seo": "minum-obat-cacing-di-sekolah-wilayah-kerja-upt-puskesmas-sigerongan-berlangsung-lancar", "photo_id": 16460, "view_count": 0, "created_at": "2024-02-26T06:41:01.964Z", "updated_at": "2024-02-26T06:41:01.964Z"}}]