[{"condition": {"id": 204}, "defaults": {"site_id": 58, "admin_id": 76, "judul": "STAF PUSKESMAS PELANGAN", "photo_id": 13131, "status": "published", "link": null, "created_at": "2023-09-03T16:05:17.822Z", "updated_at": "2023-09-03T16:09:22.711Z"}}, {"condition": {"id": 205}, "defaults": {"site_id": 58, "admin_id": 76, "judul": "KEPALA PUSKESMAS PELANGAN. dr FAYRUS SYAHFI' IMAM", "photo_id": 13133, "status": "published", "link": null, "created_at": "2023-09-03T16:10:45.623Z", "updated_at": "2023-09-03T16:10:45.623Z"}}, {"condition": {"id": 206}, "defaults": {"site_id": 58, "admin_id": 76, "judul": "TANDA TANGAN KOMITMEN BERSAMA", "photo_id": 13134, "status": "published", "link": null, "created_at": "2023-09-03T16:11:35.754Z", "updated_at": "2023-09-03T16:11:35.754Z"}}, {"condition": {"id": 207}, "defaults": {"site_id": 58, "admin_id": 76, "judul": "LAUNCING STUNTING", "photo_id": 13135, "status": "published", "link": null, "created_at": "2023-09-03T16:17:22.991Z", "updated_at": "2023-09-03T16:17:22.991Z"}}, {"condition": {"id": 208}, "defaults": {"site_id": 58, "admin_id": 76, "judul": "MAKLUMAT", "photo_id": 13136, "status": "published", "link": null, "created_at": "2023-09-03T16:18:22.386Z", "updated_at": "2023-09-03T16:18:22.386Z"}}, {"condition": {"id": 209}, "defaults": {"site_id": 58, "admin_id": 76, "judul": "MOTTO PUSKESMAS PELANGAN", "photo_id": 13137, "status": "published", "link": null, "created_at": "2023-09-03T16:19:00.587Z", "updated_at": "2023-09-03T16:19:00.587Z"}}, {"condition": {"id": 210}, "defaults": {"site_id": 58, "admin_id": 76, "judul": "VISI MISI PUSKESMAS PELANGAN", "photo_id": 13138, "status": "published", "link": null, "created_at": "2023-09-03T16:19:44.010Z", "updated_at": "2023-09-03T16:19:44.011Z"}}]