[{"condition": {"id": 121}, "defaults": {"site_id": 47, "admin_id": 51, "judul": "Selamat Datang di Website Resmi RSUD Awet Muda Narmada", "photo_id": 6495, "status": "published", "link": null, "created_at": "2022-10-07T16:39:37.239Z", "updated_at": "2022-10-07T16:39:37.239Z"}}, {"condition": {"id": 122}, "defaults": {"site_id": 47, "admin_id": 51, "judul": "In House Training - Peningkatan Kompetensi Karyawan Karyawati RSUD Awet Muda Narmada", "photo_id": 6496, "status": "published", "link": null, "created_at": "2022-10-07T16:41:23.847Z", "updated_at": "2022-10-07T16:41:23.847Z"}}, {"condition": {"id": 124}, "defaults": {"site_id": 47, "admin_id": 51, "judul": "PELATIHAN KOMUNIKASI EFEKTIF - RSUD AWET MUDA NARMADA", "photo_id": 6763, "status": "published", "link": null, "created_at": "2022-10-20T16:53:31.220Z", "updated_at": "2022-10-20T16:53:31.220Z"}}, {"condition": {"id": 125}, "defaults": {"site_id": 47, "admin_id": 51, "judul": "SOSIALISASI JENIS LAYANAN RUMAH SAKIT AWET MUDA NARMADA SETELAH NAIK KELAS TYPE-C", "photo_id": 6764, "status": "published", "link": null, "created_at": "2022-10-20T17:11:32.276Z", "updated_at": "2022-10-20T17:11:32.276Z"}}, {"condition": {"id": 143}, "defaults": {"site_id": 47, "admin_id": 51, "judul": "AKREDITASI RSUD Awet Muda Narmada - LARSDHP", "photo_id": 7543, "status": "published", "link": null, "created_at": "2022-12-01T09:34:18.117Z", "updated_at": "2022-12-01T09:34:18.117Z"}}, {"condition": {"id": 147}, "defaults": {"site_id": 47, "admin_id": 51, "judul": "PENYERAHAN SERTIFIKAT AKREDITASI PARIPURNA OLEH BUPATI LOMBOK BARAT", "photo_id": 8118, "status": "published", "link": null, "created_at": "2022-12-25T10:17:32.426Z", "updated_at": "2022-12-25T10:17:32.426Z"}}, {"condition": {"id": 165}, "defaults": {"site_id": 47, "admin_id": 51, "judul": "PANITIA HUT RSUD AWET MUDA KE-6", "photo_id": 10098, "status": "published", "link": null, "created_at": "2023-05-25T02:45:04.223Z", "updated_at": "2023-05-25T02:45:04.224Z"}}]