[{"condition": {"id": 217}, "defaults": {"site_id": 55, "admin_id": 73, "judul": "Vaksin Covid 19 di UPT Puskesmas Kuripan", "view_count": 0, "embed": "<iframe width=\"885\" height=\"498\" src=\"https://www.youtube.com/embed/lsOtI22sdm0\" title=\"VAKSIN COVID 19 DI PUSKESMAS KURIPAN\" frameborder=\"0\" allow=\"accelerometer; autoplay; clipboard-write; encrypted-media; gyroscope; picture-in-picture\" allowfullscreen></iframe>", "embed_video": "https://www.youtube.com/embed/lsOtI22sdm0", "created_at": "2022-07-20T11:40:37.076Z", "updated_at": "2022-07-20T11:42:11.163Z"}}, {"condition": {"id": 218}, "defaults": {"site_id": 55, "admin_id": 73, "judul": "Test Kebugaran Seluruh Staf UPT Puskesmas Kuripan", "view_count": 0, "embed": "<iframe width=\"885\" height=\"498\" src=\"https://www.youtube.com/embed/ZqsJHGRDY0Q\" title=\"TEST KEBUGARAN KARYAWAN KARYAWATI - UPT BLUD PUSKESMAS KURIPAN MENGGUNAKAN APLIKASI SIPGAR\" frameborder=\"0\" allow=\"accelerometer; autoplay; clipboard-write; encrypted-media; gyroscope; picture-in-picture\" allowfullscreen></iframe>", "embed_video": "https://www.youtube.com/embed/ZqsJHGRDY0Q", "created_at": "2022-07-20T11:43:55.641Z", "updated_at": "2022-07-20T11:43:55.641Z"}}, {"condition": {"id": 219}, "defaults": {"site_id": 55, "admin_id": 73, "judul": "Keseruan FAMILY GATHERING Keluarga Besar UPT Puskesmas Kuripan di Pantai Kelui Senggigi", "view_count": 0, "embed": "<iframe width=\"885\" height=\"498\" src=\"https://www.youtube.com/embed/u8v1LSGyQy0\" title=\"Keseruan FAMILY GATHERING Keluarga Besar UPT Puskesmas Kuripan di Pantai Kelui Senggigi\" frameborder=\"0\" allow=\"accelerometer; autoplay; clipboard-write; encrypted-media; gyroscope; picture-in-picture\" allowfullscreen></iframe>", "embed_video": "https://www.youtube.com/embed/u8v1LSGyQy0", "created_at": "2022-07-20T11:45:14.892Z", "updated_at": "2022-07-20T11:45:14.892Z"}}, {"condition": {"id": 220}, "defaults": {"site_id": 55, "admin_id": 73, "judul": "Hari Bakti Dokter Indonesia di UPT Puskesmas Kuripan", "view_count": 0, "embed": "<iframe width=\"885\" height=\"498\" src=\"https://www.youtube.com/embed/jMTxe7zuSVg\" title=\"Hari Bakti Dokter Indonesia di UPT Puskesmas Kuripan\" frameborder=\"0\" allow=\"accelerometer; autoplay; clipboard-write; encrypted-media; gyroscope; picture-in-picture\" allowfullscreen></iframe>", "embed_video": "https://www.youtube.com/embed/jMTxe7zuSVg", "created_at": "2022-07-20T13:05:17.456Z", "updated_at": "2022-07-20T13:05:17.456Z"}}, {"condition": {"id": 221}, "defaults": {"site_id": 55, "admin_id": 73, "judul": "Bulan Imunisasi Anak Nasional ( BIAN ) UPT Puskesmas Kuripan 2022", "view_count": 0, "embed": "<p>&lt;iframe width=&quot;885&quot; height=&quot;498&quot; src=&quot;https://www.youtube.com/embed/ly_qXYeaM9k&quot; title=&quot;Bulan Imunisasi Anak Nasional ( BIAN ) UPT Puskesmas Kuripan 2022&quot; frameborder=&quot;0&quot; allow=&quot;accelerometer; autoplay; clipboard-write; encrypted-media; gyroscope; picture-in-picture&quot; allowfullscreen&gt;&lt;/iframe&gt;</p>\r\n", "embed_video": "https://www.youtube.com/embed/ly_qXYeaM9k", "created_at": "2022-07-20T13:06:06.435Z", "updated_at": "2022-07-20T13:06:06.435Z"}}, {"condition": {"id": 222}, "defaults": {"site_id": 55, "admin_id": 73, "judul": "SAFETY BREIFING UPT PUSKESMAS KURIPAN", "view_count": 0, "embed": "<iframe width=\"885\" height=\"498\" src=\"https://www.youtube.com/embed/T-zjFnW276M\" title=\"SAFETY BREIFING UPT PUSKESMAS KURIPAN\" frameborder=\"0\" allow=\"accelerometer; autoplay; clipboard-write; encrypted-media; gyroscope; picture-in-picture\" allowfullscreen></iframe>", "embed_video": "https://www.youtube.com/embed/T-zjFnW276M", "created_at": "2022-07-20T13:09:25.272Z", "updated_at": "2022-07-20T13:09:25.272Z"}}, {"condition": {"id": 223}, "defaults": {"site_id": 55, "admin_id": 73, "judul": "VIDEO PROFIL UPT PUSKESMAS KURIPAN", "view_count": 0, "embed": "<iframe width=\"885\" height=\"498\" src=\"https://www.youtube.com/embed/v3OqDBkU0VE\" title=\"VIDEO PROFIL UPT PUSKESMAS KURIPAN\" frameborder=\"0\" allow=\"accelerometer; autoplay; clipboard-write; encrypted-media; gyroscope; picture-in-picture\" allowfullscreen></iframe>", "embed_video": "https://www.youtube.com/embed/v3OqDBkU0VE", "created_at": "2022-07-20T13:09:58.417Z", "updated_at": "2022-07-20T13:09:58.417Z"}}, {"condition": {"id": 232}, "defaults": {"site_id": 55, "admin_id": 73, "judul": "Senam prolanis serentak klub Diabetes dan Hipertensi puskesmas kuripan dalam rangka HUT BPJS Kesehatan ke 54", "view_count": 0, "embed": "<iframe width=\"885\" height=\"498\" src=\"https://www.youtube.com/embed/lFKCwU0HL5A\" title=\"SENAM PROLANIS UPT PUSKESMAS KURIPAN\" frameborder=\"0\" allow=\"accelerometer; autoplay; clipboard-write; encrypted-media; gyroscope; picture-in-picture\" allowfullscreen></iframe>", "embed_video": "https://www.youtube.com/embed/lFKCwU0HL5A", "created_at": "2022-07-26T09:36:43.453Z", "updated_at": "2022-07-26T09:36:43.453Z"}}]