[{"condition": {"id": 164}, "defaults": {"site_id": 61, "admin_id": 79, "judul": "fdgfdgfg", "view_count": 0, "embed": "<iframe width=\"853\" height=\"480\" src=\"https://www.youtube.com/embed/8AJFXZGx_4I\" title=\"how to make mini gas-get metal \u0646\u062d\u0648\u0647 \u0633\u0627\u062e\u062a \u0645\u06cc\u0646\u06cc \u0645\u0634\u0639\u0644 \u0647\u0648\u0627\u0628\u0631\u0634 \u0628\u0633\u06cc\u0627\u0631 \u0642\u0648\u06cc \u0641\u0644\u0632\u06cc\" frameborder=\"0\" allow=\"accelerometer; autoplay; clipboard-write; encrypted-media; gyroscope; picture-in-picture\" allowfullscreen></iframe>", "embed_video": "https://www.youtube.com/embed/8AJFXZGx_4I", "created_at": "2022-07-05T11:59:15.406Z", "updated_at": "2022-07-05T11:59:15.406Z"}}, {"condition": {"id": 178}, "defaults": {"site_id": 61, "admin_id": 79, "judul": "KEGIATAN SENAM SERENTAK (12 JULI )", "view_count": 0, "embed": "<p>HUT BPJS Kesehatan ke-54</p>\r\n", "embed_video": "", "created_at": "2022-07-13T09:10:04.054Z", "updated_at": "2022-07-13T09:10:04.054Z"}}, {"condition": {"id": 450}, "defaults": {"site_id": 61, "admin_id": 79, "judul": "Alur Pelayanan Puskesmas Sedau", "view_count": 0, "embed": "<figure class=\"media\"><div data-oembed-url=\"https://youtu.be/4zEdvgwpiwI\"><div style=\"position: relative; padding-bottom: 100%; height: 0; padding-bottom: 56.2493%;\"><iframe src=\"https://www.youtube.com/embed/4zEdvgwpiwI\" style=\"position: absolute; width: 100%; height: 100%; top: 0; left: 0;\" frameborder=\"0\" allow=\"autoplay; encrypted-media\" allowfullscreen=\"\"></iframe></div></div></figure>", "embed_video": null, "created_at": "2023-07-28T08:25:43.802Z", "updated_at": "2023-07-28T08:25:43.802Z"}}]