[{"condition": {"id": 281}, "defaults": {"site_id": 64, "admin_id": 82, "judul": "BERSAMA PUSKESMAS SURANADI, KITA SUKSESKAN HKGN TAHUN 2022", "view_count": 0, "embed": "<p><iframe allowfullscreen=\"\" frameborder=\"0\" height=\"360\" src=\"https://www.youtube.com/embed/88OO5fCLXc8\" width=\"640\"></iframe></p>\r\n", "embed_video": "https://www.youtube.com/embed/88OO5fCLXc8", "created_at": "2022-09-15T09:14:30.182Z", "updated_at": "2022-09-15T09:14:30.182Z"}}, {"condition": {"id": 291}, "defaults": {"site_id": 64, "admin_id": 82, "judul": "INI BARU SIMPLE DAN ASYIK! SENAM PEREGANGAN GERMAS VERSI PUSKESMAS SURANADI", "view_count": 0, "embed": "<p><iframe allowfullscreen=\"\" frameborder=\"0\" height=\"360\" src=\"https://www.youtube.com/embed/o34p5_YEtIc?start=1\" width=\"640\"></iframe></p>\r\n", "embed_video": "https://www.youtube.com/embed/o34p5_YEtIc?start=1", "created_at": "2022-10-24T12:22:37.042Z", "updated_at": "2022-10-24T12:22:37.042Z"}}, {"condition": {"id": 297}, "defaults": {"site_id": 64, "admin_id": 82, "judul": "EDUKASI CTPS DI SDN 1 BUWUN SEJATI", "view_count": 0, "embed": "<p><iframe allowfullscreen=\"\" frameborder=\"0\" height=\"360\" src=\"https://www.youtube.com/embed/TVVO9sCf3g8\" width=\"640\"></iframe></p>\r\n", "embed_video": "https://www.youtube.com/embed/TVVO9sCf3g8", "created_at": "2022-10-29T18:52:09.480Z", "updated_at": "2022-10-29T18:52:09.480Z"}}, {"condition": {"id": 318}, "defaults": {"site_id": 64, "admin_id": 82, "judul": "JAMBORE KADER DALAM RANGKA HKN KE-58 BERSAMA PUSKESMAS SURANADI", "view_count": 0, "embed": "<p><iframe allowfullscreen=\"\" frameborder=\"0\" height=\"360\" src=\"https://www.youtube.com/embed/xiC_OfmzE18\" width=\"640\"></iframe></p>\r\n", "embed_video": "https://www.youtube.com/embed/xiC_OfmzE18", "created_at": "2022-11-26T08:24:35.633Z", "updated_at": "2022-11-26T08:24:35.633Z"}}, {"condition": {"id": 342}, "defaults": {"site_id": 64, "admin_id": 82, "judul": "GO GREEN PUSKESMAS SURANADI", "view_count": 0, "embed": "<p>https://youtu.be/SWBYQCGCg64<iframe allow=\"autoplay;\" allowfullscreen=\"\" frameborder=\"0\" height=\"360\" src=\"https://www.youtube.com/embed/SWBYQCGCg64?autoplay=1\" width=\"640\"></iframe></p>\r\n", "embed_video": "https://www.youtube.com/embed/SWBYQCGCg64?autoplay=1", "created_at": "2023-02-26T21:54:02.464Z", "updated_at": "2023-02-26T21:54:02.464Z"}}, {"condition": {"id": 347}, "defaults": {"site_id": 64, "admin_id": 82, "judul": "PENYULUHAN TBC DALAM RANGKA PERINGATAN HARI TBC SEDUNIA 2023", "view_count": 0, "embed": "<p><iframe allowfullscreen=\"\" frameborder=\"0\" height=\"360\" src=\"https://www.youtube.com/embed/e61RDzGd4_U\" width=\"640\"></iframe></p>\r\n", "embed_video": "https://www.youtube.com/embed/e61RDzGd4_U", "created_at": "2023-03-24T18:04:20.418Z", "updated_at": "2023-03-24T18:04:20.418Z"}}, {"condition": {"id": 396}, "defaults": {"site_id": 64, "admin_id": 82, "judul": "PERINGATAN HARI LANJUT USIA NASIONAL 2023 DI WILAYAH KERJA PUSKESMAS SURANADI", "view_count": 0, "embed": "<p><iframe allowfullscreen=\"\" frameborder=\"0\" height=\"360\" src=\"https://www.youtube.com/embed/pieaPdDYumA\" width=\"640\"></iframe></p>\r\n", "embed_video": "https://www.youtube.com/embed/pieaPdDYumA", "created_at": "2023-05-29T10:21:16.625Z", "updated_at": "2023-05-29T10:21:16.625Z"}}, {"condition": {"id": 399}, "defaults": {"site_id": 64, "admin_id": 82, "judul": "BEGINI PELAYANAN POSYANDU DI DUSUN KUANG MAYUNG DESA SURANADI", "view_count": 0, "embed": "<p><iframe allowfullscreen=\"\" frameborder=\"0\" height=\"360\" src=\"https://www.youtube.com/embed/6aa1iBgJUX0\" width=\"640\"></iframe></p>\r\n", "embed_video": "https://www.youtube.com/embed/6aa1iBgJUX0", "created_at": "2023-06-03T08:37:06.646Z", "updated_at": "2023-06-03T08:37:06.646Z"}}, {"condition": {"id": 400}, "defaults": {"site_id": 64, "admin_id": 82, "judul": "PELAYANAN KB GRATIS PERINGATI HARI KELUARGA NASIONAL (HARGANAS) KE 30 DI PUSKESMAS SURANADI", "view_count": 0, "embed": "<p><iframe allowfullscreen=\"\" frameborder=\"0\" height=\"360\" src=\"https://www.youtube.com/embed/PaYiQjL-Jto\" width=\"640\"></iframe></p>\r\n", "embed_video": "https://www.youtube.com/embed/PaYiQjL-Jto", "created_at": "2023-06-14T14:30:55.886Z", "updated_at": "2023-06-14T14:30:55.886Z"}}, {"condition": {"id": 420}, "defaults": {"site_id": 64, "admin_id": 82, "judul": "PERINGATAN HUT IBI KE-72 PUSKESMAS SURANADI", "view_count": 0, "embed": "<p><iframe allowfullscreen=\"\" frameborder=\"0\" height=\"360\" src=\"https://www.youtube.com/embed/SgKfqnTKg94\" width=\"640\"></iframe></p>\r\n", "embed_video": "https://www.youtube.com/embed/SgKfqnTKg94", "created_at": "2023-06-24T07:18:24.262Z", "updated_at": "2023-06-24T07:18:24.262Z"}}, {"condition": {"id": 429}, "defaults": {"site_id": 64, "admin_id": 82, "judul": "SENAM BERSAMA PROLANIS DALAM RANGKA HUT BPJS KE-55 DI UPT PUSKESMAS SURANADI", "view_count": 0, "embed": "<figure class=\"media\"><div data-oembed-url=\"https://www.youtube.com/watch?v=4bJWuH0A9kE\"><div style=\"position: relative; padding-bottom: 100%; height: 0; padding-bottom: 56.2493%;\"><iframe src=\"https://www.youtube.com/embed/4bJWuH0A9kE\" style=\"position: absolute; width: 100%; height: 100%; top: 0; left: 0;\" frameborder=\"0\" allow=\"autoplay; encrypted-media\" allowfullscreen=\"\"></iframe></div></div></figure>", "embed_video": null, "created_at": "2023-07-15T05:34:36.935Z", "updated_at": "2023-07-15T05:37:21.306Z"}}, {"condition": {"id": 476}, "defaults": {"site_id": 64, "admin_id": 82, "judul": "SELAMAT HARI KESEHATAN NASIONAL KE-59, TRANSFORMASI KESEHATAN UNTUK INDONESIA MAJU", "view_count": 0, "embed": "<figure class=\"media\"><div data-oembed-url=\"https://youtu.be/QiRfy7fN48Y\"><div style=\"position: relative; padding-bottom: 100%; height: 0; padding-bottom: 56.2493%;\"><iframe src=\"https://www.youtube.com/embed/QiRfy7fN48Y\" style=\"position: absolute; width: 100%; height: 100%; top: 0; left: 0;\" frameborder=\"0\" allow=\"autoplay; encrypted-media\" allowfullscreen=\"\"></iframe></div></div></figure>", "embed_video": "https://www.youtube.com/embed/QiRfy7fN48Y", "created_at": "2023-11-13T09:07:23.812Z", "updated_at": "2023-11-13T09:07:23.812Z"}}]