[{"condition": {"id": 124}, "defaults": {"site_id": 52, "admin_id": 70, "judul": "Puskesmas Eyat Mayang", "view_count": 0, "embed": "<div class=\"youtube-embed-wrapper\" style=\"height:0; overflow:hidden; padding-bottom:56.25%; padding-top:30px; position:relative\"><iframe allow=\"autoplay;\" allowfullscreen=\"\" frameborder=\"0\" height=\"360\" src=\"https://www.youtube.com/embed/0ZZ1EJO-NEk?autoplay=1&amp;controls=0\" style=\"position:absolute;top:0;left:0;width:100%;height:100%\" width=\"640\"></iframe></div>\r\n\r\n<p>&nbsp;</p>", "embed_video": "https://www.youtube.com/embed/0ZZ1EJO-NEk?autoplay=1&amp;controls=0", "created_at": "2022-03-15T10:32:09.197Z", "updated_at": "2022-09-28T20:11:27.769Z"}}]