[{"condition": {"id": 258}, "defaults": {"site_id": 46, "admin_id": 50, "judul": "Kegiatan BIAN (Bulan Imunisasi Anak Nasional) di IM Ihyaudini wilayah kerja UPT Puskesmas Labuapi ", "judul_seo": "kegiatan-bian-bulan-imunisasi-anak-nasional-di-im-ihyaudini-wilayah-kerja-upt-puskesmas-labuapi", "photo_id": 2101, "view_count": 0, "created_at": "2022-06-18T09:35:27.742Z", "updated_at": "2022-06-18T09:35:27.742Z"}}, {"condition": {"id": 299}, "defaults": {"site_id": 46, "admin_id": 50, "judul": "Kegiatan Pemantauan Posyandu SMART oleh Kepala UPT Puskesmas Labuapi di Dusun Begende Desa Merembu Wilayah Kerja UPT Puskesmas Labuapi", "judul_seo": "kegiatan-pemantauan-posyandu-smart-oleh-kepala-upt-puskesmas-labuapi-di-dusun-begende-desa-merembu-wilayah-kerja-upt-puskesmas-labuapi-46", "photo_id": 2412, "view_count": 0, "created_at": "2022-07-05T09:51:13.381Z", "updated_at": "2022-07-05T09:51:31.638Z"}}, {"condition": {"id": 608}, "defaults": {"site_id": 46, "admin_id": 50, "judul": "logoPuskesmas", "judul_seo": "logopuskesmas", "photo_id": 14879, "view_count": 0, "created_at": "2024-01-11T02:51:22.013Z", "updated_at": "2024-01-11T02:51:22.013Z"}}]