[{"condition": {"id": 164}, "defaults": {"site_id": 45, "admin_id": 48, "judul": "jadwal pelayanan", "photo_id": 10042, "status": "published", "link": null, "created_at": "2023-05-24T04:41:58.378Z", "updated_at": "2023-05-24T04:41:58.378Z"}}, {"condition": {"id": 188}, "defaults": {"site_id": 45, "admin_id": 48, "judul": "MAKLUMAT LAYANAN", "photo_id": 12599, "status": "published", "link": null, "created_at": "2023-08-15T05:26:04.929Z", "updated_at": "2023-09-18T03:56:56.118Z"}}, {"condition": {"id": 189}, "defaults": {"site_id": 45, "admin_id": 48, "judul": "VISI MISI PUSKESMAS DASAN TAPEN", "photo_id": 12600, "status": "published", "link": null, "created_at": "2023-08-15T05:29:32.785Z", "updated_at": "2023-08-15T05:29:32.785Z"}}, {"condition": {"id": 190}, "defaults": {"site_id": 45, "admin_id": 48, "judul": "GEDUNG PUSKESMAS ", "photo_id": 12602, "status": "published", "link": null, "created_at": "2023-08-15T05:33:41.284Z", "updated_at": "2023-08-15T05:33:41.284Z"}}, {"condition": {"id": 191}, "defaults": {"site_id": 45, "admin_id": 48, "judul": "ALUR LAYANAN", "photo_id": 12651, "status": "published", "link": null, "created_at": "2023-08-15T09:18:23.148Z", "updated_at": "2023-08-15T09:18:23.148Z"}}, {"condition": {"id": 240}, "defaults": {"site_id": 45, "admin_id": 48, "judul": "PJ BUPATI LOMBOK BARAT", "photo_id": 17949, "status": "published", "link": null, "created_at": "2024-04-23T07:09:53.204Z", "updated_at": "2024-04-23T07:09:53.204Z"}}]