[{"condition": {"id": 20}, "defaults": {"site_id": 44, "admin_id": 47, "judul": "Selamat Datang di Website Puskesmas Narmada Kabupaten Lombok Barat", "photo_id": 266, "status": "published", "link": null, "created_at": "2021-06-07T10:43:34.810Z", "updated_at": "2021-06-09T12:00:44.502Z"}}, {"condition": {"id": 35}, "defaults": {"site_id": 44, "admin_id": 47, "judul": "STAF UPT PUSKESMAS NARMADA", "photo_id": 510, "status": "published", "link": null, "created_at": "2021-06-09T10:28:32.707Z", "updated_at": "2021-06-09T10:28:32.707Z"}}, {"condition": {"id": 43}, "defaults": {"site_id": 44, "admin_id": 47, "judul": "MAKLUMAT PELAYANAN", "photo_id": 834, "status": "published", "link": null, "created_at": "2021-06-16T13:49:28.548Z", "updated_at": "2021-06-23T10:49:48.549Z"}}]