[{"condition": {"id": 231}, "defaults": {"site_id": 49, "admin_id": 52, "judul": "SOSIALISASI KESPRO", "view_count": 0, "embed": "<iframe width=\"759\" height=\"427\" \r\n    src=\"https://youtu.be/BxODooPJrpY/embed/_P7FX8rhXk4\" \r\n    title=\"YouTube video player\" \r\n    frameborder=\"0\" \r\n    allow=\"accelerometer; autoplay; clipboard-write; encrypted-media; gyroscope; picture-in-picture\" \r\n    allowfullscreen>\r\n</iframe>", "embed_video": "https://youtu.be/BxODooPJrpY/embed/_P7FX8rhXk4", "created_at": "2022-07-23T17:38:52.060Z", "updated_at": "2022-07-23T17:41:33.291Z"}}, {"condition": {"id": 458}, "defaults": {"site_id": 49, "admin_id": 52, "judul": "TES KEBUGARAN", "view_count": 0, "embed": "<figure class=\"media\"><div data-oembed-url=\"https://youtu.be/bovccXt1Xp8\"><div style=\"position: relative; padding-bottom: 100%; height: 0; padding-bottom: 56.2493%;\"><iframe src=\"https://www.youtube.com/embed/bovccXt1Xp8\" style=\"position: absolute; width: 100%; height: 100%; top: 0; left: 0;\" frameborder=\"0\" allow=\"autoplay; encrypted-media\" allowfullscreen=\"\"></iframe></div></div></figure>", "embed_video": null, "created_at": "2023-08-05T11:39:27.448Z", "updated_at": "2023-08-05T11:43:07.313Z"}}]