[{"condition": {"id": 69}, "defaults": {"site_id": 54, "admin_id": 72, "judul": "PELAKSANAAN VAKSINASI 1 TOKOH AGAMA DAN JAJARAN POLRES LOMBOK BARAT", "view_count": 0, "embed": "<iframe width=\"560\" height=\"315\" src=\"https://www.youtube.com/embed/-C0DGuG3L2o\" title=\"YouTube video player\" frameborder=\"0\" allow=\"accelerometer; autoplay; clipboard-write; encrypted-media; gyroscope; picture-in-picture\" allowfullscreen></iframe>", "embed_video": "https://www.youtube.com/embed/-C0DGuG3L2o", "created_at": "2021-07-27T10:11:45.771Z", "updated_at": "2022-02-25T08:48:47.914Z"}}, {"condition": {"id": 70}, "defaults": {"site_id": 54, "admin_id": 72, "judul": "PELAKSANAAN VAKSINASI PERTAMA KADES,SEKDES DAN BPD LOMBOK BARAT", "view_count": 0, "embed": "<iframe width=\"560\" height=\"315\" src=\"https://www.youtube.com/embed/BP3zAKNRmdk\" title=\"YouTube video player\" frameborder=\"0\" allow=\"accelerometer; autoplay; clipboard-write; encrypted-media; gyroscope; picture-in-picture\" allowfullscreen></iframe>", "embed_video": "https://www.youtube.com/embed/BP3zAKNRmdk", "created_at": "2021-07-27T10:12:48.482Z", "updated_at": "2022-02-25T08:48:47.931Z"}}, {"condition": {"id": 71}, "defaults": {"site_id": 54, "admin_id": 72, "judul": "PELAKSANAAN VAKSINA 1 HARI KE 2 TOKOH AGAMA DAN JAJARAN KEPOLISIAN DI POLRES LOMBOK BARAT", "view_count": 0, "embed": "<iframe width=\"560\" height=\"315\" src=\"https://www.youtube.com/embed/jcFExPolbxU\" title=\"YouTube video player\" frameborder=\"0\" allow=\"accelerometer; autoplay; clipboard-write; encrypted-media; gyroscope; picture-in-picture\" allowfullscreen></iframe>", "embed_video": "https://www.youtube.com/embed/jcFExPolbxU", "created_at": "2021-07-27T10:13:40.926Z", "updated_at": "2022-02-25T08:48:47.949Z"}}, {"condition": {"id": 199}, "defaults": {"site_id": 54, "admin_id": 72, "judul": "PELAKSANAAN VAKSINASI DOSIS PERTAMA KHUSUS LANSIA", "view_count": 0, "embed": "<iframe width=\"853\" height=\"480\" src=\"https://www.youtube.com/embed/TWQ3kRoccs4\" title=\"PELAKSANAAN VAKSINASI DOSIS PERTAMA KHUSUS LANSIA\" frameborder=\"0\" allow=\"accelerometer; autoplay; clipboard-write; encrypted-media; gyroscope; picture-in-picture\" allowfullscreen></iframe>", "embed_video": "https://www.youtube.com/embed/TWQ3kRoccs4", "created_at": "2022-07-20T09:14:35.460Z", "updated_at": "2022-07-20T09:14:35.460Z"}}, {"condition": {"id": 200}, "defaults": {"site_id": 54, "admin_id": 72, "judul": "PELAKSANAAN VAKSINASI MASSAL BHAYANGKARA KE-75", "view_count": 0, "embed": "<iframe width=\"853\" height=\"480\" src=\"https://www.youtube.com/embed/Axnj8039bEM\" title=\"PELAKSANAAN VAKSINASI MASSAL BHAYANGKARA KE-75\" frameborder=\"0\" allow=\"accelerometer; autoplay; clipboard-write; encrypted-media; gyroscope; picture-in-picture\" allowfullscreen></iframe>", "embed_video": "https://www.youtube.com/embed/Axnj8039bEM", "created_at": "2022-07-20T09:15:12.657Z", "updated_at": "2022-07-20T09:15:12.657Z"}}, {"condition": {"id": 201}, "defaults": {"site_id": 54, "admin_id": 72, "judul": "VAKSINASI LANSIA DIKANTOR DESA LEMBAR SEKALIGUS PEMBERIAN DANA BLTDD KPD MASYARAKAT YG KURANG MAMPU", "view_count": 0, "embed": "<iframe width=\"853\" height=\"480\" src=\"https://www.youtube.com/embed/1XmO4UVLea0\" title=\"VAKSINASI LANSIA DIKANTOR DESA LEMBAR SEKALIGUS PEMBERIAN  DANA BLTDD KPD MASYARAKAT YG KURANG MAMPU\" frameborder=\"0\" allow=\"accelerometer; autoplay; clipboard-write; encrypted-media; gyroscope; picture-in-picture\" allowfullscreen></iframe>", "embed_video": "https://www.youtube.com/embed/1XmO4UVLea0", "created_at": "2022-07-20T09:16:05.368Z", "updated_at": "2022-07-20T09:16:05.368Z"}}, {"condition": {"id": 202}, "defaults": {"site_id": 54, "admin_id": 72, "judul": "PELAKSANAAN VAKSINASI UNTUK LANSIA DOSIS PERTAMA - Di dusun Granada Kec.Lembar Kab.Lombok Barat", "view_count": 0, "embed": "<iframe width=\"853\" height=\"480\" src=\"https://www.youtube.com/embed/ctzKCp2_i38\" title=\"PELAKSANAAN VAKSINASI UNTUK LANSIA DOSIS PERTAMA - Di dusun Granada Kec.Lembar Kab.Lombok Barat\" frameborder=\"0\" allow=\"accelerometer; autoplay; clipboard-write; encrypted-media; gyroscope; picture-in-picture\" allowfullscreen></iframe>", "embed_video": "https://www.youtube.com/embed/ctzKCp2_i38", "created_at": "2022-07-20T09:16:49.486Z", "updated_at": "2022-07-20T09:16:49.486Z"}}, {"condition": {"id": 203}, "defaults": {"site_id": 54, "admin_id": 72, "judul": "Vaksinasi Covid-19 Lansia di karang anyar kec.Lembar Kab.Lombok Barat", "view_count": 0, "embed": "<iframe width=\"835\" height=\"480\" src=\"https://www.youtube.com/embed/_15yBCOgNJE\" title=\"Vaksinasi Covid-19 Lansia di karang anyar kec.Lembar Kab.Lombok Barat\" frameborder=\"0\" allow=\"accelerometer; autoplay; clipboard-write; encrypted-media; gyroscope; picture-in-picture\" allowfullscreen></iframe>", "embed_video": "https://www.youtube.com/embed/_15yBCOgNJE", "created_at": "2022-07-20T09:17:40.349Z", "updated_at": "2022-07-20T09:17:40.349Z"}}, {"condition": {"id": 204}, "defaults": {"site_id": 54, "admin_id": 72, "judul": "Pelaksanaan vaksinasi ke-1 di kantor camat lembar", "view_count": 0, "embed": "<iframe width=\"853\" height=\"480\" src=\"https://www.youtube.com/embed/lAIErC0csXg\" title=\"Pelaksanaan vaksinasi ke-1 di kantor camat lembar\" frameborder=\"0\" allow=\"accelerometer; autoplay; clipboard-write; encrypted-media; gyroscope; picture-in-picture\" allowfullscreen></iframe>", "embed_video": "https://www.youtube.com/embed/lAIErC0csXg", "created_at": "2022-07-20T09:18:20.051Z", "updated_at": "2022-07-20T09:18:20.051Z"}}, {"condition": {"id": 205}, "defaults": {"site_id": 54, "admin_id": 72, "judul": "PELAKSANAAN VAKSINASI KE 2 TOKOH AGAMA,ANGGOTA KEPOLISIAN DAN TOKOH MASYARAKAT,DIHADIRI BUPATI LOBAR", "view_count": 0, "embed": "<iframe width=\"853\" height=\"480\" src=\"https://www.youtube.com/embed/NTGAVWrcEbg\" title=\"PELAKSANAAN VAKSINASI KE 2 TOKOH AGAMA,ANGGOTA KEPOLISIAN DAN TOKOH MASYARAKAT,DIHADIRI BUPATI LOBAR\" frameborder=\"0\" allow=\"accelerometer; autoplay; clipboard-write; encrypted-media; gyroscope; picture-in-picture\" allowfullscreen></iframe>", "embed_video": "https://www.youtube.com/embed/NTGAVWrcEbg", "created_at": "2022-07-20T09:19:03.763Z", "updated_at": "2022-07-20T09:19:03.763Z"}}, {"condition": {"id": 206}, "defaults": {"site_id": 54, "admin_id": 72, "judul": "UPT PUSKESMAS JEMBATAN KEMBAR Tutorial Membuat DISINFEKTAN Semprot, Untuk COVID 19", "view_count": 0, "embed": "<iframe width=\"853\" height=\"480\" src=\"https://www.youtube.com/embed/fBHIx6-oG3Y\" title=\"UPT PUSKESMAS JEMBATAN KEMBAR Tutorial Membuat DISINFEKTAN Semprot, Untuk COVID 19\" frameborder=\"0\" allow=\"accelerometer; autoplay; clipboard-write; encrypted-media; gyroscope; picture-in-picture\" allowfullscreen></iframe>", "embed_video": "https://www.youtube.com/embed/fBHIx6-oG3Y", "created_at": "2022-07-20T09:19:41.228Z", "updated_at": "2022-07-20T09:19:41.228Z"}}, {"condition": {"id": 207}, "defaults": {"site_id": 54, "admin_id": 72, "judul": "UPT BLUD PUSKESMAS JEMBATAN KEMBAR CARA MEMBUAT HAND SANITIZER MENGGUNAKAN LIDAH BUAYA ALOE", "view_count": 0, "embed": "<iframe width=\"853\" height=\"480\" src=\"https://www.youtube.com/embed/1bWdT5oP7p0\" title=\"UPT BLUD PUSKESMAS JEMBATAN KEMBAR CARA MEMBUAT HAND SANITIZER MENGGUNAKAN LIDAH BUAYA ALOE\" frameborder=\"0\" allow=\"accelerometer; autoplay; clipboard-write; encrypted-media; gyroscope; picture-in-picture\" allowfullscreen></iframe>", "embed_video": "https://www.youtube.com/embed/1bWdT5oP7p0", "created_at": "2022-07-20T09:20:19.402Z", "updated_at": "2022-07-20T09:20:19.402Z"}}, {"condition": {"id": 208}, "defaults": {"site_id": 54, "admin_id": 72, "judul": "UPT PUSKESMAS JEMBATAN KEMBAR PENYEMPROTAN DISINFEKTAN", "view_count": 0, "embed": "<iframe width=\"853\" height=\"480\" src=\"https://www.youtube.com/embed/V1xH7fFefCc\" title=\"UPT PUSKESMAS JEMBATAN KEMBAR PENYEMPROTAN DISINFEKTAN\" frameborder=\"0\" allow=\"accelerometer; autoplay; clipboard-write; encrypted-media; gyroscope; picture-in-picture\" allowfullscreen></iframe>", "embed_video": "https://www.youtube.com/embed/V1xH7fFefCc", "created_at": "2022-07-20T09:22:06.084Z", "updated_at": "2022-07-20T09:22:06.084Z"}}, {"condition": {"id": 248}, "defaults": {"site_id": 54, "admin_id": 72, "judul": "Posyandu Sahabat Masyarakat", "view_count": 0, "embed": "<p>&lt;iframe width=&quot;670&quot; height=&quot;377&quot; src=&quot;https://www.youtube.com/embed/wULF3u5Bgww&quot; title=&quot;Animasi Posyandu Sahabat Masyarakat&quot; frameborder=&quot;0&quot; allow=&quot;accelerometer; autoplay; clipboard-write; encrypted-media; gyroscope; picture-in-picture&quot; allowfullscreen&gt;&lt;/iframe&gt;</p>\r\n", "embed_video": "https://www.youtube.com/embed/wULF3u5Bgww", "created_at": "2022-08-09T13:02:34.273Z", "updated_at": "2022-08-09T13:02:34.273Z"}}, {"condition": {"id": 249}, "defaults": {"site_id": 54, "admin_id": 72, "judul": "5 Gerakan Sehat", "view_count": 0, "embed": "<p>&lt;iframe width=&quot;670&quot; height=&quot;377&quot; src=&quot;https://www.youtube.com/embed/jkS6glRPD_o&quot; title=&quot;Animasi 5 Gerakan Sehat&quot; frameborder=&quot;0&quot; allow=&quot;accelerometer; autoplay; clipboard-write; encrypted-media; gyroscope; picture-in-picture&quot; allowfullscreen&gt;&lt;/iframe&gt;</p>\r\n", "embed_video": "https://www.youtube.com/embed/jkS6glRPD_o", "created_at": "2022-08-09T13:02:58.341Z", "updated_at": "2022-08-09T13:02:58.341Z"}}, {"condition": {"id": 260}, "defaults": {"site_id": 54, "admin_id": 72, "judul": "5 Langkah Hidup Sehat saat Cuaca Tidak Menentu", "view_count": 0, "embed": "<p>&lt;iframe width=&quot;853&quot; height=&quot;480&quot; src=&quot;https://www.youtube.com/embed/oSZ1EXJs5AI&quot; title=&quot;5 Langkah Hidup Sehat saat Cuaca Tidak Menentu&quot; frameborder=&quot;0&quot; allow=&quot;accelerometer; autoplay; clipboard-write; encrypted-media; gyroscope; picture-in-picture&quot; allowfullscreen&gt;&lt;/iframe&gt;</p>\r\n", "embed_video": "https://www.youtube.com/embed/oSZ1EXJs5AI", "created_at": "2022-08-24T08:51:36.324Z", "updated_at": "2022-08-24T08:51:36.324Z"}}, {"condition": {"id": 261}, "defaults": {"site_id": 54, "admin_id": 72, "judul": "Cara Menggunakan Masker Dengan Benar", "view_count": 0, "embed": "<p>&lt;iframe width=&quot;853&quot; height=&quot;480&quot; src=&quot;https://www.youtube.com/embed/8Ma5dv1Kj0Q&quot; title=&quot;Begini Cara Memakai Masker yang Benar&quot; frameborder=&quot;0&quot; allow=&quot;accelerometer; autoplay; clipboard-write; encrypted-media; gyroscope; picture-in-picture&quot; allowfullscreen&gt;&lt;/iframe&gt;</p>\r\n", "embed_video": "https://www.youtube.com/embed/8Ma5dv1Kj0Q", "created_at": "2022-08-24T08:56:17.862Z", "updated_at": "2022-08-24T08:56:17.862Z"}}, {"condition": {"id": 262}, "defaults": {"site_id": 54, "admin_id": 72, "judul": "Apa itu Diabetes melitus ? Bagaimana cara mencegah Diabetes melitus? || Animasi Seputar Kesehatan", "view_count": 0, "embed": "<p>&lt;iframe width=&quot;853&quot; height=&quot;480&quot; src=&quot;https://www.youtube.com/embed/LliDSQs4CWY&quot; title=&quot;Apa itu Diabetes melitus ? Bagaimana cara mencegah Diabetes melitus? || Animasi Seputar Kesehatan&quot; frameborder=&quot;0&quot; allow=&quot;accelerometer; autoplay; clipboard-write; encrypted-media; gyroscope; picture-in-picture&quot; allowfullscreen&gt;&lt;/iframe&gt;</p>\r\n", "embed_video": "https://www.youtube.com/embed/LliDSQs4CWY", "created_at": "2022-08-24T08:57:46.697Z", "updated_at": "2022-08-24T08:57:46.697Z"}}, {"condition": {"id": 265}, "defaults": {"site_id": 54, "admin_id": 72, "judul": "Edukasi Kesehatan Gigi dan Mulut untuk Anak Sekolah Dasar", "view_count": 0, "embed": "<p>&lt;iframe width=&quot;853&quot; height=&quot;480&quot; src=&quot;https://www.youtube.com/embed/-XNiBpA1n18&quot; title=&quot;Edukasi Kesehatan Gigi dan Mulut untuk Anak Sekolah Dasar&quot; frameborder=&quot;0&quot; allow=&quot;accelerometer; autoplay; clipboard-write; encrypted-media; gyroscope; picture-in-picture&quot; allowfullscreen&gt;&lt;/iframe&gt;</p>\r\n", "embed_video": "https://www.youtube.com/embed/-XNiBpA1n18", "created_at": "2022-08-25T09:37:22.141Z", "updated_at": "2022-08-25T09:37:22.141Z"}}, {"condition": {"id": 266}, "defaults": {"site_id": 54, "admin_id": 72, "judul": "Menjaga Kesehatan Mata Anak", "view_count": 0, "embed": "<p>&lt;iframe width=&quot;853&quot; height=&quot;480&quot; src=&quot;https://www.youtube.com/embed/V-EaQNaAhLc&quot; title=&quot;Menjaga Kesehatan Mata Anak Full HD&quot; frameborder=&quot;0&quot; allow=&quot;accelerometer; autoplay; clipboard-write; encrypted-media; gyroscope; picture-in-picture&quot; allowfullscreen&gt;&lt;/iframe&gt;</p>\r\n", "embed_video": "https://www.youtube.com/embed/V-EaQNaAhLc", "created_at": "2022-08-25T09:38:59.102Z", "updated_at": "2022-08-25T09:38:59.102Z"}}, {"condition": {"id": 267}, "defaults": {"site_id": 54, "admin_id": 72, "judul": "GIAT SIKAT GIGI SEJAK DINI", "view_count": 0, "embed": "<p>&lt;iframe width=&quot;853&quot; height=&quot;480&quot; src=&quot;https://www.youtube.com/embed/i30zqvedJ-A&quot; title=&quot;VIDEO GIAT SIKAT GIGI SEJAK DINI&quot; frameborder=&quot;0&quot; allow=&quot;accelerometer; autoplay; clipboard-write; encrypted-media; gyroscope; picture-in-picture&quot; allowfullscreen&gt;&lt;/iframe&gt;</p>\r\n", "embed_video": "https://www.youtube.com/embed/i30zqvedJ-A", "created_at": "2022-08-25T09:41:05.618Z", "updated_at": "2022-08-25T09:41:05.618Z"}}, {"condition": {"id": 268}, "defaults": {"site_id": 54, "admin_id": 72, "judul": "Seberapa Penting Kesehatan Mental Untuk Kita?", "view_count": 0, "embed": "<p>&lt;iframe width=&quot;853&quot; height=&quot;480&quot; src=&quot;https://www.youtube.com/embed/MvSkn9svGGw&quot; title=&quot;Seberapa Penting Kesehatan Mental Untuk Kita?&quot; frameborder=&quot;0&quot; allow=&quot;accelerometer; autoplay; clipboard-write; encrypted-media; gyroscope; picture-in-picture&quot; allowfullscreen&gt;&lt;/iframe&gt;</p>\r\n", "embed_video": "https://www.youtube.com/embed/MvSkn9svGGw", "created_at": "2022-08-25T09:41:28.884Z", "updated_at": "2022-08-25T09:41:28.884Z"}}, {"condition": {"id": 269}, "defaults": {"site_id": 54, "admin_id": 72, "judul": "Why is Smoking Dangerous?", "view_count": 0, "embed": "<p>&lt;iframe width=&quot;853&quot; height=&quot;480&quot; src=&quot;https://www.youtube.com/embed/96ZPwmtjpJQ&quot; title=&quot;Why is Smoking Dangerous?&quot; frameborder=&quot;0&quot; allow=&quot;accelerometer; autoplay; clipboard-write; encrypted-media; gyroscope; picture-in-picture&quot; allowfullscreen&gt;&lt;/iframe&gt;</p>\r\n", "embed_video": "https://www.youtube.com/embed/96ZPwmtjpJQ", "created_at": "2022-08-25T09:41:49.853Z", "updated_at": "2022-08-25T09:41:49.853Z"}}, {"condition": {"id": 273}, "defaults": {"site_id": 54, "admin_id": 72, "judul": "KELUARGA BESAR UPT PUSKESMAS JEMBATAN KEMBAR MEMPERINGATI HUT RI KE-77", "view_count": 0, "embed": "<p><iframe allow=\"accelerometer; autoplay; clipboard-write; encrypted-media; gyroscope; picture-in-picture\" allowfullscreen=\"\" frameborder=\"0\" height=\"480\" src=\"https://www.youtube.com/embed/OU3U5Zbfiu0\" title=\"KELUARGA BESAR UPT PUSKESMAS JEMBATAN KEMBAR MEMPERINGATI HUT RI KE-77\" width=\"853\"></iframe></p>\r\n", "embed_video": "https://www.youtube.com/embed/OU3U5Zbfiu0", "created_at": "2022-08-31T12:38:49.184Z", "updated_at": "2022-08-31T12:38:49.184Z"}}, {"condition": {"id": 274}, "defaults": {"site_id": 54, "admin_id": 72, "judul": "GINJAL DAN PEMBENTUKAN URINE | SISTEM EKSRESI MANUSIA", "view_count": 0, "embed": "<p><iframe allow=\"accelerometer; autoplay; clipboard-write; encrypted-media; gyroscope; picture-in-picture\" allowfullscreen=\"\" frameborder=\"0\" height=\"480\" src=\"https://www.youtube.com/embed/Znw6CfnsaMI\" title=\"GINJAL DAN PEMBENTUKAN URINE | SISTEM EKSRESI MANUSIA\" width=\"853\"></iframe></p>\r\n\r\n<p>sumber :&nbsp;<a href=\"https://www.youtube.com/c/MrKlik\">https://www.youtube.com/c/MrKlik</a></p>\r\n", "embed_video": "https://www.youtube.com/embed/Znw6CfnsaMI", "created_at": "2022-08-31T12:40:51.343Z", "updated_at": "2022-08-31T12:40:51.343Z"}}, {"condition": {"id": 278}, "defaults": {"site_id": 54, "admin_id": 72, "judul": "Yuk Batasi Konsumsi Gula, Garam, dan Lemak", "view_count": 0, "embed": "<p><iframe allow=\"accelerometer; autoplay; clipboard-write; encrypted-media; gyroscope; picture-in-picture\" allowfullscreen=\"\" frameborder=\"0\" height=\"480\" src=\"https://www.youtube.com/embed/ZUzK8U3wCk8?list=PL1gLW5AQK3vwRXTJnPC989lSc5gJTYQXS\" title=\"Yuk Batasi Konsumsi Gula, Garam, dan Lemak\" width=\"853\"></iframe></p>\r\n\r\n<p>source:&nbsp;https://www.youtube.com/user/puspromkes</p>\r\n", "embed_video": "https://www.youtube.com/embed/ZUzK8U3wCk8?list=PL1gLW5AQK3vwRXTJnPC989lSc5gJTYQXS", "created_at": "2022-09-10T08:42:55.514Z", "updated_at": "2022-09-10T08:42:55.514Z"}}, {"condition": {"id": 280}, "defaults": {"site_id": 54, "admin_id": 72, "judul": "Hari kesehatan Gigi Nasional di SDN1 Lembar Selatan", "view_count": 0, "embed": "<p>&lt;iframe width=&quot;853&quot; height=&quot;480&quot; src=&quot;https://www.youtube.com/embed/3rNvLVGJt68&quot; title=&quot;Hari kesehatan Gigi Nasional di SDN1 Lembar Selatan&quot; frameborder=&quot;0&quot; allow=&quot;accelerometer; autoplay; clipboard-write; encrypted-media; gyroscope; picture-in-picture&quot; allowfullscreen&gt;&lt;/iframe&gt;</p>\r\n", "embed_video": "https://www.youtube.com/embed/3rNvLVGJt68", "created_at": "2022-09-13T09:31:30.956Z", "updated_at": "2022-09-13T09:31:30.956Z"}}, {"condition": {"id": 290}, "defaults": {"site_id": 54, "admin_id": 72, "judul": "Senam Prolanis", "view_count": 0, "embed": "<p>&lt;iframe width=&quot;853&quot; height=&quot;480&quot; src=&quot;https://www.youtube.com/embed/hF2XyZCQC04&quot; title=&quot;Senam Prolanis&quot; frameborder=&quot;0&quot; allow=&quot;accelerometer; autoplay; clipboard-write; encrypted-media; gyroscope; picture-in-picture&quot; allowfullscreen&gt;&lt;/iframe&gt;</p>\r\n", "embed_video": "https://www.youtube.com/embed/hF2XyZCQC04", "created_at": "2022-10-24T09:36:18.915Z", "updated_at": "2022-10-24T09:36:18.915Z"}}, {"condition": {"id": 317}, "defaults": {"site_id": 54, "admin_id": 72, "judul": "HKN KE-58 JAMBORE KADER UPT PUSKESMAS JEMBATAN KEMBAR", "view_count": 0, "embed": "<p><iframe allow=\"accelerometer; autoplay; clipboard-write; encrypted-media; gyroscope; picture-in-picture\" allowfullscreen=\"\" frameborder=\"0\" height=\"480\" src=\"https://www.youtube.com/embed/aSZJQ0Gl5Qg\" title=\"HKN KE-58 JAMBORE KADER UPT PUSKESMAS JEMBATAN KEMBAR\" width=\"853\"></iframe></p>\r\n", "embed_video": "https://www.youtube.com/embed/aSZJQ0Gl5Qg", "created_at": "2022-11-23T08:23:16.075Z", "updated_at": "2022-11-23T08:23:16.075Z"}}, {"condition": {"id": 325}, "defaults": {"site_id": 54, "admin_id": 72, "judul": "Gerakan Ibu Hamil Sehat ", "view_count": 0, "embed": "<p><iframe allow=\"accelerometer; autoplay; clipboard-write; encrypted-media; gyroscope; picture-in-picture\" allowfullscreen=\"\" frameborder=\"0\" height=\"315\" src=\"https://www.youtube.com/embed/J9xHhs7iMdc\" title=\"YouTube video player\" width=\"560\"></iframe></p>\r\n", "embed_video": "https://www.youtube.com/embed/J9xHhs7iMdc", "created_at": "2022-12-23T08:51:18.951Z", "updated_at": "2022-12-23T08:51:18.951Z"}}]