[{"condition": {"id": 234}, "defaults": {"site_id": 51, "admin_id": 69, "judul": "11 Langkah Mencuci Tangan Pakai Sabun dan Pengelolaan Limbah Masker oleh UPT PUSKESMAS BANYUMULEK", "view_count": 0, "embed": "<p><a href=\"https://fb.watch/ex3suR20bQ/\">https://fb.watch/ex3suR20bQ/</a></p>\r\n", "embed_video": "", "created_at": "2022-07-27T23:09:35.096Z", "updated_at": "2022-07-27T23:09:35.096Z"}}, {"condition": {"id": 235}, "defaults": {"site_id": 51, "admin_id": 69, "judul": "DIRGAHAYU IKATAN BIDAN INDONESIA (IBI) KE 71", "view_count": 0, "embed": "<p><a href=\"https://fb.watch/ex3MeHbQ-s/\">https://fb.watch/ex3MeHbQ-s/</a></p>\r\n", "embed_video": "", "created_at": "2022-07-27T23:11:33.097Z", "updated_at": "2022-07-27T23:11:33.097Z"}}, {"condition": {"id": 323}, "defaults": {"site_id": 51, "admin_id": 69, "judul": "Dukung Ibu Hamil Lebih Sehat dan Bahagia", "view_count": 0, "embed": "<p><iframe allowfullscreen=\"\" frameborder=\"0\" height=\"360\" src=\"https://www.youtube.com/embed/iPMYlOY59Nw\" width=\"640\"></iframe></p>\r\n", "embed_video": "https://www.youtube.com/embed/iPMYlOY59Nw", "created_at": "2022-12-22T20:46:20.003Z", "updated_at": "2022-12-22T20:46:20.003Z"}}]