[{"condition": {"id": 191}, "defaults": {"site_id": 56, "admin_id": 74, "judul": "SENAM KESORGA BERSAMA PROLANIS DAN STAF UPT PUSKESMAS LINGSAR", "view_count": 0, "embed": "<p>Sumber&nbsp;&lt;iframe width=&quot;873&quot; height=&quot;480&quot; src=&quot;https://www.youtube.com/embed/xOZVyaNohYE&quot; title=&quot;SENAM KESORGA BERSAMA PROLANIS DAN STAF UPT PUSKESMAS LINGSAR&quot; frameborder=&quot;0&quot; allow=&quot;accelerometer; autoplay; clipboard-write; encrypted-media; gyroscope; picture-in-picture&quot; allowfullscreen&gt;&lt;/iframe&gt;</p>\r\n", "embed_video": "https://www.youtube.com/embed/xOZVyaNohYE", "created_at": "2022-07-19T11:34:38.294Z", "updated_at": "2022-07-19T11:34:38.294Z"}}, {"condition": {"id": 237}, "defaults": {"site_id": 56, "admin_id": 74, "judul": "SOSIALISASI PELAYANAN RSAM NARMADA DI UPT PUSKESMAS LINGSAR", "view_count": 0, "embed": "<p>sumber&nbsp;&lt;iframe width=&quot;873&quot; height=&quot;480&quot; src=&quot;https://www.youtube.com/embed/AQexKoY9DJo&quot; title=&quot;SOSIALISASI PELAYANAN RSAM NARMADA DI UPT PUSKESMAS LINGSAR&quot; frameborder=&quot;0&quot; allow=&quot;accelerometer; autoplay; clipboard-write; encrypted-media; gyroscope; picture-in-picture&quot; allowfullscreen&gt;&lt;/iframe&gt;</p>\r\n", "embed_video": "https://www.youtube.com/embed/AQexKoY9DJo", "created_at": "2022-07-30T23:30:36.640Z", "updated_at": "2022-07-30T23:30:36.640Z"}}, {"condition": {"id": 240}, "defaults": {"site_id": 56, "admin_id": 74, "judul": "KEGIATAN PENYAMPAIAN HAK DAN KEWAJIBAN PASIEN DI UPT PUSKESMAS LINGSAR", "view_count": 0, "embed": "<p>sumber&nbsp;&lt;iframe width=&quot;860&quot; height=&quot;480&quot; src=&quot;https://www.youtube.com/embed/D0ZZUJckToM&quot; title=&quot;KEGIATAN PENYAMPAIAN HAK DAN KEWAJIBAN PASIEN DI UPT PUSKESMAS LINGSAR&quot; frameborder=&quot;0&quot; allow=&quot;accelerometer; autoplay; clipboard-write; encrypted-media; gyroscope; picture-in-picture&quot; allowfullscreen&gt;&lt;/iframe&gt;</p>", "embed_video": "https://www.youtube.com/embed/D0ZZUJckToM", "created_at": "2022-08-02T10:29:16.271Z", "updated_at": "2022-08-02T10:39:17.647Z"}}, {"condition": {"id": 247}, "defaults": {"site_id": 56, "admin_id": 74, "judul": "HOME VISIT DIFABEL", "view_count": 0, "embed": "<p>sumber&nbsp;&lt;iframe width=&quot;853&quot; height=&quot;480&quot; src=&quot;https://www.youtube.com/embed/L8uxSpvgfXc&quot; title=&quot;HOME VISIT DIFABEL&quot; frameborder=&quot;0&quot; allow=&quot;accelerometer; autoplay; clipboard-write; encrypted-media; gyroscope; picture-in-picture&quot; allowfullscreen&gt;&lt;/iframe&gt;</p>\r\n", "embed_video": "https://www.youtube.com/embed/L8uxSpvgfXc", "created_at": "2022-08-09T09:07:17.000Z", "updated_at": "2022-08-09T09:07:17.000Z"}}, {"condition": {"id": 250}, "defaults": {"site_id": 56, "admin_id": 74, "judul": "Kegiatan Peer Group HIV/AIDS di SMP N 5 Lingsar", "view_count": 0, "embed": "<p>sumber&nbsp;&lt;iframe width=&quot;320&quot; height=&quot;568&quot; src=&quot;https://www.youtube.com/embed/hZ3vTA7U5uo&quot; title=&quot;Peel group HIV di SMPN 5 Lingsar&quot; frameborder=&quot;0&quot; allow=&quot;accelerometer; autoplay; clipboard-write; encrypted-media; gyroscope; picture-in-picture&quot; allowfullscreen&gt;&lt;/iframe&gt;</p>\r\n", "embed_video": "https://www.youtube.com/embed/hZ3vTA7U5uo", "created_at": "2022-08-10T10:35:55.380Z", "updated_at": "2022-08-10T10:35:55.380Z"}}, {"condition": {"id": 258}, "defaults": {"site_id": 56, "admin_id": 74, "judul": "SENAM BERSAMA DALAM EVENT SENGGIGI CYCLING DAY", "view_count": 0, "embed": "<p>sumber &lt;iframe width=&quot;873&quot; height=&quot;480&quot; src=&quot;https://www.youtube.com/embed/v5RZNiUWANQ&quot; title=&quot;SENAM BERSAMA DALAM EVENT SENGGIGI CYCLING DAY&quot; frameborder=&quot;0&quot; allow=&quot;accelerometer; autoplay; clipboard-write; encrypted-media; gyroscope; picture-in-picture&quot; allowfullscreen&gt;&lt;/iframe&gt;</p>\r\n", "embed_video": "https://www.youtube.com/embed/v5RZNiUWANQ", "created_at": "2022-08-23T11:23:46.484Z", "updated_at": "2022-08-23T11:23:46.484Z"}}, {"condition": {"id": 259}, "defaults": {"site_id": 56, "admin_id": 74, "judul": "SEPEDA SANTAI DALAM EVENT SENGGIGI CYCLING DAY", "view_count": 0, "embed": "<p>sumber &lt;iframe width=&quot;320&quot; height=&quot;568&quot; src=&quot;https://www.youtube.com/embed/Tn5cLvVdnwo&quot; title=&quot;SEPEDA SANTAI DALAM EVENT SENGGIGI CYCLING DAY&quot; frameborder=&quot;0&quot; allow=&quot;accelerometer; autoplay; clipboard-write; encrypted-media; gyroscope; picture-in-picture&quot; allowfullscreen&gt;&lt;/iframe&gt;</p>\r\n", "embed_video": "https://www.youtube.com/embed/Tn5cLvVdnwo", "created_at": "2022-08-23T11:26:19.026Z", "updated_at": "2022-08-23T11:26:19.026Z"}}, {"condition": {"id": 271}, "defaults": {"site_id": 56, "admin_id": 74, "judul": "SENAM GERMAS DI HALAMAN KANTOR BUPATI LOBAR", "view_count": 0, "embed": "<p>sumber&nbsp;&lt;iframe width=&quot;320&quot; height=&quot;568&quot; src=&quot;https://www.youtube.com/embed/Q-QHOtES-Ig&quot; title=&quot;SENAM GERMAS&quot; frameborder=&quot;0&quot; allow=&quot;accelerometer; autoplay; clipboard-write; encrypted-media; gyroscope; picture-in-picture&quot; allowfullscreen&gt;&lt;/iframe&gt;</p>\r\n", "embed_video": "https://www.youtube.com/embed/Q-QHOtES-Ig", "created_at": "2022-08-27T10:26:29.395Z", "updated_at": "2022-08-27T10:26:29.395Z"}}, {"condition": {"id": 272}, "defaults": {"site_id": 56, "admin_id": 74, "judul": "KEGIATAN BIAN DI PAUD HALIMATUSSADIYAH", "view_count": 0, "embed": "<p>sumber&nbsp;&lt;iframe width=&quot;320&quot; height=&quot;568&quot; src=&quot;https://www.youtube.com/embed/DyW14UD6T4w&quot; title=&quot;Kegiatan BIAN di PAUD Halimatussadiyah&quot; frameborder=&quot;0&quot; allow=&quot;accelerometer; autoplay; clipboard-write; encrypted-media; gyroscope; picture-in-picture&quot; allowfullscreen&gt;&lt;/iframe&gt;</p>\r\n", "embed_video": "https://www.youtube.com/embed/DyW14UD6T4w", "created_at": "2022-08-29T12:15:26.117Z", "updated_at": "2022-08-29T12:15:26.117Z"}}, {"condition": {"id": 282}, "defaults": {"site_id": 56, "admin_id": 74, "judul": "UPT PUSKESMAS LINGSAR x BPJS", "view_count": 0, "embed": "<p>sumber&nbsp;&lt;iframe width=&quot;956&quot; height=&quot;538&quot; src=&quot;https://www.youtube.com/embed/doRns12cUU4&quot; title=&quot;UPT PUSKESMAS LINGSAR x BPJS&quot; frameborder=&quot;0&quot; allow=&quot;accelerometer; autoplay; clipboard-write; encrypted-media; gyroscope; picture-in-picture&quot; allowfullscreen&gt;&lt;/iframe&gt;</p>\r\n", "embed_video": "https://www.youtube.com/embed/doRns12cUU4", "created_at": "2022-09-17T09:32:19.428Z", "updated_at": "2022-09-17T09:32:19.428Z"}}, {"condition": {"id": 409}, "defaults": {"site_id": 56, "admin_id": 74, "judul": "Praktik Pembuatan PMT Lokal", "view_count": 0, "embed": "<p>&lt;iframe width=&quot;320&quot; height=&quot;560&quot; src=&quot;https://www.youtube.com/embed/C-nCxYlDrI0&quot; title=&quot;Praktik Pembuatan PMT Lokal&quot; frameborder=&quot;0&quot; allow=&quot;accelerometer; autoplay; clipboard-write; encrypted-media; gyroscope; picture-in-picture; web-share&quot; allowfullscreen&gt;&lt;/iframe&gt;</p>\r\n", "embed_video": "https://www.youtube.com/embed/C-nCxYlDrI0", "created_at": "2023-06-21T04:52:44.984Z", "updated_at": "2023-06-21T04:52:44.984Z"}}, {"condition": {"id": 410}, "defaults": {"site_id": 56, "admin_id": 74, "judul": "Evaluasi Malaria dan Penguatan Eliminasi Malaria", "view_count": 0, "embed": "<p>&lt;iframe width=&quot;996&quot; height=&quot;448&quot; src=&quot;https://www.youtube.com/embed/eIdsFDOoJx8&quot; title=&quot;Evaluasi MBS dan Penguatan Eliminasi Malaria&quot; frameborder=&quot;0&quot; allow=&quot;accelerometer; autoplay; clipboard-write; encrypted-media; gyroscope; picture-in-picture; web-share&quot; allowfullscreen&gt;&lt;/iframe&gt;</p>\r\n", "embed_video": "https://www.youtube.com/embed/eIdsFDOoJx8", "created_at": "2023-06-21T04:55:10.551Z", "updated_at": "2023-06-21T04:55:10.551Z"}}, {"condition": {"id": 411}, "defaults": {"site_id": 56, "admin_id": 74, "judul": "Jalan Pagi Menyehatkan bersama Staf Puskesmas Lingsar Ceria...", "view_count": 0, "embed": "<p>&lt;iframe width=&quot;830&quot; height=&quot;448&quot; src=&quot;https://www.youtube.com/embed/U3gZ0AqTJuk&quot; title=&quot;Jalan Pagi Menyehatkan bersama Staf Puskesmas Lingsar Ceria...&quot; frameborder=&quot;0&quot; allow=&quot;accelerometer; autoplay; clipboard-write; encrypted-media; gyroscope; picture-in-picture; web-share&quot; allowfullscreen&gt;&lt;/iframe&gt;</p>\r\n", "embed_video": "https://www.youtube.com/embed/U3gZ0AqTJuk", "created_at": "2023-06-21T04:57:22.761Z", "updated_at": "2023-06-21T04:57:22.761Z"}}, {"condition": {"id": 412}, "defaults": {"site_id": 56, "admin_id": 74, "judul": "Keseruan Senam Kesorga bersama Staf Puskesmas Lingsar Ceria...", "view_count": 0, "embed": "<p>&lt;iframe width=&quot;835&quot; height=&quot;480&quot; src=&quot;https://www.youtube.com/embed/ld3iI6r0aMA&quot; title=&quot;Keseruan Senam Kesorga bersama Staf Puskesmas Lingsar Ceria...&quot; frameborder=&quot;0&quot; allow=&quot;accelerometer; autoplay; clipboard-write; encrypted-media; gyroscope; picture-in-picture; web-share&quot; allowfullscreen&gt;&lt;/iframe&gt;</p>\r\n", "embed_video": "https://www.youtube.com/embed/ld3iI6r0aMA", "created_at": "2023-06-21T04:59:55.353Z", "updated_at": "2023-06-21T04:59:55.353Z"}}, {"condition": {"id": 413}, "defaults": {"site_id": 56, "admin_id": 74, "judul": "Posyandu Keluarga di Dusun Bebae!!!", "view_count": 0, "embed": "<p>&lt;iframe width=&quot;853&quot; height=&quot;480&quot; src=&quot;https://www.youtube.com/embed/sfDsd9q2QeA&quot; title=&quot;Posyandu Keluarga di Dusun Bebae!!!&quot; frameborder=&quot;0&quot; allow=&quot;accelerometer; autoplay; clipboard-write; encrypted-media; gyroscope; picture-in-picture; web-share&quot; allowfullscreen&gt;&lt;/iframe&gt;</p>\r\n", "embed_video": "https://www.youtube.com/embed/sfDsd9q2QeA", "created_at": "2023-06-21T05:02:00.764Z", "updated_at": "2023-06-21T05:02:00.764Z"}}, {"condition": {"id": 414}, "defaults": {"site_id": 56, "admin_id": 74, "judul": "Intip Simulasi APAR di Puskesmas Lingsar Yukkkk!!!", "view_count": 0, "embed": "<p>&lt;iframe width=&quot;815&quot; height=&quot;448&quot; src=&quot;https://www.youtube.com/embed/2EWQlLMLVxY&quot; title=&quot;Intip Simulasi APAR di Puskesmas Lingsar Yukkkk!!!&quot; frameborder=&quot;0&quot; allow=&quot;accelerometer; autoplay; clipboard-write; encrypted-media; gyroscope; picture-in-picture; web-share&quot; allowfullscreen&gt;&lt;/iframe&gt;</p>\r\n", "embed_video": "https://www.youtube.com/embed/2EWQlLMLVxY", "created_at": "2023-06-21T05:04:07.260Z", "updated_at": "2023-06-21T05:04:07.260Z"}}, {"condition": {"id": 415}, "defaults": {"site_id": 56, "admin_id": 74, "judul": "Keseruan Tes kebugaran Anak SD...", "view_count": 0, "embed": "<p>&lt;iframe width=&quot;320&quot; height=&quot;560&quot; src=&quot;https://www.youtube.com/embed/xTevZRF_sIk&quot; title=&quot;Keseruan Tes kebugaran Anak SD...&quot; frameborder=&quot;0&quot; allow=&quot;accelerometer; autoplay; clipboard-write; encrypted-media; gyroscope; picture-in-picture; web-share&quot; allowfullscreen&gt;&lt;/iframe&gt;</p>\r\n", "embed_video": "https://www.youtube.com/embed/xTevZRF_sIk", "created_at": "2023-06-21T05:07:31.175Z", "updated_at": "2023-06-21T05:07:31.175Z"}}, {"condition": {"id": 416}, "defaults": {"site_id": 56, "admin_id": 74, "judul": "Puskesmas Lingsar Menuju Go Green..", "view_count": 0, "embed": "<p>&lt;iframe width=&quot;853&quot; height=&quot;480&quot; src=&quot;https://www.youtube.com/embed/V0xRnNof8gU&quot; title=&quot;Puskesmas Lingsar Menuju Go Green..&quot; frameborder=&quot;0&quot; allow=&quot;accelerometer; autoplay; clipboard-write; encrypted-media; gyroscope; picture-in-picture; web-share&quot; allowfullscreen&gt;&lt;/iframe&gt;</p>\r\n", "embed_video": "https://www.youtube.com/embed/V0xRnNof8gU", "created_at": "2023-06-21T05:09:05.671Z", "updated_at": "2023-06-21T05:09:05.671Z"}}, {"condition": {"id": 453}, "defaults": {"site_id": 56, "admin_id": 74, "judul": "JENIS JENIS PELAYANAN DI PUSKESMAS LINGSAR", "view_count": 0, "embed": "<p>sumber &lt;iframe width=\"853\" height=\"480\" src=\"https://www.youtube.com/embed/QzTSQcAiACY\" title=\"JENIS JENIS PELAYANAN DI PUSKESMAS LINGSAR\" frameborder=\"0\" allow=\"accelerometer; autoplay; clipboard-write; encrypted-media; gyroscope; picture-in-picture; web-share\" allowfullscreen&gt;&lt;/iframe&gt;</p>", "embed_video": null, "created_at": "2023-07-29T05:56:40.719Z", "updated_at": "2023-07-29T06:06:04.590Z"}}, {"condition": {"id": 454}, "defaults": {"site_id": 56, "admin_id": 74, "judul": "Intip Keseruan Tes Kebugaran ASN Lobar yuk!!!", "view_count": 0, "embed": "<p>&lt;iframe width=\"1536\" height=\"864\" src=\"https://www.youtube.com/embed/HB7bRBXw2aU\" title=\"Intip Keseruan Tes Kebugaran ASN Lobar yuk!!!\" frameborder=\"0\" allow=\"accelerometer; autoplay; clipboard-write; encrypted-media; gyroscope; picture-in-picture; web-share\" allowfullscreen&gt;&lt;/iframe&gt;</p>", "embed_video": null, "created_at": "2023-07-29T06:00:07.146Z", "updated_at": "2023-07-29T06:00:07.146Z"}}]