[{"condition": {"id": 75}, "defaults": {"site_id": 63, "admin_id": 81, "judul": "Posyandu Keluarga", "photo_id": 2658, "status": "published", "link": null, "created_at": "2022-07-13T13:14:15.238Z", "updated_at": "2022-07-13T13:14:15.238Z"}}, {"condition": {"id": 177}, "defaults": {"site_id": 63, "admin_id": 81, "judul": "Kadiskes LOBAR chek up with sigerongan team", "photo_id": 11567, "status": "published", "link": null, "created_at": "2023-07-07T04:58:47.141Z", "updated_at": "2023-07-07T04:58:47.141Z"}}, {"condition": {"id": 178}, "defaults": {"site_id": 63, "admin_id": 81, "judul": "Pelepasan peserta tes kebugaran oleh BUPATI LOBAR", "photo_id": 11568, "status": "published", "link": null, "created_at": "2023-07-07T05:02:31.238Z", "updated_at": "2023-07-07T05:02:31.238Z"}}, {"condition": {"id": 179}, "defaults": {"site_id": 63, "admin_id": 81, "judul": "Bupati on street, Tes Kebugaran ASN Kabupaten Lombok Barat", "photo_id": 11569, "status": "published", "link": null, "created_at": "2023-07-07T05:20:06.345Z", "updated_at": "2023-07-07T05:20:06.345Z"}}, {"condition": {"id": 180}, "defaults": {"site_id": 63, "admin_id": 81, "judul": "Selamat Tahun Baru Hijriah", "photo_id": 11796, "status": "published", "link": null, "created_at": "2023-07-18T23:58:06.465Z", "updated_at": "2023-07-18T23:58:06.465Z"}}, {"condition": {"id": 183}, "defaults": {"site_id": 63, "admin_id": 81, "judul": "Penyuluhan gizi oleh tim RSJ Mutiara Sukma dalam rangka bakti stunting", "photo_id": 12510, "status": "published", "link": null, "created_at": "2023-08-09T06:19:47.064Z", "updated_at": "2023-08-09T06:19:47.064Z"}}, {"condition": {"id": 184}, "defaults": {"site_id": 63, "admin_id": 81, "judul": "Workshop kedaruratan medis penanganan kasus event olahraga internasional di hotel  Jayakarta senggigi", "photo_id": 12511, "status": "published", "link": null, "created_at": "2023-08-09T06:21:09.884Z", "updated_at": "2023-08-09T06:21:09.884Z"}}, {"condition": {"id": 185}, "defaults": {"site_id": 63, "admin_id": 81, "judul": "Kegiatan PSN di desa Duman", "photo_id": 12512, "status": "published", "link": null, "created_at": "2023-08-09T06:29:38.078Z", "updated_at": "2023-08-09T06:29:38.078Z"}}, {"condition": {"id": 186}, "defaults": {"site_id": 63, "admin_id": 81, "judul": "AKSI BERGIZI SMKN 2 LINGSAR", "photo_id": 12574, "status": "published", "link": null, "created_at": "2023-08-12T05:27:01.436Z", "updated_at": "2023-08-12T05:27:01.436Z"}}, {"condition": {"id": 192}, "defaults": {"site_id": 63, "admin_id": 81, "judul": "Sosialisasi Home visit bersama mahasiswa kedokteran UNRAM dan RSJ Mutiara Sukma", "photo_id": 12766, "status": "published", "link": null, "created_at": "2023-08-17T03:24:09.502Z", "updated_at": "2023-08-17T03:24:09.502Z"}}, {"condition": {"id": 193}, "defaults": {"site_id": 63, "admin_id": 81, "judul": "Tim Medis 17 Agustus 2023", "photo_id": 12767, "status": "published", "link": null, "created_at": "2023-08-17T03:39:15.604Z", "updated_at": "2023-08-17T03:39:15.604Z"}}, {"condition": {"id": 194}, "defaults": {"site_id": 63, "admin_id": 81, "judul": "Upacara Bendera 17 Agustus ", "photo_id": 12769, "status": "published", "link": null, "created_at": "2023-08-17T03:47:10.560Z", "updated_at": "2023-08-17T03:47:10.560Z"}}, {"condition": {"id": 216}, "defaults": {"site_id": 63, "admin_id": 81, "judul": "TGC UPT PUSKESMAS SIGERONGAN in Action '' KHITANAN MASAL DALAM RANGKAT HUT DESA DUMAN  KE139''", "photo_id": 14612, "status": "published", "link": null, "created_at": "2023-12-29T07:55:36.231Z", "updated_at": "2023-12-29T07:55:36.231Z"}}, {"condition": {"id": 217}, "defaults": {"site_id": 63, "admin_id": 81, "judul": "USG Kehamilan kini bisa di Puskesmas Saja", "photo_id": 14759, "status": "published", "link": null, "created_at": "2024-01-08T06:20:45.445Z", "updated_at": "2024-01-08T06:20:45.445Z"}}, {"condition": {"id": 218}, "defaults": {"site_id": 63, "admin_id": 81, "judul": "Kunjungan Tim Kinesio di UPT Puskesmas Sigerongan", "photo_id": 14760, "status": "published", "link": null, "created_at": "2024-01-08T06:25:55.850Z", "updated_at": "2024-01-08T06:25:55.850Z"}}, {"condition": {"id": 219}, "defaults": {"site_id": 63, "admin_id": 81, "judul": "PE Dusun Santek bersama dit Survailence Malaria UPT Puskesmas Sigerongan", "photo_id": 14846, "status": "published", "link": null, "created_at": "2024-01-10T06:06:21.562Z", "updated_at": "2024-01-10T06:06:59.658Z"}}, {"condition": {"id": 220}, "defaults": {"site_id": 63, "admin_id": 81, "judul": "Pemeriksaan Kesehatan Calon Jamaah Haji  UPT Puskesmas Sigerongan Tahun 2024", "photo_id": 14847, "status": "published", "link": null, "created_at": "2024-01-10T06:10:32.596Z", "updated_at": "2024-01-10T06:10:32.596Z"}}, {"condition": {"id": 221}, "defaults": {"site_id": 63, "admin_id": 81, "judul": "Minilokakarya perdana UPT Puskesmas Sigerongan  tahun 2024", "photo_id": 14888, "status": "published", "link": null, "created_at": "2024-01-11T06:46:16.079Z", "updated_at": "2024-01-11T06:46:16.079Z"}}, {"condition": {"id": 222}, "defaults": {"site_id": 63, "admin_id": 81, "judul": "Edukasi Kesehatn Ibu dan Anak di daerah Sulit", "photo_id": 15123, "status": "published", "link": null, "created_at": "2024-01-17T05:49:43.400Z", "updated_at": "2024-01-17T05:49:43.400Z"}}, {"condition": {"id": 223}, "defaults": {"site_id": 63, "admin_id": 81, "judul": "Imunisasi Hepatitis B untuk Tenaga Medis UPT Puskesmas Sigerongan", "photo_id": 15126, "status": "published", "link": null, "created_at": "2024-01-17T06:01:28.925Z", "updated_at": "2024-01-17T06:01:28.925Z"}}, {"condition": {"id": 224}, "defaults": {"site_id": 63, "admin_id": 81, "judul": "Operasi Mata Katarak, Gratis ", "photo_id": 15236, "status": "published", "link": null, "created_at": "2024-01-19T06:19:09.316Z", "updated_at": "2024-01-19T06:19:09.316Z"}}, {"condition": {"id": 225}, "defaults": {"site_id": 63, "admin_id": 81, "judul": "PE Kasus Malaria sebagai Upaya Pemberantasan Malaria di Dusun Murpeji, Desa Dasan Geria", "photo_id": 15237, "status": "published", "link": null, "created_at": "2024-01-19T06:22:58.441Z", "updated_at": "2024-01-19T06:22:58.441Z"}}, {"condition": {"id": 226}, "defaults": {"site_id": 63, "admin_id": 81, "judul": "Penyelidikan Epidemiologi Kasus Malaria di Dusun Murpeji Batu Kijuk", "photo_id": 15256, "status": "published", "link": null, "created_at": "2024-01-20T07:10:34.384Z", "updated_at": "2024-01-20T07:10:34.384Z"}}, {"condition": {"id": 228}, "defaults": {"site_id": 63, "admin_id": 81, "judul": "Penyelidikan Epidemiologi Kasus DBD di Dusun Sangiang Desa Langko", "photo_id": 15416, "status": "published", "link": null, "created_at": "2024-01-25T06:44:43.930Z", "updated_at": "2024-01-25T06:44:43.930Z"}}, {"condition": {"id": 229}, "defaults": {"site_id": 63, "admin_id": 81, "judul": "Desk Perencanaan UPT Puskesmas Sigerongan di Dikes LOBAR", "photo_id": 15417, "status": "published", "link": null, "created_at": "2024-01-25T06:48:00.133Z", "updated_at": "2024-01-25T06:48:00.133Z"}}, {"condition": {"id": 230}, "defaults": {"site_id": 63, "admin_id": 81, "judul": "Pemeriksaan Anemia pada REMATRI di sekolah wilayah kerja UPT Puskesmas sigerongan", "photo_id": 15418, "status": "published", "link": null, "created_at": "2024-01-25T06:50:44.853Z", "updated_at": "2024-01-25T06:50:44.853Z"}}, {"condition": {"id": 231}, "defaults": {"site_id": 63, "admin_id": 81, "judul": "Puncak Perayaan HGN ke-64 UPT Puskesmas Sigerongan", "photo_id": 15454, "status": "published", "link": null, "created_at": "2024-01-26T06:02:34.345Z", "updated_at": "2024-01-26T06:02:34.345Z"}}, {"condition": {"id": 234}, "defaults": {"site_id": 63, "admin_id": 81, "judul": "Minum Obat Cacing di Sekolah Wilayah Kerja UPT Puskesmas Sigerongan Berlangsung Lancar", "photo_id": 16461, "status": "published", "link": null, "created_at": "2024-02-26T06:42:22.282Z", "updated_at": "2024-02-26T06:42:22.282Z"}}, {"condition": {"id": 237}, "defaults": {"site_id": 63, "admin_id": 81, "judul": "Kunjungan Kepala Dinas Kesehatan Bapak Arief Suryawirawan dan Tim Dinkes Lobar ke Pustu di Wilayah Puskesmas Sigerongan", "photo_id": 17381, "status": "published", "link": null, "created_at": "2024-03-25T07:12:57.168Z", "updated_at": "2024-03-25T07:12:57.168Z"}}, {"condition": {"id": 238}, "defaults": {"site_id": 63, "admin_id": 81, "judul": " Bimbingan Manasik Haji di Lingsar Memperlengkapi Jamaah Calon Haji untuk Perjalanan Suci", "photo_id": 17870, "status": "published", "link": null, "created_at": "2024-04-22T05:30:01.392Z", "updated_at": "2024-04-22T05:30:01.392Z"}}, {"condition": {"id": 241}, "defaults": {"site_id": 63, "admin_id": 81, "judul": "kegiatan Survey Jentik di wilayah kerja UPT Puskesmas Sigerongan", "photo_id": 18114, "status": "published", "link": null, "created_at": "2024-04-26T07:07:03.587Z", "updated_at": "2024-04-26T07:07:03.587Z"}}, {"condition": {"id": 242}, "defaults": {"site_id": 63, "admin_id": 81, "judul": "Acara salam Pisah untuk staf yang purna tugas di UPT Puskesmas Sigerongan.", "photo_id": 18193, "status": "published", "link": null, "created_at": "2024-04-30T06:58:38.880Z", "updated_at": "2024-04-30T06:58:38.880Z"}}, {"condition": {"id": 243}, "defaults": {"site_id": 63, "admin_id": 81, "judul": "Perayaan HUT UPT Puskesmas Sigerongan Ke-15 tahun 2024", "photo_id": 18194, "status": "published", "link": null, "created_at": "2024-04-30T07:04:43.903Z", "updated_at": "2024-04-30T07:04:43.903Z"}}, {"condition": {"id": 244}, "defaults": {"site_id": 63, "admin_id": 81, "judul": "Gotong Royong bersama di Desa karang bayan berantas sarang nyamuk ", "photo_id": 18252, "status": "published", "link": null, "created_at": "2024-05-03T06:01:26.217Z", "updated_at": "2024-05-03T06:01:26.217Z"}}, {"condition": {"id": 245}, "defaults": {"site_id": 63, "admin_id": 81, "judul": "Penarikan Mahasiswa ATML POLTEKES Mataram yang melaksanakan Praktik Lapangan  di UPT Puskesmas Sigerongan", "photo_id": 18253, "status": "published", "link": null, "created_at": "2024-05-03T06:04:11.366Z", "updated_at": "2024-05-03T06:04:11.366Z"}}, {"condition": {"id": 246}, "defaults": {"site_id": 63, "admin_id": 81, "judul": "Kelas ibu balita Dusun duman Dasan Bersama Bapak Kepala Puskesmas Sigerongan Ibu Heri Dharma Wanita Persatuan Dinas kesehatan Lombok barat ", "photo_id": 18796, "status": "published", "link": null, "created_at": "2024-05-18T05:44:31.250Z", "updated_at": "2024-05-18T05:44:31.250Z"}}, {"condition": {"id": 247}, "defaults": {"site_id": 63, "admin_id": 81, "judul": "Penyuluhan dan PSN dusun Orong Utara", "photo_id": 18797, "status": "published", "link": null, "created_at": "2024-05-18T05:46:56.176Z", "updated_at": "2024-05-18T05:46:56.176Z"}}, {"condition": {"id": 248}, "defaults": {"site_id": 63, "admin_id": 81, "judul": "Tes Kebugaran dan Pemeriksaan Kesehatan Berkala Staf Puskesmas Sigerongan", "photo_id": 18798, "status": "published", "link": null, "created_at": "2024-05-18T05:48:32.179Z", "updated_at": "2024-05-18T05:48:32.179Z"}}, {"condition": {"id": 249}, "defaults": {"site_id": 63, "admin_id": 81, "judul": "Kunjungan dan OJT Spesialis Anak dan Spesialis Obgyn dari RS Awet Muda Lombok Barat ke UPT Puskesmas Sigerongan", "photo_id": 19023, "status": "published", "link": null, "created_at": "2024-05-25T04:45:23.599Z", "updated_at": "2024-05-25T04:45:23.599Z"}}, {"condition": {"id": 251}, "defaults": {"site_id": 63, "admin_id": 81, "judul": "Sosialisasi Pencegahan dan penanganan Penyakit TBC Desa Duman", "photo_id": 19358, "status": "published", "link": null, "created_at": "2024-06-04T05:58:35.937Z", "updated_at": "2024-06-04T05:58:35.937Z"}}, {"condition": {"id": 252}, "defaults": {"site_id": 63, "admin_id": 81, "judul": "Verivikasi informasi Kasus DBD di SMPN 4 Lingsar bersama tim dari UPT Puskesmas Sigerongan", "photo_id": 19361, "status": "published", "link": null, "created_at": "2024-06-04T06:13:30.611Z", "updated_at": "2024-06-04T06:13:30.611Z"}}, {"condition": {"id": 253}, "defaults": {"site_id": 63, "admin_id": 81, "judul": "Kegiatan PE di MI Darunnajah Duman bersama Tim Surveilance Puskesmas Sigerongan", "photo_id": 19362, "status": "published", "link": null, "created_at": "2024-06-04T06:15:37.618Z", "updated_at": "2024-06-04T06:15:37.618Z"}}, {"condition": {"id": 254}, "defaults": {"site_id": 63, "admin_id": 81, "judul": "Kegiatan PE di dusun karang bayan barat bersama Tim Surveilance Puskesmas Sigerongan dan petugas pustu Karang bayan", "photo_id": 19363, "status": "published", "link": null, "created_at": "2024-06-04T06:17:14.660Z", "updated_at": "2024-06-04T06:17:14.660Z"}}, {"condition": {"id": 255}, "defaults": {"site_id": 63, "admin_id": 81, "judul": "Selamat Hari Raya Idul Adha 1445 Hijriah", "photo_id": 19633, "status": "published", "link": null, "created_at": "2024-06-22T05:23:37.798Z", "updated_at": "2024-06-22T05:23:37.798Z"}}, {"condition": {"id": 256}, "defaults": {"site_id": 63, "admin_id": 81, "judul": "Selamat Hari Raya Idul Adha 1445 Hijriah ", "photo_id": 19634, "status": "published", "link": null, "created_at": "2024-06-22T05:24:19.995Z", "updated_at": "2024-06-22T05:24:19.995Z"}}]