[{"condition": {"id": 274}, "defaults": {"site_id": 50, "admin_id": 60, "judul": "POJOK ASI", "judul_seo": "pojok-asi-50", "photo_id": 2198, "view_count": 0, "created_at": "2022-06-28T10:46:09.311Z", "updated_at": "2022-06-28T10:46:09.311Z"}}, {"condition": {"id": 275}, "defaults": {"site_id": 50, "admin_id": 60, "judul": "Visi dan Misi", "judul_seo": "visi-dan-misi-50", "photo_id": 2200, "view_count": 0, "created_at": "2022-06-28T10:49:58.880Z", "updated_at": "2022-06-28T10:49:58.880Z"}}, {"condition": {"id": 276}, "defaults": {"site_id": 50, "admin_id": 60, "judul": "MOTO Puskesmas", "judul_seo": "moto-puskesmas-50", "photo_id": 2201, "view_count": 0, "created_at": "2022-06-28T10:50:42.930Z", "updated_at": "2022-06-28T10:50:42.930Z"}}, {"condition": {"id": 277}, "defaults": {"site_id": 50, "admin_id": 60, "judul": "Atribut", "judul_seo": "atribut-50", "photo_id": 2202, "view_count": 0, "created_at": "2022-06-28T10:51:23.488Z", "updated_at": "2022-06-28T10:51:23.488Z"}}, {"condition": {"id": 278}, "defaults": {"site_id": 50, "admin_id": 60, "judul": "Maklumat PUSKESMAS SEKOTONG", "judul_seo": "maklumat-puskesmas-sekotong-50", "photo_id": 2204, "view_count": 0, "created_at": "2022-06-28T10:56:35.270Z", "updated_at": "2022-06-28T10:56:35.270Z"}}, {"condition": {"id": 279}, "defaults": {"site_id": 50, "admin_id": 60, "judul": "Toilet Pengguna Layanan", "judul_seo": "toilet-pengguna-layanan-50", "photo_id": 2205, "view_count": 0, "created_at": "2022-06-28T10:58:01.123Z", "updated_at": "2022-06-28T10:58:01.123Z"}}, {"condition": {"id": 280}, "defaults": {"site_id": 50, "admin_id": 60, "judul": "RUANG TUNGGU PASIEN", "judul_seo": "ruang-tunggu-pasien-50", "photo_id": 2207, "view_count": 0, "created_at": "2022-06-28T11:10:15.859Z", "updated_at": "2022-06-28T11:10:15.859Z"}}, {"condition": {"id": 281}, "defaults": {"site_id": 50, "admin_id": 60, "judul": "Loket Pendaftaran Lansia", "judul_seo": "loket-pendaftaran-lansia-50", "photo_id": 2208, "view_count": 0, "created_at": "2022-06-28T11:10:53.867Z", "updated_at": "2022-06-28T11:10:53.867Z"}}, {"condition": {"id": 283}, "defaults": {"site_id": 50, "admin_id": 60, "judul": "Jalur Pemandu Pasien berkebutuhan Khusus", "judul_seo": "jalur-pemandu-pasien-berkebutuhan-khusus-50", "photo_id": 2210, "view_count": 0, "created_at": "2022-06-28T11:13:02.138Z", "updated_at": "2022-06-28T11:13:02.138Z"}}, {"condition": {"id": 284}, "defaults": {"site_id": 50, "admin_id": 60, "judul": "Jalur pemandu pasien bekebutuhan khusus", "judul_seo": "jalur-pemandu-pasien-bekebutuhan-khusus-50", "photo_id": 2211, "view_count": 0, "created_at": "2022-06-28T11:13:48.461Z", "updated_at": "2022-06-28T11:21:52.713Z"}}, {"condition": {"id": 285}, "defaults": {"site_id": 50, "admin_id": 60, "judul": "Sarana Pengaduan - Kotak Saran", "judul_seo": "sarana-pengaduan-kotak-saran-50", "photo_id": 2212, "view_count": 0, "created_at": "2022-06-28T11:14:40.467Z", "updated_at": "2022-06-28T11:14:40.467Z"}}, {"condition": {"id": 326}, "defaults": {"site_id": 50, "admin_id": 60, "judul": "Toilet Khusus Difabel (berkebutuhan Khusus)", "judul_seo": "toilet-khusus-difabel-berkebutuhan-khusus-50", "photo_id": 3117, "view_count": 0, "created_at": "2022-07-22T14:13:26.568Z", "updated_at": "2022-07-22T14:13:26.568Z"}}]