[{"condition": {"id": 305}, "defaults": {"site_id": 49, "admin_id": 52, "judul": "SELAMAT HARI RAYA IDUL ADHA 1443 H", "judul_seo": "selamat-hari-raya-idul-adha-1443-h-49", "photo_id": 2586, "view_count": 0, "created_at": "2022-07-11T10:09:55.064Z", "updated_at": "2022-07-11T10:09:55.064Z"}}, {"condition": {"id": 306}, "defaults": {"site_id": 49, "admin_id": 52, "judul": "10 DISIPLIN BUDAYA MALU", "judul_seo": "10-disiplin-budaya-malu-49", "photo_id": 2619, "view_count": 0, "created_at": "2022-07-12T09:37:23.700Z", "updated_at": "2022-07-12T09:37:23.700Z"}}, {"condition": {"id": 327}, "defaults": {"site_id": 49, "admin_id": 52, "judul": "SERTIFIKAT Pemantapan Mutu Eksternal Uji Silang Mikroskopis Tuberkulosis", "judul_seo": "sertifikat-pemantapan-mutu-eksternal-uji-silang-mikroskopis-tuberkulosis-49", "photo_id": 3190, "view_count": 0, "created_at": "2022-07-25T09:43:04.761Z", "updated_at": "2022-07-25T09:43:04.761Z"}}, {"condition": {"id": 337}, "defaults": {"site_id": 49, "admin_id": 52, "judul": "AYO GUNAKAN NIK/KTP UNTUK AKSES LAYANAN DI FASILITAS KESEHATAN", "judul_seo": "ayo-gunakan-nikktp-untuk-akses-layanan-di-fasilitas-kesehatan-49", "photo_id": 3413, "view_count": 0, "created_at": "2022-07-28T08:47:07.253Z", "updated_at": "2022-07-28T08:47:07.253Z"}}, {"condition": {"id": 345}, "defaults": {"site_id": 49, "admin_id": 52, "judul": "BULAN PENIMBANGAN DAN PEMBERIAN VIT A", "judul_seo": "bulan-penimbangan-dan-pemberian-vit-a-49", "photo_id": 3516, "view_count": 0, "created_at": "2022-07-29T11:02:45.969Z", "updated_at": "2022-07-29T11:02:45.969Z"}}, {"condition": {"id": 521}, "defaults": {"site_id": 49, "admin_id": 52, "judul": "Hak Dan Kewajiban Pasien", "judul_seo": "hak-dan-kewajiban-pasien--49", "photo_id": 10921, "view_count": 0, "created_at": "2023-06-17T07:08:08.374Z", "updated_at": "2023-06-17T07:08:08.374Z"}}, {"condition": {"id": 547}, "defaults": {"site_id": 49, "admin_id": 52, "judul": "Ayo Sukseskan Kabupaten Lombok Barat Menuju Universal Health Coverage", "judul_seo": "ayo-sukseskan-kabupaten-lombok-barat-menuju-universal-health-coverage--49", "photo_id": 11470, "view_count": 0, "created_at": "2023-07-04T10:56:23.264Z", "updated_at": "2023-07-04T10:57:52.843Z"}}, {"condition": {"id": 585}, "defaults": {"site_id": 49, "admin_id": 52, "judul": "Keluarga Besar UPT Puskesmas Kediri", "judul_seo": "keluarga-besar-upt-puskesmas-kediri", "photo_id": 13922, "view_count": 0, "created_at": "2023-11-13T01:50:39.418Z", "updated_at": "2023-11-13T01:50:39.418Z"}}, {"condition": {"id": 626}, "defaults": {"site_id": 49, "admin_id": 52, "judul": "DIRGAHAYU KABUPATEN LOMBOK BARAT KE-66", "judul_seo": "dirgahayu-kabupaten-lombok-barat-ke-66", "photo_id": 17713, "view_count": 0, "created_at": "2024-04-16T00:36:22.516Z", "updated_at": "2024-04-16T00:36:22.516Z"}}, {"condition": {"id": 627}, "defaults": {"site_id": 49, "admin_id": 52, "judul": "DIRGAHAYU KABUPATEN LOMBOK BARAT KE-66", "judul_seo": "dirgahayu-kabupaten-lombok-barat-ke-66-1", "photo_id": 17714, "view_count": 0, "created_at": "2024-04-16T00:36:46.157Z", "updated_at": "2024-04-16T00:36:46.157Z"}}, {"condition": {"id": 628}, "defaults": {"site_id": 49, "admin_id": 52, "judul": "DIRGAHAYU KABUPATEN LOMBOK BARAT KE-66", "judul_seo": "dirgahayu-kabupaten-lombok-barat-ke-66-2", "photo_id": 17715, "view_count": 0, "created_at": "2024-04-16T00:37:16.780Z", "updated_at": "2024-04-16T00:37:16.780Z"}}]