[{"condition": {"id": 203}, "defaults": {"site_id": 55, "admin_id": 73, "judul": "WAKIL GUBERNUR NTB MELAUNCHING 63 POSYANDU KELUARGA DI KECAMATAN KURIPAN", "judul_seo": "wakil-gubernur-ntb-melaunching-63-posyandu-keluarga-di-kecamatan-kuripan", "photo_id": 1146, "view_count": 0, "created_at": "2021-07-27T10:47:15.765Z", "updated_at": "2021-07-27T10:47:15.765Z"}}, {"condition": {"id": 320}, "defaults": {"site_id": 55, "admin_id": 73, "judul": "KUNJUNGAN DELEGASI BANK DUNIA BERSAMA DELEGASI PEMERINTAHAN TIMOR LESTE DAN KAMBOJA KE PUSKESMAS KURIPAN TAHUN 2019 ", "judul_seo": "kunjungan-delegasi-bank-dunia-bersama-delegasi-pemerintahan-timor-leste-dan-kamboja-ke-puskesmas-kuripan-tahun-2019-55", "photo_id": 2940, "view_count": 0, "created_at": "2022-07-19T14:51:06.599Z", "updated_at": "2022-07-19T14:51:06.599Z"}}, {"condition": {"id": 321}, "defaults": {"site_id": 55, "admin_id": 73, "judul": "KUNJUNGAN DELEGASI BANK DUNIA BERSAMA DELEGASI PEMERINTAHAN BHUTAN, NEPHAL DAN SRI LANGKA KE PUSKESMAS KURIPAN TAHUN 2019 ", "judul_seo": "kunjungan-delegasi-bank-dunia-bersama-delegasi-pemerintahan-bhutan-nephal-dan-sri-langka-ke-puskesmas-kuripan-tahun-2019-55", "photo_id": 2941, "view_count": 0, "created_at": "2022-07-19T14:52:29.138Z", "updated_at": "2022-07-19T14:52:29.138Z"}}]