[{"condition": {"id": 193}, "defaults": {"site_id": 53, "admin_id": 71, "judul": "Senam Germas", "view_count": 0, "embed": "<iframe width=\"727\" height=\"409\" src=\"https://www.youtube.com/embed/oiyZPN0yrLY\" title=\"SENAM GERMAS KADER PUSKESMAS TAHUNAN - Kemenkes 2022\" frameborder=\"0\" allow=\"accelerometer; autoplay; clipboard-write; encrypted-media; gyroscope; picture-in-picture\" allowfullscreen></iframe>", "embed_video": "https://www.youtube.com/embed/oiyZPN0yrLY", "created_at": "2022-07-19T14:14:44.296Z", "updated_at": "2022-07-19T14:35:04.207Z"}}, {"condition": {"id": 194}, "defaults": {"site_id": 53, "admin_id": 71, "judul": "Cuci tangan Pakai Sabun", "view_count": 0, "embed": "<iframe width=\"727\" height=\"409\" src=\"https://www.youtube.com/embed/rPPTzgob7KI\" title=\"Cuci Tangan Pakai Sabun (CTPS) Minimal 20 Detik\" frameborder=\"0\" allow=\"accelerometer; autoplay; clipboard-write; encrypted-media; gyroscope; picture-in-picture\" allowfullscreen></iframe>", "embed_video": "https://www.youtube.com/embed/rPPTzgob7KI", "created_at": "2022-07-19T14:37:39.874Z", "updated_at": "2022-07-19T14:37:39.874Z"}}]