[{"condition": {"id": 23}, "defaults": {"site_id": 46, "admin_id": 50, "judul": "Vaksinasi Covid-19", "photo_id": 278, "status": "published", "link": null, "created_at": "2021-06-07T12:16:41.871Z", "updated_at": "2021-06-18T08:07:01.369Z"}}, {"condition": {"id": 44}, "defaults": {"site_id": 46, "admin_id": 50, "judul": "Sukseskan Vaksinasi Covid-19 di Kecamatan Labuapi", "photo_id": 886, "status": "published", "link": null, "created_at": "2021-06-18T08:18:00.516Z", "updated_at": "2021-06-18T08:18:00.516Z"}}, {"condition": {"id": 56}, "defaults": {"site_id": 46, "admin_id": 50, "judul": "Standar Pelayanan Pengobatan Umum di UPT Puskesmas Labuapi ", "photo_id": 1017, "status": "published", "link": null, "created_at": "2021-07-01T09:35:04.656Z", "updated_at": "2021-07-01T09:35:04.656Z"}}]