[{"condition": {"id": 122}, "defaults": {"site_id": 63, "admin_id": 81, "judul": "Vaksinasi Covid 19 UPT BLUD Puskesmas Sigerongan", "view_count": 0, "embed": "<iframe width=\"802\" height=\"441\" src=\"https://www.youtube.com/embed/qJ-HPXl8S94\" title=\"YouTube video player\" frameborder=\"0\" allow=\"accelerometer; autoplay; clipboard-write; encrypted-media; gyroscope; picture-in-picture\" allowfullscreen></iframe>", "embed_video": "https://www.youtube.com/embed/qJ-HPXl8S94", "created_at": "2022-03-10T11:29:37.127Z", "updated_at": "2022-03-10T11:29:37.127Z"}}, {"condition": {"id": 180}, "defaults": {"site_id": 63, "admin_id": 81, "judul": "vaksinasi covid -19 booster untuk masyarakat di desa karang bayan", "view_count": 0, "embed": "<iframe width=\"640\" height=\"360\" src=\"https://www.youtube.com/embed/wPNGBrNLtLI\" title=\"Vaksin Covid-19 di desa karang bayan bukan desa Penari\" frameborder=\"0\" allow=\"accelerometer; autoplay; clipboard-write; encrypted-media; gyroscope; picture-in-picture\" allowfullscreen></iframe>", "embed_video": "https://www.youtube.com/embed/wPNGBrNLtLI", "created_at": "2022-07-13T13:40:47.291Z", "updated_at": "2022-07-13T13:51:43.952Z"}}, {"condition": {"id": 326}, "defaults": {"site_id": 63, "admin_id": 81, "judul": "Hari Ibu UPT Puskesmas Sigerongan", "view_count": 0, "embed": "<p>&lt;iframe width=&quot;744&quot; height=&quot;409&quot; src=&quot;https://www.youtube.com/embed/9RPlHq-oXFU&quot; title=&quot;Happy Mother Day With UPT Puskesmas Sigerongan&quot; frameborder=&quot;0&quot; allow=&quot;accelerometer; autoplay; clipboard-write; encrypted-media; gyroscope; picture-in-picture&quot; allowfullscreen&gt;&lt;/iframe&gt;</p>\r\n", "embed_video": "https://www.youtube.com/embed/9RPlHq-oXFU", "created_at": "2022-12-23T08:59:25.833Z", "updated_at": "2022-12-23T08:59:25.833Z"}}, {"condition": {"id": 327}, "defaults": {"site_id": 63, "admin_id": 81, "judul": "Penyuluhan PHBS", "view_count": 0, "embed": "<p>&lt;iframe width=&quot;727&quot; height=&quot;409&quot; src=&quot;https://www.youtube.com/embed/q8lEL1QVHik&quot; title=&quot;Salam Sehat Petugas Promkes UPT Puskesmas Sigerongan&quot; frameborder=&quot;0&quot; allow=&quot;accelerometer; autoplay; clipboard-write; encrypted-media; gyroscope; picture-in-picture&quot; allowfullscreen&gt;&lt;/iframe&gt;</p>\r\n", "embed_video": "https://www.youtube.com/embed/q8lEL1QVHik", "created_at": "2022-12-23T09:06:43.860Z", "updated_at": "2022-12-23T09:06:43.860Z"}}, {"condition": {"id": 401}, "defaults": {"site_id": 63, "admin_id": 81, "judul": "healing ala upt puskesmas sigerongan", "view_count": 0, "embed": "<p>&lt;iframe width=&quot;715&quot; height=&quot;402&quot; src=&quot;https://www.youtube.com/embed/4CiuJefTM_c&quot; title=&quot;healing ala upt puskesmas sigerongan&quot; frameborder=&quot;0&quot; allow=&quot;accelerometer; autoplay; clipboard-write; encrypted-media; gyroscope; picture-in-picture; web-share&quot; allowfullscreen&gt;&lt;/iframe&gt;</p>\r\n", "embed_video": "https://www.youtube.com/embed/4CiuJefTM_c", "created_at": "2023-06-16T05:33:48.301Z", "updated_at": "2023-06-16T05:33:48.302Z"}}, {"condition": {"id": 402}, "defaults": {"site_id": 63, "admin_id": 81, "judul": "Garpu Banting di Posyandu Puskesmas Sigerongan", "view_count": 0, "embed": "<p>&lt;iframe width=&quot;731&quot; height=&quot;402&quot; src=&quot;https://www.youtube.com/embed/HaqmHQXgeAA&quot; title=&quot;Garpu Banting di Posyandu Puskesmas Sigerongan&quot; frameborder=&quot;0&quot; allow=&quot;accelerometer; autoplay; clipboard-write; encrypted-media; gyroscope; picture-in-picture; web-share&quot; allowfullscreen&gt;&lt;/iframe&gt;</p>\r\n", "embed_video": "https://www.youtube.com/embed/HaqmHQXgeAA", "created_at": "2023-06-16T05:36:37.712Z", "updated_at": "2023-06-16T05:36:37.712Z"}}, {"condition": {"id": 418}, "defaults": {"site_id": 63, "admin_id": 81, "judul": "Basuh Anting go to Nasional", "view_count": 0, "embed": "<p>&lt;iframe width=&quot;640&quot; height=&quot;360&quot; src=&quot;https://www.youtube.com/embed/SGiibC2Gw8M&quot; title=&quot;Basuh Anting go to Nasional&quot; frameborder=&quot;0&quot; allow=&quot;accelerometer; autoplay; clipboard-write; encrypted-media; gyroscope; picture-in-picture; web-share&quot; allowfullscreen&gt;&lt;/iframe&gt;</p>\r\n", "embed_video": "https://www.youtube.com/embed/SGiibC2Gw8M", "created_at": "2023-06-24T02:52:32.003Z", "updated_at": "2023-06-24T02:52:32.003Z"}}, {"condition": {"id": 459}, "defaults": {"site_id": 63, "admin_id": 81, "judul": "AKSI BERGIZI SMKN 2 LINGSAR", "view_count": 0, "embed": "<p>&lt;iframe width=\"853\" height=\"480\" src=\"https://www.youtube.com/embed/inaPNJkDDIo\" title=\"AKSI BERGIZI SMKN 2\" frameborder=\"0\" allow=\"accelerometer; autoplay; clipboard-write; encrypted-media; gyroscope; picture-in-picture; web-share\" allowfullscreen&gt;&lt;/iframe&gt;</p>", "embed_video": null, "created_at": "2023-08-12T04:50:45.992Z", "updated_at": "2023-08-12T05:19:38.721Z"}}]