[{"condition": {"id": 284}, "defaults": {"site_id": 62, "admin_id": 80, "judul": "DETEKSI DIRI, SEBELUM MENDETEKSI ORANG LAIN", "view_count": 0, "embed": "<p>&lt;iframe width=&quot;759&quot; height=&quot;427&quot; src=&quot;https://www.youtube.com/embed/J4bB_wMOOCU&quot; title=&quot;YouTube video player&quot; frameborder=&quot;0&quot; allow=&quot;accelerometer; autoplay; clipboard-write; encrypted-media; gyroscope; picture-in-picture&quot; allowfullscreen&gt;&lt;/iframe&gt;</p>\r\n", "embed_video": "https://www.youtube.com/embed/J4bB_wMOOCU", "created_at": "2022-09-27T10:07:17.786Z", "updated_at": "2022-09-27T10:07:17.786Z"}}]