[{"condition": {"id": 210}, "defaults": {"site_id": 50, "admin_id": 60, "judul": "6 SASARAN KESELAMATAN PASIEN", "view_count": 0, "embed": "<iframe width=\"640\" height=\"360\" src=\"https://www.youtube.com/embed/0IkOOPYPOtA\" title=\"6 SASARAN KESELAMATAN PASIEN\" frameborder=\"0\" allow=\"accelerometer; autoplay; clipboard-write; encrypted-media; gyroscope; picture-in-picture\" allowfullscreen></iframe>", "embed_video": "https://www.youtube.com/embed/0IkOOPYPOtA", "created_at": "2022-07-20T09:54:39.801Z", "updated_at": "2022-07-20T09:54:39.801Z"}}, {"condition": {"id": 211}, "defaults": {"site_id": 50, "admin_id": 60, "judul": "Vaksinasi Remaja Mobile di Sekolah Pesisir Sekotong", "view_count": 0, "embed": "<p><iframe frameborder=\"0\" height=\"360\" src=\"https://www.youtube.com/embed/2EgOGEvCCyE\" title=\"Vaksinasi Remaja Mobile di Sekolah Pesisir Sekotong\" width=\"640\"></iframe></p>", "embed_video": "https://www.youtube.com/embed/2EgOGEvCCyE", "created_at": "2022-07-20T09:55:36.809Z", "updated_at": "2022-07-20T09:56:18.111Z"}}, {"condition": {"id": 212}, "defaults": {"site_id": 50, "admin_id": 60, "judul": "Layanan Puskesmas Sekotong di Era Normal Baru", "view_count": 0, "embed": "<p><iframe frameborder=\"0\" height=\"360\" src=\"https://www.youtube.com/embed/IsnD_W3K7to\" title=\"Layanan Puskesmas Sekotong di Era Normal Baru\" width=\"640\"></iframe></p>", "embed_video": "https://www.youtube.com/embed/IsnD_W3K7to", "created_at": "2022-07-20T09:57:35.105Z", "updated_at": "2022-07-20T09:57:49.804Z"}}, {"condition": {"id": 213}, "defaults": {"site_id": 50, "admin_id": 60, "judul": "SAFETY BRIEFING UPT BLUD PUSKESMAS SEKOTONG", "view_count": 0, "embed": "<iframe width=\"640\" height=\"360\" src=\"https://www.youtube.com/embed/TLcbrwQWqVA\" title=\"SAFETY BRIEFING UPT BLUD PUSKESMAS SEKOTONG\" frameborder=\"0\" allow=\"accelerometer; autoplay; clipboard-write; encrypted-media; gyroscope; picture-in-picture\" allowfullscreen></iframe>", "embed_video": "https://www.youtube.com/embed/TLcbrwQWqVA", "created_at": "2022-07-20T09:59:33.732Z", "updated_at": "2022-07-20T09:59:33.732Z"}}, {"condition": {"id": 214}, "defaults": {"site_id": 50, "admin_id": 60, "judul": "Mars Puskesmas Sekotong", "view_count": 0, "embed": "<iframe width=\"640\" height=\"360\" src=\"https://www.youtube.com/embed/QBder0Wfxms\" title=\"Mars Puskesmas Sekotong\" frameborder=\"0\" allow=\"accelerometer; autoplay; clipboard-write; encrypted-media; gyroscope; picture-in-picture\" allowfullscreen></iframe>", "embed_video": "https://www.youtube.com/embed/QBder0Wfxms", "created_at": "2022-07-20T10:00:49.321Z", "updated_at": "2022-07-20T10:00:49.321Z"}}, {"condition": {"id": 215}, "defaults": {"site_id": 50, "admin_id": 60, "judul": "PROFIL UPT BLUD PUSKESMAS SEKOTONG", "view_count": 0, "embed": "<iframe width=\"640\" height=\"360\" src=\"https://www.youtube.com/embed/OWWMvR43OZQ\" title=\"PROFIL UPT BLUD PUSKESMAS SEKOTONG\" frameborder=\"0\" allow=\"accelerometer; autoplay; clipboard-write; encrypted-media; gyroscope; picture-in-picture\" allowfullscreen></iframe>", "embed_video": "https://www.youtube.com/embed/OWWMvR43OZQ", "created_at": "2022-07-20T10:01:46.857Z", "updated_at": "2022-07-20T10:01:46.857Z"}}, {"condition": {"id": 216}, "defaults": {"site_id": 50, "admin_id": 60, "judul": "LOMBA TANAMAN OBAT DESA SEKOTONG TENGAH PUSKESMAS SEKOTONG", "view_count": 0, "embed": "<iframe width=\"640\" height=\"360\" src=\"https://www.youtube.com/embed/q_WZ4-WUmeU\" title=\"LOMBA TANAMAN OBAT DESA SEKOTONG TENGAH   PUSKESMAS SEKOTONG\" frameborder=\"0\" allow=\"accelerometer; autoplay; clipboard-write; encrypted-media; gyroscope; picture-in-picture\" allowfullscreen></iframe>", "embed_video": "https://www.youtube.com/embed/q_WZ4-WUmeU", "created_at": "2022-07-20T10:02:19.269Z", "updated_at": "2022-07-20T10:02:19.269Z"}}, {"condition": {"id": 225}, "defaults": {"site_id": 50, "admin_id": 60, "judul": "Lomba Gerak dan Lagu Oleh Kader Permata Hati | Puskesmas Sekotong", "view_count": 0, "embed": "<iframe width=\"667\" height=\"375\" src=\"https://www.youtube.com/embed/QRSpC3ymqCc\" title=\"Lomba Gerak dan Lagu Oleh Kader Permata Hati | Puskesmas Sekotong\" frameborder=\"0\" allow=\"accelerometer; autoplay; clipboard-write; encrypted-media; gyroscope; picture-in-picture\" allowfullscreen></iframe>", "embed_video": "https://www.youtube.com/embed/QRSpC3ymqCc", "created_at": "2022-07-20T21:07:58.932Z", "updated_at": "2022-07-20T21:07:58.932Z"}}, {"condition": {"id": 226}, "defaults": {"site_id": 50, "admin_id": 60, "judul": "Vaksinasi Tenaga Kesehatan Puskesmas Sekotong | Vaksinasi Covid-19 Tahap pertama Tahun 2021", "view_count": 0, "embed": "<iframe width=\"667\" height=\"375\" src=\"https://www.youtube.com/embed/78DQ2l1CTv8\" title=\"Vaksinasi Tenaga Kesehatan Puskesmas Sekotong | Vaksinasi Covid-19 Tahap pertama Tahun 2021\" frameborder=\"0\" allow=\"accelerometer; autoplay; clipboard-write; encrypted-media; gyroscope; picture-in-picture\" allowfullscreen></iframe>", "embed_video": "https://www.youtube.com/embed/78DQ2l1CTv8", "created_at": "2022-07-20T21:58:58.865Z", "updated_at": "2022-07-20T21:58:58.866Z"}}, {"condition": {"id": 227}, "defaults": {"site_id": 50, "admin_id": 60, "judul": "PENYULUHAN KESEHATAN REPRODUKSI REMAJA TINGKAT DESA", "view_count": 0, "embed": "<iframe width=\"663\" height=\"375\" src=\"https://www.youtube.com/embed/43dE_pm4xBM\" title=\"PENYULUHAN KESEHATAN REPRODUKSI REMAJA TINGKAT DESA\" frameborder=\"0\" allow=\"accelerometer; autoplay; clipboard-write; encrypted-media; gyroscope; picture-in-picture\" allowfullscreen></iframe>", "embed_video": "https://www.youtube.com/embed/43dE_pm4xBM", "created_at": "2022-07-20T22:01:25.597Z", "updated_at": "2022-07-20T22:01:25.597Z"}}, {"condition": {"id": 228}, "defaults": {"site_id": 50, "admin_id": 60, "judul": "Kampanye SIAP - Dosis Lengkap", "view_count": 0, "embed": "<p><iframe frameborder=\"0\" height=\"238\" src=\"https://www.youtube.com/embed/Imuwn8cTZ4w\" title=\"Kampanye SIAP - Dosis Lengkap\" width=\"424\"></iframe>Kampanye SIAP - Dosis Lengkap</p>\r\n", "embed_video": "https://www.youtube.com/embed/Imuwn8cTZ4w", "created_at": "2022-07-21T20:06:51.983Z", "updated_at": "2022-07-21T20:06:51.983Z"}}, {"condition": {"id": 295}, "defaults": {"site_id": 50, "admin_id": 60, "judul": "BAKTI SOSIAL PENYULUHAN DAN PEMERIKSAAN KESEHATAN DALAM RANGKA PENANGGULANGAN BENCANA BANJIR DAN TANAH LONGSOR PULSEK SEKOTONG BERSAMA TIM TGC PUSKESMAS SEKOTONG", "view_count": 0, "embed": "<iframe width=\"768\" height=\"432\" src=\"https://www.youtube.com/embed/2lCY8JdYSSs\" title=\"BAKSOS, PENYULUHAN DAN PEMERIKSAAN KESEHATAN OLEH TIM TGC PUSKESMAS SEKOTONG BERSAMA POLSEK SEKOTONG\" frameborder=\"0\" allow=\"accelerometer; autoplay; clipboard-write; encrypted-media; gyroscope; picture-in-picture\" allowfullscreen></iframe>", "embed_video": "https://www.youtube.com/embed/2lCY8JdYSSs", "created_at": "2022-10-26T11:43:05.839Z", "updated_at": "2022-10-26T11:43:05.839Z"}}, {"condition": {"id": 298}, "defaults": {"site_id": 50, "admin_id": 60, "judul": "GIAT AKSI BERGIZI DI SEKOLAH SMPN 1 SEKOTONG", "view_count": 0, "embed": "<iframe width=\"740\" height=\"416\" src=\"https://www.youtube.com/embed/6EzJgJlFGdY\" title=\"AKSI BERGIZI SMPN1 SEKOTONG \u25cf PUSKESMAS SEKOTONG\" frameborder=\"0\" allow=\"accelerometer; autoplay; clipboard-write; encrypted-media; gyroscope; picture-in-picture\" allowfullscreen></iframe>", "embed_video": "https://www.youtube.com/embed/6EzJgJlFGdY", "created_at": "2022-10-31T17:44:07.789Z", "updated_at": "2022-10-31T17:44:07.789Z"}}, {"condition": {"id": 299}, "defaults": {"site_id": 50, "admin_id": 60, "judul": "SENAM GERMAS CERIA", "view_count": 0, "embed": "<iframe width=\"737\" height=\"416\" src=\"https://www.youtube.com/embed/bLor6oqFNbc\" title=\"Senam Viral | Senam peregangan GERMAS oleh Puskesmas Sekotong\" frameborder=\"0\" allow=\"accelerometer; autoplay; clipboard-write; encrypted-media; gyroscope; picture-in-picture\" allowfullscreen></iframe>", "embed_video": "https://www.youtube.com/embed/bLor6oqFNbc", "created_at": "2022-10-31T17:45:06.773Z", "updated_at": "2022-10-31T17:45:06.773Z"}}, {"condition": {"id": 300}, "defaults": {"site_id": 50, "admin_id": 60, "judul": "BAKTI SOSIAL PENYULUHAN DAN PEMERIKSAAN KESEHATAN DALAM RANGKA PENANGGULANGAN BENCANA BANJIR DAN TANAH LONGSOR KE DUSUN PANGGANG DESA BUWUN MAS", "view_count": 0, "embed": "<iframe width=\"768\" height=\"432\" src=\"https://www.youtube.com/embed/P0mlfgQysyU\" title=\"PELAYANAN KESEHATAN BAKTI SOSIAL TIM GERAK CEPAT (TGC) PKM SEKOTONG  DI DUSUN PANGGANG BUWUN MAS\" frameborder=\"0\" allow=\"accelerometer; autoplay; clipboard-write; encrypted-media; gyroscope; picture-in-picture\" allowfullscreen></iframe>", "embed_video": "https://www.youtube.com/embed/P0mlfgQysyU", "created_at": "2022-11-08T11:51:25.048Z", "updated_at": "2022-11-08T11:51:25.048Z"}}, {"condition": {"id": 474}, "defaults": {"site_id": 50, "admin_id": 60, "judul": "AFTER MOVIE - PEMBERDAYAAN KADER KESEHATAN TINGKAT KECAMATAN SEKOTONG", "view_count": 0, "embed": "<figure class=\"media\"><div data-oembed-url=\"https://www.youtube.com/watch?v=GwKyHJuDSbU\"><div style=\"position: relative; padding-bottom: 100%; height: 0; padding-bottom: 56.2493%;\"><iframe src=\"https://www.youtube.com/embed/GwKyHJuDSbU\" style=\"position: absolute; width: 100%; height: 100%; top: 0; left: 0;\" frameborder=\"0\" allow=\"autoplay; encrypted-media\" allowfullscreen=\"\"></iframe></div></div></figure>", "embed_video": "https://www.youtube.com/embed/GwKyHJuDSbU", "created_at": "2023-11-13T00:59:06.519Z", "updated_at": "2023-11-13T00:59:06.519Z"}}, {"condition": {"id": 475}, "defaults": {"site_id": 50, "admin_id": 60, "judul": "HAK DAN KEWAJIBAN PASIEN", "view_count": 0, "embed": "<figure class=\"media\"><div data-oembed-url=\"https://www.youtube.com/watch?v=l0JKCZ2lRiY\"><div style=\"position: relative; padding-bottom: 100%; height: 0; padding-bottom: 56.2493%;\"><iframe src=\"https://www.youtube.com/embed/l0JKCZ2lRiY\" style=\"position: absolute; width: 100%; height: 100%; top: 0; left: 0;\" frameborder=\"0\" allow=\"autoplay; encrypted-media\" allowfullscreen=\"\"></iframe></div></div></figure>", "embed_video": "https://www.youtube.com/embed/l0JKCZ2lRiY", "created_at": "2023-11-13T01:00:15.823Z", "updated_at": "2023-11-13T01:00:15.823Z"}}, {"condition": {"id": 482}, "defaults": {"site_id": 50, "admin_id": 60, "judul": "JAMBORE KADER PUSKESMAS SEKOTONG", "view_count": 0, "embed": "<figure class=\"media\"><div data-oembed-url=\"https://youtu.be/eeDR7J7qAbY?si=AzEUzrNgLy1oMol6\"><div style=\"position: relative; padding-bottom: 100%; height: 0; padding-bottom: 56.2493%;\"><iframe src=\"https://www.youtube.com/embed/eeDR7J7qAbY\" style=\"position: absolute; width: 100%; height: 100%; top: 0; left: 0;\" frameborder=\"0\" allow=\"autoplay; encrypted-media\" allowfullscreen=\"\"></iframe></div></div></figure>", "embed_video": "https://www.youtube.com/embed/eeDR7J7qAbY", "created_at": "2024-02-01T11:49:47.423Z", "updated_at": "2024-02-01T11:49:47.423Z"}}]