[{"condition": {"id": 80}, "defaults": {"site_id": 51, "admin_id": 69, "judul": "Puskesmas Banyumulek", "photo_id": 2698, "status": "published", "link": null, "created_at": "2022-07-14T13:30:27.435Z", "updated_at": "2023-07-27T15:06:38.007Z"}}, {"condition": {"id": 85}, "defaults": {"site_id": 51, "admin_id": 69, "judul": "visi dan misi Puskesmas Banyumulek", "photo_id": 2786, "status": "draft", "link": null, "created_at": "2022-07-18T20:09:03.407Z", "updated_at": "2022-08-06T21:55:04.623Z"}}, {"condition": {"id": 86}, "defaults": {"site_id": 51, "admin_id": 69, "judul": "Tata Nilai Puskesmas Banyumulek", "photo_id": 2797, "status": "draft", "link": null, "created_at": "2022-07-18T21:24:07.864Z", "updated_at": "2022-08-06T21:54:51.772Z"}}, {"condition": {"id": 87}, "defaults": {"site_id": 51, "admin_id": 69, "judul": "Maklumat Pelayanan", "photo_id": 2822, "status": "draft", "link": null, "created_at": "2022-07-18T23:59:06.310Z", "updated_at": "2022-08-06T21:55:24.701Z"}}, {"condition": {"id": 88}, "defaults": {"site_id": 51, "admin_id": 69, "judul": "Kontak", "photo_id": 2823, "status": "draft", "link": null, "created_at": "2022-07-19T00:01:10.278Z", "updated_at": "2022-08-06T21:55:43.448Z"}}, {"condition": {"id": 96}, "defaults": {"site_id": 51, "admin_id": 69, "judul": "kios Adminduk", "photo_id": 3715, "status": "draft", "link": null, "created_at": "2022-08-02T14:44:26.240Z", "updated_at": "2023-07-27T15:06:18.636Z"}}, {"condition": {"id": 111}, "defaults": {"site_id": 51, "admin_id": 69, "judul": "Merapat Duduk 3 Plus 1", "photo_id": 5111, "status": "draft", "link": null, "created_at": "2022-09-02T19:19:56.755Z", "updated_at": "2023-07-27T15:05:59.331Z"}}]