[{"condition": {"id": 368}, "defaults": {"site_id": 59, "admin_id": 77, "judul": "KEGIATAN BIAN CAMPAK!", "judul_seo": "kegiatan-bian-campak-59", "photo_id": 3837, "view_count": 0, "created_at": "2022-08-04T12:55:38.135Z", "updated_at": "2022-08-04T12:55:38.135Z"}}, {"condition": {"id": 369}, "defaults": {"site_id": 59, "admin_id": 77, "judul": "PEMICUAN 5 PILAR STBM!", "judul_seo": "pemicuan-5-pilar-stbm-59", "photo_id": 3838, "view_count": 0, "created_at": "2022-08-04T12:57:02.805Z", "updated_at": "2022-08-04T12:57:02.805Z"}}, {"condition": {"id": 370}, "defaults": {"site_id": 59, "admin_id": 77, "judul": "KELAS IBU HAMIL!", "judul_seo": "kelas-ibu-hamil-59", "photo_id": 3839, "view_count": 0, "created_at": "2022-08-04T12:57:51.278Z", "updated_at": "2022-08-04T12:57:51.278Z"}}, {"condition": {"id": 644}, "defaults": {"site_id": 59, "admin_id": 77, "judul": "JAMBORE KADER KESEHATAN KECAMATAN GUNUNGSARI", "judul_seo": "jambore-kader-kesehatan-kecamatan-gunungsari", "photo_id": 19450, "view_count": 0, "created_at": "2024-06-06T04:00:38.355Z", "updated_at": "2024-06-06T04:00:38.355Z"}}, {"condition": {"id": 645}, "defaults": {"site_id": 59, "admin_id": 77, "judul": "SURVEY RE-AKREDITASI", "judul_seo": "survey-re-akreditasi", "photo_id": 19451, "view_count": 0, "created_at": "2024-06-06T04:04:23.036Z", "updated_at": "2024-06-06T04:04:23.036Z"}}, {"condition": {"id": 646}, "defaults": {"site_id": 59, "admin_id": 77, "judul": "SIMULASI PENGENDALIAN API", "judul_seo": "simulasi-pengendalian-api", "photo_id": 19452, "view_count": 0, "created_at": "2024-06-06T04:07:05.405Z", "updated_at": "2024-06-06T04:07:05.405Z"}}, {"condition": {"id": 647}, "defaults": {"site_id": 59, "admin_id": 77, "judul": "PELAYANAN IMUNISASI DI POSYANDU", "judul_seo": "pelayanan-imunisasi-di-posyandu", "photo_id": 19457, "view_count": 0, "created_at": "2024-06-06T04:08:59.830Z", "updated_at": "2024-06-06T04:08:59.830Z"}}, {"condition": {"id": 648}, "defaults": {"site_id": 59, "admin_id": 77, "judul": "SKRINING LANSIA DI POSYANDU KELUARGA", "judul_seo": "skrining-lansia-di-posyandu-keluarga", "photo_id": 19458, "view_count": 0, "created_at": "2024-06-06T04:11:34.983Z", "updated_at": "2024-06-06T04:11:34.983Z"}}, {"condition": {"id": 649}, "defaults": {"site_id": 59, "admin_id": 77, "judul": "EDUKASI PERILAKU HIDUP BERSIH DAN SEHAT DI SEKOLAH", "judul_seo": "edukasi-perilaku-hidup-bersih-dan-sehat-di-sekolah", "photo_id": 19459, "view_count": 0, "created_at": "2024-06-06T04:13:48.518Z", "updated_at": "2024-06-06T04:13:48.518Z"}}]