[{"condition": {"id": 89}, "defaults": {"site_id": 50, "admin_id": 60, "judul": "SELAMAT DATANG DI WEBSITE PUSKESMAS SEKOTONG", "photo_id": 3091, "status": "published", "link": null, "created_at": "2022-07-22T02:03:17.532Z", "updated_at": "2022-07-22T02:03:17.532Z"}}, {"condition": {"id": 118}, "defaults": {"site_id": 50, "admin_id": 60, "judul": "Gedung Puskesmas", "photo_id": 5988, "status": "published", "link": null, "created_at": "2022-09-26T12:28:23.689Z", "updated_at": "2022-09-26T12:32:01.732Z"}}, {"condition": {"id": 159}, "defaults": {"site_id": 50, "admin_id": 60, "judul": "JANJI LAYANAN", "photo_id": 9954, "status": "published", "link": null, "created_at": "2023-05-23T03:36:26.635Z", "updated_at": "2023-05-23T03:36:26.635Z"}}, {"condition": {"id": 166}, "defaults": {"site_id": 50, "admin_id": 60, "judul": "Jadwal Pelayanan Saat Libur Nasional", "photo_id": 10325, "status": "published", "link": null, "created_at": "2023-05-31T09:57:58.685Z", "updated_at": "2023-05-31T09:57:58.685Z"}}, {"condition": {"id": 181}, "defaults": {"site_id": 50, "admin_id": 60, "judul": "SELAMAT HARI RAYA GALUNGAN DAN KUNINGAN", "photo_id": 12233, "status": "published", "link": null, "created_at": "2023-08-02T00:52:22.801Z", "updated_at": "2023-08-02T00:52:22.801Z"}}]