[{"condition": {"id": 99}, "defaults": {"site_id": 56, "admin_id": 74, "judul": "SELAMAT DATANG DI WEBSITE PUSKESMAS LINGSAR", "photo_id": 4029, "status": "published", "link": null, "created_at": "2022-08-09T09:32:54.153Z", "updated_at": "2023-06-21T05:30:00.138Z"}}, {"condition": {"id": 100}, "defaults": {"site_id": 56, "admin_id": 74, "judul": "VISI DAN MISI UPT PUSKESMAS LINGSAR", "photo_id": 4030, "status": "published", "link": null, "created_at": "2022-08-09T09:34:03.487Z", "updated_at": "2023-05-30T05:23:11.465Z"}}, {"condition": {"id": 106}, "defaults": {"site_id": 56, "admin_id": 74, "judul": "JADWAL PELAYANAN VAKSIN DI UPT PUSKESMAS LINGSAR", "photo_id": 4271, "status": "published", "link": null, "created_at": "2022-08-13T08:51:44.386Z", "updated_at": "2023-05-30T05:58:31.764Z"}}]