[{"condition": {"id": 260}, "defaults": {"site_id": 73, "admin_id": 103, "judul": "Test swab antigen covid-19 bagi peserta lomba Triathlon Sekotong Lombok Barat 2021 ", "judul_seo": "test-swab-antigen-covid-19-bagi-peserta-lomba-triathlon-sekotong-lombok-barat-2021", "photo_id": 2120, "view_count": 0, "created_at": "2022-06-21T10:27:44.928Z", "updated_at": "2022-06-21T10:27:44.928Z"}}, {"condition": {"id": 261}, "defaults": {"site_id": 73, "admin_id": 103, "judul": "Pertemuan Pemantapan Mutu Kualitas Pemeriksaan Sampel Air di Laboratorium Kesehatan", "judul_seo": "pertemuan-pemantapan-mutu-kualitas-pemeriksaan-sampel-air-di-laboratorium-kesehatan", "photo_id": 2121, "view_count": 0, "created_at": "2022-06-21T10:31:38.029Z", "updated_at": "2022-06-21T10:31:38.029Z"}}, {"condition": {"id": 262}, "defaults": {"site_id": 73, "admin_id": 103, "judul": "Swab Antigen Covid-19 untuk Tahanan di POLRES Lombok Barat", "judul_seo": "swab-antigen-covid-19-untuk-tahanan-di-polres-lombok-barat", "photo_id": 2122, "view_count": 0, "created_at": "2022-06-21T10:35:18.737Z", "updated_at": "2022-06-21T10:35:18.737Z"}}, {"condition": {"id": 263}, "defaults": {"site_id": 73, "admin_id": 103, "judul": "Swab Covid-19 untuk Tahanan POLRES Lombok Barat", "judul_seo": "swab-covid-19-untuk-tahanan-polres-lombok-barat", "photo_id": 2123, "view_count": 0, "created_at": "2022-06-21T10:37:29.687Z", "updated_at": "2022-06-21T10:37:29.687Z"}}, {"condition": {"id": 264}, "defaults": {"site_id": 73, "admin_id": 103, "judul": "Proses Pengambilan Swab Antigen Covid-19 terhadap Pasien", "judul_seo": "proses-pengambilan-swab-antigen-covid-19-terhadap-pasien", "photo_id": 2124, "view_count": 0, "created_at": "2022-06-21T10:40:34.376Z", "updated_at": "2022-06-21T10:40:34.376Z"}}, {"condition": {"id": 265}, "defaults": {"site_id": 73, "admin_id": 103, "judul": "Refreshing Pemeriksaan Covid-19 bagi seluruh Faskes dan Puskesmas Kabupaten Lombok Barat", "judul_seo": "refreshing-pemeriksaan-covid-19-bagi-seluruh-faskes-dan-puskesmas-kabupaten-lombok-barat", "photo_id": 2125, "view_count": 0, "created_at": "2022-06-21T10:45:11.598Z", "updated_at": "2022-06-21T10:45:11.598Z"}}, {"condition": {"id": 267}, "defaults": {"site_id": 73, "admin_id": 103, "judul": "UPT.Laboratorium Kesehatan Lombok Barat Siap memberikan pelayanan terbaik", "judul_seo": "uptlaboratorium-kesehatan-lombok-barat-siap-memberikan-pelayanan-terbaik", "photo_id": 2127, "view_count": 0, "created_at": "2022-06-21T10:52:00.765Z", "updated_at": "2022-06-21T10:52:00.765Z"}}, {"condition": {"id": 268}, "defaults": {"site_id": 73, "admin_id": 103, "judul": "Proses Kalibrasi Alat Kesehatan", "judul_seo": "proses-kalibrasi-alat-kesehatan", "photo_id": 2128, "view_count": 0, "created_at": "2022-06-21T11:01:12.979Z", "updated_at": "2022-06-21T11:01:12.979Z"}}, {"condition": {"id": 269}, "defaults": {"site_id": 73, "admin_id": 103, "judul": "Seluruh Staf UPT.Laboratorium Kesehatan telah mengikuti Vaksinasi lengkap", "judul_seo": "seluruh-staf-uptlaboratorium-kesehatan-telah-mengikuti-vaksinasi-lengkap", "photo_id": 2132, "view_count": 0, "created_at": "2022-06-21T11:17:10.177Z", "updated_at": "2022-06-21T11:17:10.177Z"}}, {"condition": {"id": 270}, "defaults": {"site_id": 73, "admin_id": 103, "judul": "Pengambilan Sampel Swab PCR Calon Jemaah Haji Lobar 2021", "judul_seo": "pengambilan-sampel-swab-pcr-calon-jemaah-haji-lobar-2021", "photo_id": 2140, "view_count": 0, "created_at": "2022-06-22T11:03:46.932Z", "updated_at": "2022-06-22T11:04:51.236Z"}}, {"condition": {"id": 272}, "defaults": {"site_id": 73, "admin_id": 103, "judul": "Pemeriksaan Kualitas Air Limbah IPAL UPT.Laboratorium Kesehatan Lombok Barat oleh Dinas Lingkungan Hidup", "judul_seo": "pemeriksaan-kualitas-air-limbah-ipal-uptlaboratorium-kesehatan-lombok-barat-oleh-dinas-lingkungan-hidup", "photo_id": 2160, "view_count": 0, "created_at": "2022-06-23T13:52:54.571Z", "updated_at": "2022-06-23T13:52:54.571Z"}}, {"condition": {"id": 273}, "defaults": {"site_id": 73, "admin_id": 103, "judul": "On Job Training (OJT) Bagi Staff UPT.Laboratorium Kesehatan Lombok Barat", "judul_seo": "on-job-training-ojt-bagi-staff-uptlaboratorium-kesehatan-lombok-barat", "photo_id": 2161, "view_count": 0, "created_at": "2022-06-23T13:56:49.948Z", "updated_at": "2022-06-23T13:56:49.948Z"}}]