[{"condition": {"id": 67}, "defaults": {"site_id": 44, "admin_id": 47, "judul": "jenis pelayanan", "judul_seo": "jenis-pelayanan", "photo_id": 681, "view_count": 0, "created_at": "2021-06-14T14:22:04.056Z", "updated_at": "2021-06-14T14:22:04.056Z"}}, {"condition": {"id": 68}, "defaults": {"site_id": 44, "admin_id": 47, "judul": "STANDAR PELAYANAN PERSALINAN NORMAL", "judul_seo": "standar-pelayanan-persalinan-normal", "photo_id": 682, "view_count": 0, "created_at": "2021-06-14T14:26:18.627Z", "updated_at": "2021-06-15T09:26:47.252Z"}}, {"condition": {"id": 69}, "defaults": {"site_id": 44, "admin_id": 47, "judul": "apotek", "judul_seo": "apotek", "photo_id": 686, "view_count": 0, "created_at": "2021-06-15T11:35:39.883Z", "updated_at": "2021-06-15T11:35:39.883Z"}}, {"condition": {"id": 70}, "defaults": {"site_id": 44, "admin_id": 47, "judul": "laboratorium", "judul_seo": "laboratorium", "photo_id": 688, "view_count": 0, "created_at": "2021-06-15T11:36:44.080Z", "updated_at": "2021-06-15T11:37:10.930Z"}}, {"condition": {"id": 71}, "defaults": {"site_id": 44, "admin_id": 47, "judul": "poli umum", "judul_seo": "poli-umum", "photo_id": 774, "view_count": 0, "created_at": "2021-06-15T11:37:59.754Z", "updated_at": "2021-06-16T10:08:40.901Z"}}, {"condition": {"id": 72}, "defaults": {"site_id": 44, "admin_id": 47, "judul": "gizi", "judul_seo": "gizi", "photo_id": 690, "view_count": 0, "created_at": "2021-06-15T11:39:13.695Z", "updated_at": "2021-06-15T11:39:13.695Z"}}, {"condition": {"id": 74}, "defaults": {"site_id": 44, "admin_id": 47, "judul": "KIA", "judul_seo": "kia", "photo_id": 692, "view_count": 0, "created_at": "2021-06-15T11:42:07.172Z", "updated_at": "2021-06-15T11:42:07.172Z"}}, {"condition": {"id": 75}, "defaults": {"site_id": 44, "admin_id": 47, "judul": "RAWAT INAP", "judul_seo": "rawat-inap", "photo_id": 693, "view_count": 0, "created_at": "2021-06-15T11:43:06.232Z", "updated_at": "2021-06-15T11:43:06.233Z"}}, {"condition": {"id": 76}, "defaults": {"site_id": 44, "admin_id": 47, "judul": "POLI ANAK", "judul_seo": "poli-anak", "photo_id": 816, "view_count": 0, "created_at": "2021-06-15T11:44:19.002Z", "updated_at": "2021-06-16T12:24:23.990Z"}}, {"condition": {"id": 77}, "defaults": {"site_id": 44, "admin_id": 47, "judul": "POLI GIGI", "judul_seo": "poli-gigi", "photo_id": 697, "view_count": 0, "created_at": "2021-06-15T11:46:35.747Z", "updated_at": "2021-06-15T11:46:35.747Z"}}, {"condition": {"id": 78}, "defaults": {"site_id": 44, "admin_id": 47, "judul": "MAKLUMAT PELYANAN", "judul_seo": "maklumat-pelyanan", "photo_id": 710, "view_count": 0, "created_at": "2021-06-15T12:05:35.665Z", "updated_at": "2021-06-15T12:12:46.429Z"}}, {"condition": {"id": 79}, "defaults": {"site_id": 44, "admin_id": 47, "judul": "VISI MISI DAN MOTTO", "judul_seo": "visi-misi-dan-motto", "photo_id": 711, "view_count": 0, "created_at": "2021-06-15T12:11:31.769Z", "updated_at": "2021-06-15T12:13:15.876Z"}}, {"condition": {"id": 80}, "defaults": {"site_id": 44, "admin_id": 47, "judul": "PELAYANAN KHUSUS", "judul_seo": "pelayanan-khusus-1", "photo_id": 715, "view_count": 0, "created_at": "2021-06-15T12:19:20.197Z", "updated_at": "2021-06-15T12:19:20.197Z"}}, {"condition": {"id": 81}, "defaults": {"site_id": 44, "admin_id": 47, "judul": "RUANG TUNGGU ANAK", "judul_seo": "ruang-tunggu-anak", "photo_id": 716, "view_count": 0, "created_at": "2021-06-15T12:20:26.332Z", "updated_at": "2021-06-15T12:20:26.332Z"}}, {"condition": {"id": 82}, "defaults": {"site_id": 44, "admin_id": 47, "judul": "TOILET KHUSUS", "judul_seo": "toilet-khusus", "photo_id": 717, "view_count": 0, "created_at": "2021-06-15T12:21:22.444Z", "updated_at": "2021-06-15T12:21:22.444Z"}}, {"condition": {"id": 83}, "defaults": {"site_id": 44, "admin_id": 47, "judul": "POLI TB", "judul_seo": "poli-tb", "photo_id": 718, "view_count": 0, "created_at": "2021-06-15T12:22:06.651Z", "updated_at": "2021-06-15T12:22:06.651Z"}}, {"condition": {"id": 84}, "defaults": {"site_id": 44, "admin_id": 47, "judul": "RUANG MENYUSUI", "judul_seo": "ruang-menyusui", "photo_id": 719, "view_count": 0, "created_at": "2021-06-15T12:22:58.830Z", "updated_at": "2021-06-15T12:22:58.830Z"}}, {"condition": {"id": 85}, "defaults": {"site_id": 44, "admin_id": 47, "judul": "RUANG VAKSIN", "judul_seo": "ruang-vaksin", "photo_id": 721, "view_count": 0, "created_at": "2021-06-15T12:24:19.067Z", "updated_at": "2021-06-15T12:24:19.067Z"}}, {"condition": {"id": 87}, "defaults": {"site_id": 44, "admin_id": 47, "judul": "KURSI RODA", "judul_seo": "kursi-roda", "photo_id": 725, "view_count": 0, "created_at": "2021-06-15T12:46:20.841Z", "updated_at": "2021-06-15T12:46:20.841Z"}}, {"condition": {"id": 88}, "defaults": {"site_id": 44, "admin_id": 47, "judul": "KOTAK SARAN", "judul_seo": "kotak-saran", "photo_id": 726, "view_count": 0, "created_at": "2021-06-15T12:57:02.068Z", "updated_at": "2021-06-15T12:59:28.621Z"}}, {"condition": {"id": 90}, "defaults": {"site_id": 44, "admin_id": 47, "judul": "tim pengaduan", "judul_seo": "tim-pengaduan", "photo_id": 731, "view_count": 0, "created_at": "2021-06-15T13:56:59.968Z", "updated_at": "2021-06-15T13:56:59.968Z"}}, {"condition": {"id": 93}, "defaults": {"site_id": 44, "admin_id": 47, "judul": "KEPALA UPT PUSKESMAS NARMADA", "judul_seo": "kepala-upt-puskesmas-narmada", "photo_id": 752, "view_count": 0, "created_at": "2021-06-16T08:51:04.244Z", "updated_at": "2021-06-16T08:51:04.244Z"}}, {"condition": {"id": 94}, "defaults": {"site_id": 44, "admin_id": 47, "judul": "sk pengaduan 1", "judul_seo": "sk-pengaduan-1", "photo_id": 753, "view_count": 0, "created_at": "2021-06-16T09:07:06.328Z", "updated_at": "2021-06-16T09:07:06.328Z"}}, {"condition": {"id": 95}, "defaults": {"site_id": 44, "admin_id": 47, "judul": "sk pengaduan 2", "judul_seo": "sk-pengaduan-2", "photo_id": 754, "view_count": 0, "created_at": "2021-06-16T09:09:15.179Z", "updated_at": "2021-06-16T09:09:15.179Z"}}, {"condition": {"id": 96}, "defaults": {"site_id": 44, "admin_id": 47, "judul": "sk pengaudan 3", "judul_seo": "sk-pengaudan-3", "photo_id": 755, "view_count": 0, "created_at": "2021-06-16T09:10:02.778Z", "updated_at": "2021-06-16T09:10:02.778Z"}}, {"condition": {"id": 97}, "defaults": {"site_id": 44, "admin_id": 47, "judul": "tempat cuci tangan", "judul_seo": "tempat-cuci-tangan", "photo_id": 757, "view_count": 0, "created_at": "2021-06-16T09:26:10.675Z", "updated_at": "2021-06-16T09:26:10.675Z"}}, {"condition": {"id": 98}, "defaults": {"site_id": 44, "admin_id": 47, "judul": "IPAL", "judul_seo": "ipal", "photo_id": 758, "view_count": 0, "created_at": "2021-06-16T09:29:32.123Z", "updated_at": "2021-06-16T09:29:32.123Z"}}, {"condition": {"id": 99}, "defaults": {"site_id": 44, "admin_id": 47, "judul": "TPS MEDIS", "judul_seo": "tps-medis", "photo_id": 759, "view_count": 0, "created_at": "2021-06-16T09:31:05.556Z", "updated_at": "2021-06-16T09:31:05.556Z"}}, {"condition": {"id": 100}, "defaults": {"site_id": 44, "admin_id": 47, "judul": "UGD TAMPAK LUAR", "judul_seo": "ugd-tampak-luar", "photo_id": 760, "view_count": 0, "created_at": "2021-06-16T09:31:59.616Z", "updated_at": "2021-06-16T09:31:59.616Z"}}, {"condition": {"id": 101}, "defaults": {"site_id": 44, "admin_id": 47, "judul": "TEMPAT PARKIR", "judul_seo": "tempat-parkir", "photo_id": 761, "view_count": 0, "created_at": "2021-06-16T09:34:29.091Z", "updated_at": "2021-06-16T09:34:29.091Z"}}, {"condition": {"id": 102}, "defaults": {"site_id": 44, "admin_id": 47, "judul": "MUSSOLA", "judul_seo": "mussola", "photo_id": 762, "view_count": 0, "created_at": "2021-06-16T09:36:30.061Z", "updated_at": "2021-06-16T09:36:30.061Z"}}, {"condition": {"id": 103}, "defaults": {"site_id": 44, "admin_id": 47, "judul": "genset", "judul_seo": "genset", "photo_id": 764, "view_count": 0, "created_at": "2021-06-16T09:46:01.009Z", "updated_at": "2021-06-16T09:46:01.009Z"}}, {"condition": {"id": 105}, "defaults": {"site_id": 44, "admin_id": 47, "judul": "berugak", "judul_seo": "berugak", "photo_id": 765, "view_count": 0, "created_at": "2021-06-16T09:49:33.383Z", "updated_at": "2021-06-16T09:49:33.383Z"}}, {"condition": {"id": 106}, "defaults": {"site_id": 44, "admin_id": 47, "judul": "poned tampak luar", "judul_seo": "poned-tampak-luar", "photo_id": 766, "view_count": 0, "created_at": "2021-06-16T09:51:29.384Z", "updated_at": "2021-06-16T09:51:29.384Z"}}, {"condition": {"id": 107}, "defaults": {"site_id": 44, "admin_id": 47, "judul": "rumah dinas", "judul_seo": "rumah-dinas", "photo_id": 767, "view_count": 0, "created_at": "2021-06-16T09:52:38.425Z", "updated_at": "2021-06-16T09:52:38.425Z"}}, {"condition": {"id": 108}, "defaults": {"site_id": 44, "admin_id": 47, "judul": "tps rumah tangga", "judul_seo": "tps-rumah-tangga", "photo_id": 768, "view_count": 0, "created_at": "2021-06-16T09:55:50.789Z", "updated_at": "2021-06-16T09:55:50.789Z"}}, {"condition": {"id": 109}, "defaults": {"site_id": 44, "admin_id": 47, "judul": "tempat turun pasien", "judul_seo": "tempat-turun-pasien", "photo_id": 769, "view_count": 0, "created_at": "2021-06-16T10:04:18.804Z", "updated_at": "2021-06-16T10:04:18.804Z"}}, {"condition": {"id": 110}, "defaults": {"site_id": 44, "admin_id": 47, "judul": "pos satpam", "judul_seo": "pos-satpam", "photo_id": 770, "view_count": 0, "created_at": "2021-06-16T10:05:16.793Z", "updated_at": "2021-06-16T10:05:16.793Z"}}, {"condition": {"id": 111}, "defaults": {"site_id": 44, "admin_id": 47, "judul": "lapangan upacara", "judul_seo": "lapangan-upacara", "photo_id": 824, "view_count": 0, "created_at": "2021-06-16T10:06:03.296Z", "updated_at": "2021-06-16T12:57:42.266Z"}}, {"condition": {"id": 112}, "defaults": {"site_id": 44, "admin_id": 47, "judul": "pintu masuk rj", "judul_seo": "pintu-masuk-rj", "photo_id": 772, "view_count": 0, "created_at": "2021-06-16T10:07:06.608Z", "updated_at": "2021-06-16T10:07:06.608Z"}}, {"condition": {"id": 114}, "defaults": {"site_id": 44, "admin_id": 47, "judul": "trian", "judul_seo": "trian", "photo_id": 775, "view_count": 0, "created_at": "2021-06-16T10:18:48.666Z", "updated_at": "2021-06-16T10:18:48.666Z"}}, {"condition": {"id": 115}, "defaults": {"site_id": 44, "admin_id": 47, "judul": "loket", "judul_seo": "loket", "photo_id": 777, "view_count": 0, "created_at": "2021-06-16T10:23:57.791Z", "updated_at": "2021-06-16T10:27:45.855Z"}}, {"condition": {"id": 116}, "defaults": {"site_id": 44, "admin_id": 47, "judul": "poli anak 2", "judul_seo": "poli-anak-2", "photo_id": 778, "view_count": 0, "created_at": "2021-06-16T10:35:33.848Z", "updated_at": "2021-06-16T10:35:33.848Z"}}, {"condition": {"id": 117}, "defaults": {"site_id": 44, "admin_id": 47, "judul": "poli umum 2", "judul_seo": "poli-umum-2", "photo_id": 779, "view_count": 0, "created_at": "2021-06-16T10:36:19.812Z", "updated_at": "2021-06-16T10:36:19.812Z"}}, {"condition": {"id": 118}, "defaults": {"site_id": 44, "admin_id": 47, "judul": "poli gigi 1", "judul_seo": "poli-gigi-1", "photo_id": 780, "view_count": 0, "created_at": "2021-06-16T10:37:35.771Z", "updated_at": "2021-06-16T10:37:35.771Z"}}, {"condition": {"id": 119}, "defaults": {"site_id": 44, "admin_id": 47, "judul": "poli gigi 2", "judul_seo": "poli-gigi-2", "photo_id": 781, "view_count": 0, "created_at": "2021-06-16T10:38:26.109Z", "updated_at": "2021-06-16T10:38:26.109Z"}}, {"condition": {"id": 120}, "defaults": {"site_id": 44, "admin_id": 47, "judul": "poli kia 1", "judul_seo": "poli-kia-1", "photo_id": 782, "view_count": 0, "created_at": "2021-06-16T10:38:59.081Z", "updated_at": "2021-06-16T10:38:59.081Z"}}, {"condition": {"id": 121}, "defaults": {"site_id": 44, "admin_id": 47, "judul": "poli kia  2", "judul_seo": "poli-kia-2", "photo_id": 783, "view_count": 0, "created_at": "2021-06-16T10:39:51.051Z", "updated_at": "2021-06-16T10:39:51.051Z"}}, {"condition": {"id": 122}, "defaults": {"site_id": 44, "admin_id": 47, "judul": "lab 1", "judul_seo": "lab-1", "photo_id": 784, "view_count": 0, "created_at": "2021-06-16T10:40:22.942Z", "updated_at": "2021-06-16T10:40:22.942Z"}}, {"condition": {"id": 123}, "defaults": {"site_id": 44, "admin_id": 47, "judul": "lab 2", "judul_seo": "lab-2", "photo_id": 785, "view_count": 0, "created_at": "2021-06-16T10:41:03.064Z", "updated_at": "2021-06-16T10:41:03.064Z"}}, {"condition": {"id": 124}, "defaults": {"site_id": 44, "admin_id": 47, "judul": "poned dalam", "judul_seo": "poned-dalam", "photo_id": 786, "view_count": 0, "created_at": "2021-06-16T10:42:02.002Z", "updated_at": "2021-06-16T10:42:02.002Z"}}, {"condition": {"id": 125}, "defaults": {"site_id": 44, "admin_id": 47, "judul": "bersalin", "judul_seo": "bersalin", "photo_id": 788, "view_count": 0, "created_at": "2021-06-16T10:42:52.819Z", "updated_at": "2021-06-16T10:43:37.193Z"}}, {"condition": {"id": 126}, "defaults": {"site_id": 44, "admin_id": 47, "judul": "ambulan", "judul_seo": "ambulan", "photo_id": 789, "view_count": 0, "created_at": "2021-06-16T10:44:11.637Z", "updated_at": "2021-06-16T10:44:11.637Z"}}, {"condition": {"id": 127}, "defaults": {"site_id": 44, "admin_id": 47, "judul": "apotik", "judul_seo": "apotik", "photo_id": 790, "view_count": 0, "created_at": "2021-06-16T10:44:44.379Z", "updated_at": "2021-06-16T10:44:44.379Z"}}, {"condition": {"id": 128}, "defaults": {"site_id": 44, "admin_id": 47, "judul": "nifas", "judul_seo": "nifas", "photo_id": 791, "view_count": 0, "created_at": "2021-06-16T10:45:23.829Z", "updated_at": "2021-06-16T10:45:23.829Z"}}, {"condition": {"id": 129}, "defaults": {"site_id": 44, "admin_id": 47, "judul": "gudang obat", "judul_seo": "gudang-obat", "photo_id": 792, "view_count": 0, "created_at": "2021-06-16T10:46:03.835Z", "updated_at": "2021-06-16T10:46:03.835Z"}}, {"condition": {"id": 130}, "defaults": {"site_id": 44, "admin_id": 47, "judul": "ruang tunggu bersalin", "judul_seo": "ruang-tunggu-bersalin", "photo_id": 793, "view_count": 0, "created_at": "2021-06-16T10:47:23.394Z", "updated_at": "2021-06-16T10:47:23.394Z"}}, {"condition": {"id": 131}, "defaults": {"site_id": 44, "admin_id": 47, "judul": "ruang staff", "judul_seo": "ruang-staff", "photo_id": 794, "view_count": 0, "created_at": "2021-06-16T10:48:06.404Z", "updated_at": "2021-06-16T10:48:06.404Z"}}, {"condition": {"id": 132}, "defaults": {"site_id": 44, "admin_id": 47, "judul": "ruang pemimpin", "judul_seo": "ruang-pemimpin", "photo_id": 795, "view_count": 0, "created_at": "2021-06-16T10:49:05.702Z", "updated_at": "2021-06-16T10:49:05.702Z"}}, {"condition": {"id": 133}, "defaults": {"site_id": 44, "admin_id": 47, "judul": "ruang penyajian", "judul_seo": "ruang-penyajian", "photo_id": 796, "view_count": 0, "created_at": "2021-06-16T10:49:50.575Z", "updated_at": "2021-06-16T10:49:50.575Z"}}, {"condition": {"id": 134}, "defaults": {"site_id": 44, "admin_id": 47, "judul": "KTU", "judul_seo": "ktu", "photo_id": 797, "view_count": 0, "created_at": "2021-06-16T10:50:50.083Z", "updated_at": "2021-06-16T10:50:50.083Z"}}, {"condition": {"id": 135}, "defaults": {"site_id": 44, "admin_id": 47, "judul": "Aula", "judul_seo": "aula", "photo_id": 798, "view_count": 0, "created_at": "2021-06-16T10:51:24.373Z", "updated_at": "2021-06-16T10:51:24.373Z"}}, {"condition": {"id": 136}, "defaults": {"site_id": 44, "admin_id": 47, "judul": "taman", "judul_seo": "taman", "photo_id": 799, "view_count": 0, "created_at": "2021-06-16T10:52:18.593Z", "updated_at": "2021-06-16T10:52:18.593Z"}}, {"condition": {"id": 137}, "defaults": {"site_id": 44, "admin_id": 47, "judul": "taman 2", "judul_seo": "taman-2", "photo_id": 800, "view_count": 0, "created_at": "2021-06-16T10:52:44.258Z", "updated_at": "2021-06-16T10:52:44.258Z"}}, {"condition": {"id": 138}, "defaults": {"site_id": 44, "admin_id": 47, "judul": "AKREDITASI FKTP", "judul_seo": "akreditasi-fktp", "photo_id": 808, "view_count": 0, "created_at": "2021-06-16T11:58:00.877Z", "updated_at": "2021-06-16T11:58:00.877Z"}}, {"condition": {"id": 139}, "defaults": {"site_id": 44, "admin_id": 47, "judul": "FKTP UNGGULAN BPJS", "judul_seo": "fktp-unggulan-bpjs", "photo_id": 809, "view_count": 0, "created_at": "2021-06-16T11:59:07.209Z", "updated_at": "2021-06-16T11:59:07.209Z"}}, {"condition": {"id": 140}, "defaults": {"site_id": 44, "admin_id": 47, "judul": "FKTP NTB", "judul_seo": "fktp-ntb", "photo_id": 810, "view_count": 0, "created_at": "2021-06-16T12:00:31.364Z", "updated_at": "2021-06-16T12:00:31.364Z"}}, {"condition": {"id": 141}, "defaults": {"site_id": 44, "admin_id": 47, "judul": "LOMBA PELAYANAN KB", "judul_seo": "lomba-pelayanan-kb", "photo_id": 812, "view_count": 0, "created_at": "2021-06-16T12:01:24.619Z", "updated_at": "2021-06-16T12:01:24.619Z"}}, {"condition": {"id": 142}, "defaults": {"site_id": 44, "admin_id": 47, "judul": "LOMBA KADER", "judul_seo": "lomba-kader", "photo_id": 813, "view_count": 0, "created_at": "2021-06-16T12:02:17.780Z", "updated_at": "2021-06-16T12:02:17.780Z"}}, {"condition": {"id": 143}, "defaults": {"site_id": 44, "admin_id": 47, "judul": "https://www.youtube.com/channel/UCymO34M-hi-s1YMqz6An1HAOLI ANAK", "judul_seo": "httpswwwyoutubecomchannelucymo34m-hi-s1ymqz6an1haoli-anak", "photo_id": 817, "view_count": 0, "created_at": "2021-06-16T12:26:05.192Z", "updated_at": "2021-06-16T12:26:05.192Z"}}, {"condition": {"id": 144}, "defaults": {"site_id": 44, "admin_id": 47, "judul": "RAWAT INAP ", "judul_seo": "rawat-inap-1", "photo_id": 818, "view_count": 0, "created_at": "2021-06-16T12:26:57.638Z", "updated_at": "2021-06-16T12:26:57.638Z"}}, {"condition": {"id": 145}, "defaults": {"site_id": 44, "admin_id": 47, "judul": "RAWAT INAP 2", "judul_seo": "rawat-inap-2", "photo_id": 819, "view_count": 0, "created_at": "2021-06-16T12:27:39.418Z", "updated_at": "2021-06-16T12:27:39.418Z"}}, {"condition": {"id": 146}, "defaults": {"site_id": 44, "admin_id": 47, "judul": "UGD 2", "judul_seo": "ugd-2", "photo_id": 820, "view_count": 0, "created_at": "2021-06-16T12:28:07.976Z", "updated_at": "2021-06-16T12:28:07.976Z"}}, {"condition": {"id": 147}, "defaults": {"site_id": 44, "admin_id": 47, "judul": "UGD 3", "judul_seo": "ugd-3", "photo_id": 821, "view_count": 0, "created_at": "2021-06-16T12:28:42.026Z", "updated_at": "2021-06-16T12:28:42.026Z"}}, {"condition": {"id": 148}, "defaults": {"site_id": 44, "admin_id": 47, "judul": "KASIR", "judul_seo": "kasir", "photo_id": 822, "view_count": 0, "created_at": "2021-06-16T12:52:36.073Z", "updated_at": "2021-06-16T12:52:36.073Z"}}, {"condition": {"id": 149}, "defaults": {"site_id": 44, "admin_id": 47, "judul": "POLI LANSIA", "judul_seo": "poli-lansia", "photo_id": 823, "view_count": 0, "created_at": "2021-06-16T12:56:13.003Z", "updated_at": "2021-06-16T12:56:13.003Z"}}, {"condition": {"id": 150}, "defaults": {"site_id": 44, "admin_id": 47, "judul": "RUANG TATA USAHA 1", "judul_seo": "ruang-tata-usaha-1", "photo_id": 827, "view_count": 0, "created_at": "2021-06-16T13:39:58.999Z", "updated_at": "2021-06-16T13:39:58.999Z"}}, {"condition": {"id": 151}, "defaults": {"site_id": 44, "admin_id": 47, "judul": "TATA USAHA 2", "judul_seo": "tata-usaha-2", "photo_id": 828, "view_count": 0, "created_at": "2021-06-16T13:40:58.269Z", "updated_at": "2021-06-16T13:40:58.269Z"}}, {"condition": {"id": 152}, "defaults": {"site_id": 44, "admin_id": 47, "judul": "RUANG PIMPINAN", "judul_seo": "ruang-pimpinan", "photo_id": 829, "view_count": 0, "created_at": "2021-06-16T13:42:32.582Z", "updated_at": "2021-06-16T13:42:32.582Z"}}, {"condition": {"id": 153}, "defaults": {"site_id": 44, "admin_id": 47, "judul": "RUANG KTU DALAM", "judul_seo": "ruang-ktu-dalam", "photo_id": 830, "view_count": 0, "created_at": "2021-06-16T13:43:51.185Z", "updated_at": "2021-06-16T13:43:51.185Z"}}, {"condition": {"id": 154}, "defaults": {"site_id": 44, "admin_id": 47, "judul": "RUANG GIZI DAN IMUNISASI", "judul_seo": "ruang-gizi-dan-imunisasi", "photo_id": 831, "view_count": 0, "created_at": "2021-06-16T13:44:48.325Z", "updated_at": "2021-06-16T13:44:48.325Z"}}, {"condition": {"id": 155}, "defaults": {"site_id": 44, "admin_id": 47, "judul": "RUANG GIZI", "judul_seo": "ruang-gizi", "photo_id": 832, "view_count": 0, "created_at": "2021-06-16T13:45:56.268Z", "updated_at": "2021-06-16T13:45:56.268Z"}}, {"condition": {"id": 156}, "defaults": {"site_id": 44, "admin_id": 47, "judul": "RUANG IMUNISASI ", "judul_seo": "ruang-imunisasi", "photo_id": 833, "view_count": 0, "created_at": "2021-06-16T13:47:00.184Z", "updated_at": "2021-06-16T13:47:00.184Z"}}, {"condition": {"id": 157}, "defaults": {"site_id": 44, "admin_id": 47, "judul": "ruang konseling", "judul_seo": "ruang-konseling", "photo_id": 851, "view_count": 0, "created_at": "2021-06-17T10:43:19.778Z", "updated_at": "2021-06-17T10:43:19.778Z"}}, {"condition": {"id": 158}, "defaults": {"site_id": 44, "admin_id": 47, "judul": "konseling", "judul_seo": "konseling", "photo_id": 852, "view_count": 0, "created_at": "2021-06-17T10:44:37.367Z", "updated_at": "2021-06-17T10:44:37.368Z"}}, {"condition": {"id": 159}, "defaults": {"site_id": 44, "admin_id": 47, "judul": "kode red", "judul_seo": "kode-red", "photo_id": 853, "view_count": 0, "created_at": "2021-06-17T10:45:34.411Z", "updated_at": "2021-06-17T10:45:34.411Z"}}, {"condition": {"id": 160}, "defaults": {"site_id": 44, "admin_id": 47, "judul": "apar", "judul_seo": "apar", "photo_id": 854, "view_count": 0, "created_at": "2021-06-17T10:46:15.127Z", "updated_at": "2021-06-17T10:46:15.127Z"}}, {"condition": {"id": 162}, "defaults": {"site_id": 44, "admin_id": 47, "judul": "pasien khusus", "judul_seo": "pasien-khusus", "photo_id": 856, "view_count": 0, "created_at": "2021-06-17T10:53:20.099Z", "updated_at": "2021-06-17T10:53:20.099Z"}}, {"condition": {"id": 163}, "defaults": {"site_id": 44, "admin_id": 47, "judul": "pasien khusus 2", "judul_seo": "pasien-khusus-2", "photo_id": 858, "view_count": 0, "created_at": "2021-06-17T10:54:09.054Z", "updated_at": "2021-06-17T10:54:09.054Z"}}, {"condition": {"id": 164}, "defaults": {"site_id": 44, "admin_id": 47, "judul": "atribut", "judul_seo": "atribut", "photo_id": 859, "view_count": 0, "created_at": "2021-06-17T10:54:37.737Z", "updated_at": "2021-06-17T10:54:37.737Z"}}, {"condition": {"id": 165}, "defaults": {"site_id": 44, "admin_id": 47, "judul": "berugak 2", "judul_seo": "berugak-2", "photo_id": 860, "view_count": 0, "created_at": "2021-06-17T10:55:11.253Z", "updated_at": "2021-06-17T10:55:11.253Z"}}, {"condition": {"id": 166}, "defaults": {"site_id": 44, "admin_id": 47, "judul": "PELAYANAN TERPADU", "judul_seo": "pelayanan-terpadu-1", "photo_id": 861, "view_count": 0, "created_at": "2021-06-17T11:14:06.374Z", "updated_at": "2021-06-17T11:14:06.374Z"}}, {"condition": {"id": 167}, "defaults": {"site_id": 44, "admin_id": 47, "judul": "Aula 2", "judul_seo": "aula-2", "photo_id": 862, "view_count": 0, "created_at": "2021-06-17T11:25:25.605Z", "updated_at": "2021-06-17T11:25:25.605Z"}}, {"condition": {"id": 168}, "defaults": {"site_id": 44, "admin_id": 47, "judul": "struktur", "judul_seo": "struktur", "photo_id": 865, "view_count": 0, "created_at": "2021-06-17T11:46:58.559Z", "updated_at": "2021-06-17T11:46:58.559Z"}}, {"condition": {"id": 169}, "defaults": {"site_id": 44, "admin_id": 47, "judul": "piala", "judul_seo": "piala", "photo_id": 866, "view_count": 0, "created_at": "2021-06-17T11:48:23.527Z", "updated_at": "2021-06-17T11:48:23.527Z"}}, {"condition": {"id": 170}, "defaults": {"site_id": 44, "admin_id": 47, "judul": "titik kumpul", "judul_seo": "titik-kumpul", "photo_id": 867, "view_count": 0, "created_at": "2021-06-17T11:49:09.921Z", "updated_at": "2021-06-17T11:49:09.921Z"}}, {"condition": {"id": 172}, "defaults": {"site_id": 44, "admin_id": 47, "judul": "alarm", "judul_seo": "alarm", "photo_id": 869, "view_count": 0, "created_at": "2021-06-17T11:52:15.117Z", "updated_at": "2021-06-17T11:52:15.117Z"}}, {"condition": {"id": 173}, "defaults": {"site_id": 44, "admin_id": 47, "judul": "jaringan internet", "judul_seo": "jaringan-internet", "photo_id": 876, "view_count": 0, "created_at": "2021-06-17T12:25:33.744Z", "updated_at": "2021-06-17T12:25:33.744Z"}}, {"condition": {"id": 174}, "defaults": {"site_id": 44, "admin_id": 47, "judul": "pkp 2019", "judul_seo": "pkp-2019", "photo_id": 878, "view_count": 0, "created_at": "2021-06-17T13:48:55.188Z", "updated_at": "2021-06-17T13:58:47.048Z"}}, {"condition": {"id": 175}, "defaults": {"site_id": 44, "admin_id": 47, "judul": "pkp 2020", "judul_seo": "pkp-2020", "photo_id": 879, "view_count": 0, "created_at": "2021-06-17T13:49:43.672Z", "updated_at": "2021-06-17T13:59:13.154Z"}}, {"condition": {"id": 176}, "defaults": {"site_id": 44, "admin_id": 47, "judul": "tabel morgan", "judul_seo": "tabel-morgan", "photo_id": 880, "view_count": 0, "created_at": "2021-06-17T13:50:43.800Z", "updated_at": "2021-06-17T13:58:22.634Z"}}, {"condition": {"id": 177}, "defaults": {"site_id": 44, "admin_id": 47, "judul": "perhitungan sampel", "judul_seo": "perhitungan-sampel", "photo_id": 881, "view_count": 0, "created_at": "2021-06-17T13:51:22.029Z", "updated_at": "2021-06-17T13:58:03.577Z"}}]