[{"condition": {"id": 17}, "defaults": {"site_id": 47, "admin_id": 51, "judul": "Video Profil RSUD Awet Muda Narmada", "view_count": 0, "embed": "<iframe width=\"759\" height=\"427\" src=\"https://www.youtube.com/embed/z73Gs0yqosM\" title=\"YouTube video player\" frameborder=\"0\" allow=\"accelerometer; autoplay; clipboard-write; encrypted-media; gyroscope; picture-in-picture\" allowfullscreen></iframe>", "embed_video": "https://www.youtube.com/embed/z73Gs0yqosM", "created_at": "2021-06-08T08:46:32.093Z", "updated_at": "2022-02-25T08:48:47.162Z"}}, {"condition": {"id": 18}, "defaults": {"site_id": 47, "admin_id": 51, "judul": "Vaksinasi Covid-19", "view_count": 0, "embed": "<iframe width=\"759\" height=\"427\" src=\"https://www.youtube.com/embed/oCC10QUtQGE\" title=\"YouTube video player\" frameborder=\"0\" allow=\"accelerometer; autoplay; clipboard-write; encrypted-media; gyroscope; picture-in-picture\" allowfullscreen></iframe>", "embed_video": "https://www.youtube.com/embed/oCC10QUtQGE", "created_at": "2021-06-08T08:50:59.507Z", "updated_at": "2022-02-25T08:48:47.179Z"}}, {"condition": {"id": 57}, "defaults": {"site_id": 47, "admin_id": 51, "judul": "YEL-YEL ZONA INTEGRITAS RSUD AWET MUDA NARMADA", "view_count": 0, "embed": "<iframe width=\"759\" height=\"427\" \r\n        src=\"https://www.youtube.com/embed/N-EGhigVWMo\" \r\n        title=\"YouTube video player\" \r\n        frameborder=\"0\" \r\n        allow=\"accelerometer; autoplay; clipboard-write; encrypted-media; gyroscope; picture-in-picture\" \r\n        allowfullscreen></iframe>", "embed_video": "https://www.youtube.com/embed/N-EGhigVWMo", "created_at": "2021-06-18T18:51:23.214Z", "updated_at": "2022-02-25T08:48:47.702Z"}}, {"condition": {"id": 72}, "defaults": {"site_id": 47, "admin_id": 51, "judul": "Etika Batuk dan Bersin Yang Benar Menurut WHO - RSUD Awet Muda Narmada", "view_count": 0, "embed": "<iframe width=\"560\" height=\"315\" src=\"https://www.youtube.com/embed/al8NWVM6z48\" title=\"YouTube video player\" frameborder=\"0\" allow=\"accelerometer; autoplay; clipboard-write; encrypted-media; gyroscope; picture-in-picture\" allowfullscreen></iframe>", "embed_video": "https://www.youtube.com/embed/al8NWVM6z48", "created_at": "2021-08-19T12:03:26.438Z", "updated_at": "2022-02-25T08:48:47.966Z"}}, {"condition": {"id": 95}, "defaults": {"site_id": 47, "admin_id": 51, "judul": "PROFIL RSUD AWET MUDA NARMADA", "view_count": 0, "embed": "<iframe width=\"560\" height=\"315\" src=\"https://www.youtube.com/embed/7a5xn5S-a3w\" title=\"YouTube video player\" frameborder=\"0\" allow=\"accelerometer; autoplay; clipboard-write; encrypted-media; gyroscope; picture-in-picture\" allowfullscreen></iframe>", "embed_video": "https://www.youtube.com/embed/7a5xn5S-a3w", "created_at": "2021-11-06T11:31:26.149Z", "updated_at": "2022-02-25T08:48:48.315Z"}}]