[{"condition": {"id": 63}, "defaults": {"site_id": 57, "admin_id": 75, "judul": "HARI CUCI TANGAN PAKAI SABUN SEDUNIA", "view_count": 0, "embed": "<p><iframe frameborder=\"0\" height=\"427\" src=\"https://www.youtube.com/embed/fGh6YIMrqRs\" title=\"YouTube video player\" width=\"759\"></iframe></p>\r\n\r\n<p><iframe frameborder=\"0\" height=\"427\" src=\"https://www.youtube.com/embed/_P7FX8rhXk4\" title=\"YouTube video player\" width=\"759\"></iframe></p>\r\n\r\n<p>https://youtu.be/YTdJJDHQjfU</p>", "embed_video": "https://www.youtube.com/embed/fGh6YIMrqRs", "created_at": "2021-07-13T10:22:51.910Z", "updated_at": "2022-06-30T09:39:10.529Z"}}, {"condition": {"id": 64}, "defaults": {"site_id": 57, "admin_id": 75, "judul": "PERESMIAN POSYANDU KELUARGA DESA LEMBAH SARI TAHUN 2021", "view_count": 0, "embed": "<iframe width=\"759\" height=\"427\" src=\"https://www.youtube.com/embed/3kT1rhnz3cA\" title=\"YouTube video player\" frameborder=\"0\" allow=\"accelerometer; autoplay; clipboard-write; encrypted-media; gyroscope; picture-in-picture\" allowfullscreen></iframe>", "embed_video": "https://www.youtube.com/embed/3kT1rhnz3cA", "created_at": "2021-07-14T12:01:28.795Z", "updated_at": "2022-02-25T08:48:47.839Z"}}, {"condition": {"id": 65}, "defaults": {"site_id": 57, "admin_id": 75, "judul": "PERINGATAN HARI LANJUT USIA NASIONAL TAHUN 2021", "view_count": 0, "embed": "<iframe width=\"759\" height=\"427\" src=\"https://www.youtube.com/embed/Eq_UYJWOlgI\" title=\"YouTube video player\" frameborder=\"0\" allow=\"accelerometer; autoplay; clipboard-write; encrypted-media; gyroscope; picture-in-picture\" allowfullscreen></iframe>", "embed_video": "https://www.youtube.com/embed/Eq_UYJWOlgI", "created_at": "2021-07-14T12:35:24.970Z", "updated_at": "2022-02-25T08:48:47.857Z"}}, {"condition": {"id": 66}, "defaults": {"site_id": 57, "admin_id": 75, "judul": "PUKESMAS MENITNING MENGUCAPKAN HUT LOBAR KE 63 TAHUN", "view_count": 0, "embed": "<iframe width=\"759\" height=\"427\" src=\"https://www.youtube.com/embed/GZi_HL9_VVQ\" title=\"YouTube video player\" frameborder=\"0\" allow=\"accelerometer; autoplay; clipboard-write; encrypted-media; gyroscope; picture-in-picture\" allowfullscreen></iframe>", "embed_video": "https://www.youtube.com/embed/GZi_HL9_VVQ", "created_at": "2021-07-14T12:36:49.974Z", "updated_at": "2022-02-25T08:48:47.874Z"}}, {"condition": {"id": 67}, "defaults": {"site_id": 57, "admin_id": 75, "judul": "HUT PPNI KOMISARIAT PUSKESMAS MENINTING TAHUN 2021", "view_count": 0, "embed": "<iframe width=\"759\" height=\"427\" src=\"https://www.youtube.com/embed/lieR-ixy0u0\" title=\"YouTube video player\" frameborder=\"0\" allow=\"accelerometer; autoplay; clipboard-write; encrypted-media; gyroscope; picture-in-picture\" allowfullscreen></iframe>", "embed_video": "https://www.youtube.com/embed/lieR-ixy0u0", "created_at": "2021-07-14T12:38:35.509Z", "updated_at": "2022-02-25T08:48:47.897Z"}}, {"condition": {"id": 477}, "defaults": {"site_id": 57, "admin_id": 75, "judul": "\"DEKLARASI IBU HAMIL INDONESIA DALAM MENCEGAH ANAK STUNTING DI WILAYAH KERJA PUSKESMAS MENINTING\"", "view_count": 0, "embed": "<p>&nbsp;</p><figure class=\"media\"><div data-oembed-url=\"https://youtu.be/MYpo0jiXhsE?list=UULFZw5JUKEDJDJ33QcsgxsjCQ\"><div style=\"position: relative; padding-bottom: 100%; height: 0; padding-bottom: 56.2493%;\"><iframe src=\"https://www.youtube.com/embed/MYpo0jiXhsE\" style=\"position: absolute; width: 100%; height: 100%; top: 0; left: 0;\" frameborder=\"0\" allow=\"autoplay; encrypted-media\" allowfullscreen=\"\"></iframe></div></div></figure>", "embed_video": "https://www.youtube.com/embed/MYpo0jiXhsE", "created_at": "2023-11-24T12:03:58.715Z", "updated_at": "2023-11-24T12:32:16.350Z"}}]