[{"condition": {"id": 161}, "defaults": {"site_id": 58, "admin_id": 76, "judul": "GALERY", "view_count": 0, "embed": "https://youtu.be/o3ag5XuEYRs", "embed_video": "", "created_at": "2022-06-30T12:27:52.628Z", "updated_at": "2022-06-30T12:27:52.628Z"}}, {"condition": {"id": 478}, "defaults": {"site_id": 58, "admin_id": 76, "judul": "DEKLARASI BUMIL DESA PELANGAN", "view_count": 0, "embed": "<figure class=\"media\"><div data-oembed-url=\"https://youtu.be/a4WgkhCLJXY?si=6F31N22ym9F86u0_\"><div style=\"position: relative; padding-bottom: 100%; height: 0; padding-bottom: 56.2493%;\"><iframe src=\"https://www.youtube.com/embed/a4WgkhCLJXY\" style=\"position: absolute; width: 100%; height: 100%; top: 0; left: 0;\" frameborder=\"0\" allow=\"autoplay; encrypted-media\" allowfullscreen=\"\"></iframe></div></div></figure>", "embed_video": "https://www.youtube.com/embed/a4WgkhCLJXY", "created_at": "2023-11-25T00:03:25.756Z", "updated_at": "2023-11-25T00:03:25.756Z"}}]