[{"condition": {"id": 371}, "defaults": {"site_id": 56, "admin_id": 74, "judul": "Peer Group HIV/AIDS di SMPN 1 Lingsar", "judul_seo": "peer-group-hivaids-di-smpn-1-lingsar-56", "photo_id": 4034, "view_count": 0, "created_at": "2022-08-09T09:51:39.647Z", "updated_at": "2022-08-09T09:51:39.647Z"}}, {"condition": {"id": 372}, "defaults": {"site_id": 56, "admin_id": 74, "judul": "Penjaringan Kesehatan anak SDN 4 Batu Mekar", "judul_seo": "penjaringan-kesehatan-anak-sdn-4-batu-mekar-56", "photo_id": 4035, "view_count": 0, "created_at": "2022-08-09T09:52:54.184Z", "updated_at": "2022-08-09T09:52:54.184Z"}}, {"condition": {"id": 374}, "defaults": {"site_id": 56, "admin_id": 74, "judul": "Pelacakan K3HJ", "judul_seo": "pelacakan-k3hj-56", "photo_id": 4037, "view_count": 0, "created_at": "2022-08-09T10:06:24.458Z", "updated_at": "2022-08-09T10:06:24.458Z"}}, {"condition": {"id": 375}, "defaults": {"site_id": 56, "admin_id": 74, "judul": "Peer Group HIV/AIDS di SMPN 2 Lingsar", "judul_seo": "peer-group-hivaids-di-smpn-2-lingsar-56", "photo_id": 4038, "view_count": 0, "created_at": "2022-08-09T10:07:52.242Z", "updated_at": "2022-08-09T10:07:52.242Z"}}, {"condition": {"id": 376}, "defaults": {"site_id": 56, "admin_id": 74, "judul": "Kegiatan Peer Group HIV/AIDS di SMPN 5 Lingsar", "judul_seo": "kegiatan-peer-group-hivaids-di-smpn-5-lingsar-56", "photo_id": 4111, "view_count": 0, "created_at": "2022-08-10T10:28:26.686Z", "updated_at": "2022-08-10T10:28:26.686Z"}}, {"condition": {"id": 377}, "defaults": {"site_id": 56, "admin_id": 74, "judul": "Mengikuti rapat persiapan HUT RI KE 77 di kantor camat lingsar", "judul_seo": "mengikuti-rapat-persiapan-hut-ri-ke-77-di-kantor-camat-lingsar-56", "photo_id": 4115, "view_count": 0, "created_at": "2022-08-10T10:54:08.715Z", "updated_at": "2022-08-10T10:54:08.715Z"}}, {"condition": {"id": 378}, "defaults": {"site_id": 56, "admin_id": 74, "judul": "Posyandu di dusun sandongan ", "judul_seo": "posyandu-di-dusun-sandongan-56", "photo_id": 4116, "view_count": 0, "created_at": "2022-08-10T10:55:30.532Z", "updated_at": "2022-08-10T10:55:30.532Z"}}, {"condition": {"id": 379}, "defaults": {"site_id": 56, "admin_id": 74, "judul": "Kegiatan posyandu di dusun sandongan barat", "judul_seo": "kegiatan-posyandu-di-dusun-sandongan-barat-56", "photo_id": 4117, "view_count": 0, "created_at": "2022-08-10T11:05:42.701Z", "updated_at": "2022-08-10T11:05:42.701Z"}}, {"condition": {"id": 388}, "defaults": {"site_id": 56, "admin_id": 74, "judul": "UPACARA MEMPERINGATI HARI KEMERDEKAAN REPUBLIK INDONESIA", "judul_seo": "upacara-memperingati-hari-kemerdekaan-republik-indonesia-56", "photo_id": 4489, "view_count": 0, "created_at": "2022-08-20T09:48:04.864Z", "updated_at": "2022-08-20T09:48:04.864Z"}}, {"condition": {"id": 389}, "defaults": {"site_id": 56, "admin_id": 74, "judul": "KEGIATAN POSYANDU DI DESA BUG-BUG", "judul_seo": "kegiatan-posyandu-di-desa-bug-bug-56", "photo_id": 4559, "view_count": 0, "created_at": "2022-08-23T11:04:08.120Z", "updated_at": "2022-08-23T11:04:08.120Z"}}, {"condition": {"id": 390}, "defaults": {"site_id": 56, "admin_id": 74, "judul": "SENGGIGI CYCLING DAY", "judul_seo": "senggigi-cycling-day-56", "photo_id": 4560, "view_count": 0, "created_at": "2022-08-23T11:05:04.356Z", "updated_at": "2022-08-23T11:05:04.356Z"}}, {"condition": {"id": 393}, "defaults": {"site_id": 56, "admin_id": 74, "judul": "SOSIALISASI TTD", "judul_seo": "sosialisasi-ttd-56", "photo_id": 4625, "view_count": 0, "created_at": "2022-08-24T09:20:55.924Z", "updated_at": "2022-08-24T09:20:55.924Z"}}, {"condition": {"id": 394}, "defaults": {"site_id": 56, "admin_id": 74, "judul": "Pertemuan PISPK Evaluasi dan Analisa IKS", "judul_seo": "pertemuan-pispk-evaluasi-dan-analisa-iks-56", "photo_id": 4657, "view_count": 0, "created_at": "2022-08-24T11:10:29.001Z", "updated_at": "2022-08-24T11:10:29.001Z"}}, {"condition": {"id": 396}, "defaults": {"site_id": 56, "admin_id": 74, "judul": "PEMBINAAN DOKTER KECIL DI SDN 1 LINGSAR", "judul_seo": "pembinaan-dokter-kecil-di-sdn-1-lingsar-56", "photo_id": 4721, "view_count": 0, "created_at": "2022-08-25T12:30:14.668Z", "updated_at": "2022-08-25T12:30:14.668Z"}}, {"condition": {"id": 400}, "defaults": {"site_id": 56, "admin_id": 74, "judul": "IMPLEMENTASI GERMAS", "judul_seo": "implementasi-germas-56", "photo_id": 4816, "view_count": 0, "created_at": "2022-08-27T10:33:20.901Z", "updated_at": "2022-08-27T10:33:20.902Z"}}, {"condition": {"id": 401}, "defaults": {"site_id": 56, "admin_id": 74, "judul": "Kegiatan BIAN di PAUD Halimatussadiyah", "judul_seo": "kegiatan-bian-di-paud-halimatussadiyah-56", "photo_id": 4859, "view_count": 0, "created_at": "2022-08-29T12:11:15.565Z", "updated_at": "2022-08-29T12:11:15.565Z"}}, {"condition": {"id": 402}, "defaults": {"site_id": 56, "admin_id": 74, "judul": "Kegiatan BIAN di RA Nurul Islah Gegelang", "judul_seo": "kegiatan-bian-di-ra-nurul-islah-gegelang-56", "photo_id": 4954, "view_count": 0, "created_at": "2022-08-30T13:58:15.670Z", "updated_at": "2022-08-30T13:58:15.670Z"}}, {"condition": {"id": 403}, "defaults": {"site_id": 56, "admin_id": 74, "judul": "Pertemuan Kegiatan PAMSIMAS di desa gegelang", "judul_seo": "pertemuan-kegiatan-pamsimas-di-desa-gegelang-56", "photo_id": 4955, "view_count": 0, "created_at": "2022-08-30T13:59:22.105Z", "updated_at": "2022-08-30T13:59:22.105Z"}}, {"condition": {"id": 404}, "defaults": {"site_id": 56, "admin_id": 74, "judul": "BIAN di Paud Tunas Unggul dan Paud Harapan Bunda", "judul_seo": "bian-di-paud-tunas-unggul-dan-paud-harapan-bunda-56", "photo_id": 5054, "view_count": 0, "created_at": "2022-09-01T10:30:59.862Z", "updated_at": "2022-09-01T10:30:59.862Z"}}, {"condition": {"id": 409}, "defaults": {"site_id": 56, "admin_id": 74, "judul": "Peer grup HIV/AIDS di SMA 1 Lingsar", "judul_seo": "peer-grup-hivaids-di-sma-1-lingsar--56", "photo_id": 5141, "view_count": 0, "created_at": "2022-09-05T12:54:49.158Z", "updated_at": "2022-09-05T12:54:49.158Z"}}, {"condition": {"id": 410}, "defaults": {"site_id": 56, "admin_id": 74, "judul": "MUSREMBANGDES DI KANTOR DESA PETELUAN INDAH", "judul_seo": "musrembangdes-di-kantor-desa-peteluan-indah--56", "photo_id": 5142, "view_count": 0, "created_at": "2022-09-05T12:56:25.580Z", "updated_at": "2022-09-05T12:56:25.580Z"}}, {"condition": {"id": 496}, "defaults": {"site_id": 56, "admin_id": 74, "judul": "KEGIATAN POSYANDU BULAN MEI DI DUSUN SANDONGANTIMUR", "judul_seo": "kegiatan-posyandu-bulan-mei-di-dusun-sandongantimur--56", "photo_id": 10087, "view_count": 0, "created_at": "2023-05-25T01:25:51.018Z", "updated_at": "2023-05-25T01:25:51.018Z"}}, {"condition": {"id": 501}, "defaults": {"site_id": 56, "admin_id": 74, "judul": "KUNJUNGAN NEONATAL DI DESA SARIBAYE", "judul_seo": "kunjungan-neonatal-di-desa-saribaye--56", "photo_id": 10227, "view_count": 0, "created_at": "2023-05-29T02:26:08.441Z", "updated_at": "2023-05-29T02:26:08.441Z"}}, {"condition": {"id": 502}, "defaults": {"site_id": 56, "admin_id": 74, "judul": "SELAMAT HARI LANSIA NASIONAL TAHUN 2023", "judul_seo": "selamat-hari-lansia-nasional-tahun-2023--56", "photo_id": 10234, "view_count": 0, "created_at": "2023-05-29T06:14:27.584Z", "updated_at": "2023-05-29T06:14:27.584Z"}}, {"condition": {"id": 503}, "defaults": {"site_id": 56, "admin_id": 74, "judul": "OJT PNEMONI", "judul_seo": "ojt-pnemoni--56", "photo_id": 10254, "view_count": 0, "created_at": "2023-05-30T01:35:07.720Z", "updated_at": "2023-05-30T01:35:07.720Z"}}, {"condition": {"id": 506}, "defaults": {"site_id": 56, "admin_id": 74, "judul": "PEMBAGIAN KARTU KESEHATAN CALON JAMA.AH HAJI", "judul_seo": "pembagian-kartu-kesehatan-calon-jamaah-haji--56", "photo_id": 10489, "view_count": 0, "created_at": "2023-06-07T02:15:06.512Z", "updated_at": "2023-06-07T02:15:06.512Z"}}, {"condition": {"id": 507}, "defaults": {"site_id": 56, "admin_id": 74, "judul": "SENAM KESORGA  KELOMPOK PROLANIS  DAN STAF PUSKESMAS LINGSAR", "judul_seo": "senam-kesorga-kelompok-prolanis-dan-staf-puskesmas-lingsar--56", "photo_id": 10589, "view_count": 0, "created_at": "2023-06-09T02:20:44.698Z", "updated_at": "2023-06-09T02:20:44.698Z"}}, {"condition": {"id": 508}, "defaults": {"site_id": 56, "admin_id": 74, "judul": "SENAM KESORGA KELOMPOK PROLANIS DAN STAF PUSKESMAS....\t", "judul_seo": "senam-kesorga-kelompok-prolanis-dan-staf-puskesmas--56", "photo_id": 10593, "view_count": 0, "created_at": "2023-06-09T02:27:27.746Z", "updated_at": "2023-06-09T02:27:27.746Z"}}, {"condition": {"id": 512}, "defaults": {"site_id": 56, "admin_id": 74, "judul": "kegiatan PMT bahan makanan lokal..", "judul_seo": "kegiatan-pmt-bahan-makanan-lokal--56", "photo_id": 10649, "view_count": 0, "created_at": "2023-06-10T02:38:01.369Z", "updated_at": "2023-06-10T02:38:01.369Z"}}, {"condition": {"id": 513}, "defaults": {"site_id": 56, "admin_id": 74, "judul": "Posyandu sandongan barat desa saribaye....", "judul_seo": "posyandu-sandongan-barat-desa-saribaye--56", "photo_id": 10650, "view_count": 0, "created_at": "2023-06-10T02:41:27.440Z", "updated_at": "2023-06-10T02:41:27.440Z"}}, {"condition": {"id": 514}, "defaults": {"site_id": 56, "admin_id": 74, "judul": "kegiatan P3k sepak bola....", "judul_seo": "kegiatan-p3k-sepak-bola--56", "photo_id": 10656, "view_count": 0, "created_at": "2023-06-12T00:59:14.090Z", "updated_at": "2023-06-12T00:59:14.090Z"}}, {"condition": {"id": 515}, "defaults": {"site_id": 56, "admin_id": 74, "judul": "Re training Bunda App dan OptiBP Summit utk bidan.....", "judul_seo": "re-training-bunda-app-dan-optibp-summit-utk-bidan--56", "photo_id": 10700, "view_count": 0, "created_at": "2023-06-13T01:05:55.833Z", "updated_at": "2023-06-13T01:05:55.833Z"}}, {"condition": {"id": 517}, "defaults": {"site_id": 56, "admin_id": 74, "judul": "giat pelanyanan KB.....", "judul_seo": "giat-pelanyanan-kb--56", "photo_id": 10823, "view_count": 0, "created_at": "2023-06-15T05:34:24.962Z", "updated_at": "2023-06-15T05:34:24.962Z"}}, {"condition": {"id": 518}, "defaults": {"site_id": 56, "admin_id": 74, "judul": "apel pagi staf UPT puskesmas lingsar.....", "judul_seo": "apel-pagi-staf-upt-puskesmas-lingsar--56", "photo_id": 10824, "view_count": 0, "created_at": "2023-06-15T05:36:40.081Z", "updated_at": "2023-06-15T05:36:40.081Z"}}, {"condition": {"id": 524}, "defaults": {"site_id": 56, "admin_id": 74, "judul": "Pertemuan pembahasan PMT lokal........", "judul_seo": "pertemuan-pembahasan-pmt-lokal--56", "photo_id": 10939, "view_count": 0, "created_at": "2023-06-19T01:14:01.130Z", "updated_at": "2023-06-19T01:14:01.130Z"}}, {"condition": {"id": 535}, "defaults": {"site_id": 56, "admin_id": 74, "judul": "Evaluasi Kalakarya MTBS 2023 PKM Lingsar", "judul_seo": "evaluasi-kalakarya-mtbs-2023-pkm-lingsar--56", "photo_id": 11043, "view_count": 0, "created_at": "2023-06-21T05:20:20.628Z", "updated_at": "2023-06-21T05:20:20.628Z"}}, {"condition": {"id": 536}, "defaults": {"site_id": 56, "admin_id": 74, "judul": "Kunjungan Suvas ke Desa Bug-bug oleh Dinas Kesehatan Kab. Lombok Barat", "judul_seo": "kunjungan-suvas-ke-desa-bug-bug-oleh-dinas-kesehatan-kab-lombok-barat--56", "photo_id": 11044, "view_count": 0, "created_at": "2023-06-21T05:22:21.187Z", "updated_at": "2023-06-21T05:22:21.187Z"}}, {"condition": {"id": 537}, "defaults": {"site_id": 56, "admin_id": 74, "judul": "MONEV PROGRAM KIA/KB.....", "judul_seo": "monev-program-kiakb--56", "photo_id": 11077, "view_count": 0, "created_at": "2023-06-22T01:07:01.946Z", "updated_at": "2023-06-22T01:07:01.946Z"}}, {"condition": {"id": 538}, "defaults": {"site_id": 56, "admin_id": 74, "judul": "Pertmuan pelaporan keuangan BOK.....", "judul_seo": "pertmuan-pelaporan-keuangan-bok--56", "photo_id": 11125, "view_count": 0, "created_at": "2023-06-23T02:00:12.720Z", "updated_at": "2023-06-24T04:15:01.647Z"}}, {"condition": {"id": 539}, "defaults": {"site_id": 56, "admin_id": 74, "judul": "Sipgar staf dan kader puskesmas lingsar......", "judul_seo": "sipgar-staf-dan-kader-puskesmas-lingsar--56", "photo_id": 11163, "view_count": 0, "created_at": "2023-06-24T01:08:05.242Z", "updated_at": "2023-06-24T04:11:51.140Z"}}, {"condition": {"id": 540}, "defaults": {"site_id": 56, "admin_id": 74, "judul": "Kalakarya MTBS hari Ke-4", "judul_seo": "kalakarya-mtbs-hari-ke-4--56", "photo_id": 11173, "view_count": 0, "created_at": "2023-06-24T04:14:36.881Z", "updated_at": "2023-06-24T04:14:36.881Z"}}, {"condition": {"id": 549}, "defaults": {"site_id": 56, "admin_id": 74, "judul": "Posyandu menjeli permai", "judul_seo": "posyandu-menjeli-permai--56", "photo_id": 11514, "view_count": 0, "created_at": "2023-07-06T05:32:32.714Z", "updated_at": "2023-07-06T05:32:32.714Z"}}, {"condition": {"id": 550}, "defaults": {"site_id": 56, "admin_id": 74, "judul": "Kalibrasi alat kesehatan", "judul_seo": "kalibrasi-alat-kesehatan--56", "photo_id": 11515, "view_count": 0, "created_at": "2023-07-06T05:33:30.906Z", "updated_at": "2023-07-06T05:33:30.906Z"}}, {"condition": {"id": 554}, "defaults": {"site_id": 56, "admin_id": 74, "judul": "Posyandu sandongan barat", "judul_seo": "posyandu-sandongan-barat--56", "photo_id": 11642, "view_count": 0, "created_at": "2023-07-10T06:09:28.595Z", "updated_at": "2023-07-10T06:09:28.595Z"}}, {"condition": {"id": 555}, "defaults": {"site_id": 56, "admin_id": 74, "judul": "Kunjungan STANTING bantuan  dari RSJ", "judul_seo": "kunjungan-stanting-bantuan-dari-rsj--56", "photo_id": 11643, "view_count": 0, "created_at": "2023-07-10T06:10:45.799Z", "updated_at": "2023-07-10T06:10:45.799Z"}}, {"condition": {"id": 556}, "defaults": {"site_id": 56, "admin_id": 74, "judul": "posyandu tanak tepong", "judul_seo": "posyandu-tanak-tepong", "photo_id": 11756, "view_count": 0, "created_at": "2023-07-17T03:24:58.792Z", "updated_at": "2023-07-17T03:24:58.792Z"}}, {"condition": {"id": 557}, "defaults": {"site_id": 56, "admin_id": 74, "judul": "Posyandu dusun nyurbaye gawah", "judul_seo": "posyandu-dusun-nyurbaye-gawah", "photo_id": 11782, "view_count": 0, "created_at": "2023-07-18T03:59:43.453Z", "updated_at": "2023-07-18T03:59:43.453Z"}}, {"condition": {"id": 558}, "defaults": {"site_id": 56, "admin_id": 74, "judul": "Kaji banding terkait Kepemimpinan dan Manajemen di Puskesmas Lingsar", "judul_seo": "kaji-banding-terkait-kepemimpinan-dan-manajemen-di-puskesmas-lingsar", "photo_id": 11801, "view_count": 0, "created_at": "2023-07-20T02:08:16.770Z", "updated_at": "2023-07-20T02:08:16.770Z"}}, {"condition": {"id": 559}, "defaults": {"site_id": 56, "admin_id": 74, "judul": "Pelacakan jamaah haji di dusun manggong", "judul_seo": "pelacakan-jamaah-haji-di-dusun-manggong", "photo_id": 11918, "view_count": 0, "created_at": "2023-07-24T04:10:40.378Z", "updated_at": "2023-07-24T04:10:40.378Z"}}, {"condition": {"id": 560}, "defaults": {"site_id": 56, "admin_id": 74, "judul": "pelayanan KB rutin di polindes Lingsar", "judul_seo": "pelayanan-kb-rutin-di-polindes-lingsar", "photo_id": 11921, "view_count": 0, "created_at": "2023-07-24T05:19:45.277Z", "updated_at": "2023-07-24T05:19:45.277Z"}}, {"condition": {"id": 561}, "defaults": {"site_id": 56, "admin_id": 74, "judul": "Pertemuan Mini Lokakarya Lintas Sektor tentang UHC.......", "judul_seo": "pertemuan-mini-lokakarya-lintas-sektor-tentang-uhc", "photo_id": 11974, "view_count": 0, "created_at": "2023-07-26T01:10:06.277Z", "updated_at": "2023-07-26T01:10:06.277Z"}}, {"condition": {"id": 599}, "defaults": {"site_id": 56, "admin_id": 74, "judul": "Kegiatan Posyandu di Dusun Karang Temu", "judul_seo": "kegiatan-posyandu-di-dusun-karang-temu", "photo_id": 14492, "view_count": 0, "created_at": "2023-12-20T00:40:09.869Z", "updated_at": "2023-12-20T00:40:09.869Z"}}, {"condition": {"id": 600}, "defaults": {"site_id": 56, "admin_id": 74, "judul": "Kegiatan Posyandu dusun Repok Keri", "judul_seo": "kegiatan-posyandu-dusun-repok-keri", "photo_id": 14495, "view_count": 0, "created_at": "2023-12-20T00:51:11.344Z", "updated_at": "2023-12-20T00:51:11.344Z"}}, {"condition": {"id": 601}, "defaults": {"site_id": 56, "admin_id": 74, "judul": "Kegiatan posyandu dusun Sidekarya", "judul_seo": "kegiatan-posyandu-dusun-sidekarya", "photo_id": 14496, "view_count": 0, "created_at": "2023-12-20T00:51:58.189Z", "updated_at": "2023-12-20T00:51:58.189Z"}}, {"condition": {"id": 602}, "defaults": {"site_id": 56, "admin_id": 74, "judul": "KEGIATAN POSYANDU DI DUSUN PUNIKAN SELATAN", "judul_seo": "kegiatan-posyandu-di-dusun-punikan-selatan", "photo_id": 14499, "view_count": 0, "created_at": "2023-12-20T02:42:35.233Z", "updated_at": "2023-12-20T02:42:35.233Z"}}, {"condition": {"id": 603}, "defaults": {"site_id": 56, "admin_id": 74, "judul": "POSYANDU DUSUN NYURBAYE GAWAH", "judul_seo": "posyandu-dusun-nyurbaye-gawah-1", "photo_id": 14500, "view_count": 0, "created_at": "2023-12-20T02:51:24.690Z", "updated_at": "2023-12-20T02:51:24.690Z"}}, {"condition": {"id": 604}, "defaults": {"site_id": 56, "admin_id": 74, "judul": "Pertemuan koordinasi meningkatkan kolaborasi dan kerja sama pelaksanaan program eliminasi TBC di kabupaten Lombok Barat", "judul_seo": "pertemuan-koordinasi-meningkatkan-kolaborasi-dan-kerja-sama-pelaksanaan-program-eliminasi-tbc-di-kabupaten-lombok-barat", "photo_id": 14501, "view_count": 0, "created_at": "2023-12-20T02:56:02.362Z", "updated_at": "2023-12-20T02:56:02.362Z"}}, {"condition": {"id": 605}, "defaults": {"site_id": 56, "admin_id": 74, "judul": "Sosialisasi pemeriksaan jamaah haji th 2024", "judul_seo": "sosialisasi-pemeriksaan-jamaah-haji-th-2024", "photo_id": 14502, "view_count": 0, "created_at": "2023-12-20T03:04:04.444Z", "updated_at": "2023-12-20T03:04:04.444Z"}}, {"condition": {"id": 606}, "defaults": {"site_id": 56, "admin_id": 74, "judul": "Kegiatan Posyandu Dusun Punikan Utara, Batu Mekar", "judul_seo": "kegiatan-posyandu-dusun-punikan-utara-batu-mekar", "photo_id": 14503, "view_count": 0, "created_at": "2023-12-20T03:07:52.358Z", "updated_at": "2023-12-20T03:07:52.358Z"}}, {"condition": {"id": 607}, "defaults": {"site_id": 56, "admin_id": 74, "judul": "Screening kesehatan PTM gula darah desa saribaye", "judul_seo": "screening-kesehatan-ptm-gula-darah-desa-saribaye", "photo_id": 14507, "view_count": 0, "created_at": "2023-12-20T03:13:47.168Z", "updated_at": "2023-12-20T03:13:47.168Z"}}]