[{"condition": {"id": 27}, "defaults": {"site_id": 44, "admin_id": 47, "judul": "SAFETY BRIEFING UPT PUSKESMAS NARMADA", "view_count": 0, "embed": "<iframe width=\"560\" height=\"315\" src=\"https://www.youtube.com/embed/7vp-pK8NNbc\" title=\"YouTube video player\" frameborder=\"0\" allow=\"accelerometer; autoplay; clipboard-write; encrypted-media; gyroscope; picture-in-picture\" allowfullscreen></iframe>", "embed_video": "https://www.youtube.com/embed/7vp-pK8NNbc", "created_at": "2021-06-09T10:33:12.554Z", "updated_at": "2022-02-25T08:48:47.248Z"}}, {"condition": {"id": 28}, "defaults": {"site_id": 44, "admin_id": 47, "judul": "MITIGASI BENCANA UPT PUSKESMAS NARMADA", "view_count": 0, "embed": "<iframe width=\"560\" height=\"315\" src=\"https://www.youtube.com/embed/ljLfRL_9pbM\" title=\"YouTube video player\" frameborder=\"0\" allow=\"accelerometer; autoplay; clipboard-write; encrypted-media; gyroscope; picture-in-picture\" allowfullscreen></iframe>", "embed_video": "https://www.youtube.com/embed/ljLfRL_9pbM", "created_at": "2021-06-09T10:34:47.359Z", "updated_at": "2022-02-25T08:48:47.265Z"}}, {"condition": {"id": 58}, "defaults": {"site_id": 44, "admin_id": 47, "judul": "VAKSINASI COVID 19", "view_count": 0, "embed": "<iframe width=\"759\" height=\"427\" src=\"https://www.youtube.com/embed/mZr_r1YlzPo\" title=\"YouTube video player\" frameborder=\"0\" allow=\"accelerometer; autoplay; clipboard-write; encrypted-media; gyroscope; picture-in-picture\" allowfullscreen></iframe>", "embed_video": "https://www.youtube.com/embed/mZr_r1YlzPo", "created_at": "2021-06-25T10:27:29.596Z", "updated_at": "2022-02-25T08:48:47.719Z"}}, {"condition": {"id": 188}, "defaults": {"site_id": 44, "admin_id": 47, "judul": "PEKAN SENAM SERENTAK PROLANIS", "view_count": 0, "embed": "<p>&lt;iframe width=&quot;560&quot; height=&quot;315&quot; src=&quot;https://www.youtube.com/embed/H2b4-qxsLBw&quot; title=&quot;YouTube video player&quot; frameborder=&quot;0&quot; allow=&quot;accelerometer; autoplay; clipboard-write; encrypted-media; gyroscope; picture-in-picture&quot; allowfullscreen&gt;&lt;/iframe&gt;</p>\r\n", "embed_video": "https://www.youtube.com/embed/H2b4-qxsLBw", "created_at": "2022-07-15T11:12:49.929Z", "updated_at": "2022-07-15T11:12:49.929Z"}}, {"condition": {"id": 189}, "defaults": {"site_id": 44, "admin_id": 47, "judul": "OPLAS ( Operasi Plastik ) Awet Muda UPT Puskesmas Narmada", "view_count": 0, "embed": "<p>&lt;iframe width=&quot;560&quot; height=&quot;315&quot; src=&quot;https://www.youtube.com/embed/y493nNhnipU&quot; title=&quot;YouTube video player&quot; frameborder=&quot;0&quot; allow=&quot;accelerometer; autoplay; clipboard-write; encrypted-media; gyroscope; picture-in-picture&quot; allowfullscreen&gt;&lt;/iframe&gt;</p>\r\n", "embed_video": "https://www.youtube.com/embed/y493nNhnipU", "created_at": "2022-07-15T11:14:19.909Z", "updated_at": "2022-07-15T11:14:19.909Z"}}, {"condition": {"id": 397}, "defaults": {"site_id": 44, "admin_id": 47, "judul": "Kegiatan Rutin Apel Pagi UPT Puskesmas Narmada", "view_count": 0, "embed": "<p><iframe allowfullscreen=\"\" frameborder=\"0\" height=\"360\" src=\"https://www.youtube.com/embed/azUL7IPtaFU\" width=\"640\"></iframe></p>\r\n", "embed_video": "https://www.youtube.com/embed/azUL7IPtaFU", "created_at": "2023-05-31T01:51:33.820Z", "updated_at": "2023-05-31T01:51:33.820Z"}}, {"condition": {"id": 483}, "defaults": {"site_id": 44, "admin_id": 47, "judul": "Alur Pelayanan UPT Puskesmas Narmada", "view_count": 0, "embed": "<figure class=\"media\"><div data-oembed-url=\"https://youtu.be/pJ19aEK9Brc\"><div style=\"position: relative; padding-bottom: 100%; height: 0; padding-bottom: 56.2493%;\"><iframe src=\"https://www.youtube.com/embed/pJ19aEK9Brc\" style=\"position: absolute; width: 100%; height: 100%; top: 0; left: 0;\" frameborder=\"0\" allow=\"autoplay; encrypted-media\" allowfullscreen=\"\"></iframe></div></div></figure><p>&nbsp;</p>", "embed_video": "https://www.youtube.com/embed/pJ19aEK9Brc", "created_at": "2024-02-07T03:00:54.087Z", "updated_at": "2024-02-29T01:55:19.361Z"}}, {"condition": {"id": 559}, "defaults": {"site_id": 44, "admin_id": 47, "judul": "Pelayanan Puskesmas Narmada Tanpa Korupsi dan Gratifikasi", "view_count": 0, "embed": "<figure class=\"media\"><div data-oembed-url=\"https://youtu.be/izeeH8zFKnA\"><div style=\"position: relative; padding-bottom: 100%; height: 0; padding-bottom: 56.2493%;\"><iframe src=\"https://www.youtube.com/embed/izeeH8zFKnA\" style=\"position: absolute; width: 100%; height: 100%; top: 0; left: 0;\" frameborder=\"0\" allow=\"autoplay; encrypted-media\" allowfullscreen=\"\"></iframe></div></div></figure>", "embed_video": "https://www.youtube.com/embed/izeeH8zFKnA", "created_at": "2024-06-22T05:37:28.495Z", "updated_at": "2024-06-22T05:37:28.495Z"}}, {"condition": {"id": 560}, "defaults": {"site_id": 44, "admin_id": 47, "judul": "Sosialisasi Pelaksanaan PIN Polio", "view_count": 0, "embed": "<figure class=\"media\"><div data-oembed-url=\"https://youtu.be/BFS8kkCIECo?si=U6G8u3a7GjoUSc6n\"><div style=\"position: relative; padding-bottom: 100%; height: 0; padding-bottom: 56.2493%;\"><iframe src=\"https://www.youtube.com/embed/BFS8kkCIECo\" style=\"position: absolute; width: 100%; height: 100%; top: 0; left: 0;\" frameborder=\"0\" allow=\"autoplay; encrypted-media\" allowfullscreen=\"\"></iframe></div></div></figure>", "embed_video": "https://www.youtube.com/embed/BFS8kkCIECo", "created_at": "2024-07-09T05:40:54.249Z", "updated_at": "2024-07-09T05:40:54.249Z"}}]