[{"condition": {"id": 734}, "defaults": {"site_id": 49, "judul": "Jenis Layanan", "isi_halaman": "<p>PDF&nbsp;</p>\r\n\r\n<p><iframe frameborder=\"0\" height=\"500px\" src=\"https://docs.google.com/viewer?url=GANTIDISINILINKPDF&amp;embedded=true\" width=\"100%\"></iframe></p>", "view_count": 20, "menu_id": 161, "admin_id": 52, "created_at": "2021-06-09T11:29:23.969Z", "updated_at": "2023-06-09T07:41:00.333Z", "is_edited": true}, "m2m": {"photo": [929]}}, {"condition": {"id": 736}, "defaults": {"site_id": 49, "judul": "VISI MISI DAN MOTO PELAYANAN", "isi_halaman": "<p><img alt=\"\" src=\"/media/uploads/puskesmaskedirilobar/2022/06/27/whatsapp-image-2022-06-27-at-084648.jpeg\" style=\"height:229px; width:300px\" /></p>", "view_count": 467, "menu_id": 97, "admin_id": 52, "created_at": "2021-06-09T11:31:00.229Z", "updated_at": "2024-07-11T23:41:55.741Z", "is_edited": true}, "m2m": {"photo": [931]}}, {"condition": {"id": 740}, "defaults": {"site_id": 49, "judul": "VISI DAN MISI", "isi_halaman": "<p><span style=\"font-size:18px\"><strong><em>VISI :</em></strong></span></p>\r\n\r\n<p style=\"text-align:justify\"><span style=\"font-size:16px\">&nbsp; Terwujudnya masyarakat kecamatan Kediri yang mandiri untuk hidup&nbsp;sehat melalui penyelenggaraan pembangunan kesehatan yang optimal.</span></p>\r\n\r\n<p><strong><em><span style=\"font-size:16px\">MISI :</span></em></strong></p>\r\n\r\n<p style=\"text-align:justify\"><span style=\"font-size:16px\">1.&nbsp; Menggerakkan pembangunan berwawasan kesehatan di wilayah kerja puskesmas\u200b<span style=\"font-size:16px\">Memberdayakan&nbsp; &nbsp; &nbsp; &nbsp; &nbsp; &nbsp; &nbsp; &nbsp;serta mendorong kemandirian individu, keluarga dan masyarakat dalam pembangunan kesehatan&nbsp; &nbsp; &nbsp; &nbsp; &nbsp; &nbsp; &nbsp; &nbsp; &nbsp;dengan mengupayakan PHBS sebagai sebuah kebutuhan.</span></span></p>\r\n\r\n<p style=\"text-align:justify\"><span style=\"font-size:16px\">2.&nbsp; Memberikan pelayanan kesehayan yang bermutu, merata dan terjangkau dalam upaya kesehatan&nbsp; &nbsp; &nbsp; &nbsp; &nbsp; &nbsp; &nbsp; &nbsp; &nbsp;Promotif, Preventif dan Rehabilitative.</span></p>\r\n\r\n<p style=\"text-align:justify\"><span style=\"font-size:16px\">3.&nbsp; Menyelenggarakan Sistem Informasi Kesehatan Puskesmas yang bermutu</span></p>", "view_count": 507, "menu_id": 43, "admin_id": 52, "created_at": "2021-06-09T11:33:41.948Z", "updated_at": "2024-07-12T02:42:53.060Z", "is_edited": true}, "m2m": {"photo": [802]}}, {"condition": {"id": 742}, "defaults": {"site_id": 49, "judul": "Motto Puskesmas Kediri", "isi_halaman": "<p>Ramah Untuk Semua</p>", "view_count": 55, "menu_id": 202, "admin_id": 52, "created_at": "2021-06-09T11:38:21.494Z", "updated_at": "2024-07-04T07:17:13.229Z", "is_edited": true}, "m2m": {"photo": []}}, {"condition": {"id": 1879}, "defaults": {"site_id": 49, "judul": "Atribut", "isi_halaman": "<p>&nbsp;<img class=\"image_resized\" style=\"width:29.66%;\" src=\"/media/WhatsApp%20Image%202023-08-03%20at%2012.28.38_RYswOMY.jpeg\"><img class=\"image_resized\" style=\"width:29.53%;\" src=\"/media/WhatsApp%20Image%202023-08-03%20at%2012.08.33.jpeg\"><img class=\"image_resized\" style=\"width:29.31%;\" src=\"/media/WhatsApp%20Image%202023-08-03%20at%2011.36.33_xVmX6Ix.jpeg\"></p><p>&nbsp;</p>", "view_count": 167, "menu_id": 101, "admin_id": 52, "created_at": "2021-08-13T04:09:46.812Z", "updated_at": "2024-07-01T11:14:24.586Z", "is_edited": true}, "m2m": {"photo": []}}, {"condition": {"id": 1922}, "defaults": {"site_id": 49, "judul": "Profil Pejabat Struktural", "isi_halaman": "", "view_count": 295, "menu_id": 46, "admin_id": 52, "created_at": "2021-08-13T16:19:30.576Z", "updated_at": "2024-07-10T13:19:15.651Z", "is_edited": true}, "m2m": {"photo": [2638]}}, {"condition": {"id": 1970}, "defaults": {"site_id": 49, "judul": "PELAYANAN POLI", "isi_halaman": "<p><em>a. Gambar Loket Pendaftaran</em></p>\r\n\r\n<p><img alt=\"\" src=\"/media/uploads/puskesmaskedirilobar/2022/07/11/whatsapp-image-2022-07-11-at-104355-1.jpeg\" style=\"height:225px; width:500px\" /></p>\r\n\r\n<p><em>b. Gambar Pelayanan Poli Gigi</em></p>\r\n\r\n<p><img alt=\"\" src=\"/media/uploads/puskesmaskedirilobar/2022/04/30/whatsapp-image-2022-04-29-at-091035.jpeg\" style=\"height:281px; width:500px\" /></p>\r\n\r\n<p><em>c. Gambar Poli Umum</em></p>\r\n\r\n<p><img alt=\"\" src=\"/media/uploads/puskesmaskedirilobar/2022/07/11/whatsapp-image-2022-07-11-at-104354-1.jpeg\" style=\"height:225px; width:500px\" /></p>\r\n\r\n<p><em>d.Gambar Poli KIA</em></p>\r\n\r\n<p><img alt=\"\" src=\"/media/uploads/puskesmaskedirilobar/2022/07/11/whatsapp-image-2022-07-11-at-104353.jpeg\" style=\"height:225px; width:500px\" /></p>\r\n\r\n<p><em>e. Gambar Poli Remaja</em></p>\r\n\r\n<p><img alt=\"\" src=\"/media/uploads/puskesmaskedirilobar/2022/07/11/whatsapp-image-2022-07-11-at-103826.jpeg\" style=\"height:667px; width:500px\" /></p>\r\n\r\n<p><em>f. Gambar Poli Lansia</em></p>\r\n\r\n<p><img alt=\"\" src=\"/media/uploads/puskesmaskedirilobar/2022/07/11/whatsapp-image-2022-07-11-at-104355.jpeg\" style=\"height:225px; width:500px\" /></p>\r\n\r\n<p><em>g.Gambar Poli Anak</em></p>\r\n\r\n<p><img alt=\"\" src=\"/media/uploads/puskesmaskedirilobar/2022/07/11/whatsapp-image-2022-07-11-at-110111.jpeg\" style=\"height:231px; width:500px\" /></p>\r\n\r\n<p><em>h. Gambar Laboratorium</em></p>\r\n\r\n<p><img alt=\"\" src=\"/media/uploads/puskesmaskedirilobar/2022/07/11/whatsapp-image-2022-07-11-at-113244.jpeg\" style=\"height:409px; width:500px\" /></p>\r\n\r\n<p><em>i. Gambar Apotek</em></p>\r\n\r\n<p><em><img alt=\"\" src=\"/media/uploads/puskesmaskedirilobar/2022/07/11/whatsapp-image-2022-07-11-at-104354.jpeg\" style=\"height:225px; width:500px\" /></em></p>\r\n\r\n<p>&nbsp;</p>", "view_count": 273, "menu_id": 315, "admin_id": 52, "created_at": "2021-08-14T01:57:43.363Z", "updated_at": "2023-01-24T04:53:56.699Z", "is_edited": true}, "m2m": {"photo": []}}, {"condition": {"id": 2048}, "defaults": {"site_id": 49, "judul": "Tugas dan Fungsi", "isi_halaman": "<div class=\"embed-responsive embed-responsive-1by1\"><iframe class=\"embed-responsive-item\" frameborder=\"0\" src=\"https://docs.google.com/gview?url=http://puskesmaskediri-dikes.lombokbaratkab.go.id/media/PERBUP_LOMBOK_BARAT_NOMOR_10.A_TAHUN_2020.pdf&amp;embedded=true\"></iframe></div>", "view_count": 282, "menu_id": 44, "admin_id": 52, "created_at": "2021-08-14T21:16:08.780Z", "updated_at": "2024-07-01T11:13:40.828Z", "is_edited": true}, "m2m": {"photo": []}}, {"condition": {"id": 2049}, "defaults": {"site_id": 49, "judul": "UGD dan KIA  24 JAM UPT PUSKESMAS KEDIRI", "isi_halaman": "<ul>\r\n\t<li>PELAYANAN KEGAWAT DARURATAN UPT PUSKESMAS KEDIRI 24 JAM</li>\r\n\t<li>PELAYANAN IBU BERSALIN&nbsp;UPT PUSKESMAS KEDIRI 24 JAM</li>\r\n</ul>\r\n\r\n<p>&nbsp;</p>", "view_count": 425, "menu_id": 316, "admin_id": 52, "created_at": "2021-08-14T21:16:21.705Z", "updated_at": "2023-01-23T17:50:50.059Z", "is_edited": true}, "m2m": {"photo": [2587, 2591]}}, {"condition": {"id": 2050}, "defaults": {"site_id": 49, "judul": "Penilaian Kinerja", "isi_halaman": "<p>Penilain Kinerja&nbsp;</p>\r\n\r\n<p><img alt=\"\" src=\"/media/uploads/puskesmaskedirilobar/2023/06/09/survey.png\" style=\"height:165px; width:300px\" /></p>\r\n\r\n<p>&nbsp;</p>\r\n\r\n<p>Untuk Survey IKM Online Silahkan Klik Link berikut ini&nbsp;<a href=\"https://ikm.lombokbaratkab.go.id/\">https://ikm.lombokbaratkab.go.id/</a></p>", "view_count": 4, "menu_id": 100, "admin_id": 52, "created_at": "2021-08-14T21:16:40.005Z", "updated_at": "2023-06-10T07:42:21.976Z", "is_edited": true}, "m2m": {"photo": []}}, {"condition": {"id": 2051}, "defaults": {"site_id": 49, "judul": "Tentang", "isi_halaman": "<p>UPT Puskesmas Kediri Kabupaten Lombok Barat Adalah Fasilitas Kesehatan Tingkat Pertama dibawah naungan Dinas Kesehatan Kabupaten Lombok Barat dan bergerak di bidang kesehatan.</p>", "view_count": 335, "menu_id": 42, "admin_id": 52, "created_at": "2021-08-14T21:16:42.561Z", "updated_at": "2024-07-12T01:42:47.793Z", "is_edited": true}, "m2m": {"photo": []}}, {"condition": {"id": 2052}, "defaults": {"site_id": 49, "judul": "PELAYANAN DIFABEL", "isi_halaman": "<p style=\"text-align:justify\"><span style=\"font-size:20px\"><span style=\"font-family:Calibri,&quot;sans-serif&quot;\"><span style=\"color:black\">Upt Puskesmas Kediri memberi Pelayanan terbaik untuk Penyandang Disabilitas.</span></span></span></p>\r\n\r\n<p style=\"text-align:justify\"><span style=\"font-size:20px\"><span style=\"font-family:Calibri,&quot;sans-serif&quot;\"><span style=\"color:black\">link Youtube dibawah ini adalah salah satu pelayanan untuk Penyandang Disabilitas terkait Kespro...</span></span></span><br />\r\n<a href=\"https://youtu.be/BxODooPJrpY\">https://youtu.be/BxODooPJrpY</a></p>\r\n", "view_count": 332, "menu_id": 99, "admin_id": 52, "created_at": "2021-08-14T21:16:46.714Z", "updated_at": "2024-07-08T16:50:28.688Z", "is_edited": true}, "m2m": {"photo": [2597]}}, {"condition": {"id": 2053}, "defaults": {"site_id": 49, "judul": "STRUKTUR ORGANISASI UPT PUSKESMAS KEDIRI", "isi_halaman": "<p><a href=\"/media/uploads/puskesmaskedirilobar/2022/06/27/struktur-organisasi-pkm-kediri.pdf\">/media/uploads/puskesmaskedirilobar/2022/06/27/struktur-organisasi-pkm-kediri.pdf</a></p>\r\n", "view_count": 66, "menu_id": 45, "admin_id": 52, "created_at": "2021-08-14T21:20:49.512Z", "updated_at": "2023-06-09T06:02:42.949Z", "is_edited": true}, "m2m": {"photo": []}}, {"condition": {"id": 2054}, "defaults": {"site_id": 49, "judul": "PENGADUAN MASYARAKAT", "isi_halaman": "<p><strong><span style=\"font-size:20px\">Bisa melalui :&nbsp;</span></strong><br />\r\nEmail&nbsp;&nbsp; &nbsp;&nbsp;&nbsp; &nbsp; : pkm.kdr2013@gmail.com<br />\r\nWebsite&nbsp;&nbsp; &nbsp; : https://puskesmaskediri-dikes.lombokbaratkab.go.id/<br />\r\nTelpon&nbsp; &nbsp; &nbsp; &nbsp; : 0370 7561954<br />\r\n&nbsp;</p>", "view_count": 2, "menu_id": 115, "admin_id": 52, "created_at": "2021-08-14T21:20:54.013Z", "updated_at": "2023-05-31T01:45:59.872Z", "is_edited": true}, "m2m": {"photo": []}}, {"condition": {"id": 2057}, "defaults": {"site_id": 49, "judul": "SK PEMBENTUKAN TIM PENGELOLA PENANGANAN PENGADUAN MASYARAKAT", "isi_halaman": "<p><a href=\"/media/uploads/puskesmaskedirilobar/2022/07/11/sk-pembentukan-tim-pengelola-penanganan-pengaduan-masyarakat.pdf\">/media/uploads/puskesmaskedirilobar/2022/07/11/sk-pembentukan-tim-pengelola-penanganan-pengaduan-masyarakat.pdf</a></p>\r\n", "view_count": 18, "menu_id": 118, "admin_id": 52, "created_at": "2021-08-14T21:21:12.362Z", "updated_at": "2023-06-02T10:58:48.931Z", "is_edited": true}, "m2m": {"photo": []}}, {"condition": {"id": 2058}, "defaults": {"site_id": 49, "judul": "Layanan Pengaduan", "isi_halaman": "<figure class=\"image\"><img src=\"/media/image_Q9sS7GB.png\"></figure>", "view_count": 324, "menu_id": 115, "admin_id": 52, "created_at": "2021-08-14T21:21:13.270Z", "updated_at": "2024-07-08T15:48:19.524Z", "is_edited": true}, "m2m": {"photo": [10595]}}, {"condition": {"id": 2059}, "defaults": {"site_id": 49, "judul": "Rekognisi", "isi_halaman": "<p><img alt=\"\" src=\"/media/uploads/puskesmaskedirilobar/2023/06/09/whatsapp-image-2023-06-09-at-185444-1.jpeg\" style=\"height:509px; width:300px\" /></p>\r\n\r\n<p><img alt=\"\" src=\"/media/uploads/puskesmaskedirilobar/2023/06/09/whatsapp-image-2023-06-09-at-185444-2.jpeg\" style=\"height:489px; width:300px\" /></p>\r\n\r\n<p><img alt=\"\" src=\"/media/uploads/puskesmaskedirilobar/2023/06/09/whatsapp-image-2023-06-09-at-185444.jpeg\" style=\"height:485px; width:300px\" /></p>\r\n\r\n<p><img alt=\"\" src=\"/media/uploads/puskesmaskedirilobar/2023/06/09/whatsapp-image-2023-06-09-at-185445-1.jpeg\" style=\"height:334px; width:300px\" /></p>\r\n\r\n<p><img alt=\"\" src=\"/media/uploads/puskesmaskedirilobar/2023/06/09/whatsapp-image-2023-06-09-at-185445.jpeg\" style=\"height:281px; width:300px\" /></p>\r\n", "view_count": 270, "menu_id": 104, "admin_id": 52, "created_at": "2021-08-14T21:21:36.339Z", "updated_at": "2024-07-08T18:43:32.511Z", "is_edited": true}, "m2m": {"photo": []}}, {"condition": {"id": 2060}, "defaults": {"site_id": 49, "judul": "Jangka Waktu Respon Pengaduan", "isi_halaman": "<p>Kami akan merespon Kritik dan Masukan Masyarakat 1x24 jam.&nbsp;</p>\r\n", "view_count": 221, "menu_id": 116, "admin_id": 52, "created_at": "2021-08-14T21:21:37.628Z", "updated_at": "2024-07-12T00:52:29.024Z", "is_edited": true}, "m2m": {"photo": []}}, {"condition": {"id": 2599}, "defaults": {"site_id": 49, "judul": "RAWAT INAP", "isi_halaman": "<p><em>a. Gambar Rawat Inap</em></p>\r\n\r\n<p><em><img alt=\"\" src=\"/media/uploads/puskesmaskedirilobar/2022/07/11/whatsapp-image-2022-07-11-at-110146_yMPtbrO.jpeg\" style=\"height:667px; width:500px\" /></em></p>", "view_count": 283, "menu_id": 317, "admin_id": 52, "created_at": "2021-09-10T17:00:45.432Z", "updated_at": "2024-06-28T16:50:26.630Z", "is_edited": true}, "m2m": {"photo": []}}, {"condition": {"id": 3301}, "defaults": {"site_id": 49, "judul": "PROFIL UPT PUSKESMAS KEDIRI", "isi_halaman": "<div class=\"embed-responsive embed-responsive-1by1\"><iframe class=\"embed-responsive-item\" frameborder=\"0\" src=\"https://docs.google.com/gview?url=http://puskesmaskediri-dikes.lombokbaratkab.go.id/media/ISI_PROFIL_2022.pdf&amp;embedded=true\"></iframe></div>\r\n\r\n<p>&nbsp;</p>", "view_count": 410, "menu_id": 503, "admin_id": 52, "created_at": "2022-06-27T11:10:41.757Z", "updated_at": "2024-07-11T18:33:38.339Z", "is_edited": true}, "m2m": {"photo": []}}, {"condition": {"id": 3303}, "defaults": {"site_id": 49, "judul": "Pos Pembinaan Terpadu Penyakit Tidak Menular (Posbindu PTM)", "isi_halaman": "<p>Sesuai Juknis Posbindu PTM, Kemenkes RI 2012, disebutkan bahwa saat ini peningkatan prevalensi penyakit tidak menular telah menjadi ancaman yang serius, khususnya dalam perkembangan kesehatan masyarakat. Salah satu strategi yang dikembangkan pemerintah untuk mengendalikan penyakit tidak menular ini, kemudian dikembangkan model Pengendalian Penyakit Tidak Menular (PTM) berbasis masyarakat melalui Pos Pembinaan Terpadu (Posbindu) PTM. Posbindu PTM merupakan bentuk peran serta masyarakat dalam upaya pengendalian faktor risiko secara mandiri dan berkesinambungan. Pengembangan Posbindu PTM dapat dipadukan dengan upaya yang telah terselenggara di masyarakat. Melalui Posbindu PTM, dapat sesegeranya dilakukan pencegahan faktor risiko PTM sehingga kejadian PTM di masyarakat dapat ditekan.</p>\r\n\r\n<p>gambar dibawah ini merupakan Kegiatan POSBINDU UPT PUSKESMAS KEDIRI&nbsp;</p>\r\n\r\n<p><img alt=\"\" src=\"/media/uploads/puskesmaskedirilobar/2022/06/28/whatsapp-image-2022-06-28-at-103004.jpeg\" style=\"height:533px; width:300px\" />&nbsp;<img alt=\"\" src=\"/media/uploads/puskesmaskedirilobar/2022/06/28/whatsapp-image-2022-06-28-at-103003-1.jpeg\" style=\"height:534px; width:300px\" />&nbsp;<img alt=\"\" src=\"/media/uploads/puskesmaskedirilobar/2022/06/28/whatsapp-image-2022-06-28-at-103004-1.jpeg\" style=\"height:400px; width:300px\" /></p>\r\n\r\n<p>&nbsp;</p>\r\n", "view_count": 26, "menu_id": 504, "admin_id": 52, "created_at": "2022-06-28T10:40:03.813Z", "updated_at": "2024-05-29T22:34:52.091Z", "is_edited": true}, "m2m": {"photo": [2197]}}, {"condition": {"id": 3304}, "defaults": {"site_id": 49, "judul": "Pelaksanaan Kelas ibu hamil", "isi_halaman": "<p><strong><span style=\"font-size:20px\">Laporan Kegiatan</span></strong></p>\r\n\r\n<p>Nama Kegiatan : Pelaksanaan Kelas ibu hamil&nbsp;</p>\r\n\r\n<p>Hari/Tanggal: Senin, &nbsp;18, 19, 21 dan 23 April 2022</p>\r\n\r\n<p>Lokasi Kegiatan: di dusun Montong Are Tengah desa Montong Are wilayah Kerja UPT Puskesmas Kediri</p>\r\n\r\n<p>Tujuan Pelaksanaan: Memberikan pendidikan tentang kesehatan ibu hamil, nifas, dan bayi.</p>\r\n\r\n<p>Narasumber/Petugas: Mulyani. Jurriati dr. Souvia M dan musliharis&nbsp;</p>\r\n\r\n<p>Peserta/Sasaran: Ibu Hamil di dusun montong are tengah</p>\r\n\r\n<p>Hasil Kegiatan/Output: ibu hamil mampu memahami tentang kesehatan ibu hamil, gizi pada saat kehamilan, tanda-tanda bahaya pada saat kehamilan, tanda- tanda persalinan normal, tanda-tanda bahaya pada saat persalinan, penyakit malaria, gejala dan akibatnya, serta penyakit menular seksual (IMS), pelayanan kesehatan pada saat masa nifas, tanda-tanda bahaya pada saat masa nifas, KB, dan Bayi Baru Lahir.<br />\r\nKehadiran ibu hamil 100%<br />\r\nHasil pretes 75%, posttes &nbsp;90%</p>\r\n\r\n<p><img alt=\"\" src=\"/media/uploads/puskesmaskedirilobar/2022/06/28/whatsapp-image-2022-06-22-at-184656.jpeg\" style=\"height:225px; width:300px\" /></p>", "view_count": 499, "menu_id": 507, "admin_id": 52, "created_at": "2022-06-28T10:46:54.765Z", "updated_at": "2024-07-11T20:20:55.548Z", "is_edited": true}, "m2m": {"photo": [2199, 2206]}}, {"condition": {"id": 3305}, "defaults": {"site_id": 49, "judul": "KEGIATAN PELAYANAN DAN SENAM PROLANIS UPT PUSKESMAS KEDIRI", "isi_halaman": "<p style=\"text-align:justify\">Program Pengelolaan Penyakit Kronis (<strong>Prolanis</strong>) adalah sistem pelayanan kesehatan dan pendekatan proaktif yang melibatkan peserta, fasilitas kesehatan, dan BPJS Kesehatan dalam rangka memelihara kesehatan peserta BPJS Kesehatan yang menderita penyakit kronis, sehingga dapat mencapai kualitas hidup yang optimal dengan biaya pelayanan kesehatan efektif dan efisien.</p>\r\n\r\n<p style=\"text-align:justify\">Tujuannya umtuk mendorong peserta penyandang penyakit kronis mencapai kualitas hidup optimal dengan indikator 75% peserta terdaftar yang berkunjung ke Faskes Tingkat Pertama (FKTP) memiliki hasil &ldquo;baik&rdquo; pada pemeriksaan spesifik terhadap penyakit DM Tipe 2 dan Hipertensi sesuai Panduan Klinis terkait sehingga dapat mencegah timbulnya komplikasi penyakit.</p>\r\n\r\n<p style=\"text-align:justify\">Program yang diselenggarakan oleh BPJS Kesehatan ini bertujuan untuk mendorong peserta penyandang penyakit kronis mencapai kualitas hidup optimal. Penyakit kronis yang dimaksud adalah diabetes melitus tipe 2 dan hipertensi.</p>\r\n\r\n<p style=\"text-align:justify\">Prolanis merupakan kelanjutan dari skrining kesehatan. Jika hasil skrining riwayat kesehatan mengindikasikan peserta memiliki faktor resiko diabetes melitus tipe 2 atau hipertensi, peserta dapat turut serta dalam Prolanis.</p>\r\n\r\n<p style=\"text-align:justify\">Gambar dibawah merupakan salah satu kegiatan rutin peserta prolanis untuk hidup sehat melalui Senam Prolanis dan Pemeriksaan Rutin&nbsp;</p>\r\n\r\n<p><img alt=\"\" src=\"/media/uploads/puskesmaskedirilobar/2023/06/09/whatsapp-image-2023-06-09-at-170224-1.jpeg\" style=\"height:225px; width:300px\" />&nbsp;</p>\r\n\r\n<p>&nbsp;</p>\r\n\r\n<p>&nbsp;&nbsp;<img alt=\"\" src=\"/media/uploads/puskesmaskedirilobar/2023/06/09/whatsapp-image-2023-06-09-at-170348.jpeg\" style=\"height:138px; width:300px\" />&nbsp;&nbsp;<img alt=\"\" src=\"/media/uploads/puskesmaskedirilobar/2023/06/09/whatsapp-image-2023-06-09-at-170349.jpeg\" style=\"height:138px; width:300px\" /></p>\r\n\r\n<p><img alt=\"\" src=\"/media/uploads/puskesmaskedirilobar/2023/06/09/whatsapp-image-2023-06-09-at-170225.jpeg\" style=\"height:138px; width:300px\" />&nbsp;<img alt=\"\" src=\"/media/uploads/puskesmaskedirilobar/2023/06/09/whatsapp-image-2023-06-09-at-170224.jpeg\" style=\"height:225px; width:300px\" /></p>", "view_count": 589, "menu_id": 505, "admin_id": 52, "created_at": "2022-06-28T10:55:30.273Z", "updated_at": "2024-07-12T02:22:10.203Z", "is_edited": true}, "m2m": {"photo": [2203]}}, {"condition": {"id": 3310}, "defaults": {"site_id": 49, "judul": "POSYANDU KELUARGA UPT PUSKESMAS KEDIRI", "isi_halaman": "<p style=\"text-align:justify\"><span style=\"font-size:12pt\"><span style=\"background-color:white\"><span style=\"font-family:&quot;Times New Roman&quot;,&quot;serif&quot;\"><span style=\"font-size:13.0pt\"><span style=\"font-family:&quot;Helvetica&quot;,&quot;sans-serif&quot;\"><span style=\"color:#333333\">Pembangunan kesehatan merupakan bagian dari pembangunan nasional yang bertujuan mewujudkan derajat hidup masyarakat yang setinggi-tingginya. Dalam agenda prioritas pembangunan nasional, pembangunan kesehatan diarahkan untuk mengimplementasikan Nawa Cita yang ke lima yaitu meningkatkan kualitas hidup manusia Indonesia.</span></span></span></span></span></span></p>\r\n\r\n<p style=\"text-align:justify\"><span style=\"font-size:12pt\"><span style=\"background-color:white\"><span style=\"font-family:&quot;Times New Roman&quot;,&quot;serif&quot;\"><span style=\"font-size:13.0pt\"><span style=\"font-family:&quot;Helvetica&quot;,&quot;sans-serif&quot;\"><span style=\"color:#333333\">Mengacu pada hasil pembangunan kesehatan pada tahun 2017 dan menyongsong RPJMD Provinsi Nusa Tenggara Barat Tahun 2018/2023 maka diperlukan penataan dan inovasi program pelayanan kesehatan kepada masyarakat agar lebih cepat tercapainya pembangunan kesehatan di Provinsi Nusa Tenggara Barat sesuai dengan visi &quot;Membangun Nusa Tenggara Barat yang Gemilang&quot; dengan 6 misi yaitu: Tangguh dan Mantab; Bersih dan Melayani; Sehat dan Cerdas; Asri dan Lestari; Sejahtera dan Mandiri; serta Aman dan Berkah.</span></span></span></span></span></span></p>\r\n\r\n<p style=\"text-align:justify\"><span style=\"font-size:12pt\"><span style=\"background-color:white\"><span style=\"font-family:&quot;Times New Roman&quot;,&quot;serif&quot;\"><span style=\"font-size:13.0pt\"><span style=\"font-family:&quot;Helvetica&quot;,&quot;sans-serif&quot;\"><span style=\"color:#333333\">Sejalan dengan hal tersebut di atas maka dikembangkan inovasi Pelayanan Posyandu Keluarga yang bertujuan untuk mengefektifkan pelayanan kesehatan bagi semua anggota keluarga. Posyandu Keluarga mendukung kebijakan Kementerian Kesehatan Republik Indonesia yaitu program Indonesia Sehat Melalui Pendekatan Keluarga, yang berprinsip mendekatkan pelayanan kesehatan dasar pada masyarakat desa/kelurahan.</span></span></span></span></span></span></p>\r\n\r\n<p style=\"text-align:justify\"><span style=\"font-size:12pt\"><span style=\"background-color:white\"><span style=\"font-family:&quot;Times New Roman&quot;,&quot;serif&quot;\"><strong><span style=\"font-size:13.0pt\"><span style=\"font-family:&quot;Helvetica&quot;,&quot;sans-serif&quot;\"><span style=\"color:#333333\">A. Pengertian Posyandu Keluarga</span></span></span></strong></span></span></span></p>\r\n\r\n<p style=\"text-align:justify\"><span style=\"font-size:12pt\"><span style=\"background-color:white\"><span style=\"font-family:&quot;Times New Roman&quot;,&quot;serif&quot;\"><span style=\"font-size:13.0pt\"><span style=\"font-family:&quot;Helvetica&quot;,&quot;sans-serif&quot;\"><span style=\"color:#333333\">Posyandu keluarga adalah suatu upaya pelayanan kesehatan bersumberdaya masyarakat (UKBM) yang dilaksanakan secara komprehensif dan integrasi antara Posyandu Ibu Anak, Posbindu, Posyandu Lansia, dan/atau UKBM lainnya yang ada di wilayah dusun/lingkungan, dilaksanakan dalam satu tempat dan waktu bersamaan.</span></span></span></span></span></span></p>\r\n\r\n<p style=\"text-align:justify\"><span style=\"font-size:12pt\"><span style=\"background-color:white\"><span style=\"font-family:&quot;Times New Roman&quot;,&quot;serif&quot;\"><strong><span style=\"font-size:13.0pt\"><span style=\"font-family:&quot;Helvetica&quot;,&quot;sans-serif&quot;\"><span style=\"color:#333333\">B. Tujuan Posyandu Keluarga</span></span></span></strong></span></span></span></p>\r\n\r\n<p style=\"text-align:justify\"><span style=\"font-size:12pt\"><span style=\"background-color:white\"><span style=\"font-family:&quot;Times New Roman&quot;,&quot;serif&quot;\"><strong><span style=\"font-size:13.0pt\"><span style=\"font-family:&quot;Helvetica&quot;,&quot;sans-serif&quot;\"><span style=\"color:#333333\">Tujuan Umum</span></span></span></strong></span></span></span></p>\r\n\r\n<p style=\"text-align:justify\"><span style=\"font-size:12pt\"><span style=\"background-color:white\"><span style=\"font-family:&quot;Times New Roman&quot;,&quot;serif&quot;\"><span style=\"font-size:13.0pt\"><span style=\"font-family:&quot;Helvetica&quot;,&quot;sans-serif&quot;\"><span style=\"color:#333333\">Meningkatkan efektifitas dan efisiensi pelayanan kesehatan dasar bagi masyarakat di tingkat desa/kelurahan.</span></span></span></span></span></span></p>\r\n\r\n<p style=\"text-align:justify\"><span style=\"font-size:12pt\"><span style=\"background-color:white\"><span style=\"font-family:&quot;Times New Roman&quot;,&quot;serif&quot;\"><strong><span style=\"font-size:13.0pt\"><span style=\"font-family:&quot;Helvetica&quot;,&quot;sans-serif&quot;\"><span style=\"color:#333333\">Tujuan Khusus</span></span></span></strong></span></span></span></p>\r\n\r\n<p style=\"text-align:justify\"><span style=\"font-size:12pt\"><span style=\"background-color:white\"><span style=\"font-family:&quot;Times New Roman&quot;,&quot;serif&quot;\"><span style=\"font-size:13.0pt\"><span style=\"font-family:&quot;Helvetica&quot;,&quot;sans-serif&quot;\"><span style=\"color:#333333\">1. Memantau tumbuh kembang anak, remaja, serta kesehatan ibu hamil, nifas, dan menyusui, dalam meningkatkan status gizi balita serta menurunkan angka kematian ibu dan bayi.</span></span></span></span></span></span></p>\r\n\r\n<p style=\"text-align:justify\"><span style=\"font-size:12pt\"><span style=\"background-color:white\"><span style=\"font-family:&quot;Times New Roman&quot;,&quot;serif&quot;\"><span style=\"font-size:13.0pt\"><span style=\"font-family:&quot;Helvetica&quot;,&quot;sans-serif&quot;\"><span style=\"color:#333333\">2. Meningkatkan status kesehatan remaja.</span></span></span></span></span></span></p>\r\n\r\n<p style=\"text-align:justify\"><span style=\"font-size:12pt\"><span style=\"background-color:white\"><span style=\"font-family:&quot;Times New Roman&quot;,&quot;serif&quot;\"><span style=\"font-size:13.0pt\"><span style=\"font-family:&quot;Helvetica&quot;,&quot;sans-serif&quot;\"><span style=\"color:#333333\">3. Meningkatkan status kesehatan lanjut usia (lansia) agar sehat, mandiri, dan produktif.</span></span></span></span></span></span></p>\r\n\r\n<p style=\"text-align:justify\"><span style=\"font-size:12pt\"><span style=\"background-color:white\"><span style=\"font-family:&quot;Times New Roman&quot;,&quot;serif&quot;\"><strong><span style=\"font-size:13.0pt\"><span style=\"font-family:&quot;Helvetica&quot;,&quot;sans-serif&quot;\"><span style=\"color:#333333\">C. Kriteria Posyandu Keluarga</span></span></span></strong></span></span></span></p>\r\n\r\n<p style=\"text-align:justify\"><span style=\"font-size:12pt\"><span style=\"background-color:white\"><span style=\"font-family:&quot;Times New Roman&quot;,&quot;serif&quot;\"><span style=\"font-size:13.0pt\"><span style=\"font-family:&quot;Helvetica&quot;,&quot;sans-serif&quot;\"><span style=\"color:#333333\">1. Sudah terintegrasi (posyandu KIA, Posbindu/Posyandu Remaja, dan Lansia).</span></span></span></span></span></span></p>\r\n\r\n<p style=\"text-align:justify\"><span style=\"font-size:12pt\"><span style=\"background-color:white\"><span style=\"font-family:&quot;Times New Roman&quot;,&quot;serif&quot;\"><span style=\"font-size:13.0pt\"><span style=\"font-family:&quot;Helvetica&quot;,&quot;sans-serif&quot;\"><span style=\"color:#333333\">2. Dilaksanakan dalam satu tempat.</span></span></span></span></span></span></p>\r\n\r\n<p style=\"text-align:justify\"><span style=\"font-size:12pt\"><span style=\"background-color:white\"><span style=\"font-family:&quot;Times New Roman&quot;,&quot;serif&quot;\"><span style=\"font-size:13.0pt\"><span style=\"font-family:&quot;Helvetica&quot;,&quot;sans-serif&quot;\"><span style=\"color:#333333\">3. Dilaksanakan secara serentak dalam satu tempat (bersama-sama).</span></span></span></span></span></span></p>\r\n\r\n<p style=\"text-align:justify\"><span style=\"font-size:12pt\"><span style=\"background-color:white\"><span style=\"font-family:&quot;Times New Roman&quot;,&quot;serif&quot;\"><strong><span style=\"font-size:13.0pt\"><span style=\"font-family:&quot;Helvetica&quot;,&quot;sans-serif&quot;\"><span style=\"color:#333333\">D. Sasaran Posyandu Keluarga</span></span></span></strong></span></span></span></p>\r\n\r\n<p style=\"text-align:justify\"><span style=\"font-size:12pt\"><span style=\"background-color:white\"><span style=\"font-family:&quot;Times New Roman&quot;,&quot;serif&quot;\"><span style=\"font-size:13.0pt\"><span style=\"font-family:&quot;Helvetica&quot;,&quot;sans-serif&quot;\"><span style=\"color:#333333\">1. Bayi dan anak balita (usia 0-59 bulan).</span></span></span></span></span></span></p>\r\n\r\n<p style=\"text-align:justify\"><span style=\"font-size:12pt\"><span style=\"background-color:white\"><span style=\"font-family:&quot;Times New Roman&quot;,&quot;serif&quot;\"><span style=\"font-size:13.0pt\"><span style=\"font-family:&quot;Helvetica&quot;,&quot;sans-serif&quot;\"><span style=\"color:#333333\">2. Remaja laki-laki/perempuan (usia SMP dan SMA).</span></span></span></span></span></span></p>\r\n\r\n<p style=\"text-align:justify\"><span style=\"font-size:12pt\"><span style=\"background-color:white\"><span style=\"font-family:&quot;Times New Roman&quot;,&quot;serif&quot;\"><span style=\"font-size:13.0pt\"><span style=\"font-family:&quot;Helvetica&quot;,&quot;sans-serif&quot;\"><span style=\"color:#333333\">3. Ibu hamil dan menyusui.</span></span></span></span></span></span></p>\r\n\r\n<p style=\"text-align:justify\"><span style=\"font-size:12pt\"><span style=\"background-color:white\"><span style=\"font-family:&quot;Times New Roman&quot;,&quot;serif&quot;\"><span style=\"font-size:13.0pt\"><span style=\"font-family:&quot;Helvetica&quot;,&quot;sans-serif&quot;\"><span style=\"color:#333333\">4. Lanjut usia/lansia.&nbsp;</span></span></span></span></span></span></p>\r\n\r\n<p>&nbsp;</p>\r\n", "view_count": 134, "menu_id": 506, "admin_id": 52, "created_at": "2022-06-29T16:56:32.571Z", "updated_at": "2023-01-23T08:02:23.998Z", "is_edited": true}, "m2m": {"photo": []}}, {"condition": {"id": 4298}, "defaults": {"site_id": 49, "judul": "PENILAIAN KINERJA", "isi_halaman": "<p>Survey Kepuasan Online Silahkan klik di link ini :<a href=\"https://ikm.lombokbaratkab.go.id/\">https://ikm.lombokbaratkab.go.id/</a></p>", "view_count": 1, "menu_id": 100, "admin_id": 52, "created_at": "2022-07-10T11:49:06.987Z", "updated_at": "2023-06-09T07:53:40.535Z", "is_edited": true}, "m2m": {"photo": []}}, {"condition": {"id": 4321}, "defaults": {"site_id": 49, "judul": "KMK No. 300 ttg Pedoman Penanggulangan Episenter Pandemi Inf", "isi_halaman": "<p><a href=\"/media/uploads/puskesmaskedirilobar/2022/07/11/kmk-no-300-ttg-pedoman-penanggulangan-episenter-pandemi-inf.pdf\">/media/uploads/puskesmaskedirilobar/2022/07/11/kmk-no-300-ttg-pedoman-penanggulangan-episenter-pandemi-inf.pdf</a></p>\r\n", "view_count": 1, "menu_id": 597, "admin_id": 52, "created_at": "2022-07-11T08:46:28.766Z", "updated_at": "2022-07-11T08:49:31.732Z", "is_edited": true}, "m2m": {"photo": []}}, {"condition": {"id": 4337}, "defaults": {"site_id": 49, "judul": "MAKLUMAT PELAYANAN", "isi_halaman": "", "view_count": 441, "menu_id": 96, "admin_id": 52, "created_at": "2022-07-12T12:28:25.555Z", "updated_at": "2024-07-09T23:02:13.783Z", "is_edited": true}, "m2m": {"photo": [2634]}}, {"condition": {"id": 4788}, "defaults": {"site_id": 49, "judul": "PROLANIS", "isi_halaman": "<p><img alt=\"\" src=\"/media/uploads/puskesmaskedirilobar/2023/06/09/whatsapp-image-2023-06-09-at-163016.jpeg\" style=\"height:219px; width:500px\" /></p>", "view_count": 36, "menu_id": 505, "admin_id": 52, "created_at": "2023-02-14T15:26:55.875Z", "updated_at": "2023-06-09T08:33:14.000Z", "is_edited": true}, "m2m": {"photo": []}}, {"condition": {"id": 4838}, "defaults": {"site_id": 49, "judul": "UGD DAN PERSALINAN 24 JAM", "isi_halaman": "<p><img alt=\"\" src=\"/media/uploads/puskesmaskedirilobar/2022/07/11/whatsapp-image-2022-07-11-at-111336.jpeg\" style=\"height:268px; width:200px\" />&nbsp; &nbsp; &nbsp;</p>\r\n\r\n<p>&nbsp;</p>\r\n\r\n<p>&nbsp;</p>", "view_count": 433, "menu_id": 316, "admin_id": 52, "created_at": "2023-02-14T16:06:53.569Z", "updated_at": "2024-07-09T12:55:51.828Z", "is_edited": true}, "m2m": {"photo": []}}, {"condition": {"id": 5058}, "defaults": {"site_id": 49, "judul": "PELAYANAN POLI ( UMUM,LANSIA,REMAJA,ANAK, GIGI, DAN KIA )", "isi_halaman": "<p>Pelayanan GIGI :&nbsp;</p>\r\n\r\n<p><img alt=\"\" src=\"/media/uploads/puskesmaskedirilobar/2022/04/30/whatsapp-image-2022-04-29-at-091035.jpeg\" style=\"height:169px; width:300px\" /></p>\r\n\r\n<p>Pelayanan POLI :</p>\r\n\r\n<p><img alt=\"\" src=\"/media/uploads/puskesmaskedirilobar/2022/07/11/whatsapp-image-2022-07-11-at-104354-1.jpeg\" style=\"height:225px; width:500px\" />&nbsp;<img alt=\"\" src=\"/media/uploads/puskesmaskedirilobar/2022/07/11/whatsapp-image-2022-07-11-at-103826.jpeg\" style=\"height:400px; width:300px\" />&nbsp;</p>\r\n\r\n<p><img alt=\"\" src=\"/media/uploads/puskesmaskedirilobar/2022/07/11/whatsapp-image-2022-07-11-at-110111.jpeg\" style=\"height:138px; width:300px\" /></p>\r\n\r\n<p><img alt=\"\" src=\"/media/uploads/puskesmaskedirilobar/2022/07/11/whatsapp-image-2022-07-11-at-113244.jpeg\" style=\"height:246px; width:300px\" /></p>\r\n\r\n<p>&nbsp;</p>\r\n\r\n<p>&nbsp;</p>", "view_count": 383, "menu_id": 315, "admin_id": 52, "created_at": "2023-02-14T23:17:23.264Z", "updated_at": "2024-07-10T21:05:29.808Z", "is_edited": true}, "m2m": {"photo": []}}, {"condition": {"id": 5252}, "defaults": {"site_id": 49, "judul": "STRUKTUR ORGANISASI", "isi_halaman": "", "view_count": 673, "menu_id": 45, "admin_id": 52, "created_at": "2023-02-15T06:50:01.248Z", "updated_at": "2024-07-11T13:14:34.145Z", "is_edited": true}, "m2m": {"photo": [10594]}}, {"condition": {"id": 5783}, "defaults": {"site_id": 49, "judul": "SK PENUNJUKAN PETUGAS PENGELOLA PENGADUAN", "isi_halaman": "<div class=\"embed-responsive embed-responsive-1by1\"><iframe class=\"embed-responsive-item\" frameborder=\"0\" src=\"https://docs.google.com/gview?url=http://puskesmaskediri-dikes.lombokbaratkab.go.id/media/SK_PENANGANAN_KELUHAN.pdf&amp;embedded=true\"></iframe></div>", "view_count": 223, "menu_id": 118, "admin_id": 52, "created_at": "2023-02-16T13:24:00.236Z", "updated_at": "2024-07-10T00:52:44.053Z", "is_edited": true}, "m2m": {"photo": []}}, {"condition": {"id": 5971}, "defaults": {"site_id": 49, "judul": "UNTUK PENGADUAN KRITIK DAN SARAN", "isi_halaman": "<p><span style=\"font-size:12pt\"><span style=\"font-family:&quot;Times New Roman&quot;,&quot;serif&quot;\">Bisa Melalui :</span></span></p>\r\n\r\n<p><span style=\"font-size:12pt\"><span style=\"font-family:&quot;Times New Roman&quot;,&quot;serif&quot;\">email : pkm.kdr2013@gmail.com</span></span></p>\r\n\r\n<p><span style=\"font-size:12pt\"><span style=\"font-family:&quot;Times New Roman&quot;,&quot;serif&quot;\">WA&nbsp; &nbsp; :&nbsp;08175741842</span></span></p>\r\n\r\n<p><span style=\"font-size:12pt\"><span style=\"font-family:&quot;Times New Roman&quot;,&quot;serif&quot;\">atau melalui situs :&nbsp;<a href=\"https://www.lapor.go.id/\" style=\"color:blue; text-decoration:underline\">https://www.lapor.go.id/</a></span></span></p>", "view_count": 9, "menu_id": 115, "admin_id": 52, "created_at": "2023-02-16T23:35:27.805Z", "updated_at": "2023-06-09T06:16:12.375Z", "is_edited": true}, "m2m": {"photo": []}}, {"condition": {"id": 6102}, "defaults": {"site_id": 49, "judul": "POSYANDU KELUARGA", "isi_halaman": "<p>Kegiatan Posyandu Keluarga :&nbsp;</p>\r\n\r\n<p><img alt=\"\" src=\"/media/uploads/puskesmaskedirilobar/2023/06/09/posyandu-keluarga.jpeg\" style=\"height:400px; width:300px\" />&nbsp;<img alt=\"\" src=\"/media/uploads/puskesmaskedirilobar/2023/06/09/whatsapp-image-2023-06-09-at-162006.jpeg\" style=\"height:225px; width:300px\" />&nbsp;<img alt=\"\" src=\"/media/uploads/puskesmaskedirilobar/2023/06/09/whatsapp-image-2023-06-09-at-162006-1.jpeg\" style=\"height:400px; width:300px\" />&nbsp;<img alt=\"\" src=\"/media/uploads/puskesmaskedirilobar/2023/06/09/whatsapp-image-2023-06-09-at-162102.jpeg\" style=\"height:400px; width:300px\" />&nbsp;<img alt=\"\" src=\"/media/uploads/puskesmaskedirilobar/2023/06/09/whatsapp-image-2023-06-09-at-162103.jpeg\" style=\"height:400px; width:300px\" />&nbsp;<img alt=\"\" src=\"/media/uploads/puskesmaskedirilobar/2023/06/09/whatsapp-image-2023-06-09-at-162316_zVFyCx9.jpeg\" style=\"height:169px; width:300px\" /></p>", "view_count": 300, "menu_id": 506, "admin_id": 52, "created_at": "2023-02-17T11:22:10.052Z", "updated_at": "2024-07-07T02:34:33.982Z", "is_edited": true}, "m2m": {"photo": []}}, {"condition": {"id": 6845}, "defaults": {"site_id": 49, "judul": "Layanan Puskesmas", "isi_halaman": "", "view_count": 356, "menu_id": 161, "admin_id": 52, "created_at": "2023-03-25T23:17:22.529Z", "updated_at": "2024-07-11T23:05:43.538Z", "is_edited": true}, "m2m": {"photo": [10606]}}, {"condition": {"id": 7616}, "defaults": {"site_id": 49, "judul": "Penilaian Kinerja", "isi_halaman": "<div class=\"embed-responsive embed-responsive-1by1\"><iframe class=\"embed-responsive-item\" frameborder=\"0\" src=\"https://docs.google.com/gview?url=http://puskesmaskediri-dikes.lombokbaratkab.go.id/media/NILAI_IKM.pdf&amp;embedded=true\"></iframe></div>", "view_count": 236, "menu_id": 100, "admin_id": 52, "created_at": "2023-05-29T20:06:12.509Z", "updated_at": "2024-06-21T18:39:02.450Z", "is_edited": true}, "m2m": {"photo": []}}, {"condition": {"id": 7987}, "defaults": {"site_id": 49, "judul": "Nama Petugas Pengelola Pengaduan", "isi_halaman": "", "view_count": 271, "menu_id": 878, "admin_id": 52, "created_at": "2023-06-09T07:38:37.682Z", "updated_at": "2024-07-10T21:16:30.592Z", "is_edited": true}, "m2m": {"photo": [10604]}}, {"condition": {"id": 7993}, "defaults": {"site_id": 49, "judul": "HubungI Kami", "isi_halaman": "<p><a href=\"https://www.facebook.com/p/Upt-Blud-Puskesmas-Kediri-100067510058907/\">Alamat Facebook Kami</a></p>\r\n\r\n<p><a href=\"https://www.youtube.com/watch?v=LsaWbIohMoQ\">Alamat Youtube Kami</a></p>\r\n\r\n<p>&nbsp;</p>\r\n\r\n<p>&nbsp;</p>\r\n\r\n<p>&nbsp;</p>", "view_count": 282, "menu_id": 41, "admin_id": 52, "created_at": "2023-06-09T10:04:14.975Z", "updated_at": "2024-07-10T01:02:57.970Z", "is_edited": true}, "m2m": {"photo": []}}, {"condition": {"id": 8022}, "defaults": {"site_id": 49, "judul": "INOVASI PUSKESMAS KEDIRI", "isi_halaman": "<div class=\"embed-responsive embed-responsive-1by1\"><a href=\"http://puskesmaskediri-dikes.lombokbaratkab.go.id/media/proposal-inovasi-puskesmas-upload_xLFCCUa.pdf\">http://puskesmaskediri-dikes.lombokbaratkab.go.id/media/proposal-inovasi-puskesmas-upload_xLFCCUa.pdf</a><iframe class=\"embed-responsive-item\" frameborder=\"0\" src=\"https://docs.google.com/gview?url=http://puskesmaskediri-dikes.lombokbaratkab.go.id/media/proposal-inovasi-puskesmas-upload_xLFCCUa.pdf&amp;embedded=true\"></iframe></div>", "view_count": 254, "menu_id": 583, "admin_id": 52, "created_at": "2023-06-10T06:28:59.517Z", "updated_at": "2024-07-01T11:12:08.897Z", "is_edited": true}, "m2m": {"photo": []}}, {"condition": {"id": 50814}, "defaults": {"site_id": 49, "judul": "Sarana dan Prasarana Fasilitas", "isi_halaman": "Informasi tentang \"Sarana dan Prasarana Fasilitas\". Silahkan update di halaman <a target=\"_blank\" href=\"/dashboard/halaman-statis/\">Dashboard.<a><br><br><br><br>\"Halaman ini dibuat otomatis oleh sistem, karena halaman statis untuk menu ini belum dibuat. <br>Silahkan lakukan update di halaman statis.\"", "view_count": 4, "menu_id": 837, "admin_id": null, "created_at": "2024-06-22T03:05:51.288Z", "updated_at": "2024-06-27T23:45:50.612Z", "is_edited": false}, "m2m": {"photo": []}}, {"condition": {"id": 50815}, "defaults": {"site_id": 49, "judul": "Pelayanan Terpadu", "isi_halaman": "Informasi tentang \"Pelayanan Terpadu\". Silahkan update di halaman <a target=\"_blank\" href=\"/dashboard/halaman-statis/\">Dashboard.<a><br><br><br><br>\"Halaman ini dibuat otomatis oleh sistem, karena halaman statis untuk menu ini belum dibuat. <br>Silahkan lakukan update di halaman statis.\"", "view_count": 5, "menu_id": 838, "admin_id": null, "created_at": "2024-06-22T03:06:27.201Z", "updated_at": "2024-07-11T22:13:11.236Z", "is_edited": false}, "m2m": {"photo": []}}, {"condition": {"id": 51078}, "defaults": {"site_id": 49, "judul": "bisa melalui email pkm.kdr2021@gmail.com atau Melalui WA di NO 08175741842", "isi_halaman": "Informasi tentang \"bisa melalui email pkm.kdr2021@gmail.com atau Melalui WA di NO 08175741842\". Silahkan update di halaman <a target=\"_blank\" href=\"/dashboard/halaman-statis/\">Dashboard.<a><br><br><br><br>\"Halaman ini dibuat otomatis oleh sistem, karena halaman statis untuk menu ini belum dibuat. <br>Silahkan lakukan update di halaman statis.\"", "view_count": 3, "menu_id": 312, "admin_id": null, "created_at": "2024-06-28T06:05:48.793Z", "updated_at": "2024-07-09T13:44:49.771Z", "is_edited": false}, "m2m": {"photo": []}}, {"condition": {"id": 51130}, "defaults": {"site_id": 49, "judul": "Zona Integritas", "isi_halaman": "Informasi tentang \"Zona Integritas\". Silahkan update di halaman <a target=\"_blank\" href=\"/dashboard/halaman-statis/\">Dashboard.<a><br><br><br><br>\"Halaman ini dibuat otomatis oleh sistem, karena halaman statis untuk menu ini belum dibuat. <br>Silahkan lakukan update di halaman statis.\"", "view_count": 2, "menu_id": 351, "admin_id": null, "created_at": "2024-07-01T07:13:00.425Z", "updated_at": "2024-07-03T02:33:32.986Z", "is_edited": false}, "m2m": {"photo": []}}]