[{"condition": {"id": 258}, "defaults": {"site_id": 43, "judul": "Maklumat Pelayanan", "isi_halaman": "<p style=\"text-align:center;\">&nbsp;</p><p style=\"text-align:center;\"><strong><u>MAKLUMAT PELAYANAN</u></strong></p><p style=\"text-align:center;\">\"DENGAN INI, KAMI MENYATAKAN SANGGUP MENYELENGGARAKAN PELAYANAN INFORMASI PUBLIK SESUAI STANDAR LAYANAN YANG TELAH DITETAPKAN &nbsp;DENGAN SELALU BERUSAHA MELAKUKAN PERBAIKAN SECARA BERKESINAMBUNGAN, DAN APABILA KAMI TIDAK MENEPATI JANJI, KAMI SIAP MENERIMA SANKSI/ ATAU MEMBERIKAN KOMPENSASI SESUAI DENGAN KETENTUAN YANG BERLAKU.</p><p style=\"text-align:center;\">Kepala UPT Puskesmas Gerung,</p><p style=\"text-align:center;\"><u>Zulhana, SKM.,MM.</u></p><p style=\"text-align:center;\">NIP. 19690904 1993 2 009</p>", "view_count": 565, "menu_id": 96, "admin_id": 46, "created_at": "2021-06-07T10:51:34.819Z", "updated_at": "2024-07-11T22:47:55.701Z", "is_edited": true}, "m2m": {"photo": [4499]}}, {"condition": {"id": 259}, "defaults": {"site_id": 43, "judul": "Visi-Misi dan Motto Pelayanan", "isi_halaman": "<p><strong>VISI MISI PPID UPT PUSKESMAS GERUNG</strong></p><p><strong>VISI</strong></p><p>Menjadi penggerak utama keterbukaan informasi publik di UPT BLUD Puskesmas Gerung menuju masyarakat terwujudnya masyarakat Gerung&nbsp;yang mandiri, untuk hidup sehat dengan dilandasi nilai Patut Patuh Patju.</p><p><strong>MISI</strong></p><p>1. Menyediakan informasi publik yang akurat dan dapat dipertanggungjawabkan.</p><p>2. Memberikan layanan informasi publik yang cepat, tepat waktu dan sederhana serta biaya yang sedikit mungkin.</p><p>3. Pengelolaan layanan informasi publik yang didukung oleh Sumber Daya Manusia yang profesional dan berintegritas.</p><p>4. Memanfaatkan teknologi informasi dan komunikasi yang canggih untuk mendukung pengelolaan keterbukaan informasi publik.</p><p>5. Pelayanan yang ramah, penuh senyum terbuka dan jelas.</p>", "view_count": 379, "menu_id": 97, "admin_id": 46, "created_at": "2021-06-07T10:51:46.495Z", "updated_at": "2024-07-11T21:46:28.985Z", "is_edited": true}, "m2m": {"photo": []}}, {"condition": {"id": 261}, "defaults": {"site_id": 43, "judul": "Pelayanan Khusus", "isi_halaman": "<figure class=\"image image_resized image-style-align-center\" style=\"width:400px;\"><img src=\"http://puskesmasgerung-dikes.lombokbaratkab.go.id/media/dca8ae42-e050-4226-a438-b32f19aba3b2_Un3KRzs.jpg\" alt=\"\"></figure><p style=\"text-align:center;\">Gambar 1.</p><p style=\"text-align:center;\">Ranjang Dorong Gawat Darurat Bagi Pasien Berkebutuhan Khusus</p><p style=\"text-align:center;\">&nbsp;</p><p style=\"text-align:center;\"><img class=\"image_resized\" style=\"width:400px;\" src=\"http://puskesmasgerung-dikes.lombokbaratkab.go.id/media/5d2e62b1-3958-4c01-bcfd-f1fdc58e21be_BxrVT28.jpg\" alt=\"\"></p><p style=\"text-align:center;\">Gambar 2.</p><p style=\"text-align:center;\">Kursi Roda Bagi Pasien Berkebutuhan Khusus</p><p style=\"text-align:center;\"><img class=\"image_resized\" style=\"width:375px;\" src=\"/media/uploads/puskesmasgerunglobar/2022/08/16/1660545667261-01_Po5e2fx.jpeg\" alt=\"\"></p><p style=\"text-align:center;\">Gambar 3.</p><p style=\"text-align:center;\">Rail Board Halaman Depan Bagi Lansia/Berkebutuhan Khusus</p><p style=\"text-align:center;\"><img class=\"image_resized\" style=\"width:333px;\" src=\"/media/uploads/puskesmasgerunglobar/2022/08/16/1660607649557-01.jpeg\" alt=\"\"></p><p style=\"text-align:center;\">&nbsp;</p><p style=\"text-align:center;\">Gambar 4.</p><p style=\"text-align:center;\">Rail Board Tangga Bagi Lansia/Berkebutuhan Khusus</p><p style=\"text-align:center;\"><img class=\"image_resized\" style=\"width:33.98%;\" src=\"/media/ALUR%2C%20JADWAL%20PELAYANAN%2C%20DENAH_5LWTCfg.jpg\"></p><p style=\"text-align:center;\">Gambar 5.</p><p style=\"text-align:center;\">Informasi Denah Ruang Puskesmas, Alur Pelayanan &amp; Jadwal Jam Pelayanan</p><p style=\"text-align:center;\"><img class=\"image_resized\" style=\"width:200px;\" src=\"/media/uploads/puskesmasgerunglobar/2022/08/16/1660542260461-01.jpeg\" alt=\"\"></p><p style=\"text-align:center;\"><img class=\"image_resized\" style=\"width:375px;\" src=\"/media/uploads/puskesmasgerunglobar/2022/08/16/1660545474811-01.jpeg\" alt=\"\"></p><p style=\"text-align:center;\"><img class=\"image_resized\" style=\"width:312px;\" src=\"/media/uploads/puskesmasgerunglobar/2022/08/16/1660545380823-01.jpeg\" alt=\"\"></p><p style=\"text-align:center;\"><img class=\"image_resized\" style=\"width:334px;\" src=\"/media/uploads/puskesmasgerunglobar/2022/08/16/1660607683072-01.jpeg\" alt=\"\"></p><p style=\"text-align:center;\">Gambar 6.</p><p style=\"text-align:center;\">Papan Penunjuk Arah Ruang</p><p style=\"text-align:center;\">&nbsp;</p><figure class=\"image image_resized\" style=\"width:44.98%;\"><img src=\"/media/1689666394561-01_cfk5SbL.jpeg\"></figure><p style=\"text-align:center;\">Gambar 7.</p><p style=\"text-align:center;\">Loket Bagi Pasien Umum &amp; Khusus (Disabilitas, Ibu Hamil &amp; Lanjut Usia)</p><figure class=\"image image_resized\" style=\"width:43.76%;\"><img src=\"/media/1689666481808-01.jpeg\"></figure><p style=\"text-align:center;\">Gambar 8.</p><p style=\"text-align:center;\">Kursi Ruang Tunggu Bagi Pasien Khusus (Disabilitas, Ibu Hamil &amp; Lanjut Usia)</p><p style=\"text-align:center;\">&nbsp;</p><p style=\"text-align:center;\">&nbsp;</p>", "view_count": 636, "menu_id": 99, "admin_id": 46, "created_at": "2021-06-07T10:52:17.927Z", "updated_at": "2024-07-11T23:36:31.257Z", "is_edited": true}, "m2m": {"photo": [424, 425]}}, {"condition": {"id": 262}, "defaults": {"site_id": 43, "judul": "Penilaian Kinerja", "isi_halaman": "<p>Sumber : https://ikm.lombokbaratkab.go.id/</p><figure class=\"table\"><table style=\";\"><tbody><tr><td style=\"border:1.0pt solid black;padding:0cm 5.4pt;width:70.9pt;\" rowspan=\"4\"><p style=\"margin-left:0cm;text-align:center;\"><span style=\"background-color:#F2F2F2;color:#333333;\"><strong>PUSKESMAS GERUNG (52.01.1.02.1)</strong></span></p></td><td style=\"border-bottom-style:solid;border-color:black;border-left-style:none;border-right-style:solid;border-top-style:solid;border-width:1.0pt;padding:0cm 5.4pt;width:5.0cm;\"><p style=\"text-align:center;\"><span style=\"background-color:#F2F2F2;color:#333333;\"><strong>PENILAIAN KINERJA</strong></span></p></td><td style=\"border-bottom-style:solid;border-color:black;border-left-style:none;border-right-style:solid;border-top-style:solid;border-width:1.0pt;padding:0cm 5.4pt;width:2.0cm;\"><p style=\"text-align:center;\"><span style=\"background-color:white;color:#222222;\"><strong>Nilai IKM Layanan</strong></span></p></td><td style=\"border-bottom-style:solid;border-color:black;border-left-style:none;border-right-style:solid;border-top-style:solid;border-width:1.0pt;padding:0cm 5.4pt;width:2.0cm;\"><p style=\"margin-left:0cm;text-align:center;\"><span style=\"background-color:white;color:#222222;\"><strong>Total Responden Layanan</strong></span></p></td><td style=\"border-bottom-style:solid;border-color:black;border-left-style:none;border-right-style:solid;border-top-style:solid;border-width:1.0pt;padding:0cm 5.4pt;width:49.6pt;\"><p style=\"margin-left:0cm;text-align:center;\"><span style=\"background-color:white;color:#222222;\"><strong>Nilai IKM OPD</strong></span></p></td><td style=\"border-bottom-style:solid;border-color:black;border-left-style:none;border-right-style:solid;border-top-style:solid;border-width:1.0pt;padding:0cm 5.4pt;width:2.0cm;\"><p style=\"margin-left:0cm;text-align:center;\"><span style=\"background-color:white;color:#222222;\"><strong>Total Responden OPD</strong></span></p></td></tr><tr><td style=\"border-bottom:1.0pt solid black;border-left-style:none;border-right:1.0pt solid black;border-top-style:none;padding:0cm 5.4pt;width:5.0cm;\"><p style=\"margin-left:0cm;\"><span style=\"background-color:#F2F2F2;color:#333333;\">INSTALASI IBU DAN BAYI (IIDB)</span></p></td><td style=\"border-bottom:1.0pt solid black;border-left-style:none;border-right:1.0pt solid black;border-top-style:none;padding:0cm 5.4pt;width:2.0cm;\"><p style=\"margin-left:0cm;text-align:center;\"><span style=\"background-color:#F2F2F2;color:#333333;\">93.98</span></p></td><td style=\"border-bottom:1.0pt solid black;border-left-style:none;border-right:1.0pt solid black;border-top-style:none;padding:0cm 5.4pt;width:2.0cm;\"><p style=\"margin-left:0cm;text-align:center;\"><span style=\"background-color:#F2F2F2;color:#333333;\">96</span></p></td><td style=\"border-bottom:1.0pt solid black;border-left-style:none;border-right:1.0pt solid black;border-top-style:none;padding:0cm 5.4pt;width:49.6pt;\" rowspan=\"3\"><p style=\"margin-left:0cm;text-align:center;\"><span style=\"background-color:#F2F2F2;color:#333333;\">93,63</span></p></td><td style=\"border-bottom:1.0pt solid black;border-left-style:none;border-right:1.0pt solid black;border-top-style:none;padding:0cm 5.4pt;width:2.0cm;\" rowspan=\"3\"><p style=\"margin-left:0cm;text-align:center;\"><span style=\"background-color:#F2F2F2;color:#333333;\">370</span></p></td></tr><tr><td style=\"border-bottom:1.0pt solid black;border-left-style:none;border-right:1.0pt solid black;border-top-style:none;padding:0cm 5.4pt;width:5.0cm;\"><p style=\"margin-left:0cm;\"><span style=\"background-color:#F2F2F2;color:#333333;\">RAWAT INAP</span></p></td><td style=\"border-bottom:1.0pt solid black;border-left-style:none;border-right:1.0pt solid black;border-top-style:none;padding:0cm 5.4pt;width:2.0cm;\"><p style=\"margin-left:0cm;text-align:center;\"><span style=\"background-color:#F2F2F2;color:#333333;\">91.38</span></p></td><td style=\"border-bottom:1.0pt solid black;border-left-style:none;border-right:1.0pt solid black;border-top-style:none;padding:0cm 5.4pt;width:2.0cm;\"><p style=\"margin-left:0cm;text-align:center;\"><span style=\"background-color:#F2F2F2;color:#333333;\">77</span></p></td></tr><tr><td style=\"border-bottom:1.0pt solid black;border-left-style:none;border-right:1.0pt solid black;border-top-style:none;padding:0cm 5.4pt;width:5.0cm;\"><p style=\"margin-left:0cm;\"><span style=\"background-color:#F2F2F2;color:#333333;\">RAWAT JALAN</span></p></td><td style=\"border-bottom:1.0pt solid black;border-left-style:none;border-right:1.0pt solid black;border-top-style:none;padding:0cm 5.4pt;width:2.0cm;\"><p style=\"margin-left:0cm;text-align:center;\"><span style=\"background-color:#F2F2F2;color:#333333;\">94.35</span></p></td><td style=\"border-bottom:1.0pt solid black;border-left-style:none;border-right:1.0pt solid black;border-top-style:none;padding:0cm 5.4pt;width:2.0cm;\"><p style=\"margin-left:0cm;text-align:center;\"><span style=\"background-color:#F2F2F2;color:#333333;\">197</span></p></td></tr></tbody></table></figure><p>Diakses pada hari Sabtu, 15-07-2023, Pukul 19.30 WITA</p>", "view_count": 492, "menu_id": 100, "admin_id": 46, "created_at": "2021-06-07T10:52:34.054Z", "updated_at": "2024-07-08T21:08:16.834Z", "is_edited": true}, "m2m": {"photo": [4159]}}, {"condition": {"id": 263}, "defaults": {"site_id": 43, "judul": "Atribut", "isi_halaman": "<p>&nbsp;</p><p style=\"text-align:center;\">Gambar 1.</p><p style=\"text-align:center;\">Name Tag Staf</p>", "view_count": 590, "menu_id": 101, "admin_id": 46, "created_at": "2021-06-07T10:53:00.249Z", "updated_at": "2024-07-10T01:51:09.138Z", "is_edited": true}, "m2m": {"photo": [667]}}, {"condition": {"id": 264}, "defaults": {"site_id": 43, "judul": "Sarana dan Prasarana Fasilitas", "isi_halaman": "<figure class=\"image image-style-align-center image_resized\" style=\"width:400px;\"><img src=\"http://puskesmasgerung-dikes.lombokbaratkab.go.id/media/dca8ae42-e050-4226-a438-b32f19aba3b2_Un3KRzs.jpg\" alt=\"\"></figure><p style=\"text-align:center;\">Gambar 1.</p><p style=\"text-align:center;\">Ranjang Dorong Gawat Darurat Bagi Pasien Berkebutuhan Khusus</p><p style=\"text-align:center;\">&nbsp;</p><p style=\"text-align:center;\"><img class=\"image_resized\" style=\"width:400px;\" src=\"http://puskesmasgerung-dikes.lombokbaratkab.go.id/media/5d2e62b1-3958-4c01-bcfd-f1fdc58e21be_BxrVT28.jpg\" alt=\"\"></p><p style=\"text-align:center;\">Gambar 2.</p><p style=\"text-align:center;\">Kursi Roda Bagi Pasien&nbsp;Berkebutuhan Khusus</p><p style=\"text-align:center;\">&nbsp;</p><p style=\"text-align:center;\"><img class=\"image_resized\" style=\"width:400px;\" src=\"http://puskesmasgerung-dikes.lombokbaratkab.go.id/media/6a42cc0e-c9e4-44c9-92a7-e805638cbee6_0eOD7eq.jpg\" alt=\"\"></p><p style=\"text-align:center;\">Gambar 3.</p><p style=\"text-align:center;\">Mesin Antri Elektronik (Membantu Pasien JKN Lama Untuk Langsung Antri Ke Poli)</p><p style=\"text-align:center;\">&nbsp;</p><p style=\"text-align:center;\"><img class=\"image_resized\" style=\"width:400px;\" src=\"http://puskesmasgerung-dikes.lombokbaratkab.go.id/media/275e9eea-a33e-4a6d-a2e1-81fce301b503.jpg\" alt=\"\"></p><p style=\"text-align:center;\">Gambar 4.</p><p style=\"text-align:center;\">TV Informasi &amp; Edukasi kesehatan Ruang Tunggu Pengunjung/Pasien</p><p style=\"text-align:center;\">&nbsp;</p><p style=\"text-align:center;\"><img class=\"image_resized\" style=\"width:400px;\" src=\"http://puskesmasgerung-dikes.lombokbaratkab.go.id/media/b765e25a-054d-4ab9-a619-dcc552eccdec.jpg\" alt=\"\"></p><p style=\"text-align:center;\">Gambar 5.</p><p style=\"text-align:center;\">CCTV</p><p style=\"text-align:center;\">&nbsp;</p><p style=\"text-align:center;\"><img class=\"image_resized\" style=\"width:400px;\" src=\"http://puskesmasgerung-dikes.lombokbaratkab.go.id/media/7e2c4f37-2cbe-4f90-8b4e-f647d75a898d.jpg\" alt=\"\"></p><figure class=\"image image_resized\" style=\"width:41.31%;\"><img src=\"/media/RUANG%20TUNGGU%20PASIEN%20LOKET%20BARU.jpg\"></figure><p style=\"text-align:center;\">Gambar 6.</p><p style=\"text-align:center;\">Ruang Tunggu Pasien Terdiri Dari Kursi Pasien Umum &amp; Khusus (Disabilitas, Ibu Hamil Dan Lanjut Usia)</p><p style=\"text-align:center;\">&nbsp;</p><p style=\"text-align:center;\">&nbsp;</p><p style=\"text-align:center;\"><img class=\"image_resized\" style=\"width:400px;\" src=\"http://puskesmasgerung-dikes.lombokbaratkab.go.id/media/d274487a-7f42-4793-b9b4-191ccce55177.jpg\" alt=\"\"></p><p style=\"text-align:center;\">Gambar 7.</p><p style=\"text-align:center;\">Hand Sanitizer Untuk Pasien Di Setiap Poli</p><p style=\"text-align:center;\">&nbsp;</p><p style=\"text-align:center;\"><img class=\"image_resized\" style=\"width:400px;\" src=\"http://puskesmasgerung-dikes.lombokbaratkab.go.id/media/e8cb104a-d344-40c2-9e6a-7f8e80eaf1f7.jpg\" alt=\"\"></p><p style=\"text-align:center;\">Gambar 8.</p><p style=\"text-align:center;\">Toilet Pasien/Pengunjung</p><p style=\"text-align:center;\">&nbsp;</p><p style=\"text-align:center;\"><img class=\"image_resized\" style=\"width:400px;\" src=\"http://puskesmasgerung-dikes.lombokbaratkab.go.id/media/24401420-dc93-4736-9fae-129f344e5e61.jpg\" alt=\"\"></p><p style=\"text-align:center;\">Gambar 9.</p><p style=\"text-align:center;\">Alat Pemadam Api Ringan</p><p style=\"text-align:center;\">&nbsp;</p><p style=\"text-align:center;\"><img class=\"image_resized\" style=\"width:400px;\" src=\"http://puskesmasgerung-dikes.lombokbaratkab.go.id/media/2ffc208b-bc75-4da6-91f3-338d50725f3c.jpg\" alt=\"\"></p><p style=\"text-align:center;\">Gambar 10.</p><p style=\"text-align:center;\">Air Conditioner (AC) Disetiap Ruangan Poli</p><p style=\"text-align:center;\"><img class=\"image_resized\" style=\"width:444px;\" src=\"/media/uploads/puskesmasgerunglobar/2022/08/16/1660607881332-01_VkcWh0v.jpeg\" alt=\"\"></p><p style=\"text-align:center;\">Gambar 11.</p><p style=\"text-align:center;\">Loket Bagi Pasien Umum Dan Khusus</p><p style=\"text-align:center;\"><img class=\"image_resized\" style=\"width:445px;\" src=\"/media/uploads/puskesmasgerunglobar/2022/08/16/c05b879a-be40-4eac-8c22-ef1ef36083e7.jpg\" alt=\"\"></p><p style=\"text-align:center;\">Gambar 12.</p><p style=\"text-align:center;\">Bed Rawat Inap Lengkap Dengan Penyekat</p><p style=\"text-align:center;\"><img class=\"image_resized\" style=\"width:188px;\" src=\"/media/uploads/puskesmasgerunglobar/2022/08/16/21ca549a-795f-4694-9f64-caefc7ad8b90.jpg\" alt=\"\"></p><p style=\"text-align:center;\">Gambar 13.</p><p style=\"text-align:center;\">Air Conditioner (AC) Disetiap Ruangan Rawat Inap Dan Bersalin</p><figure class=\"image image_resized\" style=\"width:43.56%;\"><img src=\"/media/BERSALIN%20BARU.jpg\"></figure><p style=\"text-align:center;\">Gambar 14.</p><p>Ruang Bersalin</p><figure class=\"image image_resized\" style=\"width:43.46%;\"><img src=\"/media/Ruang%20Menyusui_wOasXkD.jpg\"></figure><p style=\"text-align:center;\">Gambar 15.</p><p style=\"text-align:center;\">Ruang Khusus Menyusui (Laktasi)</p><figure class=\"image image_resized\" style=\"width:43.15%;\"><img src=\"/media/Musholla.jpg\"></figure><p style=\"text-align:center;\">Gambar 16.</p><p style=\"text-align:center;\">Musholla</p><p style=\"text-align:center;\">&nbsp;</p><p>&nbsp;</p><p style=\"text-align:center;\">&nbsp;</p><p style=\"text-align:center;\">&nbsp;</p>", "view_count": 670, "menu_id": 102, "admin_id": 46, "created_at": "2021-06-07T10:53:10.966Z", "updated_at": "2024-07-11T20:45:44.416Z", "is_edited": true}, "m2m": {"photo": [424, 425, 426]}}, {"condition": {"id": 265}, "defaults": {"site_id": 43, "judul": "Pelayanan Terpadu", "isi_halaman": "<p>Pelayanan Terpadu</p>", "view_count": 529, "menu_id": 103, "admin_id": 46, "created_at": "2021-06-07T10:53:23.609Z", "updated_at": "2024-07-12T00:15:00.935Z", "is_edited": true}, "m2m": {"photo": [6225]}}, {"condition": {"id": 266}, "defaults": {"site_id": 43, "judul": "Rekognisi", "isi_halaman": "<p style=\"text-align:center;\">&nbsp;</p><p style=\"text-align:center;\">&nbsp;</p><p style=\"text-align:center;\"><img class=\"image_resized\" style=\"width:400px;\" src=\"http://puskesmasgerung-dikes.lombokbaratkab.go.id/media/1f0bad05-4637-4817-bfe6-58447a1d99ae.jpg\" alt=\"\"></p><p style=\"text-align:center;\">Gambar 1.</p><p style=\"text-align:center;\">\"Implementasi Keterbukaan Informasi Publik di Propinsi NTB 2019\"</p><p style=\"text-align:center;\">Komisi Informasi Provinsi Nusa Tenggara Barat</p><p style=\"text-align:center;\">&nbsp;</p><p style=\"text-align:center;\"><img class=\"image_resized\" style=\"width:400px;\" src=\"http://puskesmasgerung-dikes.lombokbaratkab.go.id/media/22002421-6638-48a4-8f09-2ce5ae4fd1f0.jpg\" alt=\"\"></p><p style=\"text-align:center;\">Gambar 2.</p><p style=\"text-align:center;\">\"Sertifikat Akreditasi\"</p><p style=\"text-align:center;\">Kementerian Kesehatan RI Komisi Akreditasi Fasilitas Kesehatan Tingkat Pertama</p><p style=\"text-align:center;\">&nbsp;</p><p style=\"text-align:center;\"><img class=\"image_resized\" style=\"width:400px;\" src=\"https://puskesmasgerung-dikes.lombokbaratkab.go.id/media/20220525_083139-01.jpeg\" alt=\"\"></p><p style=\"text-align:center;\">Gambar 3.</p><p style=\"text-align:center;\">\"Piagam Lomba Kelompok Taman Obat Keluarga \"Anugerah\" Kelurahan Gerung Selatan&nbsp;</p><p style=\"text-align:center;\"><img class=\"image_resized\" style=\"width:400px;\" src=\"https://puskesmasgerung-dikes.lombokbaratkab.go.id/media/20220525_083836-01.jpeg\" alt=\"\"></p><p style=\"text-align:center;\">Gambar 4.</p><p style=\"text-align:center;\">\"Piagam Juara III Puskesmas Berprestasi Kategori Perdesaan Kabupaten Lombok Barat Tahun 2014\"</p><p style=\"text-align:center;\"><img class=\"image_resized\" style=\"width:400px;\" src=\"/media/uploads/puskesmasgerunglobar/2022/06/22/eee.jpg\" alt=\"\"></p><p style=\"text-align:center;\">Gambar 5.</p><p style=\"text-align:center;\">Piagam Penghargaan OMBUDSMAN</p><p style=\"text-align:center;\">Predikat Kepatuhan Tinggi Standar Pelayanan Publik Tahun 2001 Pemerintah Kabupaten Lombok Barat</p><p style=\"text-align:center;\"><img class=\"image_resized\" style=\"width:401px;\" src=\"/media/uploads/puskesmasgerunglobar/2022/08/11/b29801ec-c466-42c8-ad5a-5d098ba459e7.jpg\" alt=\"\"></p><p style=\"text-align:center;\">Gambar 5.</p><p style=\"text-align:center;\">Piagam Penghargaan Kementerian Kesehatan</p><p style=\"text-align:center;\">Fasilitas Pelayanan kesehatan Yang tidak Menggunakan Alat Kesehatan Bermekuri 2021</p><p style=\"text-align:center;\">&nbsp;</p><p style=\"text-align:center;\">Gambar 6.</p><p style=\"text-align:center;\">Piagam Penghargaan Bupati Lombok Barat</p><p style=\"text-align:center;\">Pengelolaan Program ASPAK 2023</p><figure class=\"image image_resized\" style=\"width:30.11%;\"><img src=\"https://cdn.lombokbaratkab.go.id/media/5bd922e7-3a9a-4fb6-8b25-0cd323648134.jpeg\"></figure><p style=\"text-align:center;\">&nbsp;</p><p style=\"text-align:center;\">Gambar 7.</p><p style=\"text-align:center;\">Piagam Penghargaan Bupati Lombok Barat</p><p style=\"text-align:center;\">Pengelolaan Mutu Pelayanan Kesehatan 2023</p><figure class=\"image image_resized\" style=\"width:31.05%;\"><img src=\"https://cdn.lombokbaratkab.go.id/media/80430df8-ea8f-44c6-ab2f-346dfe5496b8.jpeg\"></figure><p style=\"text-align:center;\">&nbsp;</p><p style=\"text-align:center;\">Gambar 8.</p><p style=\"text-align:center;\">Piagam Penghargaan Bupati Lombok Barat</p><p style=\"text-align:center;\">Pengelolaan Data, Website Dan media Sosial 2023</p><figure class=\"image image_resized\" style=\"width:30%;\"><img src=\"https://cdn.lombokbaratkab.go.id/media/47cd768c-c263-4195-b782-ddf7cbf45dcf.jpeg\"></figure><p style=\"text-align:center;\">&nbsp;</p><p style=\"text-align:center;\">Gambar 9.</p><p style=\"text-align:center;\">Piagam Penghargaan Ombudsman Republik Indonesia</p><p style=\"text-align:center;\">Penilaian Kepatuhan Penyelenggaraan Pelayanan Publik 2023</p><p style=\"text-align:center;\">&nbsp;</p><figure class=\"image image_resized\" style=\"width:30.13%;\"><img src=\"https://cdn.lombokbaratkab.go.id/media/ef2e2ab7-23db-4d33-9190-5c04faa1321b.jpeg\"></figure><p style=\"text-align:center;\">&nbsp;</p><p>&nbsp;</p><p>&nbsp;</p><p>&nbsp;</p><p>&nbsp;</p>", "view_count": 806, "menu_id": 104, "admin_id": 46, "created_at": "2021-06-07T10:53:34.579Z", "updated_at": "2024-07-10T04:36:02.252Z", "is_edited": true}, "m2m": {"photo": [420, 872, 2013]}}, {"condition": {"id": 273}, "defaults": {"site_id": 43, "judul": "Jangka Waktu Respon Pengaduan", "isi_halaman": "<p>Jangka Waktu Respon Pengaduan 1X24 Jam</p>", "view_count": 387, "menu_id": 116, "admin_id": 46, "created_at": "2021-06-07T11:01:08.247Z", "updated_at": "2024-07-11T22:29:43.058Z", "is_edited": true}, "m2m": {"photo": [12584]}}, {"condition": {"id": 274}, "defaults": {"site_id": 43, "judul": "Nama Petugas Pengelola Pengaduan", "isi_halaman": "<p>Pembina : Kepala UPT Puskesmas Gerung</p><p>Ketua : Kepala Sub Bagian Tata Usaha</p><p>ANGGOTA :</p><p>* Nama : Sri Hartini</p><p>Pangkat/Gol&nbsp; &nbsp; :&nbsp;Pengatur TK. I II/d</p><p>NIP&nbsp; &nbsp; &nbsp; &nbsp; &nbsp; &nbsp; &nbsp; &nbsp; &nbsp; :&nbsp;19811105 200604 2 024</p><p>&nbsp;</p><p>*Bagian Website/Email : Ardian F.Y.,SKM.</p><p>&nbsp;</p><p>*Bagian Call Center SMS/Whatsapp : Sri Muliati, A.Md.</p>", "view_count": 367, "menu_id": 117, "admin_id": 46, "created_at": "2021-06-07T11:01:22.863Z", "updated_at": "2024-07-06T02:42:12.929Z", "is_edited": true}, "m2m": {"photo": []}}, {"condition": {"id": 275}, "defaults": {"site_id": 43, "judul": "SK Penunjukan Petugas Pengelola Pengaduan", "isi_halaman": "<figure class=\"image image_resized\" style=\"width:20.12%;\"><img src=\"/media/SK%20PETUGAS%20LAYANAN%20PENGADUAN%201.jpg\"></figure><figure class=\"image image_resized\" style=\"width:20.12%;\"><img src=\"/media/SK%20PETUGAS%20LAYANAN%20PENGADUAN%202.jpg\"></figure><figure class=\"image image_resized\" style=\"width:20.32%;\"><img src=\"/media/SK%20PETUGAS%20LAYANAN%20PENGADUAN%203.jpg\"></figure>", "view_count": 410, "menu_id": 118, "admin_id": 46, "created_at": "2021-06-07T11:01:33.736Z", "updated_at": "2024-07-10T04:36:03.190Z", "is_edited": true}, "m2m": {"photo": []}}, {"condition": {"id": 353}, "defaults": {"site_id": 43, "judul": "Visi dan Misi", "isi_halaman": "<figure class=\"image image_resized image-style-align-center\" style=\"width:45.5%;\"><img src=\"/media/VISI%20MOTTO_yoTtcxR.jpg\"></figure><p><strong>VISI</strong></p><p>Terwujudnya masyarakat Gerung yang mandiri untuk hidup sehat dengan dilandasi nilai Patut Patuh Patju menuju tercapainya kecamatan Gerung Sehat.</p><p><strong>MISI</strong></p><p>1. Meningkatkan kemandirian masyarakat Gerung dalam bidang kesehatan serta berperilaku hidup bersih dan sehat.</p><p>2. Menyelenggarakan pelayanan kesehatan yang berkualitas, adil, merata dan terjangkau oleh masyarakat.</p><p>3. Meningkatkan derajad kesehatan, baik kesehatan individu dan masyarakat.</p><p>4. Menciptakan tata kelola dan manajemen yang baik.</p>", "view_count": 720, "menu_id": 43, "admin_id": 46, "created_at": "2021-06-08T11:42:40.679Z", "updated_at": "2024-07-12T00:14:30.391Z", "is_edited": true}, "m2m": {"photo": [11012]}}, {"condition": {"id": 356}, "defaults": {"site_id": 43, "judul": "Motto", "isi_halaman": "<p>&nbsp;</p><figure class=\"image image-style-align-center image_resized\" style=\"width:50.28%;\"><img src=\"/media/VISI%20MOTTO_YpxYrTl.jpg\"></figure><p>Motto UPT Puskesmas Gerung</p><p><strong>\"SEHATI\"&nbsp;</strong>dalam memberikan pelayanan.</p><p>SEHATI Kepanjangan dari:</p><p><strong>S</strong> : Senyum (Memberikan pelayanan yang ramah).</p><p><strong>E</strong> : Edukasi (Edukasi yang dilaksanakan secara kekeluargaan dan kebersamaan).</p><p><strong>H</strong> : Holistik (Memberikan pelayanan secara keseluruhan dan profesional).</p><p><strong>A</strong> : Adil (Pelayanan yang merata dan tidak membeda\u2013bedakan).</p><p><strong>T</strong> : Teladan (Menjadi panutan bagi masyarakat dalam berperilaku hidup sehat).</p><p><strong>I</strong>&nbsp;&nbsp; : Inisiatif (Melaksanakan tugas tanpa menunggu perintah dan mencari solusi bila ada kendala).</p><p><strong>SEHATI\"</strong> juga dapat diartikan sebagai kekuatan kerja sama dan kekompakan tim UPT Puskesmas Gerung dalam memberikan pelayanan bagi masyarakat.</p>", "view_count": 1336, "menu_id": 202, "admin_id": 46, "created_at": "2021-06-08T11:54:43.324Z", "updated_at": "2024-07-12T01:55:09.804Z", "is_edited": true}, "m2m": {"photo": [11013]}}, {"condition": {"id": 360}, "defaults": {"site_id": 43, "judul": "Tugas dan Fungsi", "isi_halaman": "<p><strong>TUGAS DAN FUNGSI PPID UPT PUSKESMAS GERUNG</strong></p>\r\n\r\n<p>A. Fungsi:</p>\r\n\r\n<ol>\r\n\t<li>Pengelolaan Informasi</li>\r\n\t<li>Dokumentasi arsip</li>\r\n\t<li>Pelayanan Informasi dan Penyelesaian Sengketa</li>\r\n</ol>\r\n\r\n<p>B. Tugas Pokok:</p>\r\n\r\n<ol>\r\n\t<li>Penyediaan, penyimpanan, pendokumentasian, dan pengamanan informasi;</li>\r\n\t<li>Pelayanan informasi sesuai dengan aturan yang berlaku;</li>\r\n\t<li>Pelayanan informasi publik yang cepat, tepat dan sederhana;</li>\r\n\t<li>Penetapan prosedur operasional penyebarluasan informasi publik;</li>\r\n\t<li>Pengujian konsekuensi;</li>\r\n\t<li>Pengklasifikasian informasi dan/atau pengubahannya;</li>\r\n\t<li>Penetapan informasi yang dikecualikan yang telah habis jangka waktu pengecualiannya sebagai informasi publik yang dapat diakses;</li>\r\n\t<li>Penetapan pertimbangan tertulis atas setiap kebijakan yang diambil untuk memenuhi hak setiap orang atas informasi publik.</li>\r\n</ol>", "view_count": 452, "menu_id": 44, "admin_id": 46, "created_at": "2021-06-08T12:09:34.164Z", "updated_at": "2024-07-11T23:14:14.103Z", "is_edited": true}, "m2m": {"photo": []}}, {"condition": {"id": 361}, "defaults": {"site_id": 43, "judul": "Struktur Organisasi", "isi_halaman": "<p>Keputusan Kepala Unit Teknis Puskesmas Gerung Nomor 01-11/SK/UPTPKMG/VII/2022 tentang Struktur Organisasi Dan Uraian Tugas Staf Pada Unit Pelaksana Teknis Puskesmas Gerung</p>\r\n\r\n<p><img alt=\"\" src=\"/media/uploads/puskesmasgerunglobar/2023/06/20/struktur-organisasi-pub-zulhana.jpeg\" style=\"height:254px; width:500px\" /></p>\r\n\r\n<p>Daftar Urut Kepegawaian (DUK)</p>\r\n\r\n<p><img alt=\"\" src=\"/media/uploads/puskesmasgerunglobar/2023/06/20/duk-pub-zulhana.jpeg\" style=\"height:341px; width:500px\" /></p>", "view_count": 920, "menu_id": 45, "admin_id": 46, "created_at": "2021-06-08T12:09:58.817Z", "updated_at": "2024-07-12T00:10:26.614Z", "is_edited": true}, "m2m": {"photo": [708, 9998, 9999]}}, {"condition": {"id": 362}, "defaults": {"site_id": 43, "judul": "Profil Pejabat Struktural", "isi_halaman": "<p style=\"text-align:center\"><strong>PROFIL PEJABAT PENGELOLA I</strong><strong>NF</strong><strong>ORMASI DAN DOKUMEN (PPID)</strong></p>\r\n\r\n<p style=\"text-align:center\"><strong>UNIT PELAKSANA TEKNIS PUSKESMAS GERUNG</strong></p>\r\n\r\n<p>Pejabat Pengelola Informasi dan Dokumentasi (PPID) adalah pejabat yang bertanggung jawab dalam pengumpulan, pendokumentasian, penyimpanan, pemeliharaan, penyediaan, distribusi dan pelayanan informasi di Lingkungan Dalam Negeri dan Pemerintah Daerah.</p>\r\n\r\n<p>Untuk memenuhi hak masyarakat untuk tahu yang diimplementasikan dengan terbitnya Undang-undang&nbsp; No. 14 Tahun 2008 tentang Keterbukaan Informasi Publik, Kabupaten Lombok Barat telah membentuk dan mengaktifkan Pejabat Pengelola Inforasi dan Dokumentasi (PPID).</p>\r\n\r\n<p>PPID Utama Kabupaten Lombok Barat untuk pertama kali dibentuk dengan Surat Keputusan Bupati Lombok Barat No. 820/29A/DISHUBKOINFO/2013 tanggal 16 Januari 2013. PPID Utama Kabupaten Lombok Barat dinamakan PPID Kabupaten sementara PPID Pembantu di setiap SKPD dinamakan PPID SKP yang pembentukannya berdasarkan Surat Keputusan Kepala SKPD masing-masing. Setiap tahun SK pembentukan PPID diterbitkan guna memastikan anggaran yang akan di kelola, sehingga untuk tahun 2018 PPID Lombok Barat di tetapkan dengan SK Bupati Lombok Barat No. 110/191/Diskominfo/2018 serta berdasarkan Surat Keputusan Kepala Dinas Kesehatan Lombok Barat Nomor : 045/01.0/DATIN/I/2019 Tentang Penetapan Pejabat Pengelola Informasi dan Dokumen SKPD Pada Dinas Kesehatan Lombok Barat.</p>\r\n\r\n<p>Pejabat Pengelola Informasi Dan Dokumentasi Pada Unit Pelaksana Tekhnis Badan layanan Umum Daerah Puskesmas Gerung terbentuk pada tanggal 2 Januari 2019. Dalam melaksanakan tugasnya PPID UPT Puskesmas Gerung dilengkapi dengan Sistim Operasional Prosedur (SOP) yang telah ditetapkan dengan Surat Keputusan Pemimpin UPT BLUD Puskesmas tanggal 2 Maret 2020.</p>\r\n\r\n<p>Pejabat Pengelola Imformasi dan Dokumen UPT Puskesmas Gerung beralamat di Jalan Selaparang, Nomor 5, Kecamatan Gerung, Kode Pos. 83363, Email: <a href=\"mailto:pkm.grg@gmail.com\">pkm.grg@gmail.com</a>. PPID UPT Puskesmas Gerung bertanggung jawab terhadap PPID Dinas Kesehatan Kabupaten Lombok Barat.</p>\r\n\r\n<p>&nbsp;</p>\r\n\r\n<p><strong>PROFIL PEMIMPIN UPT PUSKESMAS GERUNG</strong></p>\r\n\r\n<p><strong>1. Zulhana, SKM., MM.</strong></p>\r\n\r\n<p><strong>&nbsp; &nbsp;&nbsp;</strong>Jabatan : Pemimpin UPT Puskesmas Gerung</p>", "view_count": 737, "menu_id": 46, "admin_id": 46, "created_at": "2021-06-08T12:10:25.160Z", "updated_at": "2024-07-11T05:18:24.240Z", "is_edited": true}, "m2m": {"photo": []}}, {"condition": {"id": 366}, "defaults": {"site_id": 43, "judul": "Tentang", "isi_halaman": "<p>Nama puskesmas adalah Unit Pelaksana Teknis (UPT) Puskesmas Gerung.</p>", "view_count": 516, "menu_id": 42, "admin_id": 46, "created_at": "2021-06-08T12:13:57.088Z", "updated_at": "2024-07-11T14:25:58.945Z", "is_edited": true}, "m2m": {"photo": []}}, {"condition": {"id": 367}, "defaults": {"site_id": 43, "judul": "PPID", "isi_halaman": "<p>Sedang dalam proses</p>\r\n", "view_count": 0, "menu_id": 47, "admin_id": 46, "created_at": "2021-06-08T12:14:21.904Z", "updated_at": "2021-06-08T12:14:21.904Z", "is_edited": true}, "m2m": {"photo": []}}, {"condition": {"id": 368}, "defaults": {"site_id": 43, "judul": "Statistik Sektoral", "isi_halaman": "<p>Sedang dalam proses</p>\r\n", "view_count": 0, "menu_id": 50, "admin_id": 46, "created_at": "2021-06-08T12:14:46.187Z", "updated_at": "2021-06-08T12:14:46.188Z", "is_edited": true}, "m2m": {"photo": []}}, {"condition": {"id": 369}, "defaults": {"site_id": 43, "judul": "Rawat Inap (RRI), Rawat Gawat Darurat (RGD) & Persalinan", "isi_halaman": "<h3><strong>RAWAT GAWAT DARURAT (RGD)</strong></h3><p><strong>C. Pelayanan Gawat Darurat 24 Jam</strong></p><figure class=\"image image_resized\" style=\"width:41.46%;\"><img src=\"/media/UGD%20LAMA.jpg\"></figure><p>&nbsp;</p><p>&nbsp; &nbsp;</p><figure class=\"image image-style-align-center image_resized\" style=\"width:40.12%;\"><img src=\"/media/IMG-20230817-WA0018.jpg\"></figure><figure class=\"image\"><img src=\"/media/ALUR%20PELAYANAN%20RGD.jpeg\"></figure><p>&nbsp;</p><figure class=\"image\"><img src=\"/media/ALUR%20PELAYANAN%20RGD_cm0iMyB.jpeg\"></figure><p>&nbsp;</p><p>&nbsp; &nbsp;&nbsp;<strong>1. Luka</strong></p><p>&nbsp; &nbsp; a. Perawatan luka tanpa jahitan (debridement)</p><p>&nbsp; &nbsp; b. Perawatan luka dengan jahitan (control luka)</p><p>&nbsp; &nbsp; c. Perawatan luka (ganti verban)</p><p>&nbsp; &nbsp; d. Perawatan luka bakar</p><p>&nbsp; &nbsp; e. Perawatan luka gigitan binatang</p><p>&nbsp; &nbsp; f. Jahit luka</p><p>&nbsp; &nbsp; g. Melepas jahitan</p><p><strong>2. Kateter :</strong></p><p>&nbsp; &nbsp; a. Pemasangan dower kateter</p><p>&nbsp; &nbsp; b. Pemasangan kateter</p><p>&nbsp; &nbsp;&nbsp;c. Melepas kateter</p><p><strong>&nbsp;3. Infus :</strong></p><p>&nbsp; &nbsp; a. Pemasangan infus set</p><p>&nbsp; &nbsp; b. Melepas infus set</p><p><strong>4. Ekstraksi :</strong></p><p>&nbsp; &nbsp; a. Ekstraksi kuku</p><p>&nbsp; &nbsp; b. Ekstraksi corpus alienum (mata, hidung, telinga, tenggorokan)</p><p><strong>5. Injeksi :</strong></p><p>&nbsp; &nbsp; a. Injeksi obat</p><p>&nbsp; &nbsp; b. Injeksi anti tetanus serum (ATS)</p><p>&nbsp; &nbsp; c. Injeksi anti bias ular (ABU)</p><p><strong>6. Insisi abses</strong></p><p><strong>7. Minor surgery</strong></p><p><strong>8. Tindik telinga</strong></p><p><strong>9. Pemasangan naso gastric tube (NGT)</strong></p><p><strong>10. Pemasangan oksigen (O2)</strong></p><p><strong>11. Nebulizer</strong></p><p><strong>12. Rectal toucher (RT)</strong></p><p><strong>13. Perawatan dislokasi / patah tulang</strong></p><p><strong>14. EKG</strong></p><p><strong>15. Rujukan ke laboratorium</strong></p><p><strong>16. Rujukan kefasilitas kesehatan lain</strong></p><p>&nbsp;</p><p>&nbsp;</p><p><strong>PERSALINAN</strong></p><figure class=\"image image-style-align-center image_resized\" style=\"width:401px;\"><img src=\"/media/uploads/puskesmasgerunglobar/2022/08/11/91cce864-f6c0-4ecb-be62-8452fbab6342.jpg\" alt=\"\"></figure><p>Gambar 1. Ruangan Persalinan</p><figure class=\"image image-style-align-center image_resized\" style=\"width:240px;\"><img src=\"/media/uploads/puskesmasgerunglobar/2022/08/11/4677d9c3-c148-4a62-a16b-496d630b0a33.jpg\" alt=\"\"></figure><p>Gambar 1. Alat Medis Ruangan Persalinan</p><figure class=\"image image_resized\" style=\"width:40.09%;\"><img src=\"/media/IMG-20230817-WA0019.jpg\"></figure><p><strong>D. Pelayanan Persalinan 24 Jam</strong></p><p><strong>&nbsp; &nbsp; 1. Persalinan normal</strong></p><p><strong>&nbsp; &nbsp; 2. Persalinan resiko tinggi, pada kondisi tertentu untuk kepentingan penyelamatan jiwa</strong></p><p><strong>&nbsp; &nbsp; 3. Tindakan pra rujukan :</strong></p><p>&nbsp; &nbsp; &nbsp; &nbsp; a. Kehamilan kurang bulan (&lt; 37 minggu)</p><p>&nbsp; &nbsp; &nbsp; &nbsp;&nbsp;b. Kehamilan lebih bulan (&gt; 42 minggu)</p><p>&nbsp; &nbsp; &nbsp; &nbsp;&nbsp;c. Ketuban pecah dini&gt; 12 jam.</p><p>&nbsp; &nbsp; &nbsp; &nbsp;&nbsp;d. Ikterus</p><p>&nbsp; &nbsp; &nbsp; &nbsp; e. Anemia berat</p><p>&nbsp; &nbsp; &nbsp; &nbsp;&nbsp;f. Tinggi fundus uteri &gt; 40 cm dan&lt; 25 cm</p><p>&nbsp; &nbsp; &nbsp; &nbsp;&nbsp;g. Gawat janin</p><p>&nbsp; &nbsp; &nbsp; &nbsp;&nbsp;h. Malpresentasi</p><p>&nbsp; &nbsp; &nbsp; &nbsp;&nbsp;i. Tali pusat menumbung</p><p>&nbsp; &nbsp; &nbsp; &nbsp;&nbsp;j. Gemelli</p><p>&nbsp; &nbsp; &nbsp; &nbsp; k. Syok yang tidak teratasi</p><p>&nbsp; &nbsp; &nbsp; &nbsp; l. Abortusimminens</p><p>&nbsp; &nbsp; &nbsp; &nbsp; m. Abortusin komplet</p><p>&nbsp; &nbsp; &nbsp; &nbsp; n. Ante partum bleeding (APB)</p><p>&nbsp; &nbsp; &nbsp; &nbsp; o. Pre eklampsia</p><p>&nbsp; &nbsp; &nbsp; &nbsp; p. Eklampsia</p><p>&nbsp; &nbsp; &nbsp; &nbsp; q. Post partum bleeding / perdarahan yang tidak teratasi</p><p>&nbsp; &nbsp; &nbsp; &nbsp; r. Ibu bersalin dengan penyulit / penyakit penyerta</p><p>&nbsp; &nbsp; &nbsp; &nbsp;&nbsp;s. Bayi baru lahir dengan kelainan / penyakit penyerta</p><p>&nbsp; &nbsp; &nbsp; &nbsp;&nbsp;t. Tinggi badan&lt; 140 cm</p><p>&nbsp; &nbsp; &nbsp; &nbsp;&nbsp;u. Kehamilan diluar kandungan (KET)</p><p>&nbsp; &nbsp;&nbsp;<strong>4. Imunisasi HB (0 \u2013 7 hari)</strong></p><p><strong>&nbsp; &nbsp; 5. Imunisasi HBIg</strong></p><p><strong>&nbsp; &nbsp; 6.&nbsp; Pelayanan ibu nifas :</strong></p><p>&nbsp; &nbsp; &nbsp; &nbsp;&nbsp;a. Perawatan ibu nifas / ibu menyusui</p><p>&nbsp; &nbsp; &nbsp; &nbsp;&nbsp;b. Perawatan bayi baru lahir</p><p>&nbsp; &nbsp; &nbsp; &nbsp;&nbsp;c. Konseling KB</p><p>&nbsp; &nbsp; &nbsp; &nbsp;&nbsp;d. Pemberian kapsul vitamin A merah (200.000 IU)</p><p>&nbsp; &nbsp; &nbsp; &nbsp;&nbsp;e. Rujukan kelaboratorium</p><p>&nbsp; &nbsp; &nbsp; &nbsp;&nbsp;f. Rujukan kefasilitas kesehatan lain</p><p>&nbsp;</p><p><strong>RUANG RAWAT INAP (RRI)</strong></p><figure class=\"image image-style-align-center image_resized\" style=\"width:534px;\"><img src=\"/media/uploads/puskesmasgerunglobar/2022/08/11/c05b879a-be40-4eac-8c22-ef1ef36083e7.jpg\" alt=\"\"></figure><p><strong>Gambar 1. Ruangan Rawat Inap</strong></p><figure class=\"image image-style-align-center image_resized\" style=\"width:450px;\"><img src=\"/media/uploads/puskesmasgerunglobar/2022/08/11/271139f1-a34e-4335-9ef0-37b50d4ee05a.jpg\" alt=\"\"></figure><p><strong>Gambar 2. Ruangan Rawat Inap lengkap sekat tiap Bed</strong></p><figure class=\"image image-style-align-center image_resized\" style=\"width:225px;\"><img src=\"/media/uploads/puskesmasgerunglobar/2022/08/11/21ca549a-795f-4694-9f64-caefc7ad8b90.jpg\" alt=\"\"></figure><p><strong>Gambar 3. Ruangan Rawat Inap Dilengkapi Dengan AC</strong></p><figure class=\"image image-style-align-center image_resized\" style=\"width:450px;\"><img src=\"/media/uploads/puskesmasgerunglobar/2022/08/11/5f313802-d239-4505-9375-2b017f2226c1.jpg\" alt=\"\"></figure><p><strong>Gambar 3. Ruangan Rawat Inap Dilengkapi Toilet &amp; Wastafel</strong></p><figure class=\"image image_resized\" style=\"width:40.09%;\"><img src=\"/media/IMG-20230817-WA0022.jpg\"></figure><p>&nbsp; &nbsp;<strong>B. Pelayanan Rawat Inap</strong></p><p>&nbsp; &nbsp; 1. Penerimaan pasien rawat inap</p><p>&nbsp; &nbsp; 2. Pemeriksaan pasien rawat inap</p><p>&nbsp; &nbsp; 3. Pengobatan pasien rawat inap</p><p>&nbsp; &nbsp; 4. Rujukan kefasilitas kesehatan lain</p><p>Rawat Inap 24 Jam.</p><p>Terdiri dari 2 ruangan :</p><p>1. Ruang Rawat Inap Pria</p><p>Fasiltas :</p><ul><li>4 buah Bed</li><li>AC</li><li>Toilet</li><li>Wastafel</li></ul><p>2. Ruang Rawat Inap Wanita :&nbsp;4 buah Bed</p><p>Fasiltas :</p><ul><li>4 buah Bed</li><li>AC</li><li>Toilet</li><li>Wastafel</li></ul>", "view_count": 321, "menu_id": 588, "admin_id": 46, "created_at": "2021-06-08T12:15:14.312Z", "updated_at": "2024-07-10T23:59:07.440Z", "is_edited": true}, "m2m": {"photo": []}}, {"condition": {"id": 378}, "defaults": {"site_id": 43, "judul": "Janji Layanan", "isi_halaman": "<p style=\"text-align:center;\"><img class=\"image_resized\" style=\"width:500px;\" src=\"/media/uploads/puskesmasgerunglobar/2023/06/21/janji-layanan.png\" alt=\"\"></p><p style=\"text-align:center;\">Memberikan pelayanan secara profesional dan sepenuh hati.</p>", "view_count": 618, "menu_id": 210, "admin_id": 46, "created_at": "2021-06-08T12:44:51.443Z", "updated_at": "2024-07-07T00:55:59.917Z", "is_edited": true}, "m2m": {"photo": [501]}}, {"condition": {"id": 383}, "defaults": {"site_id": 43, "judul": "Kontak", "isi_halaman": "<p><strong>KONTAK :</strong></p><p>No. Telepon&nbsp; &nbsp; &nbsp; &nbsp;: (0370) 6186295</p><p>No. Handphone : 087857120612</p><p>Gmail&nbsp; &nbsp; &nbsp; &nbsp; &nbsp; &nbsp; &nbsp; &nbsp; &nbsp;: pkm.grg@gmail.com</p><p><strong>OFFICIAL CHANNEL PUBLIC INFO :</strong></p><p>Official Facebook&nbsp; &nbsp; &nbsp; &nbsp; &nbsp; &nbsp; &nbsp; &nbsp; : gerungpuskesmas</p><p>Official Facebook PPID&nbsp; &nbsp; &nbsp; :&nbsp;ppidpuskesmasgerung</p><p>Official Youtube&nbsp; &nbsp; &nbsp; &nbsp; &nbsp; &nbsp; &nbsp; &nbsp; &nbsp; : puskesmasgerung</p><p>Official Instagram&nbsp;&nbsp;&nbsp;&nbsp;&nbsp;&nbsp;&nbsp;&nbsp;&nbsp;&nbsp;&nbsp;&nbsp;&nbsp;&nbsp; : puskesmas.gerung</p><p>Website&nbsp; &nbsp; &nbsp; &nbsp; &nbsp; &nbsp; &nbsp; &nbsp; &nbsp; &nbsp; &nbsp; &nbsp; &nbsp; &nbsp; &nbsp; :&nbsp;puskesmasgerung-dikes.lombokbaratkab.go.id</p><p>&nbsp;</p><p>Facebook Edukasi&nbsp; &nbsp; &nbsp; &nbsp; &nbsp; &nbsp; &nbsp;:&nbsp; tamansehati / tamanobat</p>", "view_count": 412, "menu_id": 41, "admin_id": 46, "created_at": "2021-06-08T12:59:10.019Z", "updated_at": "2024-07-12T02:16:14.131Z", "is_edited": true}, "m2m": {"photo": []}}, {"condition": {"id": 702}, "defaults": {"site_id": 43, "judul": "Upaya Kesehatan Perorangan (UKP)", "isi_halaman": "<p><img class=\"image_resized\" style=\"width:400px;\" src=\"/media/uploads/puskesmasgerunglobar/2022/08/22/2ffc208b-bc75-4da6-91f3-338d50725f3c.jpg\" alt=\"\"></p><p>Gambar 1.</p><p>Ruangan Poli Yang Dilengkapi AC (Air Conditioner)</p><p>Jenis Pelayanan Yang Disediakan Di Unit PelaksanaTeknis Puskesmas Gerung :</p><p><strong>1.&nbsp;Upaya Kesehatan Perorangan (Dalam Gedung) :</strong></p><p>&nbsp; &nbsp;<strong> A.&nbsp;Pelayanan Rawat Jalan</strong></p><p>&nbsp; &nbsp; &nbsp;&nbsp;<strong> &nbsp;1)&nbsp;Loket</strong></p><p>&nbsp; &nbsp; &nbsp; &nbsp; &nbsp; &nbsp; a.&nbsp;Pendaftaran pasien</p><p>&nbsp; &nbsp; &nbsp; &nbsp; &nbsp; &nbsp; b.&nbsp;Pembayaran pasien</p><p>&nbsp; &nbsp; &nbsp; &nbsp; &nbsp; &nbsp;</p><figure class=\"image image-style-align-center image_resized\" style=\"width:40.08%;\"><img src=\"/media/IMG-20230817-WA0028.jpg\"></figure><p>&nbsp; &nbsp;&nbsp;<strong> &nbsp; 2)&nbsp;Pelayanan Poli Anak</strong></p><p>&nbsp; &nbsp; &nbsp; &nbsp; &nbsp; &nbsp; a. Pemeriksaan pasien anak</p><p>&nbsp; &nbsp; &nbsp; &nbsp; &nbsp; &nbsp; b. Pelayanan Manajemen Terpadu Balita Sakit (MTBS)</p><p>&nbsp; &nbsp; &nbsp; &nbsp; &nbsp; &nbsp; c. Rujukan ke Unit Gawat Darurat (UGD), laboratorium, konseling sanitasi, konseling kespro &amp; konseling gizi</p><p>&nbsp; &nbsp; &nbsp; &nbsp; &nbsp; &nbsp; d. Rujukan kefasilitas kesehatan lain &nbsp; &nbsp;</p><figure class=\"image image_resized\" style=\"width:40.03%;\"><img src=\"/media/IMG-20230817-WA0027.jpg\"></figure><p>&nbsp; &nbsp; &nbsp;<strong> &nbsp; 3) Pelayanan Poli Dewasa dan Poli Lansia</strong></p><p>&nbsp; &nbsp; &nbsp; &nbsp; &nbsp; &nbsp; a. Pemeriksaan pasien dewasa</p><p>&nbsp; &nbsp; &nbsp; &nbsp; &nbsp; &nbsp; b. Pemeriksaan pasien lansia</p><p>&nbsp; &nbsp; &nbsp; &nbsp; &nbsp; &nbsp; c. Pemeriksaan pasien TB</p><p>&nbsp; &nbsp; &nbsp; &nbsp; &nbsp; &nbsp; d. Rujukan ke Unit Gawat Darurat (UGD), laboratorium, konseling sanitasi, konseling kespro &amp; konseling gizi, poli TB, poli jiwa</p><p>&nbsp; &nbsp; &nbsp; &nbsp; &nbsp; &nbsp; e. Rujukan kefasilitas kesehatan lain</p><figure class=\"image image_resized\" style=\"width:40.04%;\"><img src=\"/media/IMG-20230817-WA0024.jpg\"></figure><p><strong>&nbsp; &nbsp; &nbsp; &nbsp; 4) Pelayanan Poli Gigi</strong></p><p>&nbsp; &nbsp; &nbsp; &nbsp; &nbsp; &nbsp; a. Pemeriksaan gigi</p><p>&nbsp; &nbsp; &nbsp; &nbsp; &nbsp; &nbsp; b. Konsultasi</p><p>&nbsp; &nbsp; &nbsp; &nbsp; &nbsp; &nbsp; c. Tindakan :</p><p>&nbsp; &nbsp; &nbsp; &nbsp; &nbsp; &nbsp; &nbsp; &nbsp;- Tumpatan sementara</p><p>&nbsp; &nbsp; &nbsp; &nbsp; &nbsp; &nbsp; &nbsp; &nbsp;- Tumpatan tetap</p><p>&nbsp; &nbsp; &nbsp; &nbsp; &nbsp; &nbsp; &nbsp; &nbsp;- Pembersihan karang gigi</p><p>&nbsp; &nbsp; &nbsp; &nbsp; &nbsp; &nbsp; &nbsp; &nbsp;- Insisi abses</p><p>&nbsp; &nbsp; &nbsp; &nbsp; &nbsp; &nbsp; &nbsp; &nbsp;- Pencabutan gigi sulung</p><p>&nbsp; &nbsp; &nbsp; &nbsp; &nbsp; &nbsp; &nbsp; &nbsp;- Pencabutan gigi permanen</p><p>&nbsp; &nbsp; &nbsp; &nbsp; &nbsp; &nbsp; &nbsp; &nbsp;- Rujukan kelaboratorium, poli dewasa, poli anak</p><p>&nbsp; &nbsp; &nbsp; &nbsp; &nbsp; &nbsp; &nbsp; &nbsp;- Rujukan kefasilitas kesehatan lain</p><p>&nbsp; &nbsp; &nbsp;</p><figure class=\"image image-style-align-center image_resized\" style=\"width:40.1%;\"><img src=\"/media/IMG-20230817-WA0020.jpg\"></figure><figure class=\"image image_resized\" style=\"width:39.9%;\"><img></figure><p>&nbsp;</p><figure class=\"image image_resized\" style=\"width:40.1%;\"><img src=\"/media/ALUR%20PELAYANAN%20PEMERIKSAAN%20POLI%20GIGI_t66P2vL.jpeg\"></figure><p>&nbsp;</p><p>&nbsp; &nbsp; &nbsp; &nbsp;<strong> 5) Pelayanan Poli KIA &amp; KB</strong></p><p>&nbsp; &nbsp; &nbsp; &nbsp; &nbsp; &nbsp; a. Pemeriksaan ibu hamil</p><p>&nbsp; &nbsp; &nbsp; &nbsp; &nbsp; &nbsp; b. Pemeriksaan kebidanan tanpa kehamilan</p><p>&nbsp; &nbsp; &nbsp; &nbsp; &nbsp; &nbsp; c. Pemeriksaan neonatus / bayi muda / Manajemen Terpadu Bayi Muda (MTBM)</p><p>&nbsp; &nbsp; &nbsp; &nbsp; &nbsp; &nbsp; d. Tindakan medic ringan : sirkumsisi wanita, perawatan luka</p><p>&nbsp; &nbsp; &nbsp; &nbsp; &nbsp; &nbsp; e. Imunisasi TT</p><p>&nbsp; &nbsp; &nbsp; &nbsp; &nbsp; &nbsp; f. Pelayanan Keluarga Berencana (KB) : suntik, IUD, implant</p><p>&nbsp; &nbsp; &nbsp; &nbsp; &nbsp; &nbsp;g. USG ibu hamil:</p><p>&nbsp; &nbsp; &nbsp; &nbsp; &nbsp; &nbsp; &nbsp; &nbsp;- Rujukan kepoli dewasa, ruang bersalin, laboratorium,konseling sanitasi, konseling kespro &amp; konseling gizi</p><p>&nbsp; &nbsp; &nbsp; &nbsp; &nbsp; &nbsp; &nbsp; &nbsp;- Rujukan kefasilitas kesehatan lain&nbsp;</p><p>&nbsp; &nbsp;</p><figure class=\"image image-style-align-center image_resized\" style=\"width:40.21%;\"><img src=\"/media/IMG-20230817-WA0017.jpg\"></figure><p>&nbsp; &nbsp;<strong> &nbsp; 6) Poli Jiwa</strong></p><p>&nbsp; &nbsp; &nbsp; &nbsp; &nbsp; a. Pemeriksaan pasien ODGJ (Orang Dengan Gangguan Jiwa)</p><p>&nbsp; &nbsp; &nbsp; &nbsp; &nbsp; b. Rujukan ke Unit Gawat Darurat (UGD), laboratorium</p><p>&nbsp; &nbsp; &nbsp; &nbsp; &nbsp; c. Rujukan kefasilitas kesehatan lain</p><figure class=\"image image_resized\" style=\"width:40.02%;\"><img src=\"/media/IMG-20230817-WA0016.jpg\"></figure><p>&nbsp; &nbsp; &nbsp;&nbsp;<strong>7) Poli TB</strong></p><p>&nbsp; &nbsp; &nbsp; &nbsp; &nbsp; a. Pemeriksaan dan pengobatan pasien TB</p><p>&nbsp; &nbsp; &nbsp; &nbsp; &nbsp; b. Rujukan internal ke Poli dewasa, poli anak, KIA dan KB, program HIV-AIDS, Unit Gawat Darurat (UGD), laboratorium, konseling sanitasi,&nbsp; konseling kespro &amp; konseling gizi</p><p>&nbsp; &nbsp; &nbsp; &nbsp; &nbsp; c. Rujukan kefasilitas kesehatan lain</p><p>&nbsp;&nbsp;</p><figure class=\"image image-style-align-center image_resized\" style=\"width:40.08%;\"><img src=\"/media/IMG-20230817-WA0026.jpg\"></figure><p>&nbsp; &nbsp; &nbsp; &nbsp;<strong>8) Poli Pengobatan Tradisional</strong></p><p>&nbsp; &nbsp; &nbsp; &nbsp; &nbsp; a. Pelayanan jamu</p><p>&nbsp; &nbsp; &nbsp; &nbsp; &nbsp; b. Pelayanan akupresur</p><p>&nbsp; &nbsp;<strong> &nbsp;9) Pelayanan Konseling Kesehatan Reproduksi (Kespro)</strong></p><p>&nbsp; &nbsp; &nbsp; &nbsp; &nbsp;a. Konseling penyakit infeksi menular seksual (IMS)</p><p>&nbsp; &nbsp; &nbsp; &nbsp; &nbsp;b. Konseling deteksi dini kanker mulut rahim (ca cervix)</p><p>&nbsp; &nbsp; &nbsp; &nbsp; &nbsp;c. Konseling deteksi dini kanker payudara</p><p>&nbsp; &nbsp; &nbsp; &nbsp; &nbsp;d. Konseling system reproduksi</p><p>&nbsp; &nbsp; &nbsp; &nbsp; &nbsp;e. Pemeriksaan IVA</p><p>&nbsp; &nbsp; &nbsp; &nbsp; &nbsp;f. Pengambilan sediaan / swab penyakit IMS</p><p>&nbsp; &nbsp; &nbsp; &nbsp; &nbsp;g. Rujukan ke laboratorium&nbsp;</p><figure class=\"image image_resized\" style=\"width:40.2%;\"><img src=\"/media/IMG-20230817-WA0017_rOyJtty.jpg\"></figure><p>&nbsp; &nbsp;&nbsp;<strong>10) Pelayanan Konseling Gizi</strong></p><p>&nbsp; &nbsp; &nbsp; &nbsp; &nbsp; a. Konseling gizi bagi bayi dan balita</p><p>&nbsp; &nbsp; &nbsp; &nbsp; &nbsp; b. Konseling gizi bagi pasien dewasa</p><p>&nbsp; &nbsp; &nbsp; &nbsp; &nbsp; c. Pengukuran antropometri&nbsp;</p><p>&nbsp;&nbsp;</p><figure class=\"image image-style-align-center image_resized\" style=\"width:40.01%;\"><img src=\"/media/IMG-20230817-WA0029.jpg\"></figure><p>&nbsp; &nbsp;<strong> 11) Pelayanan Konseling Sanitasi</strong></p><p>&nbsp; &nbsp; &nbsp; &nbsp; &nbsp; Konseling sanitasi bagi pasien dengan penyakit berbasis lingkungan</p><figure class=\"image image-style-align-center image_resized\" style=\"width:40.07%;\"><img src=\"/media/IMG-20230817-WA0030.jpg\"></figure>", "view_count": 416, "menu_id": 223, "admin_id": 46, "created_at": "2021-06-09T10:33:27.606Z", "updated_at": "2024-07-09T00:55:21.504Z", "is_edited": true}, "m2m": {"photo": []}}, {"condition": {"id": 711}, "defaults": {"site_id": 43, "judul": "Layanan Penunjang", "isi_halaman": "<p><strong>E. Pelayanan Penunjang</strong></p>\r\n\r\n<p>&nbsp;<strong> &nbsp; 1. Pelayanan Laboratorium</strong></p>\r\n\r\n<p>&nbsp; &nbsp; &nbsp; &nbsp;a. Pemeriksaan darah rutin</p>\r\n\r\n<p>&nbsp; &nbsp; &nbsp; &nbsp; b. Pemeriksaan hemoglobin (Hb)</p>\r\n\r\n<p>&nbsp; &nbsp; &nbsp; &nbsp; c. Pemeriksaan jumlah leukosit</p>\r\n\r\n<p>&nbsp; &nbsp; &nbsp; &nbsp; d. Pemeriksaan jumlah trombosit</p>\r\n\r\n<p>&nbsp; &nbsp; &nbsp; &nbsp; e. Pemeriksaan hitung jenis leukosit</p>\r\n\r\n<p>&nbsp; &nbsp; &nbsp; &nbsp; f. Pemeriksaan laju endap darah (LED)</p>\r\n\r\n<p>&nbsp; &nbsp; &nbsp; &nbsp; g. Pemeriksaan golongan darah</p>\r\n\r\n<p>&nbsp; &nbsp; &nbsp; &nbsp; h. Pemeriksaan malaria</p>\r\n\r\n<p>&nbsp; &nbsp; &nbsp; &nbsp; i. Pemeriksaan gula darah</p>\r\n\r\n<p>&nbsp; &nbsp; &nbsp; &nbsp; j. Pemeriksaan kolesterol total</p>\r\n\r\n<p>&nbsp; &nbsp; &nbsp; &nbsp; k. Pemeriksaan asam urat</p>\r\n\r\n<p>&nbsp; &nbsp; &nbsp; &nbsp; l.&nbsp;Pemeriksaan urine rutin</p>\r\n\r\n<p>&nbsp; &nbsp; &nbsp; &nbsp; m. Pemeriksaan reduksi glukosa</p>\r\n\r\n<p>&nbsp; &nbsp; &nbsp; &nbsp; n. Pemeriksaan protein urine</p>\r\n\r\n<p>&nbsp; &nbsp; &nbsp; &nbsp; o. Pemeriksaan sedimen urine</p>\r\n\r\n<p>&nbsp; &nbsp; &nbsp; &nbsp; p. Pemeriksaan kehamilan (PP tes)</p>\r\n\r\n<p>&nbsp; &nbsp; &nbsp; &nbsp; q. Pemeriksaan widal</p>\r\n\r\n<p>&nbsp; &nbsp; &nbsp; &nbsp; r. Pemeriksaan HIV</p>\r\n\r\n<p>&nbsp; &nbsp; &nbsp; &nbsp; s. Pemeriksaan gonorhe (GO)</p>\r\n\r\n<p>&nbsp; &nbsp; &nbsp; &nbsp; t. Pemeriksaan feces rutin</p>\r\n\r\n<p>&nbsp; &nbsp; &nbsp; &nbsp; u. Pemeriksaan BTA</p>\r\n\r\n<p>&nbsp; &nbsp; &nbsp; &nbsp; v. Pemeriksaan IMS</p>\r\n\r\n<p><strong>2. Gudang Obat</strong></p>\r\n\r\n<p>&nbsp; &nbsp; a. Penyimpanan obat</p>\r\n\r\n<p>&nbsp; &nbsp; b. Distribusi obat ke sub unit</p>\r\n\r\n<p><strong>3. Pelayanan Apotek</strong></p>\r\n\r\n<p>&nbsp; &nbsp; a. Penerimaan resep</p>\r\n\r\n<p>&nbsp; &nbsp; b. Penyiapan obat non racikan</p>\r\n\r\n<p>&nbsp; &nbsp; c. Penyiapan obat racikan</p>\r\n\r\n<p>&nbsp; &nbsp; d. Penyerahan obat</p>\r\n\r\n<p>&nbsp; &nbsp; e. Informasi obat</p>\r\n\r\n<p><strong>4. Penyelenggara Makanan</strong></p>\r\n\r\n<p>&nbsp; &nbsp; a. Mempersiapkan bahan makanan</p>\r\n\r\n<p>&nbsp; &nbsp; b. Mengolah bahan makanan</p>\r\n\r\n<p>&nbsp; &nbsp; c. Menyajikan makanan</p>", "view_count": 407, "menu_id": 259, "admin_id": 46, "created_at": "2021-06-09T10:51:39.725Z", "updated_at": "2024-07-07T19:13:27.431Z", "is_edited": true}, "m2m": {"photo": []}}, {"condition": {"id": 761}, "defaults": {"site_id": 43, "judul": "Hak dan Kewajiban Pasien", "isi_halaman": "<p><span style=\"color:#666666;\"><strong>HAK PASIEN :</strong></span></p><p><span style=\"color:#666666;\">1. Memperoleh informasi mengenai tata tertib dan peraturan yang berlaku di UPT Puskesmas Gerung.</span></p><p><span style=\"color:#666666;\">2. Memperoleh informasi tentang hak dan kewajiban pasien.</span></p><p><span style=\"color:#666666;\">3. Memperoleh layanan yang manusiawi, adil, jujur, dan tanpa deskriminasi.</span></p><p><span style=\"color:#666666;\">4. Memperoleh layanan kesehatan yang bermutu, sesuai dengan standar profesi dan standar prosedur operasional.</span></p><p><span style=\"color:#666666;\">5. Memperoleh layanan yang efektif dan efisien sehingga pasien terhindar dari kerugian fisik dan materi.</span></p><p><span style=\"color:#666666;\">6. Mengajukan pengaduan atas kualitas pelayanan yang didapatkan.</span></p><p><span style=\"color:#666666;\">7. Memilih dokter dan kelas perawatan sesuai dengan&nbsp;keinginannya dan peraturan yang berlaku di Puskesmas Gerung.</span></p><p><span style=\"color:#666666;\">8. Meminta konsultasi tentang penyakit yang dideritanya kepada dokter lain yang mempunyai SIP baik didalam maupun diluar Puskesmas.</span></p><p><span style=\"color:#666666;\">9. Mendapatkan privasi dan kerahasiaan penyakit&nbsp; yang&nbsp; diderita termasuk data-data medisnya.</span></p><p><span style=\"color:#666666;\">10. Mendapat informasi yang meliputi diagnosis dan tata cara tindakan medis, tujuan tindakan medis, alternatif tindakan, risiko dan komplikasi yang&nbsp; akan terjadi dan prognosis terhadap tindakan yang akan dilakukan serta perkiraan biaya pengobatan.</span></p><p><span style=\"color:#666666;\">11. Memberikan persetujuan atau menolak atas tindakan yang akan dilakukan oleh tenaga kesehatan terhadap penyakit yang dideritanya.</span></p><p><span style=\"color:#666666;\">12. Didampingi keluarga dalam keadaan kritis.</span></p><p><span style=\"color:#666666;\">13. Menjalankan ibadah sesuai agama atau kepercayaan yang dianutnya selama hal itu tidak mengganggu pasien lainnya.</span></p><p><span style=\"color:#666666;\">14. Memperoleh keamanan dan keselamatan dirinya selama dalam perawatan di Puskesmas Gerung.</span></p><p><span style=\"color:#666666;\">15. Mengajukan usul, saran, perbaikan atas perlakuan Puskesmas.</span></p><p><span style=\"color:#666666;\">16. Menolak pelayanan bimbingan rohani yang tidak sesuai dengan agama dan kepercayaan yang dianutnya.</span></p><p><span style=\"color:#666666;\">17. Menggugat dan atau menuntut Puskesmas apabila Puskesmas diduga memberikan pelayanan yang tidak sesuai dengan standar, baik secara perdata ataupun pidana.</span></p><p><span style=\"color:#666666;\">18. Mengeluhkan pelayanan Puskesmas yang tidak sesuai dengan standar pelayanan melalui media cetak dan elektronik sesuai dengan ketentuan peraturan perundang-undangan.</span></p><p><span style=\"color:#666666;\">&nbsp;</span></p><figure class=\"image image_resized image-style-align-center\" style=\"width:35.01%;\"><img src=\"/media/HAK%20PASIEN_sXn7KDF.jpg\"></figure><figure class=\"image image_resized image-style-align-center\" style=\"width:35.02%;\"><img src=\"/media/KEWAJIBAN%20PASIEN_lPLUqhR.jpg\"></figure><p><span style=\"color:#666666;\"><strong>KEWAJIBAN PASIEN&nbsp;:</strong></span></p><p><span style=\"color:#666666;\">1. Pasien dan keluarga berkewajiban untuk mentaati segala peraturan dan tata tertib Puskesmas.</span></p><p><span style=\"color:#666666;\">2. Pasien berkewajiban untuk mematuhi segala instruksi dokter dan perawat dalam pengobatannya.</span></p><p><span style=\"color:#666666;\">3. Pasien berkewajiban memberi informasi yang jujur dan selengkapnya tentang penyakit yang dideritanya kepada dokter yang merawat.</span></p><p><span style=\"color:#666666;\">4. Pasien dan atau penanggungnya berkewajiban untuk melunasi semua imbalan atas jasa pelayanan di Puskesmas.</span></p><p><span style=\"color:#666666;\">5. Pasien dan atau penanggungnya berkewajiban memenuhi hal-hal yang telah disepakati / perjanjian yang telah dibuatnya.</span></p><p><span style=\"color:#666666;\">6. Mematuhi rencana terapi yang direkomendasikan oleh tenaga kesehatan di Puskesmas dan disetujui oleh pasien yang bersangkutan setelah mendapat penjelasan sesuai peraturan perundang-undangan.</span></p><p><span style=\"color:#666666;\">7. Menerima segala konsekuensi atas keputusan pribadinya untuk menolak rencana terapi yang diromendasikan oleh tenaga kesehatan dalam rangka penyembuhan penyakit atau masalah kesehatannya.</span></p><p><span style=\"color:#666666;\">8. Memberikan imbalan jasa atas pelayanan yang diterimanya.</span></p>", "view_count": 1063, "menu_id": 591, "admin_id": 46, "created_at": "2021-06-09T13:06:10.469Z", "updated_at": "2024-07-11T16:18:33.780Z", "is_edited": true}, "m2m": {"photo": [1188, 4199, 11014]}}, {"condition": {"id": 1063}, "defaults": {"site_id": 43, "judul": "Tarif Pelayanan", "isi_halaman": "<p><img alt=\"\" src=\"http://puskesmasgerung-dikes.lombokbaratkab.go.id/media/PERBUP_18_TAHUN_2016_RETRIBUSI_1.jpg\" style=\"height:540px; width:720px\" /></p>\r\n\r\n<p><img alt=\"\" src=\"http://puskesmasgerung-dikes.lombokbaratkab.go.id/media/PERBUP_18_TAHUN_2016_RETRIBUSI_2.jpg\" style=\"height:540px; width:720px\" /></p>\r\n\r\n<p><img alt=\"\" src=\"http://puskesmasgerung-dikes.lombokbaratkab.go.id/media/PERBUP_18_TAHUN_2016_RETRIBUSI_3.jpg\" style=\"height:540px; width:720px\" /></p>\r\n\r\n<p><img alt=\"\" src=\"http://puskesmasgerung-dikes.lombokbaratkab.go.id/media/tarif_LAB.jpg\" style=\"height:540px; width:720px\" /></p>", "view_count": 700, "menu_id": 595, "admin_id": 46, "created_at": "2021-06-12T11:59:45.673Z", "updated_at": "2024-07-10T13:35:45.315Z", "is_edited": true}, "m2m": {"photo": [668, 669, 670]}}, {"condition": {"id": 1068}, "defaults": {"site_id": 43, "judul": "Jadwal dan Jam Pelayanan", "isi_halaman": "<figure class=\"image image_resized\" style=\"width:35.4%;\"><img src=\"/media/ALUR%2C%20JADWAL%20PELAYANAN%2C%20DENAH.jpg\"></figure><figure class=\"image image_resized\" style=\"width:35.1%;\"><img src=\"/media/JADWAL%20%26%20JENIS%20LAYANAN.jpg\"></figure><figure class=\"image image_resized\" style=\"width:34.79%;\"><img src=\"/media/JADWAL%20PELAYANAN%20ADMINISTRASI%20DALAM%20GEDUNG.jpg\"></figure><figure class=\"image image_resized image-style-align-center\" style=\"width:34.38%;\"><img src=\"/media/JADWAL%20PELAYANAN%20LUAR%20GEDUNG.jpg\"></figure><figure class=\"image image_resized image-style-align-center\" style=\"width:34.03%;\"><img src=\"/media/LEMBAR%20BALIK%20INFORMASI%20PUBLIK%20LOKET%202.jpg\"></figure><figure class=\"image image_resized image-style-align-center\" style=\"width:33.98%;\"><img src=\"/media/LEMBAR%20BALIK%20INFORMASI%20PUBLIK%20LOKET%203.jpg\"></figure><p>Jadwal Dan Jam Pelayanan Terdapat Pada Papan Di Dinding &amp; Media Lembar Balik Loket Sebagai Bahan Edukasi Petugas Loket Ke Pengunjung/Pasien</p>", "view_count": 888, "menu_id": 596, "admin_id": 46, "created_at": "2021-06-12T12:35:42.752Z", "updated_at": "2024-07-11T15:11:43.051Z", "is_edited": true}, "m2m": {"photo": [662, 663, 4328]}}, {"condition": {"id": 1069}, "defaults": {"site_id": 43, "judul": "Upaya Kesehatan Masyarakat (UKM)", "isi_halaman": "<p><strong>&nbsp;2. UPAYA KESEHATAN MASYARAKAT (UKM) LUAR GEDUNG :</strong></p>\r\n\r\n<p><strong>&nbsp; &nbsp; A. Upaya Kesehatan Masyarakat Essensial :</strong></p>\r\n\r\n<p>&nbsp; &nbsp;<strong>&nbsp;&nbsp; &nbsp; &nbsp;1) Pelayanan Promosi Kesehatan:</strong></p>\r\n\r\n<p>&nbsp; &nbsp; &nbsp; &nbsp; &nbsp; &nbsp; &nbsp;a. Posyandu balita</p>\r\n\r\n<p>&nbsp; &nbsp; &nbsp; &nbsp; &nbsp; &nbsp; &nbsp;b. Penguatan bulan posyandu</p>\r\n\r\n<p>&nbsp; &nbsp; &nbsp; &nbsp; &nbsp; &nbsp; &nbsp;c. Pembinaan keluarga sehat</p>\r\n\r\n<p>&nbsp; &nbsp; &nbsp; &nbsp; &nbsp; &nbsp; &nbsp;d. Manajemen epidemiology socio appoarch education healthy life style (ESAPEHALS)</p>\r\n\r\n<p>&nbsp; &nbsp; &nbsp; &nbsp; &nbsp; &nbsp; &nbsp;e. Desa siaga</p>\r\n\r\n<p>&nbsp; &nbsp; &nbsp; &nbsp; &nbsp; &nbsp; &nbsp;f. Penyuluhan</p>\r\n\r\n<p>&nbsp; &nbsp; &nbsp; &nbsp; &nbsp; &nbsp; &nbsp;g. Pemutaran film</p>\r\n\r\n<p>&nbsp; &nbsp; &nbsp; &nbsp; &nbsp; &nbsp; &nbsp;h. Penjaringan kesehatan anak sekolah</p>\r\n\r\n<p>&nbsp; &nbsp; &nbsp; &nbsp; &nbsp; &nbsp; &nbsp;i. Pelatihan kader posyandu</p>\r\n\r\n<p>&nbsp; &nbsp;<strong>&nbsp; &nbsp; &nbsp;&nbsp;2) Pelayanan Kesehatan Lingkungan</strong></p>\r\n\r\n<p>&nbsp; &nbsp; &nbsp; &nbsp; &nbsp; &nbsp; &nbsp;a. Pemantauan rumah sehat</p>\r\n\r\n<p>&nbsp; &nbsp; &nbsp; &nbsp; &nbsp; &nbsp; &nbsp;b. Inspeksi sanitasi</p>\r\n\r\n<p>&nbsp; &nbsp; &nbsp; &nbsp; &nbsp; &nbsp; &nbsp;c. Penguatan akses jamba pasca Open Defecation Free (ODF)</p>\r\n\r\n<p>&nbsp; &nbsp; &nbsp; &nbsp; &nbsp; &nbsp; &nbsp;d. Pengambilan sampel air</p>\r\n\r\n<p>&nbsp; &nbsp; &nbsp; &nbsp; &nbsp; &nbsp; &nbsp;e. Kaporitisasi sarana air bersih (SAB)</p>\r\n\r\n<p>&nbsp; &nbsp; &nbsp; &nbsp; &nbsp; &nbsp; &nbsp;f. Kelompok pemakai air (pokmair)</p>\r\n\r\n<p>&nbsp; &nbsp; &nbsp; &nbsp; &nbsp; &nbsp; &nbsp;g. Pembinaan kesehatan lingkungan pada institusi : pendidikan, pemerintahan dan sarana kesehatan</p>\r\n\r\n<p>&nbsp; &nbsp; &nbsp; &nbsp; &nbsp; &nbsp; &nbsp;h. Pemicuan sanitasi total berbasis masyarakat (STBM)</p>\r\n\r\n<p>&nbsp; &nbsp; &nbsp; &nbsp; &nbsp; &nbsp; &nbsp;i. Monitoring pasca pemicuan sanitasi total berbasis masyarakat (STBM)</p>\r\n\r\n<p>&nbsp; &nbsp; &nbsp; &nbsp; &nbsp; &nbsp; &nbsp;j. Survei data dasar kesehatan lingkungan</p>\r\n\r\n<p>&nbsp; &nbsp; &nbsp; &nbsp; &nbsp; &nbsp; &nbsp;k. Kunjungan rumah : tindak lanjut klinik sanitasi</p>\r\n\r\n<p>&nbsp; &nbsp; &nbsp; &nbsp; &nbsp; &nbsp; &nbsp;l. Kunjungan sanitarian kedesa (kusades) :</p>\r\n\r\n<p>&nbsp; &nbsp; &nbsp; &nbsp; &nbsp; &nbsp; &nbsp; &nbsp; - Pengawasan tempat &ndash; tempat umum (TTU)</p>\r\n\r\n<p>&nbsp; &nbsp; &nbsp; &nbsp; &nbsp; &nbsp; &nbsp; &nbsp; - Pengawasan tempat pengolahan makanan (TPM)</p>\r\n\r\n<p>&nbsp; &nbsp; &nbsp; &nbsp; &nbsp; &nbsp; &nbsp; &nbsp; - Pengawasan depot isi ulang air minum</p>\r\n\r\n<p>&nbsp; &nbsp; &nbsp; &nbsp; &nbsp; &nbsp; &nbsp; &nbsp; - Pembinaan industri rumah tangga</p>\r\n\r\n<p>&nbsp; &nbsp;<strong>&nbsp;&nbsp; &nbsp;&nbsp;&nbsp;3) Pelayanan Kesehatan Ibu dan Anak termasuk Keluarga Berencana</strong></p>\r\n\r\n<p>&nbsp; &nbsp; &nbsp; &nbsp; &nbsp; &nbsp; &nbsp;a. Program perencanaan persalinan dan pencegahan komplikasi (P4K)</p>\r\n\r\n<p>&nbsp; &nbsp; &nbsp; &nbsp; &nbsp; &nbsp; &nbsp;b. Pemeriksaan ante natal care (ANC) di posyandu</p>\r\n\r\n<p>&nbsp; &nbsp; &nbsp; &nbsp; &nbsp; &nbsp; &nbsp;c. Pelayanan KB di posyandu</p>\r\n\r\n<p>&nbsp; &nbsp; &nbsp; &nbsp; &nbsp; &nbsp; &nbsp;d. Konseling KB di posyandu</p>\r\n\r\n<p>&nbsp; &nbsp; &nbsp; &nbsp; &nbsp; &nbsp; &nbsp;e. Sweeping ibu hamil</p>\r\n\r\n<p>&nbsp; &nbsp; &nbsp; &nbsp; &nbsp; &nbsp; &nbsp;f. Kelas ibu hamil</p>\r\n\r\n<p>&nbsp; &nbsp; &nbsp; &nbsp; &nbsp; &nbsp; &nbsp;g. Kunjungan rumah : kunjungan neonatal (KN) dan kunjungan nifas (KF)</p>\r\n\r\n<p>&nbsp; &nbsp; &nbsp; &nbsp; &nbsp; &nbsp; &nbsp;h. Survei kunjungan neonatal (KN) dan kunjungan nifas (KF)</p>\r\n\r\n<p>&nbsp; &nbsp; &nbsp; &nbsp; &nbsp; &nbsp; &nbsp;i. Superfisi fasilitatif (sufas)</p>\r\n\r\n<p>&nbsp; &nbsp; &nbsp; &nbsp; &nbsp; &nbsp; &nbsp;j. Kelas ibu balita</p>\r\n\r\n<p>&nbsp; &nbsp; &nbsp; &nbsp; &nbsp; &nbsp; &nbsp;k. Pemeriksaan Stimulasi dan Deteksi Dini Tumbuh Kembang Anak (SDDTKA) di TK dan PAUD</p>\r\n\r\n<p>&nbsp; &nbsp; &nbsp; &nbsp; &nbsp; &nbsp; &nbsp;l.&nbsp; Audit maternal perinatal dan neonatal (AMPN)</p>\r\n\r\n<p>&nbsp; &nbsp; &nbsp; &nbsp; &nbsp; &nbsp; &nbsp;m. Otopsi verbal kematian maternal / neonatal</p>\r\n\r\n<p>&nbsp; &nbsp;<strong>&nbsp; &nbsp; &nbsp;&nbsp;4) Pelayanan Gizi</strong></p>\r\n\r\n<p>&nbsp; &nbsp; &nbsp; &nbsp; &nbsp; &nbsp; &nbsp;a. Penimbangan balita</p>\r\n\r\n<p>&nbsp; &nbsp; &nbsp; &nbsp; &nbsp; &nbsp; &nbsp;b. Pemberian vitamin A bagi bayi dan balita</p>\r\n\r\n<p>&nbsp; &nbsp; &nbsp; &nbsp; &nbsp; &nbsp; &nbsp;c. Pemberian vitamin A bagi ibu nifas</p>\r\n\r\n<p>&nbsp; &nbsp; &nbsp; &nbsp; &nbsp; &nbsp; &nbsp;d. Pemberian tablet Fe bagi ibu hamil dan ibu nifas</p>\r\n\r\n<p>&nbsp; &nbsp; &nbsp; &nbsp; &nbsp; &nbsp; &nbsp;e. Kelas gizi</p>\r\n\r\n<p>&nbsp; &nbsp; &nbsp; &nbsp; &nbsp; &nbsp; &nbsp;f. Pemberian makanan pendamping (biskuit)</p>\r\n\r\n<p>&nbsp; &nbsp; &nbsp; &nbsp; &nbsp; &nbsp; &nbsp;g. Pemberian makanan bayi dan anak (PMBA)</p>\r\n\r\n<p>&nbsp; &nbsp; &nbsp; &nbsp; &nbsp; &nbsp; &nbsp;h. Pemberian makanan tambahan (PMT) bagi balita gizi kurang dan gizi buruk</p>\r\n\r\n<p>&nbsp; &nbsp; &nbsp; &nbsp; &nbsp; &nbsp; &nbsp;i. Pemberian makanan tambahan (PMT) bagi ibu hamil kurang energy kronis (KEK)</p>\r\n\r\n<p>&nbsp; &nbsp; &nbsp; &nbsp; &nbsp; &nbsp; &nbsp;j. Pemeriksaan garam yodium di tingkat masyarakat</p>\r\n\r\n<p>&nbsp; &nbsp; &nbsp; &nbsp; &nbsp; &nbsp; &nbsp;k. Pendampingan keluarga sadar gizi (KADARZI)</p>\r\n\r\n<p>&nbsp; &nbsp; &nbsp; &nbsp; &nbsp; &nbsp; &nbsp;l. Pemantauan ASI eksklusif (AE)</p>\r\n\r\n<p>&nbsp; &nbsp; &nbsp; &nbsp; &nbsp; &nbsp; &nbsp;m. Pengukuran tinggi badan / panjang badan dengan length board</p>\r\n\r\n<p>&nbsp; &nbsp; &nbsp; &nbsp; &nbsp; &nbsp; &nbsp;n. Monitoring kasus gizi kurang dan gizi buruk</p>\r\n\r\n<p>&nbsp; &nbsp; &nbsp; &nbsp; &nbsp; &nbsp; &nbsp;o. Pemberian Tablet Tambah Darah (TTD) bagi remaja putri</p>\r\n\r\n<p>&nbsp; &nbsp; &nbsp; &nbsp; &nbsp; &nbsp; &nbsp;q. Konseling gizi</p>\r\n\r\n<p>&nbsp; &nbsp;<strong>&nbsp; &nbsp; &nbsp;&nbsp;5) Pelayanan Pencegahan dan Pengendalian Penyakit</strong></p>\r\n\r\n<p>&nbsp; &nbsp; &nbsp; &nbsp; &nbsp; &nbsp; &nbsp;a. P2 TB Paru</p>\r\n\r\n<p>&nbsp; &nbsp; &nbsp; &nbsp; &nbsp; &nbsp; &nbsp; &nbsp; &nbsp;- Penyuluhan : Community based approach (CBA), penyuluhan TB</p>\r\n\r\n<p>&nbsp; &nbsp; &nbsp; &nbsp; &nbsp; &nbsp; &nbsp; &nbsp; &nbsp;- Kunjungan rumah : kontak serumah, pelacakan pasien TB mangkir</p>\r\n\r\n<p>&nbsp; &nbsp; &nbsp; &nbsp; &nbsp; &nbsp; &nbsp; &nbsp; &nbsp;- Pertemuan : Pembentukan kader PL TB dan Evaluasi kegiatan kader PL TB,Sosialisasi TB-HIV</p>\r\n\r\n<p>&nbsp; &nbsp; &nbsp; &nbsp; &nbsp; &nbsp; &nbsp; &nbsp; &nbsp;- Investigasi kontak (Grebek TB)</p>\r\n\r\n<p>&nbsp; &nbsp; &nbsp; &nbsp; &nbsp; &nbsp; &nbsp;b. P2 ISPA</p>\r\n\r\n<p>&nbsp; &nbsp; &nbsp; &nbsp; &nbsp; &nbsp; &nbsp; &nbsp; &nbsp;- Kunjungan rumah : care seeking</p>\r\n\r\n<p>&nbsp; &nbsp; &nbsp; &nbsp; &nbsp; &nbsp; &nbsp;c. P2 Diare</p>\r\n\r\n<p>&nbsp; &nbsp; &nbsp; &nbsp; &nbsp; &nbsp; &nbsp; &nbsp; &nbsp;- Kunjungan rumah : pemantauan pemberian tablet zink</p>\r\n\r\n<p style=\"margin-left:14.2pt\">&nbsp; &nbsp; &nbsp; &nbsp; d. P2 Demam Berdarah / Chikungunya</p>\r\n\r\n<p>&nbsp; &nbsp; &nbsp; &nbsp; &nbsp; &nbsp; &nbsp; &nbsp; &nbsp;- Pelacakan kasus</p>\r\n\r\n<p>&nbsp; &nbsp; &nbsp; &nbsp; &nbsp; &nbsp; &nbsp; &nbsp; &nbsp;- Pemantauan jentik berkala</p>\r\n\r\n<p>&nbsp; &nbsp; &nbsp; &nbsp; &nbsp; &nbsp; &nbsp; &nbsp; &nbsp;- Larvasidasi</p>\r\n\r\n<p>&nbsp; &nbsp; &nbsp; &nbsp; &nbsp; &nbsp; &nbsp; &nbsp; &nbsp;- Pemberantasan sarang nyamuk (PSN)</p>\r\n\r\n<p>&nbsp; &nbsp; &nbsp; &nbsp; &nbsp; &nbsp; &nbsp; &nbsp; &nbsp;- Fogging / pengasapan</p>\r\n\r\n<p>&nbsp; &nbsp; &nbsp; &nbsp;&nbsp;e. P2 Malaria</p>\r\n\r\n<p>&nbsp; &nbsp; &nbsp; &nbsp; &nbsp; &nbsp;&nbsp;- Folow up minum obat</p>\r\n\r\n<p>&nbsp; &nbsp; &nbsp; &nbsp; &nbsp; &nbsp;&nbsp;- Pemantauan pemanfaatan kelambu</p>\r\n\r\n<p>&nbsp; &nbsp; &nbsp; &nbsp;&nbsp;f. P2 Kusta</p>\r\n\r\n<p>&nbsp; &nbsp; &nbsp; &nbsp; &nbsp; &nbsp;- Pembinaan Kelompok Perawatan Diri Kusta (KPD)</p>\r\n\r\n<p>&nbsp; &nbsp; &nbsp; &nbsp; &nbsp; &nbsp;- Pemeriksaan Kontak Serumah Kusta</p>\r\n\r\n<p>&nbsp; &nbsp; &nbsp; &nbsp;&nbsp;g. Surveilans</p>\r\n\r\n<p>&nbsp; &nbsp; &nbsp; &nbsp; &nbsp; &nbsp; - Penyelidikan epidemiologi penyakit potensial wabah</p>\r\n\r\n<p>&nbsp; &nbsp; &nbsp; &nbsp;&nbsp;h. Imunisasi</p>\r\n\r\n<p>&nbsp; &nbsp; &nbsp; &nbsp; &nbsp; &nbsp;&nbsp;- Imunisasi dasar :BCG, HBuniject, DPT-HB-Hib, polio, campak rubella (MR)</p>\r\n\r\n<p>&nbsp; &nbsp; &nbsp; &nbsp; &nbsp; &nbsp;&nbsp;- Imunisasi booster : DPT-HB-Hib, campak rubella (MR)</p>\r\n\r\n<p>&nbsp; &nbsp; &nbsp; &nbsp; &nbsp; &nbsp;&nbsp;- Imunisasi lainnya : IPV, PCV</p>\r\n\r\n<p>&nbsp; &nbsp; &nbsp; &nbsp; &nbsp; &nbsp;&nbsp;- Bulan imunisasi anak sekolah (BIAS) : DT, Td, campak</p>\r\n\r\n<p>&nbsp; &nbsp; &nbsp; &nbsp; &nbsp; &nbsp;&nbsp;- Imunisasi Td ibu hamil</p>\r\n\r\n<p>&nbsp; &nbsp; &nbsp; &nbsp; &nbsp; &nbsp;&nbsp;- Kegiatan kampanye imunisasi nasional</p>\r\n\r\n<p>&nbsp; &nbsp; &nbsp; &nbsp;&nbsp;i. Penyakit Tidak Menular (PTM)</p>\r\n\r\n<p>&nbsp; &nbsp; &nbsp; &nbsp; &nbsp; &nbsp;&nbsp;- Pelayanan pos pembinaan terpadu (posbindu)</p>\r\n\r\n<p>&nbsp; &nbsp; &nbsp; &nbsp; &nbsp; &nbsp;&nbsp;- Pelayanan program pengelolaan penyakit kronis (prolanis)</p>\r\n\r\n<p>&nbsp; &nbsp; &nbsp; &nbsp;&nbsp;j. P2 IMS, HIV dan AIDS</p>\r\n\r\n<p>&nbsp; &nbsp; &nbsp; &nbsp; &nbsp; &nbsp;&nbsp;- Peer group HIV-AIDS pada SMP / SMA sederajat</p>\r\n\r\n<p>&nbsp; &nbsp; &nbsp; &nbsp; &nbsp; &nbsp;&nbsp;- Pendampingan&nbsp;<em>voluntary conseling and test (VCT) mobile</em></p>\r\n\r\n<p>&nbsp; &nbsp; &nbsp; &nbsp; &nbsp; &nbsp;&nbsp;- Pendampingan&nbsp;<em>sero survey</em></p>\r\n\r\n<p>&nbsp; &nbsp; &nbsp; &nbsp; k. Pelayanan Perawatan Kesehatan Masyarakat (Perkesmas)</p>\r\n\r\n<p>&nbsp; &nbsp; &nbsp; &nbsp; &nbsp; &nbsp;&nbsp;- Kunjungan rumah keluarga rawan</p>\r\n\r\n<p>&nbsp; &nbsp; &nbsp; &nbsp; &nbsp; &nbsp;&nbsp;- Diskusi refleksi kasus (DRK)</p>", "view_count": 398, "menu_id": 224, "admin_id": 46, "created_at": "2021-06-12T12:39:45.243Z", "updated_at": "2024-07-11T14:49:12.214Z", "is_edited": true}, "m2m": {"photo": []}}, {"condition": {"id": 1148}, "defaults": {"site_id": 43, "judul": "Upaya Kesehatan Masyarakat Pengembangan", "isi_halaman": "<p><strong>1. Upaya Kesehatan Masyarakat Pengembangan :</strong></p>\r\n\r\n<p>&nbsp; &nbsp;<strong> A. Pelayanan Usaha Kesehatan Sekolah</strong></p>\r\n\r\n<p>&nbsp; &nbsp; &nbsp; &nbsp; - Pembinaan dokter kecil</p>\r\n\r\n<p>&nbsp; &nbsp; &nbsp; &nbsp;&nbsp;- Demonstrasi cuci tangan pakai sabun (CTPS)</p>\r\n\r\n<p>&nbsp; &nbsp;<strong>&nbsp;B. Pelayanan Kesehatan Gigi</strong></p>\r\n\r\n<p>&nbsp; &nbsp; &nbsp; &nbsp;&nbsp;1. Upaya kesehatan gigi sekolah (UKGS) :</p>\r\n\r\n<p>&nbsp; &nbsp; &nbsp; &nbsp; &nbsp; &nbsp; - Pemeriksaan gigi di sekolah</p>\r\n\r\n<p>&nbsp; &nbsp; &nbsp; &nbsp; &nbsp; &nbsp;&nbsp;- Demonstrasi sikat gigi massal</p>\r\n\r\n<p>&nbsp; &nbsp; &nbsp; &nbsp;&nbsp;2. Upaya kesehatan gigi masyarakat desa (UKGMD) :</p>\r\n\r\n<p>&nbsp; &nbsp; &nbsp;&nbsp; &nbsp; &nbsp; &nbsp; - Pemeriksaan gigi ibu hamil di posyandu</p>\r\n\r\n<p>&nbsp;<strong> &nbsp;&nbsp;C. Pelayanan Kesehatan Remaja</strong></p>\r\n\r\n<p>&nbsp; &nbsp; &nbsp; &nbsp;&nbsp;- Pembinaan kader kesehatan remaja (KKR)</p>\r\n\r\n<p><strong>&nbsp; &nbsp;&nbsp;D. Pelayanan Kesehatan Usia Lanjut</strong></p>\r\n\r\n<p>&nbsp; &nbsp; &nbsp; &nbsp;&nbsp;- Posyandu lansia&nbsp;</p>\r\n\r\n<p>&nbsp; &nbsp;&nbsp;<strong>E. Pelayanan Puskel</strong></p>\r\n\r\n<p>&nbsp; &nbsp; &nbsp; &nbsp;&nbsp;- Pelayanan Puskesmas Keliling</p>\r\n\r\n<p>&nbsp; &nbsp;<strong>&nbsp;F. Pelayanan Kesehatan Kerja</strong></p>\r\n\r\n<p>&nbsp; &nbsp; &nbsp; &nbsp;&nbsp;- Keselamatan dan kesehatan kerja (K3) di kelompok pekerja</p>\r\n\r\n<p>&nbsp; &nbsp;&nbsp;<strong>G. Pelayanan Kesehatan Jiwa</strong></p>\r\n\r\n<p>&nbsp; &nbsp; &nbsp; &nbsp;&nbsp;- Rujukan pasien gangguan jiwa</p>\r\n\r\n<p>&nbsp; &nbsp;&nbsp;<strong>H. Pelayanan Kesehatan Indera (Mata)</strong></p>\r\n\r\n<p>&nbsp; &nbsp; &nbsp; &nbsp;&nbsp;- Rujukan pasien gangguan pengelihatan</p>\r\n\r\n<p>&nbsp; &nbsp;&nbsp;<strong>I. Pelayanan Kesehatan Olah Raga</strong></p>\r\n\r\n<p>&nbsp; &nbsp; &nbsp; &nbsp;&nbsp;- Tes kebugaran kelompok remaja</p>\r\n\r\n<p>&nbsp; &nbsp; &nbsp; &nbsp;&nbsp;- Tes kebugaran staf puskesmas Gerung</p>\r\n\r\n<p>&nbsp; &nbsp; &nbsp; &nbsp;&nbsp;- Tes kebugaran jemaah calon haji</p>\r\n\r\n<p>&nbsp; &nbsp;&nbsp;<strong>J. Pelayanan Kesehatan Haji</strong></p>\r\n\r\n<p>&nbsp; &nbsp; &nbsp; &nbsp;&nbsp;- Pembinaan jemaah calon haji</p>\r\n\r\n<p>&nbsp; &nbsp; &nbsp; &nbsp;&nbsp;- Pemeriksaan kesehatan jemaah calon haji</p>\r\n\r\n<p>&nbsp; &nbsp; &nbsp; &nbsp;&nbsp;- Pelacakan jemaah haji / kartu kewaspadaan kesehatan jemaah haji (K3JH)</p>\r\n\r\n<p>&nbsp; &nbsp;&nbsp;<strong>K. Pelayanan KesehatanTradisional</strong></p>\r\n\r\n<p>&nbsp; &nbsp; &nbsp; &nbsp;&nbsp;- <span style=\"font-size:11.0pt\"><span style=\"font-family:&quot;Arial Narrow&quot;,&quot;sans-serif&quot;\">Pembinaan toga dan pemanfaatan pad</span></span><span style=\"font-size:11.0pt\"><span style=\"font-family:&quot;Arial Narrow&quot;,&quot;sans-serif&quot;\">a</span></span><span style=\"font-size:11.0pt\"><span style=\"font-family:&quot;Arial Narrow&quot;,&quot;sans-serif&quot;\"> sasaran masyarakat</span></span></p>\r\n\r\n<p><span style=\"font-size:11.0pt\"><span style=\"font-family:&quot;Arial Narrow&quot;,&quot;sans-serif&quot;\">&nbsp; &nbsp; &nbsp; &nbsp; - Pe</span></span>mbinaan pengobatan tradisional yang menggunakan tanaman obat</p>\r\n\r\n<p>&nbsp; &nbsp; &nbsp; &nbsp;- Pembinaan pengobatan tradisional dengan keterampilan</p>\r\n\r\n<p>&nbsp; &nbsp; &nbsp; &nbsp;- Pembinaan pengobatan tradisional lain</p>\r\n\r\n<p>&nbsp;</p>", "view_count": 389, "menu_id": 314, "admin_id": 46, "created_at": "2021-06-15T13:43:10.544Z", "updated_at": "2024-07-11T03:26:07.660Z", "is_edited": true}, "m2m": {"photo": []}}, {"condition": {"id": 3361}, "defaults": {"site_id": 43, "judul": "Tata Nilai", "isi_halaman": "<p>UPT Puskesmas Gerung <strong>\"SEHATI\"&nbsp;</strong>dalam memberikan pelayanan.</p><p><strong>S</strong> : Senyum (memberikan pelayanan yang ramah).</p><p><strong>E</strong> : Edukasi (edukasi yang dilaksanakan secara kekeluargaan dan kebersamaan).</p><p><strong>H</strong> : Holistik (memberikan pelayanan secara keseluruhan dan profesional).</p><p><strong>A</strong> : Adil (pelayanan yang merata dan tidak membeda\u2013bedakan).</p><p><strong>T</strong> : Teladan (menjadi panutan bagi masyarakat dalam berperilaku hidup sehat).</p><p><strong>I</strong>&nbsp;&nbsp; : <span style=\"background-color:rgb(255,255,255);color:rgb(102,102,102);\">Inisiatif (Melaksanakan tugas tanpa menunggu perintah dan mencari solusi bila ada kendala).</span></p><p><strong>\"SEHATI\"</strong> juga dapat diartikan sebagai kekuatan kerja sama dan kekompakan tim UPT Puskesmas Gerung dalam memberikan pelayanan bagi masyarakat.</p>", "view_count": 746, "menu_id": 212, "admin_id": 46, "created_at": "2022-07-05T11:00:30.944Z", "updated_at": "2024-07-11T23:54:17.138Z", "is_edited": true}, "m2m": {"photo": [2565]}}, {"condition": {"id": 3554}, "defaults": {"site_id": 43, "judul": "FALSAFAH", "isi_halaman": "<figure class=\"image image_resized\" style=\"width:51.77%;\"><img src=\"/media/VISI%20MOTTO.jpg\"></figure><p style=\"text-align:center;\"><img class=\"image_resized\" style=\"width:500px;\" src=\"/media/uploads/puskesmasgerunglobar/2023/06/21/falsafah.png\" alt=\"\"></p><p style=\"text-align:center;\">Memberikan pelayanan yang ramah, tulus, efisien dan edukatif serta merata bagi seluruh lapisan masyarakat.</p>", "view_count": 556, "menu_id": 211, "admin_id": 46, "created_at": "2022-07-06T00:50:10.076Z", "updated_at": "2024-07-10T01:51:10.183Z", "is_edited": true}, "m2m": {"photo": []}}, {"condition": {"id": 4265}, "defaults": {"site_id": 43, "judul": "Mekanisme Pengaduan Online/Offline", "isi_halaman": "<p><img class=\"image_resized\" style=\"width:38.8%;\" src=\"/media/uploads/puskesmasgerunglobar/2022/08/16/alur-penanganan-keluhan.png\" alt=\"\"></p><p>Gambar 1.</p><p>Mekanisme Pengaduan Pengaduan Masyarakat</p><p><img class=\"image_resized\" style=\"width:375px;\" src=\"/media/uploads/puskesmasgerunglobar/2022/08/16/1660545544289-01.jpeg\" alt=\"\"></p><p>Gambar 2.</p><p>Mekanisme Pengaduan Masyarakat Offline Dapat Melalui Kotak Saran &amp; Online Bisa Melalui Whatsapp/SMS : <span style=\"background-color:rgb(255,255,255);color:rgb(102,102,102);\">087857120612, </span>Website : puskesmasgerung-dikes.lombokbaratkab.go.id, Gmail : <a href=\"mailto:pkm.grg@gmail.com\">pkm.grg@gmail.com</a> dan/atau www.lapor.go.id</p>", "view_count": 361, "menu_id": 115, "admin_id": 46, "created_at": "2022-07-09T09:22:09.510Z", "updated_at": "2024-07-10T04:35:58.010Z", "is_edited": true}, "m2m": {"photo": []}}, {"condition": {"id": 4269}, "defaults": {"site_id": 43, "judul": "Puskesmas Pembantu (Pustu) & Pos Kesehatan Desa (Poskesdes)", "isi_halaman": "<h3><strong>A. KELURAHAN GERUNG UTARA</strong></h3>\r\n\r\n<p><strong>Lingkungan:</strong></p>\r\n\r\n<table border=\"0\" cellpadding=\"0\" cellspacing=\"0\">\r\n\t<tbody>\r\n\t\t<tr>\r\n\t\t\t<td>1. Babakan</td>\r\n\t\t</tr>\r\n\t\t<tr>\r\n\t\t\t<td>2. Montong Sari</td>\r\n\t\t</tr>\r\n\t\t<tr>\r\n\t\t\t<td>3. Bagu</td>\r\n\t\t</tr>\r\n\t\t<tr>\r\n\t\t\t<td>4. Pohdana</td>\r\n\t\t</tr>\r\n\t\t<tr>\r\n\t\t\t<td>5. Batu Anyar</td>\r\n\t\t</tr>\r\n\t</tbody>\r\n</table>\r\n\r\n<p><strong>TIDAK ADA BANGUNAN PUSTU DI KELURAHAN GERUNG UTARA</strong></p>\r\n\r\n<p><strong>Bidan : Komang Devi Seri Rahayu, A.Md.Keb.</strong></p>\r\n\r\n<p><strong>B. KELURAHAN GERUNG SELATAN</strong></p>\r\n\r\n<p><strong>Lingkungan:</strong></p>\r\n\r\n<table border=\"0\" cellpadding=\"0\" cellspacing=\"0\">\r\n\t<tbody>\r\n\t\t<tr>\r\n\t\t\t<td>1. Reyan</td>\r\n\t\t</tr>\r\n\t\t<tr>\r\n\t\t\t<td>2. Menang</td>\r\n\t\t</tr>\r\n\t\t<tr>\r\n\t\t\t<td>3. Tanjung Gunung</td>\r\n\t\t</tr>\r\n\t\t<tr>\r\n\t\t\t<td>4. Dodokan</td>\r\n\t\t</tr>\r\n\t\t<tr>\r\n\t\t\t<td>5. Perigi</td>\r\n\t\t</tr>\r\n\t\t<tr>\r\n\t\t\t<td>6. BTN Reyan Hijau/Baru</td>\r\n\t\t</tr>\r\n\t\t<tr>\r\n\t\t\t<td>7. BTN Reyan Pondok Indah</td>\r\n\t\t</tr>\r\n\t</tbody>\r\n</table>\r\n\r\n<p><strong>TIDAK ADA BANGUNAN PUSTU DI KELURAHAN GERUNG SELATAN</strong></p>\r\n\r\n<p><strong>Bidan :&nbsp;Andy Putriana, A.Md.Keb.</strong></p>\r\n\r\n<p><strong>C. DESA TEMPOS</strong></p>\r\n\r\n<p><strong>Dusun:</strong></p>\r\n\r\n<table border=\"0\" cellpadding=\"0\" cellspacing=\"0\">\r\n\t<tbody>\r\n\t\t<tr>\r\n\t\t\t<td>1. Kayu Putih</td>\r\n\t\t</tr>\r\n\t\t<tr>\r\n\t\t\t<td>2. Ajok Jaya</td>\r\n\t\t</tr>\r\n\t\t<tr>\r\n\t\t\t<td>3. Tempos Daye</td>\r\n\t\t</tr>\r\n\t\t<tr>\r\n\t\t\t<td>4. Karang Barat</td>\r\n\t\t</tr>\r\n\t\t<tr>\r\n\t\t\t<td>5. Telotok</td>\r\n\t\t</tr>\r\n\t\t<tr>\r\n\t\t\t<td>6. Luwuk Daye</td>\r\n\t\t</tr>\r\n\t\t<tr>\r\n\t\t\t<td>7. Luwuk Lauk</td>\r\n\t\t</tr>\r\n\t\t<tr>\r\n\t\t\t<td>8. Batu Goleng</td>\r\n\t\t</tr>\r\n\t\t<tr>\r\n\t\t\t<td>9. Alas Malang</td>\r\n\t\t</tr>\r\n\t\t<tr>\r\n\t\t\t<td>10. Kelebut</td>\r\n\t\t</tr>\r\n\t</tbody>\r\n</table>\r\n\r\n<p><strong>Petugas/Perawat Pustu :&nbsp;M. Nurhadi, A.Md.Kep.</strong></p>\r\n\r\n<p><strong>Bidan :&nbsp;Siti Maryam, A.Md.Keb.</strong></p>\r\n\r\n<p><strong>D. DESA BANYU URIP</strong></p>\r\n\r\n<p><strong>Dusun:</strong></p>\r\n\r\n<table border=\"0\" cellpadding=\"0\" cellspacing=\"0\">\r\n\t<tbody>\r\n\t\t<tr>\r\n\t\t\t<td>1. Rincung Utara</td>\r\n\t\t</tr>\r\n\t\t<tr>\r\n\t\t\t<td>2. Rincung Selatan</td>\r\n\t\t</tr>\r\n\t\t<tr>\r\n\t\t\t<td>\r\n\t\t\t<table border=\"0\" cellpadding=\"0\" cellspacing=\"0\">\r\n\t\t\t\t<tbody>\r\n\t\t\t\t\t<tr>\r\n\t\t\t\t\t\t<td>3. Pesanggrahan</td>\r\n\t\t\t\t\t</tr>\r\n\t\t\t\t\t<tr>\r\n\t\t\t\t\t\t<td>4. Pancoran</td>\r\n\t\t\t\t\t</tr>\r\n\t\t\t\t\t<tr>\r\n\t\t\t\t\t\t<td>5. Kemuning</td>\r\n\t\t\t\t\t</tr>\r\n\t\t\t\t\t<tr>\r\n\t\t\t\t\t\t<td>6. Bantir</td>\r\n\t\t\t\t\t</tr>\r\n\t\t\t\t\t<tr>\r\n\t\t\t\t\t\t<td>7. Kondak</td>\r\n\t\t\t\t\t</tr>\r\n\t\t\t\t\t<tr>\r\n\t\t\t\t\t\t<td>8. Sambiratik</td>\r\n\t\t\t\t\t</tr>\r\n\t\t\t\t\t<tr>\r\n\t\t\t\t\t\t<td>9. Kesuma/Kesuma Lauq</td>\r\n\t\t\t\t\t</tr>\r\n\t\t\t\t\t<tr>\r\n\t\t\t\t\t\t<td>10. Perempung/Kesume Daye</td>\r\n\t\t\t\t\t</tr>\r\n\t\t\t\t\t<tr>\r\n\t\t\t\t\t\t<td>11. Bentenu</td>\r\n\t\t\t\t\t</tr>\r\n\t\t\t\t</tbody>\r\n\t\t\t</table>\r\n\t\t\t</td>\r\n\t\t</tr>\r\n\t</tbody>\r\n</table>\r\n\r\n<p><strong>Petugas/Perawat Pustu :&nbsp;Mohammad Azizar Fahrozi, A.Md.Kep.</strong></p>\r\n\r\n<p><strong>Bidan : Baiq Yusda Hidayati, A.Md.Keb.</strong></p>\r\n\r\n<p><strong>E. DESA GIRI TEMBESI</strong></p>\r\n\r\n<p><strong>Dusun:</strong></p>\r\n\r\n<table border=\"0\" cellpadding=\"0\" cellspacing=\"0\">\r\n\t<tbody>\r\n\t\t<tr>\r\n\t\t\t<td>1. Lilin</td>\r\n\t\t</tr>\r\n\t\t<tr>\r\n\t\t\t<td>2. Gumesa Tengah</td>\r\n\t\t</tr>\r\n\t\t<tr>\r\n\t\t\t<td>3. Gumesa Selatan</td>\r\n\t\t</tr>\r\n\t\t<tr>\r\n\t\t\t<td>4. Gumesa Utara/Gawah Berore</td>\r\n\t\t</tr>\r\n\t\t<tr>\r\n\t\t\t<td>5. Gumesa Timur</td>\r\n\t\t</tr>\r\n\t\t<tr>\r\n\t\t\t<td>6. Celuk Gedang</td>\r\n\t\t</tr>\r\n\t</tbody>\r\n</table>\r\n\r\n<p><strong>Petugas/Perawat Pustu :&nbsp;I Gede Sudartha</strong></p>\r\n\r\n<p><strong>Bidan :&nbsp;Ni Putu Riska Oktariani, A.Md.Keb.</strong></p>\r\n\r\n<p><strong>F. DESA KEBUN AYU</strong></p>\r\n\r\n<p><strong>Dusun:</strong></p>\r\n\r\n<table border=\"0\" cellpadding=\"0\" cellspacing=\"0\">\r\n\t<tbody>\r\n\t\t<tr>\r\n\t\t\t<td>1. Penarukan Daye</td>\r\n\t\t</tr>\r\n\t\t<tr>\r\n\t\t\t<td>2. Penarukan Lauk</td>\r\n\t\t</tr>\r\n\t\t<tr>\r\n\t\t\t<td>3. Gubuk Raden</td>\r\n\t\t</tr>\r\n\t\t<tr>\r\n\t\t\t<td>4. Bakong Desa</td>\r\n\t\t</tr>\r\n\t\t<tr>\r\n\t\t\t<td>5. Kelebut</td>\r\n\t\t</tr>\r\n\t\t<tr>\r\n\t\t\t<td>6. Proa</td>\r\n\t\t</tr>\r\n\t\t<tr>\r\n\t\t\t<td>7. Karang Kesuma</td>\r\n\t\t</tr>\r\n\t</tbody>\r\n</table>\r\n\r\n<p><strong>Petugas/Perawat Pustu :&nbsp;Nurul Hayati, A.Md.Kep.</strong></p>\r\n\r\n<p><strong>Bidan : Baiq Simphoni Wulandari, A.Md.Keb.</strong></p>\r\n\r\n<p><strong>G. DESA TAMAN AYU</strong></p>\r\n\r\n<p><strong>Dusun:</strong></p>\r\n\r\n<table border=\"0\" cellpadding=\"0\" cellspacing=\"0\">\r\n\t<tbody>\r\n\t\t<tr>\r\n\t\t\t<td>1. Peseng</td>\r\n\t\t</tr>\r\n\t\t<tr>\r\n\t\t\t<td>2. Bongor Induk</td>\r\n\t\t</tr>\r\n\t\t<tr>\r\n\t\t\t<td>3. Bongor Mekarsari</td>\r\n\t\t</tr>\r\n\t\t<tr>\r\n\t\t\t<td>4. Gunung Malang</td>\r\n\t\t</tr>\r\n\t\t<tr>\r\n\t\t\t<td>5. Taman</td>\r\n\t\t</tr>\r\n\t\t<tr>\r\n\t\t\t<td>6. Jeranjang</td>\r\n\t\t</tr>\r\n\t\t<tr>\r\n\t\t\t<td>7. Karang Genteng</td>\r\n\t\t</tr>\r\n\t\t<tr>\r\n\t\t\t<td>8. Bongor Muhajirin</td>\r\n\t\t</tr>\r\n\t</tbody>\r\n</table>\r\n\r\n<p><strong>Petugas/Perawat Pustu :&nbsp;M. Jaelani, A.Md.Kep.</strong></p>\r\n\r\n<p><strong>Bidan :&nbsp;Nurul Ainu, A.Md.Keb.</strong></p>", "view_count": 900, "menu_id": 589, "admin_id": 46, "created_at": "2022-07-09T10:01:06.163Z", "updated_at": "2024-07-11T08:24:23.736Z", "is_edited": true}, "m2m": {"photo": []}}, {"condition": {"id": 4275}, "defaults": {"site_id": 43, "judul": "Tata Tertib Pasien/Pengunjung", "isi_halaman": "<p>1. Pasien rawat inap maksimal ditunggu oleh 1 orang.</p><p>2. Pengunjung/Pendamping/Penunggu pasien harus dalam keadaan sehat (tidak sedang sakit flu atau memiliki riwayat penyakit menular lainnya).</p><p>3. Berpakaian rapi dan sopan selama berada di lingkungan Puskesmas.</p><p>4. Demi kesehatan anggota keluarga anda, dilarang membawa anak kecil yang sehat ke Puskesmas karena sangat berisiko tertular penyakit.</p><p>5. Dilarang merokok di area Puskesmas.</p><p>6. Dilarang membawa senjata tajam, obat-obatan terlarang dan mengkonsumsi minuman beralkohol.</p><p>7. Dilarang meludah/membuang dahak disembarang tempat.</p><p>8. Dilarang membuang pembalut, sisa makanan atau sampah lainnya di lubang WC. Buanglah sampah pada tempat yang telah disediakan.</p><p>9. Matikan lampu, kran air apabila selesai digunakan.</p><p>10. Tidak meninggalkan barang berharga/uang didalam ruangan. Barang hilang bukan tanggung jawab Puskesmas.</p><p>11. Periksalah barang bawaan/identitas penting anda sebelum meninggalkan Puskesmas.</p><p>12. Dilarang merusak inventaris Puskesmas.</p><p>13. Mentaati segala peraturan yang berlaku di Puskesmas.</p><p>14. Petugas Security berwenang untuk melaksanakan penertiban sesuai ketentuan tersebut diatas.</p><p>Terima kasih telah turut menjaga keamanan, kebersihan, ketertiban dan ketenangan selama berada di lingkungan Puskesmas.</p><figure class=\"image image-style-align-center image_resized\" style=\"width:400px;\"><img src=\"/media/uploads/puskesmasgerunglobar/2022/08/11/1f509644-5bbc-41e6-b2a3-e6cafbde0980.jpg\" alt=\"\"></figure><figure class=\"image image-style-align-center image_resized\" style=\"width:42.13%;\"><img src=\"/media/Tata%20Tertib%20Ruang.jpg\"></figure><p>Gambar 2.</p><p>Tata Tertib Yang Berada Di Ruang RGD, Bersalin Dan Rawat Inap</p><p>&nbsp;</p><p>&nbsp;</p><p>&nbsp;</p>", "view_count": 2280, "menu_id": 593, "admin_id": 46, "created_at": "2022-07-09T10:24:44.658Z", "updated_at": "2024-07-11T18:02:33.627Z", "is_edited": true}, "m2m": {"photo": [4200]}}, {"condition": {"id": 4587}, "defaults": {"site_id": 43, "judul": "Survei Kepuasan Masyarakat (Pasien)", "isi_halaman": "<p>Klik link untuk mengisi survei</p>\r\n\r\n<p><a href=\"https://bit.ly/surveikepuasanmasyarakat-skm\">https://bit.ly/surveikepuasanmasyarakat-skm</a></p>", "view_count": 306, "menu_id": 683, "admin_id": 46, "created_at": "2022-09-29T19:21:23.158Z", "updated_at": "2024-06-27T12:55:43.999Z", "is_edited": true}, "m2m": {"photo": [6224]}}, {"condition": {"id": 9225}, "defaults": {"site_id": 43, "judul": "Alur Pelayanan Puskesmas", "isi_halaman": "<figure class=\"image image_resized\" style=\"width:46.32%;\"><img src=\"/media/ALUR%20PELAYANAN_oAi4s41.jpg\"></figure><p style=\"text-align:center;\">Gambar 1. Alur Pelayanan Puskesmas</p><p style=\"text-align:center;\">&nbsp;</p><figure class=\"image image_resized\" style=\"width:46.09%;\"><img src=\"/media/ALUR%20PELAYANAN%20RGD_ij4TYdm.jpeg\"></figure><p style=\"text-align:center;\">Gambar 2. Alur Pelayanan Ruang Gawat Darurat (RGD)</p><p style=\"text-align:center;\">&nbsp;</p><figure class=\"image image_resized\" style=\"width:45.41%;\"><img src=\"/media/ALUR%20RUJUKAN%20RGD.jpeg\"></figure><p style=\"text-align:center;\">Gambar 3. Alur Rujukan Ruang Gawat Darurat (RGD)</p><p style=\"text-align:center;\">&nbsp;</p>", "view_count": 301, "menu_id": 590, "admin_id": 46, "created_at": "2023-09-18T01:07:30.150Z", "updated_at": "2024-07-10T04:35:56.885Z", "is_edited": true}, "m2m": {"photo": []}}, {"condition": {"id": 49962}, "defaults": {"site_id": 43, "judul": "Profil", "isi_halaman": "Informasi tentang \"Profil\". Silahkan update di halaman <a target=\"_blank\" href=\"/dashboard/halaman-statis/\">Dashboard.<a><br><br><br><br>\"Halaman ini dibuat otomatis oleh sistem, karena halaman statis untuk menu ini belum dibuat. <br>Silahkan lakukan update di halaman statis.\"", "view_count": 1, "menu_id": 789, "admin_id": null, "created_at": "2024-06-11T15:24:25.094Z", "updated_at": "2024-06-11T15:24:25.746Z", "is_edited": false}, "m2m": {"photo": []}}, {"condition": {"id": 50791}, "defaults": {"site_id": 43, "judul": "Jenis Layanan", "isi_halaman": "Informasi tentang \"Jenis Layanan\". Silahkan update di halaman <a target=\"_blank\" href=\"/dashboard/halaman-statis/\">Dashboard.<a><br><br><br><br>\"Halaman ini dibuat otomatis oleh sistem, karena halaman statis untuk menu ini belum dibuat. <br>Silahkan lakukan update di halaman statis.\"", "view_count": 4, "menu_id": 898, "admin_id": null, "created_at": "2024-06-21T21:32:43.333Z", "updated_at": "2024-07-10T04:46:18.411Z", "is_edited": false}, "m2m": {"photo": []}}, {"condition": {"id": 51087}, "defaults": {"site_id": 43, "judul": "Standar Pelayanan", "isi_halaman": "Informasi tentang \"Standar Pelayanan\". Silahkan update di halaman <a target=\"_blank\" href=\"/dashboard/halaman-statis/\">Dashboard.<a><br><br><br><br>\"Halaman ini dibuat otomatis oleh sistem, karena halaman statis untuk menu ini belum dibuat. <br>Silahkan lakukan update di halaman statis.\"", "view_count": 3, "menu_id": 1008, "admin_id": null, "created_at": "2024-06-28T16:56:59.118Z", "updated_at": "2024-07-10T04:44:47.260Z", "is_edited": false}, "m2m": {"photo": []}}, {"condition": {"id": 51119}, "defaults": {"site_id": 43, "judul": "Persalinan", "isi_halaman": "Informasi tentang \"Persalinan\". Silahkan update di halaman <a target=\"_blank\" href=\"/dashboard/halaman-statis/\">Dashboard.<a><br><br><br><br>\"Halaman ini dibuat otomatis oleh sistem, karena halaman statis untuk menu ini belum dibuat. <br>Silahkan lakukan update di halaman statis.\"", "view_count": 3, "menu_id": 781, "admin_id": null, "created_at": "2024-06-30T22:29:46.463Z", "updated_at": "2024-07-10T04:47:03.069Z", "is_edited": false}, "m2m": {"photo": []}}, {"condition": {"id": 51275}, "defaults": {"site_id": 43, "judul": "RAWAT INAP", "isi_halaman": "Informasi tentang \"RAWAT INAP\". Silahkan update di halaman <a target=\"_blank\" href=\"/dashboard/halaman-statis/\">Dashboard.<a><br><br><br><br>\"Halaman ini dibuat otomatis oleh sistem, karena halaman statis untuk menu ini belum dibuat. <br>Silahkan lakukan update di halaman statis.\"", "view_count": 1, "menu_id": 1074, "admin_id": null, "created_at": "2024-07-09T04:15:43.444Z", "updated_at": "2024-07-09T04:15:44.715Z", "is_edited": false}, "m2m": {"photo": []}}]