[{"condition": {"id": 1522}, "defaults": {"site_id": 62, "judul": "Visi & Misi", "isi_halaman": "<p style=\"text-align:justify\"><span style=\"font-size:36pt\"><span style=\"font-family:Arial,&quot;sans-serif&quot;\"><span style=\"color:#2e74b5\"><strong><span style=\"font-size:12.0pt\"><span style=\"font-family:&quot;Times New Roman&quot;,&quot;serif&quot;\"><span style=\"color:black\">V</span></span></span> <span style=\"font-size:12.0pt\"><span style=\"font-family:&quot;Times New Roman&quot;,&quot;serif&quot;\"><span style=\"color:black\">I</span></span></span> <span style=\"font-size:12.0pt\"><span style=\"font-family:&quot;Times New Roman&quot;,&quot;serif&quot;\"><span style=\"color:black\">S</span></span></span> <span style=\"font-size:12.0pt\"><span style=\"font-family:&quot;Times New Roman&quot;,&quot;serif&quot;\"><span style=\"color:black\">I</span></span></span></strong></span></span></span></p>\r\n\r\n<p><strong><span style=\"font-size:12.0pt\"><span style=\"font-family:&quot;Times New Roman&quot;,&quot;serif&quot;\"><span style=\"color:black\">&ldquo;TERWUJUDNYA MASYARAKAT YANG MANDIRI UNTUK HIDUP SEHAT DENGAN DILANDASI NILAI PATUT PATUH PATJU&rdquo;</span></span></span></strong></p>\r\n\r\n<p>&nbsp;</p>\r\n\r\n<p style=\"text-align:justify\"><span style=\"font-size:36pt\"><span style=\"font-family:Arial,&quot;sans-serif&quot;\"><span style=\"color:#2e74b5\"><strong><span style=\"font-size:12.0pt\"><span style=\"font-family:&quot;Times New Roman&quot;,&quot;serif&quot;\"><span style=\"color:black\">M</span></span></span> <span style=\"font-size:12.0pt\"><span style=\"font-family:&quot;Times New Roman&quot;,&quot;serif&quot;\"><span style=\"color:black\">I</span></span></span> <span style=\"font-size:12.0pt\"><span style=\"font-family:&quot;Times New Roman&quot;,&quot;serif&quot;\"><span style=\"color:black\">S</span></span></span> <span style=\"font-size:12.0pt\"><span style=\"font-family:&quot;Times New Roman&quot;,&quot;serif&quot;\"><span style=\"color:black\">I</span></span></span></strong></span></span></span></p>\r\n\r\n<ol style=\"list-style-type:lower-alpha\">\r\n\t<li style=\"text-align:justify\"><span style=\"font-size:36pt\"><span style=\"font-family:Arial,&quot;sans-serif&quot;\"><span style=\"color:#2e74b5\"><strong><span style=\"font-size:12.0pt\"><span style=\"font-family:&quot;Times New Roman&quot;,&quot;serif&quot;\"><span style=\"color:black\">Meningkatkan mutu pelayanan yang sesuai standar, adil, berkualitas dan terjangkau oleh</span></span></span> <span style=\"font-size:12.0pt\"><span style=\"font-family:&quot;Times New Roman&quot;,&quot;serif&quot;\"><span style=\"color:black\">Masyarakat</span></span></span></strong></span></span></span></li>\r\n\t<li style=\"text-align:justify\"><span style=\"font-size:36pt\"><span style=\"font-family:Arial,&quot;sans-serif&quot;\"><span style=\"color:#2e74b5\"><strong><span style=\"font-size:12.0pt\"><span style=\"font-family:&quot;Times New Roman&quot;,&quot;serif&quot;\"><span style=\"color:black\">Mendorong dan menggerakan kemandirian masyarakat untuk berperilaku hidup bersih dan sehat</span></span></span></strong></span></span></span></li>\r\n\t<li style=\"text-align:justify\"><span style=\"font-size:36pt\"><span style=\"font-family:Arial,&quot;sans-serif&quot;\"><span style=\"color:#2e74b5\"><strong><span style=\"font-size:12.0pt\"><span style=\"font-family:&quot;Times New Roman&quot;,&quot;serif&quot;\"><span style=\"color:black\">Meningkatkan derajat kesehatan individu, keluarga dan masyarakat beserta kesehatan lingkungannya</span></span></span></strong></span></span></span></li>\r\n\t<li style=\"text-align:justify\"><span style=\"font-size:36pt\"><span style=\"font-family:Arial,&quot;sans-serif&quot;\"><span style=\"color:#2e74b5\"><strong><span style=\"font-size:12.0pt\"><span style=\"font-family:&quot;Times New Roman&quot;,&quot;serif&quot;\"><span style=\"color:black\">Menggerakkan dan meningkatkan peran serta lintas program dan lintas sektor untu</span></span></span><span style=\"font-size:12.0pt\"><span style=\"font-family:&quot;Times New Roman&quot;,&quot;serif&quot;\"><span style=\"color:black\">k</span></span></span><span style=\"font-size:12.0pt\"><span style=\"font-family:&quot;Times New Roman&quot;,&quot;serif&quot;\"><span style=\"color:black\"> mendukung pembangunan berwawasan kesehatan</span></span></span></strong></span></span></span></li>\r\n</ol>", "view_count": 216, "menu_id": 43, "admin_id": 80, "created_at": "2021-07-07T15:40:55.714Z", "updated_at": "2024-07-02T21:13:57.785Z", "is_edited": true}, "m2m": {"photo": []}}, {"condition": {"id": 3009}, "defaults": {"site_id": 62, "judul": "Visi-Misi dan Motto Pelayanan", "isi_halaman": "<p style=\"text-align:justify\"><span style=\"font-size:36pt\"><span style=\"font-family:Arial,&quot;sans-serif&quot;\"><span style=\"color:#2e74b5\"><strong><span style=\"font-size:12.0pt\"><span style=\"font-family:&quot;Times New Roman&quot;,&quot;serif&quot;\"><span style=\"color:black\">V</span></span></span> <span style=\"font-size:12.0pt\"><span style=\"font-family:&quot;Times New Roman&quot;,&quot;serif&quot;\"><span style=\"color:black\">I</span></span></span> <span style=\"font-size:12.0pt\"><span style=\"font-family:&quot;Times New Roman&quot;,&quot;serif&quot;\"><span style=\"color:black\">S</span></span></span> <span style=\"font-size:12.0pt\"><span style=\"font-family:&quot;Times New Roman&quot;,&quot;serif&quot;\"><span style=\"color:black\">I</span></span></span></strong></span></span></span></p>\r\n\r\n<p style=\"text-align:justify\"><span style=\"font-size:36pt\"><span style=\"font-family:Arial,&quot;sans-serif&quot;\"><span style=\"color:#2e74b5\"><strong><span style=\"font-size:12.0pt\"><span style=\"font-family:&quot;Times New Roman&quot;,&quot;serif&quot;\"><span style=\"color:black\">&ldquo;TERWUJUDNYA MASYARAKAT YANG MANDIRI UNTUK HIDUP SEHAT DENGAN DILANDASI NILAI PATUT PATUH PATJU&rdquo;</span></span></span></strong></span></span></span></p>\r\n\r\n<p style=\"text-align:justify\"><span style=\"font-size:36pt\"><span style=\"font-family:Arial,&quot;sans-serif&quot;\"><span style=\"color:#2e74b5\"><strong><span style=\"font-size:12.0pt\"><span style=\"font-family:&quot;Times New Roman&quot;,&quot;serif&quot;\"><span style=\"color:black\">M</span></span></span> <span style=\"font-size:12.0pt\"><span style=\"font-family:&quot;Times New Roman&quot;,&quot;serif&quot;\"><span style=\"color:black\">I</span></span></span> <span style=\"font-size:12.0pt\"><span style=\"font-family:&quot;Times New Roman&quot;,&quot;serif&quot;\"><span style=\"color:black\">S</span></span></span> <span style=\"font-size:12.0pt\"><span style=\"font-family:&quot;Times New Roman&quot;,&quot;serif&quot;\"><span style=\"color:black\">I</span></span></span></strong></span></span></span></p>\r\n\r\n<ol style=\"list-style-type:lower-alpha\">\r\n\t<li style=\"text-align:justify\"><span style=\"font-size:36pt\"><span style=\"font-family:Arial,&quot;sans-serif&quot;\"><span style=\"color:#2e74b5\"><strong><span style=\"font-size:12.0pt\"><span style=\"font-family:&quot;Times New Roman&quot;,&quot;serif&quot;\"><span style=\"color:black\">Meningkatkan mutu pelayanan yang sesuai standar, adil, berkualitas dan terjangkau oleh</span></span></span> <span style=\"font-size:12.0pt\"><span style=\"font-family:&quot;Times New Roman&quot;,&quot;serif&quot;\"><span style=\"color:black\">Masyarakat</span></span></span></strong></span></span></span></li>\r\n\t<li style=\"text-align:justify\"><span style=\"font-size:36pt\"><span style=\"font-family:Arial,&quot;sans-serif&quot;\"><span style=\"color:#2e74b5\"><strong><span style=\"font-size:12.0pt\"><span style=\"font-family:&quot;Times New Roman&quot;,&quot;serif&quot;\"><span style=\"color:black\">Mendorong dan menggerakan kemandirian masyarakat untuk berperilaku hidup bersih dan sehat</span></span></span></strong></span></span></span></li>\r\n\t<li style=\"text-align:justify\"><span style=\"font-size:36pt\"><span style=\"font-family:Arial,&quot;sans-serif&quot;\"><span style=\"color:#2e74b5\"><strong><span style=\"font-size:12.0pt\"><span style=\"font-family:&quot;Times New Roman&quot;,&quot;serif&quot;\"><span style=\"color:black\">Meningkatkan derajat kesehatan individu, keluarga dan masyarakat beserta kesehatan lingkungannya</span></span></span></strong></span></span></span></li>\r\n\t<li style=\"text-align:justify\"><strong><span style=\"font-size:12.0pt\"><span style=\"font-family:&quot;Times New Roman&quot;,&quot;serif&quot;\"><span style=\"color:black\">Menggerakkan dan meningkatkan peran serta lintas program dan lintas sektor untu</span></span></span><span style=\"font-size:12.0pt\"><span style=\"font-family:&quot;Times New Roman&quot;,&quot;serif&quot;\"><span style=\"color:black\">k</span></span></span><span style=\"font-size:12.0pt\"><span style=\"font-family:&quot;Times New Roman&quot;,&quot;serif&quot;\"><span style=\"color:black\"> mendukung pembangunan berwawasan kesehatan</span></span></span></strong></li>\r\n</ol>\r\n\r\n<p style=\"text-align:justify\"><span style=\"font-size:36pt\"><span style=\"font-family:Arial,&quot;sans-serif&quot;\"><span style=\"color:#2e74b5\"><strong><span style=\"font-size:12.0pt\"><span style=\"font-family:&quot;Times New Roman&quot;,&quot;serif&quot;\"><span style=\"color:black\">&nbsp;&nbsp;&nbsp;&nbsp;MOTTO</span></span></span></strong></span></span></span></p>\r\n\r\n<p style=\"text-align:justify\"><span style=\"font-size:36pt\"><span style=\"font-family:Arial,&quot;sans-serif&quot;\"><span style=\"color:#2e74b5\"><strong><span style=\"font-size:12.0pt\"><span style=\"font-family:&quot;Times New Roman&quot;,&quot;serif&quot;\"><span style=\"color:black\">&nbsp;&nbsp;&nbsp; &ldquo;MELAYANI DENGAN SEHARUSNYA, BUKAN DENGAN BIASANYA&rdquo;</span></span></span></strong></span></span></span></p>", "view_count": 144, "menu_id": 97, "admin_id": 80, "created_at": "2021-11-05T23:09:04.537Z", "updated_at": "2024-07-11T06:36:00.257Z", "is_edited": true}, "m2m": {"photo": []}}, {"condition": {"id": 3382}, "defaults": {"site_id": 62, "judul": "Hak Dan Kewajiban Pasien", "isi_halaman": "<ol style=\"list-style-type:upper-alpha\">\r\n\t<li style=\"text-align:justify\"><span style=\"font-size:12pt\"><span style=\"font-family:&quot;Times New Roman&quot;,&quot;serif&quot;\"><strong>Hak Pasien:</strong></span></span></li>\r\n</ol>\r\n\r\n<ol>\r\n\t<li style=\"text-align:justify\"><span style=\"font-size:12pt\"><span style=\"font-family:&quot;Times New Roman&quot;,&quot;serif&quot;\">Memperoleh informasi mengenai tata tertib dan peraturan yang berlaku di puskesmas</span></span></li>\r\n\t<li style=\"text-align:justify\"><span style=\"font-size:12pt\"><span style=\"font-family:&quot;Times New Roman&quot;,&quot;serif&quot;\">Memperoleh informasi tentang hak dan kewajiban pasien</span></span></li>\r\n\t<li style=\"text-align:justify\"><span style=\"font-size:12pt\"><span style=\"font-family:&quot;Times New Roman&quot;,&quot;serif&quot;\">Memperoleh layanan yang manusiawi, adil, jujur dan tanpa diskriminasi</span></span></li>\r\n\t<li style=\"text-align:justify\"><span style=\"font-size:12pt\"><span style=\"font-family:&quot;Times New Roman&quot;,&quot;serif&quot;\">Memperoleh pelayanan kesehatan bermutu sesuai dengan standar profesi dan standar operasional prosedur</span></span></li>\r\n\t<li style=\"text-align:justify\"><span style=\"font-size:12pt\"><span style=\"font-family:&quot;Times New Roman&quot;,&quot;serif&quot;\">Memperoleh layanan yang efektif dan efisien sehingga pasien terhindar dari kerugian fisik dan materi</span></span></li>\r\n\t<li style=\"text-align:justify\"><span style=\"font-size:12pt\"><span style=\"font-family:&quot;Times New Roman&quot;,&quot;serif&quot;\">Mengajukan pengaduan atas kualitas pelayanan yang didapatkan</span></span></li>\r\n\t<li style=\"text-align:justify\"><span style=\"font-size:12pt\"><span style=\"font-family:&quot;Times New Roman&quot;,&quot;serif&quot;\">Meminta konsultasi tentang penyakit yang dideritanya kepada dokter lain (second opinion) yang memiliki Surat Ijin Praktek (SIP) baik di dalam maupun di luar puskesmas</span></span></li>\r\n\t<li style=\"text-align:justify\"><span style=\"font-size:12pt\"><span style=\"font-family:&quot;Times New Roman&quot;,&quot;serif&quot;\">Mendapatkan privasi dan kerahasiaan penyakit yang dideritanya termasuk data-data medisnya.</span></span></li>\r\n\t<li style=\"text-align:justify\"><span style=\"font-size:12pt\"><span style=\"font-family:&quot;Times New Roman&quot;,&quot;serif&quot;\">Memberikan persetujuan atau menolak atas tindakan yang akan dilakukan oleh tenaga kesehatan terhadap penyakit yang dideritanya</span></span></li>\r\n\t<li style=\"text-align:justify\"><span style=\"font-size:12pt\"><span style=\"font-family:&quot;Times New Roman&quot;,&quot;serif&quot;\">Mendapat informasi yang meliputi diagnosis dan tata cara tindakanmedis, tujuan tindakan medis, alternative tindakan, resiko dan komplikasi yang mungkin terjadi,dan prognosis terhadap tindakan yang dilakukan serta perkiraan biaya pengobatan</span></span></li>\r\n\t<li style=\"text-align:justify\"><span style=\"font-size:12pt\"><span style=\"font-family:&quot;Times New Roman&quot;,&quot;serif&quot;\">Didampingi oleh keluarganya dalam keadaan kritis</span></span></li>\r\n\t<li style=\"text-align:justify\"><span style=\"font-size:12pt\"><span style=\"font-family:&quot;Times New Roman&quot;,&quot;serif&quot;\">Menjalankan ibadah sesuai agama atau kepercayaan yang dianutnya selama hal itu tidak mengganggu pasien lainnya</span></span></li>\r\n\t<li style=\"text-align:justify\"><span style=\"font-size:12pt\"><span style=\"font-family:&quot;Times New Roman&quot;,&quot;serif&quot;\">Memperoleh keamanan dan keselamatan dirinya selama dalam perawatan di Puskesmas</span></span></li>\r\n\t<li style=\"text-align:justify\"><span style=\"font-size:12pt\"><span style=\"font-family:&quot;Times New Roman&quot;,&quot;serif&quot;\">Mengajukan usul, saran, dan perbaikan atas perlakuan Puskesmas terhadap dirinya</span></span></li>\r\n\t<li style=\"text-align:justify\"><span style=\"font-size:12pt\"><span style=\"font-family:&quot;Times New Roman&quot;,&quot;serif&quot;\">Menolak pelayanan bimbingan rohani yang tidak sesuai dengan agama dan kepercayaan yang di anutnya</span></span></li>\r\n</ol>\r\n\r\n<p style=\"text-align:justify\">&nbsp;</p>\r\n\r\n<p style=\"text-align:justify\">&nbsp;</p>\r\n\r\n<p style=\"text-align:justify\">&nbsp;</p>\r\n\r\n<p style=\"text-align:justify\">&nbsp;</p>\r\n\r\n<ol start=\"2\" style=\"list-style-type:upper-alpha\">\r\n\t<li style=\"text-align:justify\"><span style=\"font-size:12pt\"><span style=\"font-family:&quot;Times New Roman&quot;,&quot;serif&quot;\"><strong>Kewajiban Pasien</strong></span></span></li>\r\n</ol>\r\n\r\n<ol>\r\n\t<li style=\"text-align:justify\"><span style=\"font-size:12pt\"><span style=\"font-family:&quot;Times New Roman&quot;,&quot;serif&quot;\">Memberi informasi yang lengkap dan jujur tentang masalah kesehatannya</span></span></li>\r\n\t<li style=\"text-align:justify\"><span style=\"font-size:12pt\"><span style=\"font-family:&quot;Times New Roman&quot;,&quot;serif&quot;\">Mematuhi nasehat dan petunjuk dokter dan dokter gigi, perawat serta bidan</span></span></li>\r\n\t<li style=\"text-align:justify\"><span style=\"font-size:12pt\"><span style=\"font-family:&quot;Times New Roman&quot;,&quot;serif&quot;\">Memenuhi ketentuan yang berlaku di puskesmas</span></span></li>\r\n\t<li style=\"text-align:justify\"><span style=\"font-size:12pt\"><span style=\"font-family:&quot;Times New Roman&quot;,&quot;serif&quot;\">Memberi imbalan dan jasa atas pelayanan yang diterima</span></span></li>\r\n\t<li style=\"text-align:justify\"><span style=\"font-size:12pt\"><span style=\"font-family:&quot;Times New Roman&quot;,&quot;serif&quot;\">Mematuhi hal-hal yang telah disepakati/ diperjanjikan.</span></span></li>\r\n</ol>\r\n\r\n<p>&nbsp;</p>", "view_count": 274, "menu_id": 613, "admin_id": 80, "created_at": "2022-07-05T11:36:30.500Z", "updated_at": "2024-07-11T04:05:21.291Z", "is_edited": true}, "m2m": {"photo": []}}, {"condition": {"id": 4585}, "defaults": {"site_id": 62, "judul": "MAKLUMAT PELAYANAN", "isi_halaman": "<p>ISI</p>\r\n", "view_count": 231, "menu_id": 96, "admin_id": 80, "created_at": "2022-09-27T10:14:52.375Z", "updated_at": "2024-07-11T06:35:59.808Z", "is_edited": true}, "m2m": {"photo": []}}, {"condition": {"id": 49940}, "defaults": {"site_id": 62, "judul": "Pelayanan Terpadu", "isi_halaman": "Informasi tentang \"Pelayanan Terpadu\". Silahkan update di halaman <a target=\"_blank\" href=\"/dashboard/halaman-statis/\">Dashboard.<a><br><br><br><br>\"Halaman ini dibuat otomatis oleh sistem, karena halaman statis untuk menu ini belum dibuat. <br>Silahkan lakukan update di halaman statis.\"", "view_count": 6, "menu_id": 838, "admin_id": null, "created_at": "2024-06-11T07:42:57.295Z", "updated_at": "2024-07-07T10:08:00.523Z", "is_edited": false}, "m2m": {"photo": []}}, {"condition": {"id": 50122}, "defaults": {"site_id": 62, "judul": "Jenis Layanan", "isi_halaman": "<figure class=\"image\"><img src=\"https://cdn.lombokbaratkab.go.id/media/JENIS-JENIS%20PELAYANAN%20UPT%20PUSKESMAS%20SESELA.png\"></figure>", "view_count": 9, "menu_id": 1085, "admin_id": 80, "created_at": "2024-06-12T07:09:49.834Z", "updated_at": "2024-07-02T21:34:07.119Z", "is_edited": true}, "m2m": {"photo": []}}, {"condition": {"id": 50123}, "defaults": {"site_id": 62, "judul": "Struktur Organisasi", "isi_halaman": "<figure class=\"image\"><img src=\"https://cdn.lombokbaratkab.go.id/media/MANAJEMEN.png\"></figure>", "view_count": 17, "menu_id": 45, "admin_id": 80, "created_at": "2024-06-12T07:10:27.395Z", "updated_at": "2024-07-11T06:36:12.356Z", "is_edited": true}, "m2m": {"photo": []}}, {"condition": {"id": 50128}, "defaults": {"site_id": 62, "judul": "Hubungi Kami", "isi_halaman": "Informasi tentang \"Hubungi Kami\". Silahkan update di halaman <a target=\"_blank\" href=\"/dashboard/halaman-statis/\">Dashboard.<a><br><br><br><br>\"Halaman ini dibuat otomatis oleh sistem, karena halaman statis untuk menu ini belum dibuat. <br>Silahkan lakukan update di halaman statis.\"", "view_count": 8, "menu_id": 41, "admin_id": null, "created_at": "2024-06-12T07:15:27.112Z", "updated_at": "2024-07-11T04:59:18.983Z", "is_edited": false}, "m2m": {"photo": []}}, {"condition": {"id": 50148}, "defaults": {"site_id": 62, "judul": "Survey", "isi_halaman": "Informasi tentang \"Survey\". Silahkan update di halaman <a target=\"_blank\" href=\"/dashboard/halaman-statis/\">Dashboard.<a><br><br><br><br>\"Halaman ini dibuat otomatis oleh sistem, karena halaman statis untuk menu ini belum dibuat. <br>Silahkan lakukan update di halaman statis.\"", "view_count": 1, "menu_id": 581, "admin_id": null, "created_at": "2024-06-12T07:37:47.504Z", "updated_at": "2024-06-12T07:37:47.936Z", "is_edited": false}, "m2m": {"photo": []}}, {"condition": {"id": 50171}, "defaults": {"site_id": 62, "judul": "TENTANG", "isi_halaman": "Informasi tentang \"TENTANG\". Silahkan update di halaman <a target=\"_blank\" href=\"/dashboard/halaman-statis/\">Dashboard.<a><br><br><br><br>\"Halaman ini dibuat otomatis oleh sistem, karena halaman statis untuk menu ini belum dibuat. <br>Silahkan lakukan update di halaman statis.\"", "view_count": 13, "menu_id": 527, "admin_id": null, "created_at": "2024-06-12T07:42:38.382Z", "updated_at": "2024-07-11T06:36:27.421Z", "is_edited": false}, "m2m": {"photo": []}}, {"condition": {"id": 50806}, "defaults": {"site_id": 62, "judul": "SK PENUNJUKAN PETUGAS PENGELOLA PENGADUAN", "isi_halaman": "Informasi tentang \"SK PENUNJUKAN PETUGAS PENGELOLA PENGADUAN\". Silahkan update di halaman <a target=\"_blank\" href=\"/dashboard/halaman-statis/\">Dashboard.<a><br><br><br><br>\"Halaman ini dibuat otomatis oleh sistem, karena halaman statis untuk menu ini belum dibuat. <br>Silahkan lakukan update di halaman statis.\"", "view_count": 4, "menu_id": 575, "admin_id": 80, "created_at": "2024-06-22T01:02:21.456Z", "updated_at": "2024-07-02T21:39:02.306Z", "is_edited": false}, "m2m": {"photo": []}}, {"condition": {"id": 50807}, "defaults": {"site_id": 62, "judul": "Pengaduan terintegrasi", "isi_halaman": "<figure class=\"image image_resized\" style=\"width:97.56%;\"><img src=\"https://cdn.lombokbaratkab.go.id/media/62-20240424-095732-157040.jpg\"></figure>", "view_count": 5, "menu_id": 1084, "admin_id": 80, "created_at": "2024-06-22T01:04:06.885Z", "updated_at": "2024-07-02T21:31:21.944Z", "is_edited": true}, "m2m": {"photo": []}}, {"condition": {"id": 50808}, "defaults": {"site_id": 62, "judul": "Sarana dan Prasarana Fasilitas", "isi_halaman": "Informasi tentang \"Sarana dan Prasarana Fasilitas\". Silahkan update di halaman <a target=\"_blank\" href=\"/dashboard/halaman-statis/\">Dashboard.<a><br><br><br><br>\"Halaman ini dibuat otomatis oleh sistem, karena halaman statis untuk menu ini belum dibuat. <br>Silahkan lakukan update di halaman statis.\"", "view_count": 8, "menu_id": 837, "admin_id": 80, "created_at": "2024-06-22T01:05:36.556Z", "updated_at": "2024-07-08T23:15:48.734Z", "is_edited": false}, "m2m": {"photo": []}}, {"condition": {"id": 50809}, "defaults": {"site_id": 62, "judul": "Tugas dan Fungsi", "isi_halaman": "Informasi tentang \"Tugas dan Fungsi\". Silahkan update di halaman <a target=\"_blank\" href=\"/dashboard/halaman-statis/\">Dashboard.<a><br><br><br><br>\"Halaman ini dibuat otomatis oleh sistem, karena halaman statis untuk menu ini belum dibuat. <br>Silahkan lakukan update di halaman statis.\"", "view_count": 10, "menu_id": 812, "admin_id": 80, "created_at": "2024-06-22T01:06:10.963Z", "updated_at": "2024-07-11T06:35:50.061Z", "is_edited": false}, "m2m": {"photo": []}}, {"condition": {"id": 50810}, "defaults": {"site_id": 62, "judul": "Profil Pejabat Struktural", "isi_halaman": "Informasi tentang \"Profil Pejabat Struktural\". Silahkan update di halaman <a target=\"_blank\" href=\"/dashboard/halaman-statis/\">Dashboard.<a><br><br><br><br>\"Halaman ini dibuat otomatis oleh sistem, karena halaman statis untuk menu ini belum dibuat. <br>Silahkan lakukan update di halaman statis.\"", "view_count": 12, "menu_id": 1043, "admin_id": 80, "created_at": "2024-06-22T01:07:14.906Z", "updated_at": "2024-07-10T15:05:33.829Z", "is_edited": false}, "m2m": {"photo": []}}, {"condition": {"id": 50837}, "defaults": {"site_id": 62, "judul": "Atribut", "isi_halaman": "Informasi tentang \"Atribut\". Silahkan update di halaman <a target=\"_blank\" href=\"/dashboard/halaman-statis/\">Dashboard.<a><br><br><br><br>\"Halaman ini dibuat otomatis oleh sistem, karena halaman statis untuk menu ini belum dibuat. <br>Silahkan lakukan update di halaman statis.\"", "view_count": 2, "menu_id": 836, "admin_id": null, "created_at": "2024-06-22T09:07:55.252Z", "updated_at": "2024-06-27T00:15:18.028Z", "is_edited": false}, "m2m": {"photo": []}}, {"condition": {"id": 50875}, "defaults": {"site_id": 62, "judul": "Jenis Layanan", "isi_halaman": "Informasi tentang \"Jenis Layanan\". Silahkan update di halaman <a target=\"_blank\" href=\"/dashboard/halaman-statis/\">Dashboard.<a><br><br><br><br>\"Halaman ini dibuat otomatis oleh sistem, karena halaman statis untuk menu ini belum dibuat. <br>Silahkan lakukan update di halaman statis.\"", "view_count": 16, "menu_id": 898, "admin_id": null, "created_at": "2024-06-22T11:08:46.616Z", "updated_at": "2024-07-10T23:37:35.911Z", "is_edited": false}, "m2m": {"photo": []}}, {"condition": {"id": 50920}, "defaults": {"site_id": 62, "judul": "Rekognisi", "isi_halaman": "Informasi tentang \"Rekognisi\". Silahkan update di halaman <a target=\"_blank\" href=\"/dashboard/halaman-statis/\">Dashboard.<a><br><br><br><br>\"Halaman ini dibuat otomatis oleh sistem, karena halaman statis untuk menu ini belum dibuat. <br>Silahkan lakukan update di halaman statis.\"", "view_count": 6, "menu_id": 839, "admin_id": null, "created_at": "2024-06-23T06:09:48.783Z", "updated_at": "2024-07-11T06:35:48.122Z", "is_edited": false}, "m2m": {"photo": []}}, {"condition": {"id": 50971}, "defaults": {"site_id": 62, "judul": "Penilaian Kinerja", "isi_halaman": "Informasi tentang \"Penilaian Kinerja\". Silahkan update di halaman <a target=\"_blank\" href=\"/dashboard/halaman-statis/\">Dashboard.<a><br><br><br><br>\"Halaman ini dibuat otomatis oleh sistem, karena halaman statis untuk menu ini belum dibuat. <br>Silahkan lakukan update di halaman statis.\"", "view_count": 1, "menu_id": 835, "admin_id": null, "created_at": "2024-06-25T05:10:09.087Z", "updated_at": "2024-06-25T05:10:09.895Z", "is_edited": false}, "m2m": {"photo": []}}, {"condition": {"id": 51032}, "defaults": {"site_id": 62, "judul": "Penilaian kinerja", "isi_halaman": "Informasi tentang \"Penilaian kinerja\". Silahkan update di halaman <a target=\"_blank\" href=\"/dashboard/halaman-statis/\">Dashboard.<a><br><br><br><br>\"Halaman ini dibuat otomatis oleh sistem, karena halaman statis untuk menu ini belum dibuat. <br>Silahkan lakukan update di halaman statis.\"", "view_count": 2, "menu_id": 1086, "admin_id": null, "created_at": "2024-06-26T15:47:12.015Z", "updated_at": "2024-07-01T22:23:02.902Z", "is_edited": false}, "m2m": {"photo": []}}, {"condition": {"id": 51042}, "defaults": {"site_id": 62, "judul": "Pelayanan Khusus", "isi_halaman": "Informasi tentang \"Pelayanan Khusus\". Silahkan update di halaman <a target=\"_blank\" href=\"/dashboard/halaman-statis/\">Dashboard.<a><br><br><br><br>\"Halaman ini dibuat otomatis oleh sistem, karena halaman statis untuk menu ini belum dibuat. <br>Silahkan lakukan update di halaman statis.\"", "view_count": 5, "menu_id": 834, "admin_id": null, "created_at": "2024-06-27T00:15:07.490Z", "updated_at": "2024-07-11T06:36:29.528Z", "is_edited": false}, "m2m": {"photo": []}}]