[{"condition": {"id": 3213}, "defaults": {"site_id": 73, "judul": "PELAYANAN PENGADUAN", "isi_halaman": "<p>FORM SURVEY KEPUASAN PELANGGAN</p><p><a href=\"https://forms.gle/MwpizDAD2SZCgrps7\">https://forms.gle/MwpizDAD2SZCgrps7</a></p><p>Infomasi, Keluhan dan Pengaduan Lainnya dapat Menghubungi:</p><p>Telpon/ WA : 081770556505</p>", "view_count": 110, "menu_id": 1024, "admin_id": 103, "created_at": "2022-06-17T10:30:05.803Z", "updated_at": "2024-07-09T11:45:04.194Z", "is_edited": true}, "m2m": {"photo": [15037]}}, {"condition": {"id": 3266}, "defaults": {"site_id": 73, "judul": "Visi dan Misi UPT.Laboratorium Kesehatan Lombok Barat", "isi_halaman": "<figure class=\"image\"><img src=\"/media/IMG-20231113-WA0030.jpg\"></figure>", "view_count": 331, "menu_id": 43, "admin_id": 103, "created_at": "2022-06-21T13:17:36.223Z", "updated_at": "2024-01-16T01:27:16.789Z", "is_edited": true}, "m2m": {"photo": []}}, {"condition": {"id": 3267}, "defaults": {"site_id": 73, "judul": "VISI MISI DAN MOTTO", "isi_halaman": "<p style=\"text-align:center;\"><strong><u>VISI &amp; MISI</u></strong></p><p style=\"text-align:center;\">VISI :</p><p style=\"text-align:center;\">Menjadi Laboratorium dengan pelayanan terbaik dilandasi nilai Patut Patuh Patju</p><p style=\"text-align:center;\">MISI:</p><p style=\"text-align:center;\">1. Mewujudkan Pelayanan Laboratorium Yang Ramah, Profesional Dan Terjangkau</p><p style=\"text-align:center;\">2. Meningkatkan Kualitas Sumber Daya Laboratorium</p><p style=\"text-align:center;\">3. Menerapkan Sistem Manajemen Mutu Dalam Pelayanan Laboratorium</p><p style=\"text-align:center;\"><strong><u>MOTTO</u></strong></p><p style=\"text-align:center;\"><strong>RAPI</strong></p><p style=\"text-align:center;\">(Ramah, Akurat, Profesional)</p>", "view_count": 190, "menu_id": 43, "admin_id": 103, "created_at": "2022-06-21T13:18:20.693Z", "updated_at": "2024-07-10T22:19:26.366Z", "is_edited": true}, "m2m": {"photo": [15034]}}, {"condition": {"id": 3269}, "defaults": {"site_id": 73, "judul": "Kepala UPT Laboratorium Kesehatan Kabupaten Lombok Barat", "isi_halaman": "<p><img alt=\"\" src=\"/media/uploads/labkesdalobar/2023/05/23/23515c91-4393-47fd-b485-09012fa6fea9-removebg-preview.png\" style=\"height:559px; width:447px\" /></p>\r\n\r\n<p>MARDIANA, S.Si</p>", "view_count": 273, "menu_id": 46, "admin_id": 103, "created_at": "2022-06-21T13:29:11.802Z", "updated_at": "2024-07-11T06:41:04.360Z", "is_edited": true}, "m2m": {"photo": []}}, {"condition": {"id": 3271}, "defaults": {"site_id": 73, "judul": "Sarana dan Prasarana Fasilitas", "isi_halaman": "<p><img alt=\"\" src=\"/media/uploads/labkesdalobar/2022/06/21/whatsapp-image-2022-06-21-at-092020-1.jpeg\" style=\"height:188px; width:250px\" /></p>\r\n\r\n<p><strong>Fotometer Mindray BA-8A Pelayanan Pemeriksaan Ruang Kimia Klinik</strong></p>\r\n\r\n<p><strong><img alt=\"\" src=\"/media/uploads/labkesdalobar/2022/06/21/whatsapp-image-2022-06-21-at-092021-1_FzlWKdY.jpeg\" style=\"height:150px; width:200px\" /></strong></p>\r\n\r\n<p><strong>Hematology Analyzer Mindray BC5390+CRP Pelayanan Pemeriksaan Ruang Hematologi</strong></p>\r\n\r\n<p><strong><img alt=\"\" src=\"/media/uploads/labkesdalobar/2022/06/21/whatsapp-image-2022-06-21-at-092018.jpeg\" style=\"height:150px; width:200px\" /></strong></p>\r\n\r\n<p><strong>Pemeriksaan Makanan dan Minuman Pelayanan Ruang Mikrobiologi Lingkungan</strong></p>\r\n\r\n<p><img alt=\"\" src=\"/media/uploads/labkesdalobar/2022/06/21/ok.jpeg\" style=\"height:267px; width:200px\" /></p>\r\n\r\n<p><strong>Pemeriksan Sampel Air bersih/Air minum Pelayanan Ruang Kimia Lingkungan</strong></p>\r\n\r\n<p><strong><img alt=\"\" src=\"/media/uploads/labkesdalobar/2022/06/21/whatsapp-image-2022-06-21-at-092021-2.jpeg\" style=\"height:150px; width:200px\" /></strong></p>\r\n\r\n<p><strong>Pemeriksaan Malaria dan TBC secara Mikroskopis</strong></p>\r\n\r\n<p><strong><img alt=\"\" src=\"/media/uploads/labkesdalobar/2022/06/21/whatsapp-image-2022-06-21-at-102318.jpeg\" style=\"height:150px; width:200px\" /></strong></p>\r\n\r\n<p><strong>Pemeriksaan Swab Covid19</strong></p>\r\n\r\n<p>&nbsp;</p>", "view_count": 349, "menu_id": 102, "admin_id": 103, "created_at": "2022-06-21T13:54:09.973Z", "updated_at": "2024-07-09T12:18:32.128Z", "is_edited": true}, "m2m": {"photo": []}}, {"condition": {"id": 3274}, "defaults": {"site_id": 73, "judul": "Tugas dan Fungsi", "isi_halaman": "<p style=\"text-align:justify;\"><strong>Tugas pokok dan fungsi UPT Laboratorium Kesehatan Kabupaten&nbsp;Lombok Barat sesuai dengan Peraturan Bupati Kabupaten Lombok Barat Nomor 46 tahun 2020 tentang pembentukan,rincian tugas,fungsi dan tata kerja Unit Pelaksana Teknis Laboratorium Kesehatan Daerah Dinas Kesehatan Kabupaten Lombok Barat mempunyai tugas pokok dan fungsi sebagai berikut :</strong></p><ol><li style=\"text-align:justify;\"><strong>Tugas Pokok</strong></li></ol><p style=\"margin-left:48px;text-align:justify;\"><strong>UPT Laboratorium Kesehatan mempunyai tugas melaksanakan sebagian tugas Dinas Kesehatan di bidang Pelayanan Laboratorium Kesehatan.</strong></p><ol><li style=\"text-align:justify;\"><strong>Fungsi</strong><ol style=\"list-style-type:lower-alpha;\"><li style=\"text-align:justify;\"><strong>Penyelenggaraan pelayanan laboratorium kesehatan dan lingkungan;</strong></li><li style=\"text-align:justify;\"><strong>Penyelenggaraan pencatatan dan pelaporan mengenai persedian bahan, alat dan hasil pemeriksaan Laboratorium;</strong></li><li style=\"text-align:justify;\"><strong>Pelaksanaan urusan tata usaha, keuangan, kepegawaian, perlengkapan dan rumah tangga; dan</strong></li><li style=\"text-align:justify;\"><strong>Menyelenggarakan Rujukan Uji Silang;</strong></li><li style=\"text-align:justify;\"><strong>Menyelenggarakan Rujukan Faskes Primer;</strong></li><li style=\"text-align:justify;\"><strong>Pelaksanaan tugas lain yang diberikan oleh Kepala Dinas.</strong></li></ol></li></ol><p style=\"margin-left:96px;text-align:justify;\">&nbsp;</p>", "view_count": 1576, "menu_id": 44, "admin_id": 103, "created_at": "2022-06-21T14:46:54.866Z", "updated_at": "2024-07-11T20:43:55.991Z", "is_edited": true}, "m2m": {"photo": []}}, {"condition": {"id": 4545}, "defaults": {"site_id": 73, "judul": "MAKLUMAT PELAYANAN", "isi_halaman": "<figure class=\"image\"><img src=\"https://cdn.lombokbaratkab.go.id/media/IMG-20231113-WA0046_ntWH56z.jpg\"></figure>", "view_count": 180, "menu_id": 96, "admin_id": 103, "created_at": "2022-09-12T20:09:46.716Z", "updated_at": "2024-07-11T21:15:26.817Z", "is_edited": true}, "m2m": {"photo": []}}, {"condition": {"id": 5686}, "defaults": {"site_id": 73, "judul": "STRUKTUR ORGANISASI", "isi_halaman": "<figure class=\"image\"><img src=\"https://cdn.lombokbaratkab.go.id/media/IMG-20231113-WA0044_VUGshfV.jpg\"></figure>", "view_count": 314, "menu_id": 45, "admin_id": 103, "created_at": "2023-02-16T04:39:35.374Z", "updated_at": "2024-07-11T20:31:49.386Z", "is_edited": true}, "m2m": {"photo": []}}, {"condition": {"id": 8204}, "defaults": {"site_id": 73, "judul": "Hak dan Kewajiban Pasien", "isi_halaman": "<figure class=\"image\"><img src=\"https://cdn.lombokbaratkab.go.id/media/IMG-20231113-WA0032_sMXSB0e.jpg\"></figure>", "view_count": 91, "menu_id": 1025, "admin_id": 103, "created_at": "2023-06-16T01:34:26.903Z", "updated_at": "2024-07-09T11:44:45.704Z", "is_edited": true}, "m2m": {"photo": []}}, {"condition": {"id": 9305}, "defaults": {"site_id": 73, "judul": "Alur Pelayanan", "isi_halaman": "<figure class=\"image\"><img src=\"https://cdn.lombokbaratkab.go.id/media/IMG-20231113-WA0036_4Hk4dj7.jpg\"></figure>", "view_count": 66, "menu_id": 655, "admin_id": 103, "created_at": "2023-11-13T12:55:13.200Z", "updated_at": "2024-07-09T11:44:38.642Z", "is_edited": true}, "m2m": {"photo": []}}, {"condition": {"id": 9306}, "defaults": {"site_id": 73, "judul": "Jenis Pelayanan", "isi_halaman": "<figure class=\"table\" style=\"width:412pt;\"><table><tbody><tr><td style=\"border-bottom:.5pt solid black;height:30.0pt;width:27pt;\"><p style=\"text-align:center;\"><strong>No.&nbsp;</strong></p></td><td style=\"border-bottom:.5pt solid black;width:269pt;\"><p style=\"text-align:center;\"><strong>RINCIAN OBJEK</strong></p></td><td style=\"border-bottom:.5pt solid black;width:116pt;\"><p style=\"text-align:center;\"><strong>BESARAN TARIF (RP)</strong></p></td></tr><tr><td style=\"border-top-style:none;height:15.0pt;\"><p style=\"text-align:center;\"><strong>1&nbsp;</strong></p></td><td style=\"border-left-style:none;border-top-style:none;\" colspan=\"2\">Pemeriksaan Laboratorium Klinik</td></tr><tr><td style=\"border-top-style:none;height:15.0pt;\"><p style=\"text-align:center;\">&nbsp;</p></td><td style=\"border-left-style:none;border-top-style:none;\">Albumin Darah</td><td style=\"border-left-style:none;border-top-style:none;\"><p style=\"text-align:center;\">40.000&nbsp;</p></td></tr><tr><td style=\"border-top-style:none;height:15.0pt;\"><p style=\"text-align:center;\">&nbsp;</p></td><td style=\"border-left-style:none;border-top-style:none;\">Alkali Phospatase</td><td style=\"border-left-style:none;border-top-style:none;\"><p style=\"text-align:center;\">40.000&nbsp;</p></td></tr><tr><td style=\"border-top-style:none;height:15.0pt;\"><p style=\"text-align:center;\">&nbsp;</p></td><td style=\"border-left-style:none;border-top-style:none;\">Bilirubin Direct</td><td style=\"border-left-style:none;border-top-style:none;\"><p style=\"text-align:center;\">30.000&nbsp;</p></td></tr><tr><td style=\"border-top-style:none;height:15.0pt;\"><p style=\"text-align:center;\">&nbsp;</p></td><td style=\"border-left-style:none;border-top-style:none;\">Bilirubin Total</td><td style=\"border-left-style:none;border-top-style:none;\"><p style=\"text-align:center;\">45.000&nbsp;</p></td></tr><tr><td style=\"border-top-style:none;height:15.0pt;\"><p style=\"text-align:center;\">&nbsp;</p></td><td style=\"border-left-style:none;border-top-style:none;\">BUN</td><td style=\"border-left-style:none;border-top-style:none;\"><p style=\"text-align:center;\">30.000&nbsp;</p></td></tr><tr><td style=\"border-top-style:none;height:15.0pt;\"><p style=\"text-align:center;\">&nbsp;</p></td><td style=\"border-left-style:none;border-top-style:none;\">BSN</td><td style=\"border-left-style:none;border-top-style:none;\"><p style=\"text-align:center;\">30.000&nbsp;</p></td></tr><tr><td style=\"border-top-style:none;height:15.0pt;\"><p style=\"text-align:center;\">&nbsp;</p></td><td style=\"border-left-style:none;border-top-style:none;\">SGOT</td><td style=\"border-left-style:none;border-top-style:none;\"><p style=\"text-align:center;\">40.000&nbsp;</p></td></tr><tr><td style=\"border-top-style:none;height:15.0pt;\"><p style=\"text-align:center;\">&nbsp;</p></td><td style=\"border-left-style:none;border-top-style:none;\">SGPT</td><td style=\"border-left-style:none;border-top-style:none;\"><p style=\"text-align:center;\">40.000&nbsp;</p></td></tr><tr><td style=\"border-top-style:none;height:15.0pt;\"><p style=\"text-align:center;\">&nbsp;</p></td><td style=\"border-left-style:none;border-top-style:none;\">S.Creatinin</td><td style=\"border-left-style:none;border-top-style:none;\"><p style=\"text-align:center;\">45.000&nbsp;</p></td></tr><tr><td style=\"border-top-style:none;height:15.0pt;\"><p style=\"text-align:center;\">&nbsp;</p></td><td style=\"border-left-style:none;border-top-style:none;\">HDL-Cholesterol</td><td style=\"border-left-style:none;border-top-style:none;\"><p style=\"text-align:center;\">30.000&nbsp;</p></td></tr><tr><td style=\"border-top-style:none;height:15.0pt;\"><p style=\"text-align:center;\">&nbsp;</p></td><td style=\"border-left-style:none;border-top-style:none;\">LDL-Cholesterol</td><td style=\"border-left-style:none;border-top-style:none;\"><p style=\"text-align:center;\">40.000&nbsp;</p></td></tr><tr><td style=\"border-top-style:none;height:15.0pt;\"><p style=\"text-align:center;\">&nbsp;</p></td><td style=\"border-left-style:none;border-top-style:none;\">Total Cholesterol</td><td style=\"border-left-style:none;border-top-style:none;\"><p style=\"text-align:center;\">40.000&nbsp;</p></td></tr><tr><td style=\"border-top-style:none;height:15.0pt;\"><p style=\"text-align:center;\">&nbsp;</p></td><td style=\"border-left-style:none;border-top-style:none;\">Total Protein</td><td style=\"border-left-style:none;border-top-style:none;\"><p style=\"text-align:center;\">40.000&nbsp;</p></td></tr><tr><td style=\"border-top-style:none;height:15.0pt;\"><p style=\"text-align:center;\">&nbsp;</p></td><td style=\"border-left-style:none;border-top-style:none;\">Trigliserida</td><td style=\"border-left-style:none;border-top-style:none;\"><p style=\"text-align:center;\">50.000&nbsp;</p></td></tr><tr><td style=\"border-top-style:none;height:15.0pt;\"><p style=\"text-align:center;\">&nbsp;</p></td><td style=\"border-left-style:none;border-top-style:none;\">Glukosa</td><td style=\"border-left-style:none;border-top-style:none;\"><p style=\"text-align:center;\">40.000&nbsp;</p></td></tr><tr><td style=\"border-top-style:none;height:15.0pt;\"><p style=\"text-align:center;\">&nbsp;</p></td><td style=\"border-left-style:none;border-top-style:none;\">HbA1C</td><td style=\"border-left-style:none;border-top-style:none;\"><p style=\"text-align:center;\">150.000&nbsp;</p></td></tr><tr><td style=\"border-top-style:none;height:15.0pt;\"><p style=\"text-align:center;\">&nbsp;</p></td><td style=\"border-left-style:none;border-top-style:none;\">Asam Urat</td><td style=\"border-left-style:none;border-top-style:none;\"><p style=\"text-align:center;\">45.000&nbsp;</p></td></tr><tr><td style=\"border-top-style:none;height:15.0pt;\"><p style=\"text-align:center;\">&nbsp;</p></td><td style=\"border-left-style:none;border-top-style:none;\">Cholesterol (Stik POCT)</td><td style=\"border-left-style:none;border-top-style:none;\"><p style=\"text-align:center;\">30.000&nbsp;</p></td></tr><tr><td style=\"border-top-style:none;height:15.0pt;\"><p style=\"text-align:center;\">&nbsp;</p></td><td style=\"border-left-style:none;border-top-style:none;\">Glukosa (Stik POCT)</td><td style=\"border-left-style:none;border-top-style:none;\"><p style=\"text-align:center;\">25.000&nbsp;</p></td></tr><tr><td style=\"border-top-style:none;height:15.0pt;\"><p style=\"text-align:center;\">&nbsp;</p></td><td style=\"border-left-style:none;border-top-style:none;\">Asam Urat (Stik POCT)</td><td style=\"border-left-style:none;border-top-style:none;\"><p style=\"text-align:center;\">30.000&nbsp;</p></td></tr><tr><td style=\"border-top-style:none;height:15.0pt;\"><p style=\"text-align:center;\">&nbsp;</p></td><td style=\"border-left-style:none;border-top-style:none;\">Hb {Stik POCT)</td><td style=\"border-left-style:none;border-top-style:none;\"><p style=\"text-align:center;\">15.000&nbsp;</p></td></tr><tr><td style=\"border-top-style:none;height:15.0pt;\"><p style=\"text-align:center;\">&nbsp;</p></td><td style=\"border-left-style:none;border-top-style:none;\">Golongan Darah</td><td style=\"border-left-style:none;border-top-style:none;\"><p style=\"text-align:center;\">20.000&nbsp;</p></td></tr><tr><td style=\"border-top-style:none;height:15.0pt;\"><p style=\"text-align:center;\">&nbsp;</p></td><td style=\"border-left-style:none;border-top-style:none;\">Trombosit</td><td style=\"border-left-style:none;border-top-style:none;\"><p style=\"text-align:center;\">30.000&nbsp;</p></td></tr><tr><td style=\"border-top-style:none;height:15.0pt;\"><p style=\"text-align:center;\">&nbsp;</p></td><td style=\"border-left-style:none;border-top-style:none;\">Darah Lengkap</td><td style=\"border-left-style:none;border-top-style:none;\"><p style=\"text-align:center;\">70.000&nbsp;</p></td></tr><tr><td style=\"border-top-style:none;height:15.0pt;\"><p style=\"text-align:center;\">&nbsp;</p></td><td style=\"border-left-style:none;border-top-style:none;\">Anti HBs</td><td style=\"border-left-style:none;border-top-style:none;\"><p style=\"text-align:center;\">45.000&nbsp;</p></td></tr><tr><td style=\"border-top-style:none;height:15.0pt;\"><p style=\"text-align:center;\">&nbsp;</p></td><td style=\"border-left-style:none;border-top-style:none;\">Anti HBs dengan ELISA</td><td style=\"border-left-style:none;border-top-style:none;\"><p style=\"text-align:center;\">120.000&nbsp;</p></td></tr><tr><td style=\"border-top-style:none;height:15.0pt;\"><p style=\"text-align:center;\">&nbsp;</p></td><td style=\"border-left-style:none;border-top-style:none;\">HbsAg (Rapid Test)</td><td style=\"border-left-style:none;border-top-style:none;\"><p style=\"text-align:center;\">45.000&nbsp;</p></td></tr><tr><td style=\"border-top-style:none;height:15.0pt;\"><p style=\"text-align:center;\">&nbsp;</p></td><td style=\"border-left-style:none;border-top-style:none;\">HbsAg dengan ELISA</td><td style=\"border-left-style:none;border-top-style:none;\"><p style=\"text-align:center;\">150.000&nbsp;</p></td></tr><tr><td style=\"border-top-style:none;height:15.0pt;\"><p style=\"text-align:center;\">&nbsp;</p></td><td style=\"border-left-style:none;border-top-style:none;\">HIV (Rapid Test)</td><td style=\"border-left-style:none;border-top-style:none;\"><p style=\"text-align:center;\">40.000&nbsp;</p></td></tr><tr><td style=\"border-top-style:none;height:15.0pt;\"><p style=\"text-align:center;\">&nbsp;</p></td><td style=\"border-left-style:none;border-top-style:none;\">Anti HIV Kuantitatif dengan ELISA</td><td style=\"border-left-style:none;border-top-style:none;\"><p style=\"text-align:center;\">200.000&nbsp;</p></td></tr><tr><td style=\"border-top-style:none;height:15.0pt;\"><p style=\"text-align:center;\">&nbsp;</p></td><td style=\"border-left-style:none;border-top-style:none;\">DHF (Rapid Test)</td><td style=\"border-left-style:none;border-top-style:none;\"><p style=\"text-align:center;\">120.000&nbsp;</p></td></tr><tr><td style=\"border-top-style:none;height:15.0pt;\"><p style=\"text-align:center;\">&nbsp;</p></td><td style=\"border-left-style:none;border-top-style:none;\">Anti Dengue IgG/IgM</td><td style=\"border-left-style:none;border-top-style:none;\"><p style=\"text-align:center;\">150.000&nbsp;</p></td></tr><tr><td style=\"border-top-style:none;height:15.0pt;\"><p style=\"text-align:center;\">&nbsp;</p></td><td style=\"border-left-style:none;border-top-style:none;\">NS1 Anti Dengue</td><td style=\"border-left-style:none;border-top-style:none;\"><p style=\"text-align:center;\">175.000&nbsp;</p></td></tr><tr><td style=\"border-top-style:none;height:15.0pt;\"><p style=\"text-align:center;\">&nbsp;</p></td><td style=\"border-left-style:none;border-top-style:none;\">Masa Perdarahan</td><td style=\"border-left-style:none;border-top-style:none;\"><p style=\"text-align:center;\">10.000&nbsp;</p></td></tr><tr><td style=\"border-top-style:none;height:15.0pt;\"><p style=\"text-align:center;\">&nbsp;</p></td><td style=\"border-left-style:none;border-top-style:none;\">Masa Pembekuan</td><td style=\"border-left-style:none;border-top-style:none;\"><p style=\"text-align:center;\">10.000&nbsp;</p></td></tr><tr><td style=\"border-top-style:none;height:15.0pt;\"><p style=\"text-align:center;\">&nbsp;</p></td><td style=\"border-left-style:none;border-top-style:none;\">Pengecatan Gram</td><td style=\"border-left-style:none;border-top-style:none;\"><p style=\"text-align:center;\">30.000&nbsp;</p></td></tr><tr><td style=\"border-top-style:none;height:15.0pt;\"><p style=\"text-align:center;\">&nbsp;</p></td><td style=\"border-left-style:none;border-top-style:none;\">Pengecatan Giemsa</td><td style=\"border-left-style:none;border-top-style:none;\"><p style=\"text-align:center;\">30.000&nbsp;</p></td></tr><tr><td style=\"border-top-style:none;height:15.0pt;\"><p style=\"text-align:center;\">&nbsp;</p></td><td style=\"border-left-style:none;border-top-style:none;\">Widal</td><td style=\"border-left-style:none;border-top-style:none;\"><p style=\"text-align:center;\">40.000&nbsp;</p></td></tr><tr><td style=\"border-top-style:none;height:15.0pt;\"><p style=\"text-align:center;\">&nbsp;</p></td><td style=\"border-left-style:none;border-top-style:none;\">VDRL</td><td style=\"border-left-style:none;border-top-style:none;\"><p style=\"text-align:center;\">25.000&nbsp;</p></td></tr><tr><td style=\"border-top-style:none;height:15.0pt;\"><p style=\"text-align:center;\">&nbsp;</p></td><td style=\"border-left-style:none;border-top-style:none;\">Mantoux Test</td><td style=\"border-left-style:none;border-top-style:none;\"><p style=\"text-align:center;\">80.000&nbsp;</p></td></tr><tr><td style=\"border-top-style:none;height:15.0pt;\"><p style=\"text-align:center;\">&nbsp;</p></td><td style=\"border-left-style:none;border-top-style:none;\">Urine 10 Parameter</td><td style=\"border-left-style:none;border-top-style:none;\"><p style=\"text-align:center;\">25.000&nbsp;</p></td></tr><tr><td style=\"border-top-style:none;height:15.0pt;\"><p style=\"text-align:center;\">&nbsp;</p></td><td style=\"border-left-style:none;border-top-style:none;\">Urine 3 Parameter</td><td style=\"border-left-style:none;border-top-style:none;\"><p style=\"text-align:center;\">10.000&nbsp;</p></td></tr><tr><td style=\"border-top-style:none;height:15.0pt;\"><p style=\"text-align:center;\">&nbsp;</p></td><td style=\"border-left-style:none;border-top-style:none;\">Sedimen Urine</td><td style=\"border-left-style:none;border-top-style:none;\"><p style=\"text-align:center;\">10.000&nbsp;</p></td></tr><tr><td style=\"border-top-style:none;height:15.0pt;\"><p style=\"text-align:center;\">&nbsp;</p></td><td style=\"border-left-style:none;border-top-style:none;\">Tes Kehamilan</td><td style=\"border-left-style:none;border-top-style:none;\"><p style=\"text-align:center;\">20.000&nbsp;</p></td></tr><tr><td style=\"border-top-style:none;height:15.0pt;\"><p style=\"text-align:center;\">&nbsp;</p></td><td style=\"border-left-style:none;border-top-style:none;\">Faeces Lengkap</td><td style=\"border-left-style:none;border-top-style:none;\"><p style=\"text-align:center;\">20.000&nbsp;</p></td></tr><tr><td style=\"border-top-style:none;height:15.0pt;\" colspan=\"3\"><p style=\"text-align:center;\">&nbsp;</p></td></tr><tr><td style=\"border-top-style:none;height:15.0pt;\"><p style=\"text-align:center;\"><strong>2</strong></p></td><td style=\"border-left-style:none;border-top-style:none;\" colspan=\"2\">Narkoba</td></tr><tr><td style=\"border-top-style:none;height:15.0pt;\"><p style=\"text-align:center;\">&nbsp;</p></td><td style=\"border-left-style:none;border-top-style:none;\">3 Parameter</td><td style=\"border-left-style:none;border-top-style:none;\"><p style=\"text-align:center;\">150.000&nbsp;</p></td></tr><tr><td style=\"border-top-style:none;height:15.0pt;\"><p style=\"text-align:center;\">&nbsp;</p></td><td style=\"border-left-style:none;border-top-style:none;\">5 Parameter</td><td style=\"border-left-style:none;border-top-style:none;\"><p style=\"text-align:center;\">200.000&nbsp;</p></td></tr><tr><td style=\"border-top-style:none;height:15.0pt;\" colspan=\"3\"><p style=\"text-align:center;\">&nbsp;</p></td></tr><tr><td style=\"border-top-style:none;height:15.0pt;\"><p style=\"text-align:center;\"><strong>3</strong></p></td><td style=\"border-left-style:none;border-top-style:none;\" colspan=\"2\">Pemeriksaan Bakteri Klinik dan Parasitologi&nbsp;</td></tr><tr><td style=\"border-top-style:none;height:15.0pt;\"><p style=\"text-align:center;\">&nbsp;</p></td><td style=\"border-left-style:none;border-top-style:none;\">Pemeriksaan Sifilis</td><td style=\"border-left-style:none;border-top-style:none;\"><p style=\"text-align:center;\">40.000&nbsp;</p></td></tr><tr><td style=\"border-top-style:none;height:15.0pt;\"><p style=\"text-align:center;\">&nbsp;</p></td><td style=\"border-left-style:none;border-top-style:none;\">Pemeriksaan jamur</td><td style=\"border-left-style:none;border-top-style:none;\"><p style=\"text-align:center;\">40.000&nbsp;</p></td></tr><tr><td style=\"border-top-style:none;height:15.0pt;\"><p style=\"text-align:center;\">&nbsp;</p></td><td style=\"border-left-style:none;border-top-style:none;\">Pemeriksaan GO</td><td style=\"border-left-style:none;border-top-style:none;\"><p style=\"text-align:center;\">40.000&nbsp;</p></td></tr><tr><td style=\"border-top-style:none;height:15.0pt;\"><p style=\"text-align:center;\">&nbsp;</p></td><td style=\"border-left-style:none;border-top-style:none;\">Pemeriksaan VDRL</td><td style=\"border-left-style:none;border-top-style:none;\"><p style=\"text-align:center;\">25.000&nbsp;</p></td></tr><tr><td style=\"border-top-style:none;height:15.0pt;\"><p style=\"text-align:center;\">&nbsp;</p></td><td style=\"border-left-style:none;border-top-style:none;\">Kultur PUS + Sensitifity Test</td><td style=\"border-left-style:none;border-top-style:none;\"><p style=\"text-align:center;\">150.000&nbsp;</p></td></tr><tr><td style=\"border-top-style:none;height:15.0pt;\"><p style=\"text-align:center;\">&nbsp;</p></td><td style=\"border-left-style:none;border-top-style:none;\">Kultur Sputum + Sensitifity Test</td><td style=\"border-left-style:none;border-top-style:none;\"><p style=\"text-align:center;\">150.000&nbsp;</p></td></tr><tr><td style=\"border-top-style:none;height:15.0pt;\"><p style=\"text-align:center;\">&nbsp;</p></td><td style=\"border-left-style:none;border-top-style:none;\">Kultur Darah + Sensitifity Test</td><td style=\"border-left-style:none;border-top-style:none;\"><p style=\"text-align:center;\">150.000&nbsp;</p></td></tr><tr><td style=\"border-top-style:none;height:15.0pt;\"><p style=\"text-align:center;\">&nbsp;</p></td><td style=\"border-left-style:none;border-top-style:none;\">Kultur BTA + + Sensitifity Test</td><td style=\"border-left-style:none;border-top-style:none;\"><p style=\"text-align:center;\">225.000&nbsp;</p></td></tr><tr><td style=\"border-top-style:none;height:15.0pt;\"><p style=\"text-align:center;\">&nbsp;</p></td><td style=\"border-left-style:none;border-top-style:none;\">Sputum BTA</td><td style=\"border-left-style:none;border-top-style:none;\"><p style=\"text-align:center;\">20.000&nbsp;</p></td></tr><tr><td style=\"border-top-style:none;height:15.0pt;\"><p style=\"text-align:center;\">&nbsp;</p></td><td style=\"border-left-style:none;border-top-style:none;\">Benzidin Tes&nbsp;</td><td style=\"border-left-style:none;border-top-style:none;\"><p style=\"text-align:center;\">15.000&nbsp;</p></td></tr><tr><td style=\"border-top-style:none;height:15.0pt;\"><p style=\"text-align:center;\">&nbsp;</p></td><td style=\"border-left-style:none;border-top-style:none;\">Malaria Mikroskopis</td><td style=\"border-left-style:none;border-top-style:none;\"><p style=\"text-align:center;\">30.000&nbsp;</p></td></tr><tr><td style=\"border-top-style:none;height:15.0pt;\" colspan=\"3\"><p style=\"text-align:center;\">&nbsp;</p></td></tr><tr><td style=\"border-top-style:none;height:15.0pt;\"><p style=\"text-align:center;\"><strong>4</strong></p></td><td style=\"border-left-style:none;border-top-style:none;\" colspan=\"2\">Pemeriksaan Sampel Mikrobiologi Lingkungan</td></tr><tr><td style=\"border-top-style:none;height:15.0pt;\"><p style=\"text-align:center;\">&nbsp;</p></td><td style=\"border-left-style:none;border-top-style:none;\">MPN Coli Form</td><td style=\"border-left-style:none;border-top-style:none;\"><p style=\"text-align:center;\">55.000&nbsp;</p></td></tr><tr><td style=\"border-top-style:none;height:15.0pt;\"><p style=\"text-align:center;\">&nbsp;</p></td><td style=\"border-left-style:none;border-top-style:none;\">MPN Coli Tinja</td><td style=\"border-left-style:none;border-top-style:none;\"><p style=\"text-align:center;\">55.000&nbsp;</p></td></tr><tr><td style=\"border-top-style:none;height:15.0pt;\"><p style=\"text-align:center;\">&nbsp;</p></td><td style=\"border-left-style:none;border-top-style:none;\">Total Coliform (CFU)</td><td style=\"border-left-style:none;border-top-style:none;\"><p style=\"text-align:center;\">100.000&nbsp;</p></td></tr><tr><td style=\"border-top-style:none;height:15.0pt;\"><p style=\"text-align:center;\">&nbsp;</p></td><td style=\"border-left-style:none;border-top-style:none;\">Angka Kuman E.Coli (CFU)</td><td style=\"border-left-style:none;border-top-style:none;\"><p style=\"text-align:center;\">100.000&nbsp;</p></td></tr><tr><td style=\"border-top-style:none;height:15.0pt;\"><p style=\"text-align:center;\">&nbsp;</p></td><td style=\"border-left-style:none;border-top-style:none;\">Angka Kuman</td><td style=\"border-left-style:none;border-top-style:none;\"><p style=\"text-align:center;\">105.000&nbsp;</p></td></tr><tr><td style=\"border-top-style:none;height:15.0pt;\"><p style=\"text-align:center;\">&nbsp;</p></td><td style=\"border-left-style:none;border-top-style:none;\">E.Coli</td><td style=\"border-left-style:none;border-top-style:none;\"><p style=\"text-align:center;\">25.000&nbsp;</p></td></tr><tr><td style=\"border-top-style:none;height:15.0pt;\"><p style=\"text-align:center;\">&nbsp;</p></td><td style=\"border-left-style:none;border-top-style:none;\">Salmonella</td><td style=\"border-left-style:none;border-top-style:none;\"><p style=\"text-align:center;\">25.000&nbsp;</p></td></tr><tr><td style=\"border-top-style:none;height:15.0pt;\"><p style=\"text-align:center;\">&nbsp;</p></td><td style=\"border-left-style:none;border-top-style:none;\">Vibrio Cholera</td><td style=\"border-left-style:none;border-top-style:none;\"><p style=\"text-align:center;\">25.000&nbsp;</p></td></tr><tr><td style=\"border-top-style:none;height:15.0pt;\"><p style=\"text-align:center;\">&nbsp;</p></td><td style=\"border-left-style:none;border-top-style:none;\">Staphylococcus Aureus</td><td style=\"border-left-style:none;border-top-style:none;\"><p style=\"text-align:center;\">25.000&nbsp;</p></td></tr><tr><td style=\"border-top-style:none;height:15.0pt;\"><p style=\"text-align:center;\">&nbsp;</p></td><td style=\"border-left-style:none;border-top-style:none;\">Shigela</td><td style=\"border-left-style:none;border-top-style:none;\"><p style=\"text-align:center;\">25.000&nbsp;</p></td></tr><tr><td style=\"border-top-style:none;height:15.0pt;\"><p style=\"text-align:center;\">&nbsp;</p></td><td style=\"border-left-style:none;border-top-style:none;\">Streptococcus Pyogenes</td><td style=\"border-left-style:none;border-top-style:none;\"><p style=\"text-align:center;\">25.000&nbsp;</p></td></tr><tr><td style=\"border-top-style:none;height:15.0pt;\"><p style=\"text-align:center;\">&nbsp;</p></td><td style=\"border-left-style:none;border-top-style:none;\">Streptococcus Aureus</td><td style=\"border-left-style:none;border-top-style:none;\"><p style=\"text-align:center;\">25.000&nbsp;</p></td></tr><tr><td style=\"border-top-style:none;height:15.0pt;\"><p style=\"text-align:center;\">&nbsp;</p></td><td style=\"border-left-style:none;border-top-style:none;\">Pseudomonas</td><td style=\"border-left-style:none;border-top-style:none;\"><p style=\"text-align:center;\">25.000&nbsp;</p></td></tr><tr><td style=\"border-top-style:none;height:15.0pt;\"><p style=\"text-align:center;\">&nbsp;</p></td><td style=\"border-left-style:none;border-top-style:none;\">Udara Ruangan</td><td style=\"border-left-style:none;border-top-style:none;\"><p style=\"text-align:center;\">110.000</p></td></tr><tr><td style=\"border-top-style:none;height:15.0pt;\"><p style=\"text-align:center;\">&nbsp;</p></td><td style=\"border-left-style:none;border-top-style:none;\">Swab Alat Medis</td><td style=\"border-left-style:none;border-top-style:none;\"><p style=\"text-align:center;\">110.000</p></td></tr><tr><td style=\"border-top-style:none;height:15.0pt;\"><p style=\"text-align:center;\">&nbsp;</p></td><td style=\"border-left-style:none;border-top-style:none;\">Swab Linen Steril</td><td style=\"border-left-style:none;border-top-style:none;\"><p style=\"text-align:center;\">110.000</p></td></tr><tr><td style=\"border-top-style:none;height:15.0pt;\"><p style=\"text-align:center;\">&nbsp;</p></td><td style=\"border-left-style:none;border-top-style:none;\">Angka Kuman/ Usap Alat Makan</td><td style=\"border-left-style:none;border-top-style:none;\"><p style=\"text-align:center;\">110.000</p></td></tr><tr><td style=\"border-top-style:none;height:15.0pt;\"><p style=\"text-align:center;\">&nbsp;</p></td><td style=\"border-left-style:none;border-top-style:none;\">Swab Lantai</td><td style=\"border-left-style:none;border-top-style:none;\"><p style=\"text-align:center;\">110.000</p></td></tr><tr><td style=\"border-top-style:none;height:15.0pt;\"><p style=\"text-align:center;\">&nbsp;</p></td><td style=\"border-left-style:none;border-top-style:none;\">Swab Dinding</td><td style=\"border-left-style:none;border-top-style:none;\"><p style=\"text-align:center;\">110.000</p></td></tr><tr><td style=\"border-top-style:none;height:15.0pt;\" colspan=\"3\"><p style=\"text-align:center;\">&nbsp;</p></td></tr><tr><td style=\"border-top-style:none;height:15.0pt;\"><p style=\"text-align:center;\"><strong>5</strong></p></td><td style=\"border-left-style:none;border-top-style:none;\" colspan=\"2\">Pemerikasan Kimia Kesehatan</td></tr><tr><td style=\"border-top-style:none;height:15.0pt;\"><p style=\"text-align:center;\">&nbsp;</p></td><td style=\"border-left-style:none;border-top-style:none;\">FISIKA&nbsp;</td><td style=\"border-left-style:none;border-top-style:none;\"><p style=\"text-align:center;\">&nbsp;</p></td></tr><tr><td style=\"border-top-style:none;height:15.0pt;\"><p style=\"text-align:center;\">&nbsp;</p></td><td style=\"border-left-style:none;border-top-style:none;\">Temperatur</td><td style=\"border-left-style:none;border-top-style:none;\"><p style=\"text-align:center;\">10.000&nbsp;</p></td></tr><tr><td style=\"border-top-style:none;height:15.0pt;\"><p style=\"text-align:center;\">&nbsp;</p></td><td style=\"border-left-style:none;border-top-style:none;\">Residu Terlarut</td><td style=\"border-left-style:none;border-top-style:none;\"><p style=\"text-align:center;\">55.000&nbsp;</p></td></tr><tr><td style=\"border-top-style:none;height:15.0pt;\"><p style=\"text-align:center;\">&nbsp;</p></td><td style=\"border-left-style:none;border-top-style:none;\">Residu Tersuspensi</td><td style=\"border-left-style:none;border-top-style:none;\"><p style=\"text-align:center;\">55.000&nbsp;</p></td></tr><tr><td style=\"border-top-style:none;height:15.0pt;\"><p style=\"text-align:center;\">&nbsp;</p></td><td style=\"border-left-style:none;border-top-style:none;\">Daya Hantar listrik</td><td style=\"border-left-style:none;border-top-style:none;\"><p style=\"text-align:center;\">34.000&nbsp;</p></td></tr><tr><td style=\"border-top-style:none;height:15.0pt;\"><p style=\"text-align:center;\">&nbsp;</p></td><td style=\"border-left-style:none;border-top-style:none;\">Warna</td><td style=\"border-left-style:none;border-top-style:none;\"><p style=\"text-align:center;\">55.000&nbsp;</p></td></tr><tr><td style=\"border-top-style:none;height:15.0pt;\"><p style=\"text-align:center;\">&nbsp;</p></td><td style=\"border-left-style:none;border-top-style:none;\">Kekeruhan</td><td style=\"border-left-style:none;border-top-style:none;\"><p style=\"text-align:center;\">34.000&nbsp;</p></td></tr><tr><td style=\"border-top-style:none;height:15.0pt;\"><p style=\"text-align:center;\">&nbsp;</p></td><td style=\"border-left-style:none;border-top-style:none;\">Bau</td><td style=\"border-left-style:none;border-top-style:none;\"><p style=\"text-align:center;\">10.000&nbsp;</p></td></tr><tr><td style=\"border-top-style:none;height:15.0pt;\"><p style=\"text-align:center;\">&nbsp;</p></td><td style=\"border-left-style:none;border-top-style:none;\">Rasa</td><td style=\"border-left-style:none;border-top-style:none;\"><p style=\"text-align:center;\">10.000&nbsp;</p></td></tr><tr><td style=\"border-top-style:none;height:15.0pt;\"><p style=\"text-align:center;\">&nbsp;</p></td><td style=\"border-left-style:none;border-top-style:none;\">&nbsp;</td><td style=\"border-left-style:none;border-top-style:none;\"><p style=\"text-align:center;\">&nbsp;</p></td></tr><tr><td style=\"border-top-style:none;height:15.0pt;\"><p style=\"text-align:center;\">&nbsp;</p></td><td style=\"border-left-style:none;border-top-style:none;\">KIMIA AN ORGANIK&nbsp;</td><td style=\"border-left-style:none;border-top-style:none;\"><p style=\"text-align:center;\">&nbsp;</p></td></tr><tr><td style=\"border-top-style:none;height:15.0pt;\"><p style=\"text-align:center;\">&nbsp;</p></td><td style=\"border-left-style:none;border-top-style:none;\">Ph</td><td style=\"border-left-style:none;border-top-style:none;\"><p style=\"text-align:center;\">24.000&nbsp;</p></td></tr><tr><td style=\"border-top-style:none;height:15.0pt;\"><p style=\"text-align:center;\">&nbsp;</p></td><td style=\"border-left-style:none;border-top-style:none;\">DO</td><td style=\"border-left-style:none;border-top-style:none;\"><p style=\"text-align:center;\">20.000&nbsp;</p></td></tr><tr><td style=\"border-top-style:none;height:15.0pt;\"><p style=\"text-align:center;\">&nbsp;</p></td><td style=\"border-left-style:none;border-top-style:none;\">BOD</td><td style=\"border-left-style:none;border-top-style:none;\"><p style=\"text-align:center;\">70.000&nbsp;</p></td></tr><tr><td style=\"border-top-style:none;height:15.0pt;\"><p style=\"text-align:center;\">&nbsp;</p></td><td style=\"border-left-style:none;border-top-style:none;\">COD</td><td style=\"border-left-style:none;border-top-style:none;\"><p style=\"text-align:center;\">110.000&nbsp;</p></td></tr><tr><td style=\"border-top-style:none;height:15.0pt;\"><p style=\"text-align:center;\">&nbsp;</p></td><td style=\"border-left-style:none;border-top-style:none;\">Total Phospat</td><td style=\"border-left-style:none;border-top-style:none;\"><p style=\"text-align:center;\">110.000&nbsp;</p></td></tr><tr><td style=\"border-top-style:none;height:15.0pt;\"><p style=\"text-align:center;\">&nbsp;</p></td><td style=\"border-left-style:none;border-top-style:none;\">NO3-N</td><td style=\"border-left-style:none;border-top-style:none;\"><p style=\"text-align:center;\">56.000&nbsp;</p></td></tr><tr><td style=\"border-top-style:none;height:15.0pt;\"><p style=\"text-align:center;\">&nbsp;</p></td><td style=\"border-left-style:none;border-top-style:none;\">NH3-N</td><td style=\"border-left-style:none;border-top-style:none;\"><p style=\"text-align:center;\">65.000&nbsp;</p></td></tr><tr><td style=\"border-top-style:none;height:15.0pt;\"><p style=\"text-align:center;\">&nbsp;</p></td><td style=\"border-left-style:none;border-top-style:none;\">NO2-N</td><td style=\"border-left-style:none;border-top-style:none;\"><p style=\"text-align:center;\">120.000&nbsp;</p></td></tr><tr><td style=\"border-top-style:none;height:15.0pt;\"><p style=\"text-align:center;\">&nbsp;</p></td><td style=\"border-left-style:none;border-top-style:none;\">Sianida</td><td style=\"border-left-style:none;border-top-style:none;\"><p style=\"text-align:center;\">50.000&nbsp;</p></td></tr><tr><td style=\"border-top-style:none;height:15.0pt;\"><p style=\"text-align:center;\">&nbsp;</p></td><td style=\"border-left-style:none;border-top-style:none;\">Sulfat</td><td style=\"border-left-style:none;border-top-style:none;\"><p style=\"text-align:center;\">50.000&nbsp;</p></td></tr><tr><td style=\"border-top-style:none;height:15.0pt;\"><p style=\"text-align:center;\">&nbsp;</p></td><td style=\"border-left-style:none;border-top-style:none;\">Belerang (H2S)</td><td style=\"border-left-style:none;border-top-style:none;\"><p style=\"text-align:center;\">50.000&nbsp;</p></td></tr><tr><td style=\"border-top-style:none;height:15.0pt;\"><p style=\"text-align:center;\">&nbsp;</p></td><td style=\"border-left-style:none;border-top-style:none;\">Fluorida</td><td style=\"border-left-style:none;border-top-style:none;\"><p style=\"text-align:center;\">50.000&nbsp;</p></td></tr><tr><td style=\"border-top-style:none;height:15.0pt;\"><p style=\"text-align:center;\">&nbsp;</p></td><td style=\"border-left-style:none;border-top-style:none;\">Cholrida</td><td style=\"border-left-style:none;border-top-style:none;\"><p style=\"text-align:center;\">50.000&nbsp;</p></td></tr><tr><td style=\"border-top-style:none;height:15.0pt;\"><p style=\"text-align:center;\">&nbsp;</p></td><td style=\"border-left-style:none;border-top-style:none;\">Arsen</td><td style=\"border-left-style:none;border-top-style:none;\"><p style=\"text-align:center;\">150.000&nbsp;</p></td></tr><tr><td style=\"border-top-style:none;height:15.0pt;\"><p style=\"text-align:center;\">&nbsp;</p></td><td style=\"border-left-style:none;border-top-style:none;\">Kobalt</td><td style=\"border-left-style:none;border-top-style:none;\"><p style=\"text-align:center;\">150.000&nbsp;</p></td></tr><tr><td style=\"border-top-style:none;height:15.0pt;\"><p style=\"text-align:center;\">&nbsp;</p></td><td style=\"border-left-style:none;border-top-style:none;\">Barium</td><td style=\"border-left-style:none;border-top-style:none;\"><p style=\"text-align:center;\">150.000&nbsp;</p></td></tr><tr><td style=\"border-top-style:none;height:15.0pt;\"><p style=\"text-align:center;\">&nbsp;</p></td><td style=\"border-left-style:none;border-top-style:none;\">Boron</td><td style=\"border-left-style:none;border-top-style:none;\"><p style=\"text-align:center;\">150.000&nbsp;</p></td></tr><tr><td style=\"border-top-style:none;height:15.0pt;\"><p style=\"text-align:center;\">&nbsp;</p></td><td style=\"border-left-style:none;border-top-style:none;\">Selenium</td><td style=\"border-left-style:none;border-top-style:none;\"><p style=\"text-align:center;\">150.000&nbsp;</p></td></tr><tr><td style=\"border-top-style:none;height:15.0pt;\"><p style=\"text-align:center;\">&nbsp;</p></td><td style=\"border-left-style:none;border-top-style:none;\">Chromium</td><td style=\"border-left-style:none;border-top-style:none;\"><p style=\"text-align:center;\">150.000&nbsp;</p></td></tr><tr><td style=\"border-top-style:none;height:15.0pt;\"><p style=\"text-align:center;\">&nbsp;</p></td><td style=\"border-left-style:none;border-top-style:none;\">Tembaga</td><td style=\"border-left-style:none;border-top-style:none;\"><p style=\"text-align:center;\">150.000&nbsp;</p></td></tr><tr><td style=\"border-top-style:none;height:15.0pt;\"><p style=\"text-align:center;\">&nbsp;</p></td><td style=\"border-left-style:none;border-top-style:none;\">Besi</td><td style=\"border-left-style:none;border-top-style:none;\"><p style=\"text-align:center;\">150.000&nbsp;</p></td></tr><tr><td style=\"border-top-style:none;height:15.0pt;\"><p style=\"text-align:center;\">&nbsp;</p></td><td style=\"border-left-style:none;border-top-style:none;\">Timbal</td><td style=\"border-left-style:none;border-top-style:none;\"><p style=\"text-align:center;\">150.000&nbsp;</p></td></tr><tr><td style=\"border-top-style:none;height:15.0pt;\"><p style=\"text-align:center;\">&nbsp;</p></td><td style=\"border-left-style:none;border-top-style:none;\">Mangan</td><td style=\"border-left-style:none;border-top-style:none;\"><p style=\"text-align:center;\">150.000&nbsp;</p></td></tr><tr><td style=\"border-top-style:none;height:15.0pt;\"><p style=\"text-align:center;\">&nbsp;</p></td><td style=\"border-left-style:none;border-top-style:none;\">Air Raksa</td><td style=\"border-left-style:none;border-top-style:none;\"><p style=\"text-align:center;\">150.000&nbsp;</p></td></tr><tr><td style=\"border-top-style:none;height:15.0pt;\"><p style=\"text-align:center;\">&nbsp;</p></td><td style=\"border-left-style:none;border-top-style:none;\">Seng</td><td style=\"border-left-style:none;border-top-style:none;\"><p style=\"text-align:center;\">150.000&nbsp;</p></td></tr><tr><td style=\"border-top-style:none;height:15.0pt;\"><p style=\"text-align:center;\">&nbsp;</p></td><td style=\"border-left-style:none;border-top-style:none;\">Kesadahan (CaCO3)</td><td style=\"border-left-style:none;border-top-style:none;\"><p style=\"text-align:center;\">29.000&nbsp;</p></td></tr><tr><td style=\"border-top-style:none;height:15.0pt;\"><p style=\"text-align:center;\">&nbsp;</p></td><td style=\"border-left-style:none;border-top-style:none;\">Sisa Chlor</td><td style=\"border-left-style:none;border-top-style:none;\"><p style=\"text-align:center;\">35.000&nbsp;</p></td></tr><tr><td style=\"border-top-style:none;height:15.0pt;\"><p style=\"text-align:center;\">&nbsp;</p></td><td style=\"border-left-style:none;border-top-style:none;\">Salinitas</td><td style=\"border-left-style:none;border-top-style:none;\"><p style=\"text-align:center;\">35.000&nbsp;</p></td></tr><tr><td style=\"border-top-style:none;height:15.0pt;\"><p style=\"text-align:center;\">&nbsp;</p></td><td style=\"border-left-style:none;border-top-style:none;\">KMnO4</td><td style=\"border-left-style:none;border-top-style:none;\"><p style=\"text-align:center;\">35.000&nbsp;</p></td></tr><tr><td style=\"border-top-style:none;height:15.0pt;\"><p style=\"text-align:center;\">&nbsp;</p></td><td style=\"border-left-style:none;border-top-style:none;\">&nbsp;</td><td style=\"border-left-style:none;border-top-style:none;\"><p style=\"text-align:center;\">&nbsp;</p></td></tr><tr><td style=\"border-top-style:none;height:15.0pt;\"><p style=\"text-align:center;\">&nbsp;</p></td><td style=\"border-left-style:none;border-top-style:none;\">KIMIA ORGANIK&nbsp;</td><td style=\"border-left-style:none;border-top-style:none;\"><p style=\"text-align:center;\">&nbsp;</p></td></tr><tr><td style=\"border-top-style:none;height:15.0pt;\"><p style=\"text-align:center;\">&nbsp;</p></td><td style=\"border-left-style:none;border-top-style:none;\">Minyak Dan Lemak</td><td style=\"border-left-style:none;border-top-style:none;\"><p style=\"text-align:center;\">120.000&nbsp;</p></td></tr><tr><td style=\"border-top-style:none;height:15.0pt;\"><p style=\"text-align:center;\">&nbsp;</p></td><td style=\"border-left-style:none;border-top-style:none;\">Detrergen</td><td style=\"border-left-style:none;border-top-style:none;\"><p style=\"text-align:center;\">50.000&nbsp;</p></td></tr><tr><td style=\"border-top-style:none;height:15.0pt;\"><p style=\"text-align:center;\">&nbsp;</p></td><td style=\"border-left-style:none;border-top-style:none;\">Aldrin/Dieldrin</td><td style=\"border-left-style:none;border-top-style:none;\"><p style=\"text-align:center;\">150.000&nbsp;</p></td></tr><tr><td style=\"border-top-style:none;height:15.0pt;\"><p style=\"text-align:center;\">&nbsp;</p></td><td style=\"border-left-style:none;border-top-style:none;\">Chlordane</td><td style=\"border-left-style:none;border-top-style:none;\"><p style=\"text-align:center;\">150.000&nbsp;</p></td></tr><tr><td style=\"border-top-style:none;height:15.0pt;\"><p style=\"text-align:center;\">&nbsp;</p></td><td style=\"border-left-style:none;border-top-style:none;\">DDT</td><td style=\"border-left-style:none;border-top-style:none;\"><p style=\"text-align:center;\">150.000&nbsp;</p></td></tr><tr><td style=\"border-top-style:none;height:15.0pt;\"><p style=\"text-align:center;\">&nbsp;</p></td><td style=\"border-left-style:none;border-top-style:none;\">Hepataclor</td><td style=\"border-left-style:none;border-top-style:none;\"><p style=\"text-align:center;\">150.000&nbsp;</p></td></tr><tr><td style=\"border-top-style:none;height:15.0pt;\"><p style=\"text-align:center;\">&nbsp;</p></td><td style=\"border-left-style:none;border-top-style:none;\">Lindane</td><td style=\"border-left-style:none;border-top-style:none;\"><p style=\"text-align:center;\">150.000&nbsp;</p></td></tr><tr><td style=\"border-top-style:none;height:15.0pt;\"><p style=\"text-align:center;\">&nbsp;</p></td><td style=\"border-left-style:none;border-top-style:none;\">Methocyclor</td><td style=\"border-left-style:none;border-top-style:none;\"><p style=\"text-align:center;\">150.000&nbsp;</p></td></tr><tr><td style=\"border-top-style:none;height:15.0pt;\"><p style=\"text-align:center;\">&nbsp;</p></td><td style=\"border-left-style:none;border-top-style:none;\">Endrine</td><td style=\"border-left-style:none;border-top-style:none;\"><p style=\"text-align:center;\">150.000&nbsp;</p></td></tr><tr><td style=\"border-top-style:none;height:15.0pt;\"><p style=\"text-align:center;\">&nbsp;</p></td><td style=\"border-left-style:none;border-top-style:none;\">Toxapen</td><td style=\"border-left-style:none;border-top-style:none;\"><p style=\"text-align:center;\">150.000&nbsp;</p></td></tr><tr><td style=\"border-top-style:none;height:15.0pt;\" colspan=\"3\"><p style=\"text-align:center;\">&nbsp;</p></td></tr><tr><td style=\"border-top-style:none;height:15.0pt;\"><p style=\"text-align:center;\"><strong>6</strong></p></td><td style=\"border-left-style:none;border-top-style:none;\" colspan=\"2\">PEMERIKSAAN KIMIA PANGAN LAINNYA</td></tr><tr><td style=\"border-top-style:none;height:15.0pt;\"><p style=\"text-align:center;\">&nbsp;</p></td><td style=\"border-left-style:none;border-top-style:none;\">Identifikasi Boraks</td><td style=\"border-left-style:none;border-top-style:none;\"><p style=\"text-align:center;\">70.000&nbsp;</p></td></tr><tr><td style=\"border-top-style:none;height:15.0pt;\"><p style=\"text-align:center;\">&nbsp;</p></td><td style=\"border-left-style:none;border-top-style:none;\">Identifikasi Formalin</td><td style=\"border-left-style:none;border-top-style:none;\"><p style=\"text-align:center;\">70.000&nbsp;</p></td></tr><tr><td style=\"border-top-style:none;height:15.0pt;\"><p style=\"text-align:center;\">&nbsp;</p></td><td style=\"border-left-style:none;border-top-style:none;\">Identifikasi Methanil Yellow</td><td style=\"border-left-style:none;border-top-style:none;\"><p style=\"text-align:center;\">70.000&nbsp;</p></td></tr><tr><td style=\"border-top-style:none;height:15.0pt;\"><p style=\"text-align:center;\">&nbsp;</p></td><td style=\"border-left-style:none;border-top-style:none;\">Identifikasi Rhodamin</td><td style=\"border-left-style:none;border-top-style:none;\"><p style=\"text-align:center;\">70.000&nbsp;</p></td></tr><tr><td style=\"border-top-style:none;height:15.0pt;\"><p style=\"text-align:center;\">&nbsp;</p></td><td style=\"border-left-style:none;border-top-style:none;\">Penetapan Kadar Pemanis</td><td style=\"border-left-style:none;border-top-style:none;\"><p style=\"text-align:center;\">650.000&nbsp;</p></td></tr><tr><td style=\"border-top-style:none;height:15.0pt;\"><p style=\"text-align:center;\">&nbsp;</p></td><td style=\"border-left-style:none;border-top-style:none;\">Penetapan Kadar Pewarna</td><td style=\"border-left-style:none;border-top-style:none;\"><p style=\"text-align:center;\">650.000&nbsp;</p></td></tr><tr><td style=\"border-top-style:none;height:15.0pt;\"><p style=\"text-align:center;\">&nbsp;</p></td><td style=\"border-left-style:none;border-top-style:none;\">Penetapan Kadar Air</td><td style=\"border-left-style:none;border-top-style:none;\"><p style=\"text-align:center;\">70.000&nbsp;</p></td></tr><tr><td style=\"border-top-style:none;height:15.0pt;\" colspan=\"3\"><p style=\"text-align:center;\">&nbsp;</p></td></tr><tr><td style=\"border-top-style:none;height:15.0pt;\"><p style=\"text-align:center;\"><strong>7</strong></p></td><td style=\"border-left-style:none;border-top-style:none;\" colspan=\"2\">UDARA AMBIENT</td></tr><tr><td style=\"border-top-style:none;height:15.0pt;\"><p style=\"text-align:center;\">&nbsp;</p></td><td style=\"border-left-style:none;border-top-style:none;\">NO2</td><td style=\"border-left-style:none;border-top-style:none;\"><p style=\"text-align:center;\">120.000</p></td></tr><tr><td style=\"border-top-style:none;height:15.0pt;\"><p style=\"text-align:center;\">&nbsp;</p></td><td style=\"border-left-style:none;border-top-style:none;\">NOX</td><td style=\"border-left-style:none;border-top-style:none;\"><p style=\"text-align:center;\">120.000</p></td></tr><tr><td style=\"border-top-style:none;height:15.0pt;\"><p style=\"text-align:center;\">&nbsp;</p></td><td style=\"border-left-style:none;border-top-style:none;\">SO2</td><td style=\"border-left-style:none;border-top-style:none;\"><p style=\"text-align:center;\">120.000</p></td></tr><tr><td style=\"border-top-style:none;height:15.0pt;\"><p style=\"text-align:center;\">&nbsp;</p></td><td style=\"border-left-style:none;border-top-style:none;\">CO</td><td style=\"border-left-style:none;border-top-style:none;\"><p style=\"text-align:center;\">120.000</p></td></tr><tr><td style=\"border-top-style:none;height:15.0pt;\"><p style=\"text-align:center;\">&nbsp;</p></td><td style=\"border-left-style:none;border-top-style:none;\">Kebisingan</td><td style=\"border-left-style:none;border-top-style:none;\"><p style=\"text-align:center;\">50.000</p></td></tr></tbody></table></figure><p>&nbsp;</p>", "view_count": 181, "menu_id": 498, "admin_id": 103, "created_at": "2023-11-13T12:56:51.145Z", "updated_at": "2024-07-11T23:09:45.072Z", "is_edited": true}, "m2m": {"photo": []}}, {"condition": {"id": 9307}, "defaults": {"site_id": 73, "judul": "TENTANG", "isi_halaman": "<figure class=\"image image-style-align-center\"><img src=\"https://cdn.lombokbaratkab.go.id/media/finaltteshowttedir1650002%20(1)_page-0001_ySeN8JF.jpg\"></figure><p style=\"text-align:center;\"><strong>SERTIFIKAT AKREDITASI</strong></p><p style=\"text-align:center;\">&nbsp;</p><p style=\"text-align:justify;\">UPT Laboratorium Kesehatan Kabupaten Lombok Barat merupakan Laboratorium kesehatan yang berada di Kabupaten Lombok Barat,yang berperan dalam pelayanan pembangunan kesehatan sebagai upaya kesehatan masyarakat dan upaya kesehatan perorangan,berupa pencegahan dan pemberantasan penyakit,penyediaan dan pengelolaan air bersih dan penyehatan lingkungan pemukiman serta kegiatan lain yang ada di wilayah Kabupaten Lombok Barat.</p><p style=\"text-align:justify;\">Dalam rangka pelaksanaan Peraturan Pemerintah No. 41 tahun 2007 di Kabupaten Lombok Barat, bahwa UPT Laboratorium melebur menjadi seksi Penyehatan Lingkungan demikian pula dengan pelaksanaan kegiatannya masih melekat di dalam seksi Penyehatan Lingkungan. Hal ini menyebabkan pelaksanaan kegiatan Laboratorium kesehatan menjadi kurang optimal. Diperlukan upaya untuk mengoptimalkan penyelenggaraan laboratorium tersebut. Penyelenggaraan laboratorium Kesehatan juga merupakan salah satu urusan Pemerintah Daerah Kabupaten untuk mendukung kegiatan Dinas kesehatan kabupaten Lombok Barat&nbsp;</p><p style=\"text-align:justify;\">Untuk itu dalam&nbsp;Peraturan Bupati Lombok Barat Nomor 42 Tahun 2008<strong>&nbsp;</strong>diatur mengenai pembentukan, tugas pokok, fungsi dan tata kerja unit pelaksana teknis pada&nbsp;Dinas&nbsp;Kesehatan Kabupaten Lombok Barat, dan ditegaskan kembali dalam Peraturan Bupati Lombok Barat No 10 Tahun 2009. Dalam Perbub tersebut di sebutkan bahwa&nbsp;Unit&nbsp;Pelaksana&nbsp;Teknis&nbsp;Dinas (UPTD) yang berada di Dinas Kesehatan selain UPTD Puskesmas adalah UPTD Instalasi Farmasi Kabupaten, UPTD Laboratorium dan UPTD Balai data dan informasi kesehatan. sebagai salah satu unit pelaksana teknis dinas kesehatan yang melaksanakan tugas dalam pelayanan informasi.</p><p style=\"text-align:justify;\">Selanjutnya Peraturan Bupati Lombok Barat Tersebut dicabut dan dinyatakan tidak berlaku setelah terbitnya peraturan Bupati Lombok Barat Nomor 46 tahun 2020 tentang pembentukan,rincian tugas fungsi dan tata kerja unit pelaksana teknis (UPT) Laboratorium kesehatan dinas kesehatan Kabupaten Lombok Barat.</p><p style=\"text-align:justify;\">Berdasarkan jenis pelayanannya, UPT Laboratarium kesehatan &nbsp;Kabupaten Lombok Barat terdiri dari :</p><ol><li style=\"text-align:justify;\">Laboratorium klinik adalah laboratorium kesehatan yang melaksanakan pelayanan pemeriksaan di bidang hematologi, kimia klinik, mikrobiologi klinik, parasitologi klinik, imunologi klinik, patologi anatomi dan atau bidang lain yang berkaitan dengan kepentingan kesehatan perorangan terutama untuk menunjang upaya diagnosis penyakit, penyembuhan penyakit dan pemulihan kesehatan.</li><li style=\"text-align:justify;\">Laboratorium Kesehatan Masyarakat adalah laboratorium kesehatan yang melaksanakan pelayanan pemeriksaan di bidang mikrobiologi, fisika, kimia dan atau bidang lain yang berkaitan dengan kepentingan kesehatan masyarakat dan kesehatan lingkungan terutama untuk menunjang upaya pencegahan penyakit dan peningkatan kesehatan masyarakat.</li></ol>", "view_count": 191, "menu_id": 42, "admin_id": 103, "created_at": "2023-11-13T12:58:34.145Z", "updated_at": "2024-07-11T23:08:59.931Z", "is_edited": true}, "m2m": {"photo": []}}, {"condition": {"id": 16487}, "defaults": {"site_id": 73, "judul": "HUBUNGI KAMI", "isi_halaman": "<p>Infomasi, Keluhan dan Pengaduan Lainnya dapat Menghubungi:</p><p>Telpon/ WA : 081770556505</p>", "view_count": 65, "menu_id": 41, "admin_id": 103, "created_at": "2024-01-18T03:59:25.837Z", "updated_at": "2024-07-09T11:44:58.656Z", "is_edited": true}, "m2m": {"photo": []}}, {"condition": {"id": 50216}, "defaults": {"site_id": 73, "judul": "Penilaian Kinerja", "isi_halaman": "Informasi tentang \"Penilaian Kinerja\". Silahkan update di halaman <a target=\"_blank\" href=\"/dashboard/halaman-statis/\">Dashboard.<a><br><br><br><br>\"Halaman ini dibuat otomatis oleh sistem, karena halaman statis untuk menu ini belum dibuat. <br>Silahkan lakukan update di halaman statis.\"", "view_count": 3, "menu_id": 835, "admin_id": null, "created_at": "2024-06-13T17:07:05.927Z", "updated_at": "2024-06-24T12:50:15.531Z", "is_edited": false}, "m2m": {"photo": []}}, {"condition": {"id": 50372}, "defaults": {"site_id": 73, "judul": "Visi-Misi dan Motto Pelayanan", "isi_halaman": "Informasi tentang \"Visi-Misi dan Motto Pelayanan\". Silahkan update di halaman <a target=\"_blank\" href=\"/dashboard/halaman-statis/\">Dashboard.<a><br><br><br><br>\"Halaman ini dibuat otomatis oleh sistem, karena halaman statis untuk menu ini belum dibuat. <br>Silahkan lakukan update di halaman statis.\"", "view_count": 2, "menu_id": 97, "admin_id": null, "created_at": "2024-06-14T12:23:09.349Z", "updated_at": "2024-06-19T04:01:24.219Z", "is_edited": false}, "m2m": {"photo": []}}, {"condition": {"id": 50602}, "defaults": {"site_id": 73, "judul": "Pelayanan Khusus", "isi_halaman": "Informasi tentang \"Pelayanan Khusus\". Silahkan update di halaman <a target=\"_blank\" href=\"/dashboard/halaman-statis/\">Dashboard.<a><br><br><br><br>\"Halaman ini dibuat otomatis oleh sistem, karena halaman statis untuk menu ini belum dibuat. <br>Silahkan lakukan update di halaman statis.\"", "view_count": 1, "menu_id": 834, "admin_id": null, "created_at": "2024-06-17T17:11:46.980Z", "updated_at": "2024-06-17T17:11:47.392Z", "is_edited": false}, "m2m": {"photo": []}}, {"condition": {"id": 50951}, "defaults": {"site_id": 73, "judul": "Jangka Waktu Respon Pengaduan", "isi_halaman": "Informasi tentang \"Jangka Waktu Respon Pengaduan\". Silahkan update di halaman <a target=\"_blank\" href=\"/dashboard/halaman-statis/\">Dashboard.<a><br><br><br><br>\"Halaman ini dibuat otomatis oleh sistem, karena halaman statis untuk menu ini belum dibuat. <br>Silahkan lakukan update di halaman statis.\"", "view_count": 1, "menu_id": 926, "admin_id": null, "created_at": "2024-06-24T10:32:31.726Z", "updated_at": "2024-06-24T10:32:32.644Z", "is_edited": false}, "m2m": {"photo": []}}, {"condition": {"id": 50961}, "defaults": {"site_id": 73, "judul": "Mekanisme Pengaduan Online/Offline", "isi_halaman": "Informasi tentang \"Mekanisme Pengaduan Online/Offline\". Silahkan update di halaman <a target=\"_blank\" href=\"/dashboard/halaman-statis/\">Dashboard.<a><br><br><br><br>\"Halaman ini dibuat otomatis oleh sistem, karena halaman statis untuk menu ini belum dibuat. <br>Silahkan lakukan update di halaman statis.\"", "view_count": 1, "menu_id": 115, "admin_id": null, "created_at": "2024-06-25T01:09:50.348Z", "updated_at": "2024-06-25T01:09:50.933Z", "is_edited": false}, "m2m": {"photo": []}}, {"condition": {"id": 50974}, "defaults": {"site_id": 73, "judul": "SK PENUNJUKAN PETUGAS PENGELOLA PENGADUAN", "isi_halaman": "Informasi tentang \"SK PENUNJUKAN PETUGAS PENGELOLA PENGADUAN\". Silahkan update di halaman <a target=\"_blank\" href=\"/dashboard/halaman-statis/\">Dashboard.<a><br><br><br><br>\"Halaman ini dibuat otomatis oleh sistem, karena halaman statis untuk menu ini belum dibuat. <br>Silahkan lakukan update di halaman statis.\"", "view_count": 1, "menu_id": 575, "admin_id": null, "created_at": "2024-06-25T06:22:13.047Z", "updated_at": "2024-06-25T06:22:13.465Z", "is_edited": false}, "m2m": {"photo": []}}, {"condition": {"id": 50985}, "defaults": {"site_id": 73, "judul": "Nama Petugas Pengelola Pengaduan", "isi_halaman": "Informasi tentang \"Nama Petugas Pengelola Pengaduan\". Silahkan update di halaman <a target=\"_blank\" href=\"/dashboard/halaman-statis/\">Dashboard.<a><br><br><br><br>\"Halaman ini dibuat otomatis oleh sistem, karena halaman statis untuk menu ini belum dibuat. <br>Silahkan lakukan update di halaman statis.\"", "view_count": 1, "menu_id": 927, "admin_id": null, "created_at": "2024-06-25T14:38:47.883Z", "updated_at": "2024-06-25T14:38:48.545Z", "is_edited": false}, "m2m": {"photo": []}}, {"condition": {"id": 51006}, "defaults": {"site_id": 73, "judul": "Penilaian kinerja", "isi_halaman": "Informasi tentang \"Penilaian kinerja\". Silahkan update di halaman <a target=\"_blank\" href=\"/dashboard/halaman-statis/\">Dashboard.<a><br><br><br><br>\"Halaman ini dibuat otomatis oleh sistem, karena halaman statis untuk menu ini belum dibuat. <br>Silahkan lakukan update di halaman statis.\"", "view_count": 4, "menu_id": 1086, "admin_id": null, "created_at": "2024-06-25T21:54:52.486Z", "updated_at": "2024-07-10T01:14:59.986Z", "is_edited": false}, "m2m": {"photo": []}}, {"condition": {"id": 51228}, "defaults": {"site_id": 73, "judul": "RAWAT INAP", "isi_halaman": "Informasi tentang \"RAWAT INAP\". Silahkan update di halaman <a target=\"_blank\" href=\"/dashboard/halaman-statis/\">Dashboard.<a><br><br><br><br>\"Halaman ini dibuat otomatis oleh sistem, karena halaman statis untuk menu ini belum dibuat. <br>Silahkan lakukan update di halaman statis.\"", "view_count": 1, "menu_id": 1074, "admin_id": null, "created_at": "2024-07-08T00:10:26.387Z", "updated_at": "2024-07-08T00:10:26.852Z", "is_edited": false}, "m2m": {"photo": []}}, {"condition": {"id": 51231}, "defaults": {"site_id": 73, "judul": "Profil Puskesmas", "isi_halaman": "Informasi tentang \"Profil Puskesmas\". Silahkan update di halaman <a target=\"_blank\" href=\"/dashboard/halaman-statis/\">Dashboard.<a><br><br><br><br>\"Halaman ini dibuat otomatis oleh sistem, karena halaman statis untuk menu ini belum dibuat. <br>Silahkan lakukan update di halaman statis.\"", "view_count": 1, "menu_id": 905, "admin_id": null, "created_at": "2024-07-08T02:19:28.159Z", "updated_at": "2024-07-08T02:19:31.132Z", "is_edited": false}, "m2m": {"photo": []}}, {"condition": {"id": 51239}, "defaults": {"site_id": 73, "judul": "Rekognisi", "isi_halaman": "Informasi tentang \"Rekognisi\". Silahkan update di halaman <a target=\"_blank\" href=\"/dashboard/halaman-statis/\">Dashboard.<a><br><br><br><br>\"Halaman ini dibuat otomatis oleh sistem, karena halaman statis untuk menu ini belum dibuat. <br>Silahkan lakukan update di halaman statis.\"", "view_count": 3, "menu_id": 839, "admin_id": null, "created_at": "2024-07-08T16:59:28.155Z", "updated_at": "2024-07-10T00:29:31.097Z", "is_edited": false}, "m2m": {"photo": []}}]