[{"condition": {"id": 242}, "defaults": {"site_id": 44, "judul": "MAKLUMAT PELAYANAN", "isi_halaman": "<p>Maklumat Pelayanan</p>\r\n\r\n<p><img alt=\"\" src=\"http://puskesmasnarmada-dikes.lombokbaratkab.go.id/media/47cb140b-a347-42e4-9660-df550162a744.jpg\" /></p>", "view_count": 228, "menu_id": 96, "admin_id": 47, "created_at": "2021-06-07T10:38:52.306Z", "updated_at": "2024-07-10T19:26:22.309Z", "is_edited": true}, "m2m": {"photo": []}}, {"condition": {"id": 244}, "defaults": {"site_id": 44, "judul": "Visi-Misi dan Motto Pelayanan", "isi_halaman": "<p>Visi-Misi dan Motto Pelayanan</p>\r\n\r\n<p><img alt=\"\" src=\"http://puskesmasnarmada-dikes.lombokbaratkab.go.id/media/IMG-20210614-WA0026_gGIZLWY.jpg\" /></p>", "view_count": 94, "menu_id": 97, "admin_id": 47, "created_at": "2021-06-07T10:40:03.688Z", "updated_at": "2024-07-10T19:26:25.322Z", "is_edited": true}, "m2m": {"photo": []}}, {"condition": {"id": 245}, "defaults": {"site_id": 44, "judul": "Layanan Pengaduan", "isi_halaman": "<p>Layanan Pengaduan</p>\r\n", "view_count": 0, "menu_id": 98, "admin_id": 47, "created_at": "2021-06-07T10:40:19.634Z", "updated_at": "2021-06-07T10:40:19.634Z", "is_edited": true}, "m2m": {"photo": []}}, {"condition": {"id": 246}, "defaults": {"site_id": 44, "judul": "MEKANISME PENGADUAN ONLINE DAN OFFLINE", "isi_halaman": "<p>Mekanisme untuk asupan dari pengguna&nbsp; tetang&nbsp; kinerja puskesmasA</p>\r\n\r\n<p><strong>A. Pengaduan langsung</strong></p>\r\n\r\n<p>Pelayanan di ruang Tata usaha UPT BLUD Puskesmas Narmada Pukul 08.00-12.00 wita</p>\r\n\r\n<p>Mengisi format pengaduan langsung (berdasarkan Perbup.lombok barat no.32 tahun 2014 tetang pengaduan pelayanan public)</p>\r\n\r\n<p>Bukti pengaduan diberikan ke yang sudah mengadu langsung.</p>\r\n\r\n<p>Hasil ditindaklanjuti di forum minggu mutu setiap hari senin pagi.</p>\r\n\r\n<p><strong>B. Pengaduan tidak langsung</strong></p>\r\n\r\n<p>Kotak saran dan social media</p>\r\n\r\n<p>Di buka kotak saran setiap hari sabtu pagi, ada penanggung jawab, mengisi berita acara, di rekap pada register di ruang tata usaha dan di bahas hasil asupan dari senin-sabtu di minggu sebelumnya pada minggu mutu di hari senin pagi.</p>\r\n\r\n<p>Hasil dilaporka ke PUB dan di sampaikan ke tim pengendali dokumen UPT BLUD Puskesmas Narmada untuk arsip dan didistribusikan ke bidang terkait.</p>\r\n\r\n<p><img alt=\"\" src=\"blob:https://web.whatsapp.com/b1666624-70b0-49c3-9970-9112419434df\" /><img alt=\"\" src=\"http://puskesmasnarmada-dikes.lombokbaratkab.go.id/media/b1666624-70b0-49c3-9970-9112419434df_V3l4YFa.jpg\" /></p>\r\n\r\n<p>&nbsp;</p>", "view_count": 107, "menu_id": 115, "admin_id": 47, "created_at": "2021-06-07T10:40:31.209Z", "updated_at": "2024-07-11T13:01:01.341Z", "is_edited": true}, "m2m": {"photo": [726, 727]}}, {"condition": {"id": 247}, "defaults": {"site_id": 44, "judul": "Jangka Waktu Respon Pengaduan", "isi_halaman": "<p>Jangka Waktu Respon Pengaduan</p>\r\n\r\n<ol>\r\n\t<li>Berkoordinsasi dengan tim survei kepuasan dalam merekap,menindaklanjuti adanya asupan baik pasien/pengguna&nbsp; maupun dari sasaran/masyatakat.</li>\r\n\t<li>Membuka&nbsp; kotak saran setiap hari Sabtu</li>\r\n\t<li>Merekap di buku register dan memisahkan&nbsp; asupan/ saran dan keluhan&nbsp; bersumber medsos : SMS/WA,telpon,blog,Fb dll</li>\r\n\t<li>Merekap di buku register dan memisahkan&nbsp; asupan/ saran dan keluhan&nbsp; maupun pengaduan pelayanan publik&nbsp; secara&nbsp; langsung di ruang tata Usaha</li>\r\n\t<li>Membahas pengaduan masalah untuk ditindak lanjuti</li>\r\n\t<li>Mempublikasikan hasil tindak lanjut asupan/ saran dan keluhan &nbsp;di papan pengumuman</li>\r\n\t<li>Menerahkan&nbsp; hasil pembahasan asupan/ saran dan keluhan&nbsp; ke Tim Pengendali Dokumen Internal Puskesmas untuk didistribusikan ke pihak terkait.</li>\r\n</ol>\r\n\r\n<p>Melakukan koordinasi dengan baik&nbsp; baik&nbsp; Tim Manajemen Mutu</p>", "view_count": 248, "menu_id": 116, "admin_id": 47, "created_at": "2021-06-07T10:40:43.508Z", "updated_at": "2024-07-10T19:26:21.037Z", "is_edited": true}, "m2m": {"photo": []}}, {"condition": {"id": 248}, "defaults": {"site_id": 44, "judul": "SK Penunjukan Petugas Pengelola Pengaduan", "isi_halaman": "<p style=\"text-align:center\"><img alt=\"\" src=\"http://puskesmasnarmada-dikes.lombokbaratkab.go.id/media/32626a12-da4d-4809-b3ca-c175f419f602.jpg\" /></p>\r\n\r\n<p style=\"text-align:center\"><img alt=\"\" src=\"http://puskesmasnarmada-dikes.lombokbaratkab.go.id/media/af7514f6-a563-47f2-a362-0b6c80cde5ce.jpg\" /></p>\r\n\r\n<p style=\"text-align:center\"><img alt=\"\" src=\"http://puskesmasnarmada-dikes.lombokbaratkab.go.id/media/bffbed4e-30cb-4442-b859-ca62385159ec.jpg\" /></p>\r\n\r\n<p style=\"margin-left:1.0cm\"><img alt=\"\" src=\"http://puskesmasnarmada-dikes.lombokbaratkab.go.id/media/ec951692-c25c-40cb-b488-076a462e1f91.jpg\" /></p>", "view_count": 760, "menu_id": 118, "admin_id": 47, "created_at": "2021-06-07T10:40:54.017Z", "updated_at": "2024-07-11T00:32:19.672Z", "is_edited": true}, "m2m": {"photo": []}}, {"condition": {"id": 250}, "defaults": {"site_id": 44, "judul": "Pelayanan Khusus", "isi_halaman": "<p>POLI TBC</p>\r\n\r\n<p><img alt=\"\" src=\"http://puskesmasnarmada-dikes.lombokbaratkab.go.id/media/IMG-20210615-WA0007.jpg\" /></p>\r\n\r\n<p>&nbsp;</p>\r\n\r\n<p>RUANG MENYUSUI</p>\r\n\r\n<p><img alt=\"\" src=\"http://puskesmasnarmada-dikes.lombokbaratkab.go.id/media/IMG-20210615-WA0011.jpg\" /></p>\r\n\r\n<p>&nbsp;</p>\r\n\r\n<p>&nbsp;</p>\r\n\r\n<p>KURSI TUNGGU PASIEN KHUSUS (IBU HAMIL, DISABILITAS, LANSIA)</p>\r\n\r\n<p><img alt=\"\" src=\"http://puskesmasnarmada-dikes.lombokbaratkab.go.id/media/IMG-20210614-WA0012_tZ5nDoZ.jpg\" /></p>\r\n\r\n<p>&nbsp;</p>\r\n\r\n<p>POJOK BERMAIN ANAK</p>\r\n\r\n<p><img alt=\"\" src=\"http://puskesmasnarmada-dikes.lombokbaratkab.go.id/media/IMG-20210615-WA0003.jpg\" /></p>\r\n\r\n<p>&nbsp;</p>\r\n\r\n<p>TOILET KHUSUS DISABILITAS</p>\r\n\r\n<p><img alt=\"\" src=\"http://puskesmasnarmada-dikes.lombokbaratkab.go.id/media/IMG-20210615-WA0005.jpg\" /></p>\r\n\r\n<p>&nbsp;</p>\r\n\r\n<p>KURSI RODA UNTUK PASIEN KHUSUS&nbsp;(IBU HAMIL, DISABILITAS, LANSIA)</p>\r\n\r\n<p><img alt=\"\" src=\"http://puskesmasnarmada-dikes.lombokbaratkab.go.id/media/f37930a7-b0d5-4313-b3ca-3ddd6b773935.jpg\" /></p>\r\n\r\n<p>&nbsp;</p>\r\n\r\n<p>RUANG PELAYANAN VAKSINASI COVID 19</p>\r\n\r\n<p><img alt=\"\" src=\"http://puskesmasnarmada-dikes.lombokbaratkab.go.id/media/IMG-20210615-WA0023.jpg\" style=\"height:540px; width:720px\" /></p>\r\n\r\n<p>&nbsp;</p>\r\n\r\n<p>&nbsp;</p>\r\n\r\n<p>&nbsp;</p>\r\n\r\n<p>&nbsp;</p>\r\n\r\n<p>&nbsp;</p>", "view_count": 368, "menu_id": 99, "admin_id": 47, "created_at": "2021-06-07T10:41:14.166Z", "updated_at": "2024-07-10T19:26:23.735Z", "is_edited": true}, "m2m": {"photo": []}}, {"condition": {"id": 251}, "defaults": {"site_id": 44, "judul": "Penilaian Kinerja", "isi_halaman": "<p>Penilaian Kinerja 2019</p>\r\n\r\n<p><img alt=\"\" src=\"http://puskesmasnarmada-dikes.lombokbaratkab.go.id/media/pengaduan.jpg\" style=\"border-style:solid; border-width:3px; height:540px; width:720px\" /></p>\r\n\r\n<p>penilai kinerja 2020</p>\r\n\r\n<p><img alt=\"\" src=\"http://puskesmasnarmada-dikes.lombokbaratkab.go.id/media/pengaduan_2.jpg\" style=\"height:540px; margin-left:3px; margin-right:3px; width:720px\" /></p>\r\n\r\n<p>cara perhitungan berdasarkan Kemenpan RB Tentang pedoman penyusunan survei kepuasan masyarakat unit penyelenggara pelayanan publik menggunakan tabel Morgan dan Krecjie</p>\r\n\r\n<p><img alt=\"\" src=\"http://puskesmasnarmada-dikes.lombokbaratkab.go.id/media/pengaduan_3.jpg\" style=\"border-style:solid; border-width:3px; height:540px; width:720px\" /></p>\r\n\r\n<p><img alt=\"\" src=\"http://puskesmasnarmada-dikes.lombokbaratkab.go.id/media/pengaduan_4.jpg\" style=\"height:540px; margin-left:3px; margin-right:3px; width:720px\" /></p>\r\n\r\n<p>&nbsp;</p>", "view_count": 918, "menu_id": 100, "admin_id": 47, "created_at": "2021-06-07T10:41:25.686Z", "updated_at": "2024-07-12T02:38:21.757Z", "is_edited": true}, "m2m": {"photo": []}}, {"condition": {"id": 252}, "defaults": {"site_id": 44, "judul": "Atribut", "isi_halaman": "<p>Atribut</p>\r\n\r\n<p><img alt=\"\" src=\"http://puskesmasnarmada-dikes.lombokbaratkab.go.id/media/atribut_6tOigOe.jpg\" /></p>\r\n\r\n<p>1. Papan Nama Sebelah kanan</p>\r\n\r\n<p>2. Kartu identitas Sebelah Kiri</p>\r\n\r\n<p>3. Pin KOPRI Sebelah kiri di atas Kartu Identitas&nbsp; bagi PNS&nbsp;</p>", "view_count": 804, "menu_id": 101, "admin_id": 47, "created_at": "2021-06-07T10:41:37.424Z", "updated_at": "2024-07-10T19:30:07.684Z", "is_edited": true}, "m2m": {"photo": []}}, {"condition": {"id": 253}, "defaults": {"site_id": 44, "judul": "Sarana dan Prasarana Fasilitas", "isi_halaman": "<p><strong>Tempat Parkir Roda 4 dan Roda 2</strong></p>\r\n\r\n<p><img alt=\"\" src=\"http://puskesmasnarmada-dikes.lombokbaratkab.go.id/media/IMG-20210615-WA0018.jpg\" style=\"border-style:solid; border-width:3px; height:500px; width:700px\" /></p>\r\n\r\n<p>&nbsp;</p>\r\n\r\n<p><strong>Drop Area</strong></p>\r\n\r\n<p><img alt=\"\" src=\"http://puskesmasnarmada-dikes.lombokbaratkab.go.id/media/drop_area.jpg\" style=\"border-style:solid; border-width:3px; opacity:0.9\" /></p>\r\n\r\n<p>&nbsp;</p>\r\n\r\n<p><strong>Pintu Masuk Pelayanan Rawat Jalan</strong></p>\r\n\r\n<p><img alt=\"\" src=\"http://puskesmasnarmada-dikes.lombokbaratkab.go.id/media/pintu_masuk.jpg\" style=\"border-style:solid; border-width:3px\" /></p>\r\n\r\n<p>&nbsp;</p>\r\n\r\n<p><strong>Post Satpam</strong></p>\r\n\r\n<p><img alt=\"\" src=\"http://puskesmasnarmada-dikes.lombokbaratkab.go.id/media/pos_satpam.jpg\" style=\"border-style:solid; border-width:3px; height:375px; width:500px\" /></p>\r\n\r\n<p>&nbsp;</p>\r\n\r\n<p><strong>Mesin Antrian Pendaftaran Pelayanan Pasien</strong></p>\r\n\r\n<p><img alt=\"\" src=\"http://puskesmasnarmada-dikes.lombokbaratkab.go.id/media/IMG-20210615-WA0012.jpg\" style=\"border-style:solid; border-width:3px; height:300px; width:400px\" /></p>\r\n\r\n<p>&nbsp;</p>\r\n\r\n<p><strong>Loket Pelayanan</strong></p>\r\n\r\n<p><img alt=\"\" src=\"http://puskesmasnarmada-dikes.lombokbaratkab.go.id/media/loket.jpg\" style=\"border-style:solid; border-width:3px\" /></p>\r\n\r\n<p>&nbsp;</p>\r\n\r\n<p><strong>Kursi Tunggu Pasien</strong></p>\r\n\r\n<p><strong><img alt=\"\" src=\"http://puskesmasnarmada-dikes.lombokbaratkab.go.id/media/IMG-20210614-WA0012_tZ5nDoZ.jpg\" style=\"border-style:solid; border-width:3px; height:540px; width:720px\" /></strong></p>\r\n\r\n<p>&nbsp;</p>\r\n\r\n<p><strong>Kursi Roda</strong></p>\r\n\r\n<p><img alt=\"\" src=\"http://puskesmasnarmada-dikes.lombokbaratkab.go.id/media/f37930a7-b0d5-4313-b3ca-3ddd6b773935.jpg\" style=\"border-style:solid; border-width:3px; height:300px; width:400px\" /></p>\r\n\r\n<p>&nbsp;</p>\r\n\r\n<p><strong>Kalung Pasien Khusus</strong></p>\r\n\r\n<p><img alt=\"\" src=\"http://puskesmasnarmada-dikes.lombokbaratkab.go.id/media/pasien_khusus.jpg\" style=\"border-style:solid; border-width:2px; height:225px; margin:2px; width:300px\" /><img alt=\"\" src=\"http://puskesmasnarmada-dikes.lombokbaratkab.go.id/media/pasien_khusus_2.jpg\" style=\"border-style:solid; border-width:2px; height:225px; margin:2px; width:300px\" /></p>\r\n\r\n<p>&nbsp;</p>\r\n\r\n<p><strong>Poli Anak</strong></p>\r\n\r\n<p><strong><img alt=\"\" src=\"http://puskesmasnarmada-dikes.lombokbaratkab.go.id/media/poli_anak_Yesk2e9.jpg\" style=\"border-style:solid; border-width:2px; height:225px; margin:2px; width:300px\" /><img alt=\"\" src=\"http://puskesmasnarmada-dikes.lombokbaratkab.go.id/media/poli_anak_tampak_dalam.jpg\" style=\"border-style:solid; border-width:2px; height:225px; margin:2px; width:300px\" /></strong></p>\r\n\r\n<p>&nbsp;</p>\r\n\r\n<p><strong>Pojok Bermain Anak</strong></p>\r\n\r\n<p><img alt=\"\" src=\"http://puskesmasnarmada-dikes.lombokbaratkab.go.id/media/IMG-20210615-WA0003.jpg\" style=\"border-style:solid; border-width:3px; height:300px; width:400px\" /></p>\r\n\r\n<p>&nbsp;</p>\r\n\r\n<p><strong>Poli Umum</strong></p>\r\n\r\n<p><img alt=\"\" src=\"http://puskesmasnarmada-dikes.lombokbaratkab.go.id/media/poli_umum_tampak_dalam.jpg\" style=\"border-style:solid; border-width:2px; height:225px; margin:2px; opacity:0.9; width:300px\" /><img alt=\"\" src=\"http://puskesmasnarmada-dikes.lombokbaratkab.go.id/media/poli_umum.jpg\" style=\"border-style:solid; border-width:2px; height:225px; margin:2px; opacity:0.9; width:300px\" /></p>\r\n\r\n<p>&nbsp;</p>\r\n\r\n<p><strong>Poli Gigi</strong></p>\r\n\r\n<p><strong><img alt=\"\" src=\"http://puskesmasnarmada-dikes.lombokbaratkab.go.id/media/poli_gigi_tampak_luar.jpg\" style=\"border-style:solid; border-width:2px; height:225px; margin:2px; width:300px\" /><img alt=\"\" src=\"http://puskesmasnarmada-dikes.lombokbaratkab.go.id/media/poli_gigi_tampak_dalam.jpg\" style=\"border-style:solid; border-width:2px; height:225px; margin:2px; width:300px\" /></strong></p>\r\n\r\n<p>&nbsp;</p>\r\n\r\n<p><strong>Poli Kesehatan Ibu dan Anak</strong></p>\r\n\r\n<p><img alt=\"\" src=\"http://puskesmasnarmada-dikes.lombokbaratkab.go.id/media/poli_kia_tampak_luar.jpg\" style=\"border-style:solid; border-width:2px; height:225px; margin:2px; width:300px\" /><img alt=\"\" src=\"http://puskesmasnarmada-dikes.lombokbaratkab.go.id/media/poli_kia_tampak_dalam.jpg\" style=\"border-style:solid; border-width:2px; height:225px; margin:2px; width:300px\" /></p>\r\n\r\n<p>&nbsp;</p>\r\n\r\n<p><strong>Poli Lansia</strong></p>\r\n\r\n<p><img alt=\"\" src=\"http://puskesmasnarmada-dikes.lombokbaratkab.go.id/media/POLI_LANSIA.jpg\" style=\"border-style:solid; border-width:3px; height:450px; width:600px\" /></p>\r\n\r\n<p>&nbsp;</p>\r\n\r\n<p><strong>Poli TBC</strong></p>\r\n\r\n<p><img alt=\"\" src=\"http://puskesmasnarmada-dikes.lombokbaratkab.go.id/media/IMG-20210615-WA0007.jpg\" style=\"border-style:solid; border-width:3px; height:450px; width:600px\" /></p>\r\n\r\n<p>&nbsp;</p>\r\n\r\n<p><strong>Rawat Inap</strong></p>\r\n\r\n<p><strong><img alt=\"\" src=\"http://puskesmasnarmada-dikes.lombokbaratkab.go.id/media/rawat_inap.jpg\" style=\"border-style:solid; border-width:2px; height:225px; margin:2px; width:300px\" /><img alt=\"\" src=\"http://puskesmasnarmada-dikes.lombokbaratkab.go.id/media/rawat_inap_2.jpg\" style=\"border-style:solid; border-width:2px; height:225px; margin:2px; width:300px\" /></strong></p>\r\n\r\n<p>&nbsp;</p>\r\n\r\n<p><strong>Laboratorium</strong></p>\r\n\r\n<p><img alt=\"\" src=\"http://puskesmasnarmada-dikes.lombokbaratkab.go.id/media/lab.jpg\" style=\"border-style:solid; border-width:2px; height:225px; margin:2px; width:300px\" /><img alt=\"\" src=\"http://puskesmasnarmada-dikes.lombokbaratkab.go.id/media/lab_2.jpg\" style=\"border-style:solid; border-width:2px; height:225px; margin:2px; width:300px\" /></p>\r\n\r\n<p>&nbsp;</p>\r\n\r\n<p><strong>Unit Gawat Darurat</strong></p>\r\n\r\n<p><img alt=\"\" src=\"http://puskesmasnarmada-dikes.lombokbaratkab.go.id/media/IMG-20210615-WA0019.jpg\" style=\"border-style:solid; border-width:2px; height:300px; margin:2px; width:400px\" /><img alt=\"\" src=\"http://puskesmasnarmada-dikes.lombokbaratkab.go.id/media/ugd_2.jpg\" style=\"border-style:solid; border-width:2px; height:300px; margin:2px; width:400px\" /></p>\r\n\r\n<p>&nbsp;</p>\r\n\r\n<p><strong>Ruang Observasi UGD</strong></p>\r\n\r\n<p><img alt=\"\" src=\"http://puskesmasnarmada-dikes.lombokbaratkab.go.id/media/ugd_3.jpg\" style=\"border-style:solid; border-width:3px; height:375px; width:500px\" /></p>\r\n\r\n<p>&nbsp;</p>\r\n\r\n<p><strong>Mobil Ambulance dan Puskesmas Keliling</strong></p>\r\n\r\n<p><img alt=\"\" src=\"http://puskesmasnarmada-dikes.lombokbaratkab.go.id/media/ambulan_2.jpg\" style=\"border-style:solid; border-width:3px; height:300px; width:400px\" /></p>\r\n\r\n<p>&nbsp;</p>\r\n\r\n<p><strong>Ruang PONED</strong></p>\r\n\r\n<p><strong><img alt=\"\" src=\"http://puskesmasnarmada-dikes.lombokbaratkab.go.id/media/IMG-20210615-WA0006.jpg\" style=\"border-style:solid; border-width:3px; height:413px; width:610px\" /></strong></p>\r\n\r\n<p><strong><img alt=\"\" src=\"http://puskesmasnarmada-dikes.lombokbaratkab.go.id/media/poned_dalam.jpg\" style=\"border-style:solid; border-width:2px; height:225px; margin:2px; width:300px\" /><img alt=\"\" src=\"http://puskesmasnarmada-dikes.lombokbaratkab.go.id/media/bersalin.jpg\" style=\"border-style:solid; border-width:2px; height:225px; margin:2px; width:300px\" /><img alt=\"\" src=\"http://puskesmasnarmada-dikes.lombokbaratkab.go.id/media/nifas.jpg\" style=\"border-style:solid; border-width:2px; height:225px; margin:2px; width:300px\" /><img alt=\"\" src=\"http://puskesmasnarmada-dikes.lombokbaratkab.go.id/media/ruang_tunggu_bersalin.jpg\" style=\"border-style:solid; border-width:2px; height:225px; margin:2px; width:300px\" /></strong></p>\r\n\r\n<p>&nbsp;</p>\r\n\r\n<p><strong>Apotek</strong></p>\r\n\r\n<p><img alt=\"\" src=\"http://puskesmasnarmada-dikes.lombokbaratkab.go.id/media/apotik.jpg\" style=\"border-style:solid; border-width:3px; height:375px; width:500px\" /></p>\r\n\r\n<p><strong>Gudang Obat</strong></p>\r\n\r\n<p><img alt=\"\" src=\"http://puskesmasnarmada-dikes.lombokbaratkab.go.id/media/gudang_obat.jpg\" style=\"border-style:solid; border-width:3px; height:375px; width:500px\" /></p>\r\n\r\n<p>&nbsp;</p>\r\n\r\n<p><strong>Kasir Pelayanan</strong></p>\r\n\r\n<p><img alt=\"\" src=\"http://puskesmasnarmada-dikes.lombokbaratkab.go.id/media/kasir.jpg\" style=\"border-style:solid; border-width:3px; height:375px; width:500px\" /></p>\r\n\r\n<p>&nbsp;</p>\r\n\r\n<p><strong>Ruang Pimpinan</strong></p>\r\n\r\n<p><img alt=\"\" src=\"http://puskesmasnarmada-dikes.lombokbaratkab.go.id/media/ruang_pimpinan.jpg\" style=\"border-style:solid; border-width:2px; height:225px; margin:2px; width:300px\" /><img alt=\"\" src=\"http://puskesmasnarmada-dikes.lombokbaratkab.go.id/media/RUANG_PIMPINAN_2.jpg\" style=\"border-style:solid; border-width:2px; height:225px; margin:2px; width:300px\" /></p>\r\n\r\n<p><strong>Ruang Kepala Tata Usaha</strong></p>\r\n\r\n<p><img alt=\"\" src=\"http://puskesmasnarmada-dikes.lombokbaratkab.go.id/media/ruang_ktu.jpg\" style=\"border-style:solid; border-width:2px; height:225px; margin:2px; width:300px\" /><img alt=\"\" src=\"http://puskesmasnarmada-dikes.lombokbaratkab.go.id/media/RUANG_KTU_2.jpg\" style=\"border-style:solid; border-width:2px; height:225px; margin:2px; width:300px\" /></p>\r\n\r\n<p><strong>Ruang Tata Usaha</strong></p>\r\n\r\n<p><img alt=\"\" src=\"http://puskesmasnarmada-dikes.lombokbaratkab.go.id/media/TATA_USAHA_2.jpg\" style=\"border-style:solid; border-width:2px; height:225px; margin:2px; width:300px\" /><img alt=\"\" src=\"http://puskesmasnarmada-dikes.lombokbaratkab.go.id/media/TATA_USAHA.jpg\" style=\"border-style:solid; border-width:2px; height:225px; margin:2px; width:300px\" /></p>\r\n\r\n<p>&nbsp;</p>\r\n\r\n<p><strong>Ruang Staf</strong></p>\r\n\r\n<p><strong><img alt=\"\" src=\"http://puskesmasnarmada-dikes.lombokbaratkab.go.id/media/ruang_staff.jpg\" style=\"border-style:solid; border-width:3px; height:375px; margin:2px; width:500px\" /></strong></p>\r\n\r\n<p>&nbsp;</p>\r\n\r\n<p><strong>Ruang Gizi dan Imunisasi</strong></p>\r\n\r\n<p><img alt=\"\" src=\"http://puskesmasnarmada-dikes.lombokbaratkab.go.id/media/RUANG_GIZI_DAN_IMUNISASI.jpg\" style=\"border-style:solid; border-width:2px; height:150px; margin:2px; width:200px\" /><img alt=\"\" src=\"http://puskesmasnarmada-dikes.lombokbaratkab.go.id/media/RUANG_GIZI.jpg\" style=\"border-style:solid; border-width:2px; height:150px; margin:2px; width:200px\" /><img alt=\"\" src=\"http://puskesmasnarmada-dikes.lombokbaratkab.go.id/media/RUANG_IMUNISASI.jpg\" style=\"border-style:solid; border-width:2px; height:150px; margin:2px; width:200px\" /></p>\r\n\r\n<p>&nbsp;</p>\r\n\r\n<p><strong>Ruang Menyusui</strong></p>\r\n\r\n<p><img alt=\"\" src=\"http://puskesmasnarmada-dikes.lombokbaratkab.go.id/media/IMG-20210615-WA0011.jpg\" style=\"border-style:solid; border-width:3px; height:375px; width:500px\" /></p>\r\n\r\n<p>&nbsp;</p>\r\n\r\n<p><strong>Ruang Konseling Terpadu</strong></p>\r\n\r\n<p><strong><img alt=\"\" src=\"http://puskesmasnarmada-dikes.lombokbaratkab.go.id/media/konseling.jpg\" style=\"border-style:solid; border-width:2px; height:225px; margin:2px; width:300px\" /><img alt=\"\" src=\"http://puskesmasnarmada-dikes.lombokbaratkab.go.id/media/ruang_konseling_dalam.jpg\" style=\"border-style:solid; border-width:2px; height:225px; margin:2px; width:300px\" /></strong></p>\r\n\r\n<p>&nbsp;</p>\r\n\r\n<p><strong>Ruang Penyajian</strong></p>\r\n\r\n<p><img alt=\"\" src=\"http://puskesmasnarmada-dikes.lombokbaratkab.go.id/media/ruang_penyajian.jpg\" style=\"border-style:solid; border-width:3px; height:300px; width:400px\" /></p>\r\n\r\n<p>&nbsp;</p>\r\n\r\n<p><strong>Toilet Khusus Lansia dan Disabilitas</strong></p>\r\n\r\n<p><img alt=\"\" src=\"http://puskesmasnarmada-dikes.lombokbaratkab.go.id/media/IMG-20210615-WA0005.jpg\" style=\"border-style:solid; border-width:3px; height:300px; width:400px\" /></p>\r\n\r\n<p>&nbsp;</p>\r\n\r\n<p><strong>Aula</strong></p>\r\n\r\n<p><img alt=\"\" src=\"http://puskesmasnarmada-dikes.lombokbaratkab.go.id/media/aula.jpg\" style=\"border-style:solid; border-width:2px; height:225px; margin:2px; width:300px\" /><img alt=\"\" src=\"http://puskesmasnarmada-dikes.lombokbaratkab.go.id/media/aula_3.jpg\" style=\"border-style:solid; border-width:2px; height:225px; margin:2px; width:300px\" /></p>\r\n\r\n<p>&nbsp;</p>\r\n\r\n<p><strong>Tempat Pelayanan Vaksinasi Covid 19</strong></p>\r\n\r\n<p><img alt=\"\" src=\"http://puskesmasnarmada-dikes.lombokbaratkab.go.id/media/IMG-20210615-WA0023.jpg\" style=\"border-style:solid; border-width:3px; height:540px; width:720px\" /></p>\r\n\r\n<p>&nbsp;</p>\r\n\r\n<p><strong>Perumahan Bidan dan Perawat</strong></p>\r\n\r\n<p><img alt=\"\" src=\"http://puskesmasnarmada-dikes.lombokbaratkab.go.id/media/IMG-20210615-WA0002.jpg\" style=\"border-style:solid; border-width:3px; height:540px; width:720px\" /></p>\r\n\r\n<p>&nbsp;</p>\r\n\r\n<p>&nbsp;</p>\r\n\r\n<p>&nbsp;</p>\r\n\r\n<p>&nbsp;</p>\r\n\r\n<p><strong>Lapangan Upacara</strong></p>\r\n\r\n<p><strong><img alt=\"\" src=\"http://puskesmasnarmada-dikes.lombokbaratkab.go.id/media/lapangan_upacara_TzPhn1L.jpg\" style=\"border-style:solid; border-width:3px\" /></strong></p>\r\n\r\n<p>&nbsp;</p>\r\n\r\n<p><strong>Taman&nbsp;</strong></p>\r\n\r\n<p><strong><img alt=\"\" src=\"http://puskesmasnarmada-dikes.lombokbaratkab.go.id/media/taman_2.jpg\" style=\"border-style:solid; border-width:3px; height:540px; width:720px\" /></strong></p>\r\n\r\n<p>&nbsp;</p>\r\n\r\n<p><strong>Mushola</strong></p>\r\n\r\n<p><img alt=\"\" src=\"http://puskesmasnarmada-dikes.lombokbaratkab.go.id/media/IMG-20210615-WA0017.jpg\" style=\"border-style:solid; border-width:3px; height:450px; width:600px\" /></p>\r\n\r\n<p>&nbsp;</p>\r\n\r\n<p><strong>IPAL</strong></p>\r\n\r\n<p><img alt=\"\" src=\"http://puskesmasnarmada-dikes.lombokbaratkab.go.id/media/IMG-20210615-WA0025.jpg\" style=\"border-style:solid; border-width:3px; height:375px; width:500px\" /></p>\r\n\r\n<p>&nbsp;</p>\r\n\r\n<p><strong>TPS</strong></p>\r\n\r\n<p><img alt=\"\" src=\"http://puskesmasnarmada-dikes.lombokbaratkab.go.id/media/IMG-20210615-WA0021.jpg\" style=\"border-style:solid; border-width:2px; height:225px; margin:2px; width:300px\" /><img alt=\"\" src=\"http://puskesmasnarmada-dikes.lombokbaratkab.go.id/media/IMG-20210615-WA0000.jpg\" style=\"border-style:solid; border-width:2px; height:225px; margin:2px; width:300px\" /></p>\r\n\r\n<p>&nbsp;</p>\r\n\r\n<p><strong>Jenset</strong></p>\r\n\r\n<p><strong><img alt=\"\" src=\"http://puskesmasnarmada-dikes.lombokbaratkab.go.id/media/IMG-20210615-WA0014.jpg\" style=\"border-style:solid; border-width:3px; height:375px; width:500px\" /></strong></p>\r\n\r\n<p>&nbsp;</p>\r\n\r\n<p><strong>Berugak&nbsp;</strong></p>\r\n\r\n<p><strong><img alt=\"\" src=\"http://puskesmasnarmada-dikes.lombokbaratkab.go.id/media/IMG-20210615-WA0009.jpg\" style=\"border-style:solid; border-width:2px; height:225px; margin:2px; width:300px\" /><img alt=\"\" src=\"http://puskesmasnarmada-dikes.lombokbaratkab.go.id/media/berugak_2.jpg\" style=\"border-style:solid; border-width:2px; height:225px; margin:2px; width:300px\" /></strong></p>\r\n\r\n<p>&nbsp;</p>\r\n\r\n<p>&nbsp;</p>\r\n\r\n<p>&nbsp;</p>\r\n\r\n<p>&nbsp;</p>\r\n\r\n<p>&nbsp;</p>", "view_count": 2150, "menu_id": 102, "admin_id": 47, "created_at": "2021-06-07T10:42:29.995Z", "updated_at": "2024-07-11T20:56:08.155Z", "is_edited": true}, "m2m": {"photo": [509]}}, {"condition": {"id": 254}, "defaults": {"site_id": 44, "judul": "Pelayanan Terpadu", "isi_halaman": "<p>Pelayanan Terpadu</p>\r\n\r\n<p><img alt=\"\" src=\"http://puskesmasnarmada-dikes.lombokbaratkab.go.id/media/IMG-20210614-WA0024.jpg\" style=\"border-style:solid; border-width:3px; height:540px; width:720px\" /></p>\r\n\r\n<p>Pelayanan Terpadu di bagi beberapa hari dengan jadwal seperti gambar di atas meliputi</p>\r\n\r\n<p>1. KONSELING GIZI</p>\r\n\r\n<p>2. PTM&nbsp;</p>\r\n\r\n<p>3. KESEHATAN JIWA</p>\r\n\r\n<p>4. SANITASI</p>\r\n\r\n<p>5. KONSELING KESEHATAN REPRODUKSI</p>", "view_count": 424, "menu_id": 103, "admin_id": 47, "created_at": "2021-06-07T10:42:42.618Z", "updated_at": "2024-07-11T12:52:12.641Z", "is_edited": true}, "m2m": {"photo": []}}, {"condition": {"id": 255}, "defaults": {"site_id": 44, "judul": "Rekognisi", "isi_halaman": "<p>Rekognisi</p>\r\n\r\n<p><strong>SERTIFIKAT AKREDITASI KOMISI AKREDITASI FASILITAS KESEHATAN TINGKAT PERTAMA KEMENKES RI</strong></p>\r\n\r\n<p><strong>&nbsp;<img alt=\"\" src=\"http://puskesmasnarmada-dikes.lombokbaratkab.go.id/media/paripurna.jpg\" style=\"border-style:solid; border-width:3px\" />&nbsp;</strong></p>\r\n\r\n<p><strong>PIAGAM PENGHARGAAN FKTP UNGGULAN TINGKAT NASIONAL PERWAKILAN BPJS KESEHATAN KANTOR CABANG MATARAM</strong></p>\r\n\r\n<p><strong><img alt=\"\" src=\"http://puskesmasnarmada-dikes.lombokbaratkab.go.id/media/bpjs_unggulan.jpg\" style=\"border-style:solid; border-width:3px; height:540px; width:720px\" /></strong></p>\r\n\r\n<p><strong>PIAGAM PENGHARGAAN FKTP BERPRESTASI TINGKAT PROVINSI NTB</strong></p>\r\n\r\n<p><strong><img alt=\"\" src=\"http://puskesmasnarmada-dikes.lombokbaratkab.go.id/media/lomba_fktp_ntb.jpg\" style=\"border-style:solid; border-width:3px; height:540px; width:720px\" /></strong></p>\r\n\r\n<p><strong>PIAGAM PENGHARGAAN KADER PUSKESMAS NARMADA SEBAGAI KONTINGEN TERBAIK II</strong></p>\r\n\r\n<p><img alt=\"\" src=\"http://puskesmasnarmada-dikes.lombokbaratkab.go.id/media/kader_puskesmas.jpg\" style=\"border-style:solid; border-width:3px; height:540px; width:720px\" /></p>\r\n\r\n<p><strong>PIALA</strong></p>\r\n\r\n<p><strong><img alt=\"\" src=\"http://puskesmasnarmada-dikes.lombokbaratkab.go.id/media/piala.jpg\" /></strong></p>", "view_count": 436, "menu_id": 104, "admin_id": 47, "created_at": "2021-06-07T10:42:52.916Z", "updated_at": "2024-07-11T20:41:02.612Z", "is_edited": true}, "m2m": {"photo": []}}, {"condition": {"id": 656}, "defaults": {"site_id": 44, "judul": "tugas dan fungsi", "isi_halaman": "<p style=\"text-align:justify\"><span style=\"font-size:12px\">Tugas pokok dan fungsi Puskesmas berdasarkan Peraturan Menteri Kesehatan Republik Indonesia Nomor 43 Tahun 2019 tentang Puskesmas adalah sebagai berikut:</span></p>\r\n\r\n<p style=\"text-align:justify\"><span style=\"font-size:12px\">Tugas Pokok :</span></p>\r\n\r\n<ol>\r\n\t<li><span style=\"font-size:12px\">Melaksanakan kebijakan kesehatan untuk mencapai tujuan pembangunan kesehatan di wilayah kerjanya.</span></li>\r\n\t<li><span style=\"font-size:12px\">Puskesmas mengintegrasikan program yang dilaksanakannya dengan pendekatan keluarga.</span></li>\r\n\t<li><span style=\"font-size:12px\">Pendekatan keluarga merupakan salah satu cara Puskesmas mengintegrasikan program untuk meningkatkan jangkauan sasaran dan mendekatkan akses pelayanan kesehatan di wilayah kerjanya dengan mendatangi keluarga.</span></li>\r\n</ol>\r\n\r\n<p style=\"text-align:justify\"><span style=\"font-size:12px\">Fungsi :</span></p>\r\n\r\n<ol>\r\n\t<li><span style=\"font-size:12px\">Penyelenggaraan Upaya Kesehatan Masyarakat (UKM) tingkat pertama di wilayah kerjanya.</span></li>\r\n\t<li><span style=\"font-size:12px\">Penyelenggaraan Upaya Kesehatan Perorangan (UKP) tingkat pertama di wilayah kerjanya.</span></li>\r\n</ol>\r\n\r\n<p style=\"text-align:justify\">&nbsp;</p>\r\n\r\n<p style=\"text-align:justify\"><span style=\"font-size:12px\">Dalam melaksanakan fungsi penyelenggaraan UKM tingkat pertama di wilayah kerjanya Puskesmas berwenang untuk:</span></p>\r\n\r\n<ol>\r\n\t<li><span style=\"font-size:12px\">Menyusun perencanaan kegiatan berdasarkan hasil analisis masalah kesehatan masyarakat dan kebutuhan pelayanan yang diperlukan.</span></li>\r\n\t<li><span style=\"font-size:12px\">Melaksanakan advokasi dan sosialisasi kebijakan kesehatan.</span></li>\r\n\t<li><span style=\"font-size:12px\">Melaksanakan komunikasi, informasi, edukasi, dan pemberdayaan masyarakat dalam bidang kesehatan.&nbsp;</span></li>\r\n\t<li><span style=\"font-size:12px\">Menggerakkan masyarakat untuk mengidentifikasi dan menyelesaikan masalah kesehatan pada setiap tingkat perkembangan masyarakat yang bekerja sama dengan pimpinan wilayah dan sektor lain terkait.</span></li>\r\n\t<li><span style=\"font-size:12px\">Melaksanakan pembinaan teknis terhadap institusi, jaringan pelayanan Puskesmas dan upaya kesehatan bersumber daya masyarakat.</span></li>\r\n\t<li><span style=\"font-size:12px\">Melaksanakan perencanaan kebutuhan dan peningkatan kompetensi sumber daya manusia Puskesmas.</span></li>\r\n\t<li><span style=\"font-size:12px\">Memantau pelaksanaan pembangunan agar berwawasan kesehatan.</span></li>\r\n\t<li><span style=\"font-size:12px\">Memberikan Pelayanan Kesehatan yang berorientasi pada keluarga, kelompok, dan masyarakat dengan mempertimbangkan faktor biologis, psikologis, sosial, budaya, dan spiritual.</span></li>\r\n\t<li><span style=\"font-size:12px\">Melaksanakan pencatatan, pelaporan, dan evaluasi terhadap akses, mutu, dan cakupan Pelayanan Kesehatan.</span></li>\r\n\t<li><span style=\"font-size:12px\">Memberikan rekomendasi terkait masalah kesehatan masyarakat kepada dinas kesehatan daerah kabupaten/kota, melaksanakan sistem kewaspadaan dini, dan respon penanggulangan penyakit.</span></li>\r\n\t<li><span style=\"font-size:12px\">Melaksanakan kegiatan pendekatan keluarga.</span></li>\r\n\t<li><span style=\"font-size:12px\">Melakukan kolaborasi dengan Fasilitas Pelayanan Kesehatan tingkat pertama dan rumah sakit di wilayah kerjanya, melalui pengoordinasian sumber daya kesehatan di wilayah kerja Puskesmas.</span></li>\r\n</ol>\r\n\r\n<p style=\"text-align:justify\">&nbsp;</p>\r\n\r\n<p style=\"text-align:justify\"><span style=\"font-size:12px\">Dalam melaksanakan fungsi penyelenggaraan UKP tingkat pertama di wilayah kerjanya sebagaimana dimaksud Puskesmas berwenang untuk:</span></p>\r\n\r\n<ol>\r\n\t<li><span style=\"font-size:12px\">Menyelenggarakan pelayanan kesehatan dasar secara komprehensif, berkesinambungan, bermutu, dan holistik yang mengintegrasikan faktor biologis, psikologi, sosial, dan budaya dengan membina hubungan dokter - pasien yang erat dan setara.</span></li>\r\n\t<li><span style=\"font-size:12px\">Menyelenggarakan Pelayanan Kesehatan yang mengutamakan upaya promotif dan preventif.</span></li>\r\n\t<li><span style=\"font-size:12px\">Menyelenggarakan Pelayanan Kesehatan yang berpusat pada individu, berfokus pada keluarga, dan berorientasi pada kelompok dan masyarakat.</span></li>\r\n\t<li><span style=\"font-size:12px\">Menyelenggarakan Pelayanan Kesehatan yang mengutamakan kesehatan, keamanan, keselamatan pasien, petugas, pengunjung, dan lingkungan kerja.</span></li>\r\n\t<li><span style=\"font-size:12px\">Menyelenggarakan Pelayanan Kesehatan dengan prinsip koordinatif dan kerja sama inter dan antar profesi.</span></li>\r\n\t<li><span style=\"font-size:12px\">Melaksanakan penyelenggaraan rekam medis.</span></li>\r\n\t<li><span style=\"font-size:12px\">Melaksanakan pencatatan, pelaporan, dan evaluasi terhadap mutu dan akses Pelayanan Kesehatan.</span></li>\r\n\t<li><span style=\"font-size:12px\">Melaksanakan perencanaan kebutuhan dan peningkatan kompetensi sumber daya manusia Puskesmas.</span></li>\r\n\t<li><span style=\"font-size:12px\">Melaksanakan penapisan rujukan sesuai dengan indikasi medis dan Sistem Rujukan.</span></li>\r\n\t<li><span style=\"font-size:12px\">Melakukan koordinasi dan kolaborasi dengan Fasilitas Pelayanan Kesehatan di wilayah kerjanya, sesuai dengan ketentuan peraturan perundang-undangan.</span></li>\r\n</ol>\r\n", "view_count": 387, "menu_id": 44, "admin_id": 47, "created_at": "2021-06-09T08:49:56.277Z", "updated_at": "2024-07-09T14:16:34.035Z", "is_edited": true}, "m2m": {"photo": []}}, {"condition": {"id": 692}, "defaults": {"site_id": 44, "judul": "SOP Alur Pelayanan Loket", "isi_halaman": "<object height=\"600px\" width=\"700px\"><embed height=\"600px\" src=\"http://puskesmasnarmada-dikes.lombokbaratkab.go.id/media/98.OK_98.ALUR_PELAYANAN_LOKET.pdf\" type=\"application/pdf\" width=\"700px\"></embed>\r\n<p>Download File <a href=\"http://puskesmasnarmada-dikes.lombokbaratkab.go.id/media/98.OK_98.ALUR_PELAYANAN_LOKET.pdf\">Download PDF</a>.</p>\r\n</object>", "view_count": 110, "menu_id": 255, "admin_id": 47, "created_at": "2021-06-09T10:03:38.615Z", "updated_at": "2024-07-11T13:01:55.417Z", "is_edited": true}, "m2m": {"photo": []}}, {"condition": {"id": 696}, "defaults": {"site_id": 44, "judul": "SOP ALUR PELAYANAN RAWAT INAP", "isi_halaman": "<object height=\"600px\" width=\"700px\"><embed height=\"600px\" src=\"http://puskesmasnarmada-dikes.lombokbaratkab.go.id/media/140._ALUR_PELAYANAN_RANAP.pdf\" type=\"application/pdf\" width=\"700px\"></embed> <p>Download File <a href=\"http://puskesmasnarmada-dikes.lombokbaratkab.go.id/media/140._ALUR_PELAYANAN_RANAP.pdf\">\r\nDownload PDF</a>.</p> </object>", "view_count": 2320, "menu_id": 256, "admin_id": 47, "created_at": "2021-06-09T10:19:21.694Z", "updated_at": "2024-07-12T02:37:10.674Z", "is_edited": true}, "m2m": {"photo": []}}, {"condition": {"id": 1132}, "defaults": {"site_id": 44, "judul": "JENIS PELAYANAN UPT PUSKESMAS NARMADA", "isi_halaman": "<p><img alt=\"\" src=\"blob:https://web.whatsapp.com/38250962-4c47-44ff-9590-f397ae1a3d0b\" />Jenis - jenis Pelayanan</p>\r\n\r\n<p><img alt=\"\" src=\"http://puskesmasnarmada-dikes.lombokbaratkab.go.id/media/jenis_pelayanan_7hoqoXw.jpg\" /></p>\r\n\r\n<p>&nbsp;</p>", "view_count": 554, "menu_id": 310, "admin_id": 47, "created_at": "2021-06-14T13:43:36.575Z", "updated_at": "2024-07-11T03:36:50.899Z", "is_edited": true}, "m2m": {"photo": [672, 673, 674]}}, {"condition": {"id": 1137}, "defaults": {"site_id": 44, "judul": "TENTANG UPT PUSKESMAS NARMADA", "isi_halaman": "<p style=\"margin-left:36.0pt\">UPT BLUD Puskesmas Narmada merupakan Puskesmas Perawatan yang terletak di Desa Mekar Sari Kecamatan Narmada Kabupaten Lombok Barat dengan luas Wilayah Kerja 49.15 Km2, dengan batas-batas wilayah :</p>\r\n\r\n<ul>\r\n\t<li>Sebelah Timur&nbsp;&nbsp;&nbsp;&nbsp;&nbsp;&nbsp;&nbsp;&nbsp;&nbsp;&nbsp;&nbsp;&nbsp;&nbsp;&nbsp;&nbsp;&nbsp;&nbsp;&nbsp;&nbsp;&nbsp; : Wilayah kerja UPT BLUD Puskesmas Sedau, Kecamatan Narmada</li>\r\n\t<li>Sebelah Barat&nbsp;&nbsp;&nbsp;&nbsp;&nbsp;&nbsp;&nbsp;&nbsp;&nbsp;&nbsp;&nbsp;&nbsp;&nbsp;&nbsp;&nbsp;&nbsp;&nbsp;&nbsp;&nbsp;&nbsp;&nbsp; : &nbsp;&nbsp;Wilayah kerja Puskesmas Cakranegara, Kota Mataram</li>\r\n\t<li>Sebelah Utara&nbsp;&nbsp;&nbsp;&nbsp;&nbsp;&nbsp;&nbsp;&nbsp;&nbsp;&nbsp;&nbsp;&nbsp;&nbsp;&nbsp;&nbsp;&nbsp;&nbsp;&nbsp;&nbsp;&nbsp;&nbsp; : Wilayah kerja UPT BLUD Puskesmas Lingsar, Kecamatan Lingsar</li>\r\n\t<li>Sebelah Selatan&nbsp;&nbsp;&nbsp;&nbsp;&nbsp;&nbsp;&nbsp;&nbsp;&nbsp;&nbsp;&nbsp;&nbsp;&nbsp;&nbsp;&nbsp;&nbsp;&nbsp; : Wilayah kerja UPT BLUD Puskesmas Kediri, Kecamatan Kediri</li>\r\n</ul>\r\n\r\n<p style=\"margin-left:36.0pt\">Secara administratif&nbsp; Wilayah Kerja UPT BLUD Puskesmas Narmada terdiri atas 11 Desa&nbsp; ( 69 Dusun).</p>\r\n\r\n<p style=\"margin-left:36.0pt\">Desa terluas adalah Desa Gerimax Indah dengan luas mencapai 8.26 Km2 dan Desa yang mempunyai wilayah terkecil adalan Desa Dasan Tereng dengan luas hanya 1.98 Km2. Berikut adalah Desa tersebut :</p>\r\n\r\n<p>&nbsp;&nbsp;&nbsp;&nbsp;&nbsp;&nbsp;&nbsp;&nbsp;&nbsp;&nbsp;&nbsp;&nbsp;&nbsp;&nbsp;</p>\r\n\r\n<p>&nbsp;&nbsp;&nbsp;&nbsp;&nbsp;&nbsp;&nbsp;&nbsp;&nbsp;&nbsp;&nbsp;&nbsp;&nbsp; Tabel 1. Data Desa dan Luasnya di Wilayah UPT BLUD Puskesmas Narmada</p>\r\n\r\n<table border=\"1\" cellpadding=\"0\" cellspacing=\"0\">\r\n\t<tbody>\r\n\t\t<tr>\r\n\t\t\t<td style=\"height:26px; width:38px\">\r\n\t\t\t<p>No.</p>\r\n\t\t\t</td>\r\n\t\t\t<td style=\"height:26px; width:264px\">\r\n\t\t\t<p>DESA</p>\r\n\t\t\t</td>\r\n\t\t\t<td style=\"height:26px; width:227px\">\r\n\t\t\t<p>LUAS WILAYAH</p>\r\n\r\n\t\t\t<p>( Km2 )</p>\r\n\t\t\t</td>\r\n\t\t</tr>\r\n\t\t<tr>\r\n\t\t\t<td style=\"width:38px\">\r\n\t\t\t<p>1.</p>\r\n\t\t\t</td>\r\n\t\t\t<td style=\"width:264px\">\r\n\t\t\t<p>Desa Dasan Tereng</p>\r\n\t\t\t</td>\r\n\t\t\t<td style=\"width:227px\">\r\n\t\t\t<p>1.98</p>\r\n\t\t\t</td>\r\n\t\t</tr>\r\n\t\t<tr>\r\n\t\t\t<td style=\"width:38px\">\r\n\t\t\t<p>2.</p>\r\n\t\t\t</td>\r\n\t\t\t<td style=\"width:264px\">\r\n\t\t\t<p>Desa Mekarsari</p>\r\n\t\t\t</td>\r\n\t\t\t<td style=\"width:227px\">\r\n\t\t\t<p>2.55</p>\r\n\t\t\t</td>\r\n\t\t</tr>\r\n\t\t<tr>\r\n\t\t\t<td style=\"width:38px\">\r\n\t\t\t<p>3.</p>\r\n\t\t\t</td>\r\n\t\t\t<td style=\"width:264px\">\r\n\t\t\t<p>Desa Gerimax Indah</p>\r\n\t\t\t</td>\r\n\t\t\t<td style=\"width:227px\">\r\n\t\t\t<p>8.26</p>\r\n\t\t\t</td>\r\n\t\t</tr>\r\n\t\t<tr>\r\n\t\t\t<td style=\"width:38px\">\r\n\t\t\t<p>4.</p>\r\n\t\t\t</td>\r\n\t\t\t<td style=\"width:264px\">\r\n\t\t\t<p>Desa Sembung</p>\r\n\t\t\t</td>\r\n\t\t\t<td style=\"width:227px\">\r\n\t\t\t<p>4.22</p>\r\n\t\t\t</td>\r\n\t\t</tr>\r\n\t\t<tr>\r\n\t\t\t<td style=\"width:38px\">\r\n\t\t\t<p>5.</p>\r\n\t\t\t</td>\r\n\t\t\t<td style=\"width:264px\">\r\n\t\t\t<p>Desa Badrain</p>\r\n\t\t\t</td>\r\n\t\t\t<td style=\"width:227px\">\r\n\t\t\t<p>4.06</p>\r\n\t\t\t</td>\r\n\t\t</tr>\r\n\t\t<tr>\r\n\t\t\t<td style=\"width:38px\">\r\n\t\t\t<p>6.</p>\r\n\t\t\t</td>\r\n\t\t\t<td style=\"width:264px\">\r\n\t\t\t<p>Desa Tanak Beak</p>\r\n\t\t\t</td>\r\n\t\t\t<td style=\"width:227px\">\r\n\t\t\t<p>8.19</p>\r\n\t\t\t</td>\r\n\t\t</tr>\r\n\t\t<tr>\r\n\t\t\t<td style=\"width:38px\">\r\n\t\t\t<p>7.</p>\r\n\t\t\t</td>\r\n\t\t\t<td style=\"width:264px\">\r\n\t\t\t<p>Desa Batu Kuta</p>\r\n\t\t\t</td>\r\n\t\t\t<td style=\"width:227px\">\r\n\t\t\t<p>4.19</p>\r\n\t\t\t</td>\r\n\t\t</tr>\r\n\t\t<tr>\r\n\t\t\t<td style=\"width:38px\">\r\n\t\t\t<p>8.</p>\r\n\t\t\t</td>\r\n\t\t\t<td style=\"width:264px\">\r\n\t\t\t<p>Desa Krama Jaya</p>\r\n\t\t\t</td>\r\n\t\t\t<td style=\"width:227px\">\r\n\t\t\t<p>2.59</p>\r\n\t\t\t</td>\r\n\t\t</tr>\r\n\t\t<tr>\r\n\t\t\t<td style=\"width:38px\">\r\n\t\t\t<p>9.</p>\r\n\t\t\t</td>\r\n\t\t\t<td style=\"width:264px\">\r\n\t\t\t<p>Desa Lembuak</p>\r\n\t\t\t</td>\r\n\t\t\t<td style=\"width:227px\">\r\n\t\t\t<p>4.35</p>\r\n\t\t\t</td>\r\n\t\t</tr>\r\n\t\t<tr>\r\n\t\t\t<td style=\"width:38px\">\r\n\t\t\t<p>10.</p>\r\n\t\t\t</td>\r\n\t\t\t<td style=\"width:264px\">\r\n\t\t\t<p>Desa Nyurlembang</p>\r\n\t\t\t</td>\r\n\t\t\t<td style=\"width:227px\">\r\n\t\t\t<p>4.68</p>\r\n\t\t\t</td>\r\n\t\t</tr>\r\n\t\t<tr>\r\n\t\t\t<td style=\"width:38px\">\r\n\t\t\t<p>11.</p>\r\n\t\t\t</td>\r\n\t\t\t<td style=\"width:264px\">\r\n\t\t\t<p>Desa Narmada</p>\r\n\t\t\t</td>\r\n\t\t\t<td style=\"width:227px\">\r\n\t\t\t<p>4.1</p>\r\n\t\t\t</td>\r\n\t\t</tr>\r\n\t\t<tr>\r\n\t\t\t<td colspan=\"2\" style=\"width:302px\">\r\n\t\t\t<p>Total</p>\r\n\t\t\t</td>\r\n\t\t\t<td style=\"width:227px\">\r\n\t\t\t<p>49,15</p>\r\n\t\t\t</td>\r\n\t\t</tr>\r\n\t</tbody>\r\n</table>\r\n\r\n<p style=\"margin-left:36.0pt\">Sumber&nbsp; : Profil UPT BLUD Tahun 2018</p>\r\n\r\n<p style=\"margin-left:35.45pt\">Dari aspek ketenagaan UPT BLUD Puskesmas Narmada saat ini memiliki jumlah karyawan yang relatif kurang apabila dibandingkan dengan standar ketenagaan yang ada dalam Peraturan Menteri Kesehatan Nomor 75 tahun 2014 tentang Puskesmas.</p>\r\n\r\n<p style=\"margin-left:35.45pt\">Berikut ini adalah tabel data karyawan UPT BLUD Puskesmas Narmada yang terbagi dalam berbagai kompetensi dan jenjang pendidikan :</p>\r\n\r\n<p style=\"margin-left:1.0cm\">&nbsp; Tabel 3.&nbsp;&nbsp; Data Ketenagaan UPT BLUD Puskesmas Narmada</p>\r\n\r\n<table border=\"0\" cellpadding=\"0\" cellspacing=\"0\" style=\"width:565px\">\r\n\t<tbody>\r\n\t\t<tr>\r\n\t\t\t<td rowspan=\"2\" style=\"height:20px; width:38px\">\r\n\t\t\t<p>NO</p>\r\n\t\t\t</td>\r\n\t\t\t<td rowspan=\"2\" style=\"height:20px; width:167px\">\r\n\t\t\t<p>JENIS TENAGA</p>\r\n\t\t\t</td>\r\n\t\t\t<td rowspan=\"2\" style=\"height:20px; width:77px\">\r\n\t\t\t<p>JUMLAH</p>\r\n\t\t\t</td>\r\n\t\t\t<td colspan=\"4\" style=\"height:20px; width:283px\">\r\n\t\t\t<p>STATUS KETENAGAAN</p>\r\n\t\t\t</td>\r\n\t\t</tr>\r\n\t\t<tr>\r\n\t\t\t<td style=\"height:41px; width:43px\">\r\n\t\t\t<p>PNS</p>\r\n\t\t\t</td>\r\n\t\t\t<td style=\"height:41px; width:85px\">\r\n\t\t\t<p>KONTRAK BLUD</p>\r\n\t\t\t</td>\r\n\t\t\t<td style=\"height:41px; width:85px\">\r\n\t\t\t<p>KONTRAK PEMDA</p>\r\n\t\t\t</td>\r\n\t\t\t<td style=\"height:41px; width:69px\">\r\n\t\t\t<p>HONDA</p>\r\n\t\t\t</td>\r\n\t\t</tr>\r\n\t\t<tr>\r\n\t\t\t<td style=\"height:20px; width:38px\">\r\n\t\t\t<p>1</p>\r\n\t\t\t</td>\r\n\t\t\t<td style=\"height:20px; width:167px\">\r\n\t\t\t<p>Dokter Umum</p>\r\n\t\t\t</td>\r\n\t\t\t<td style=\"height:20px; width:77px\">\r\n\t\t\t<p>4</p>\r\n\t\t\t</td>\r\n\t\t\t<td style=\"height:20px; width:43px\">\r\n\t\t\t<p>2</p>\r\n\t\t\t</td>\r\n\t\t\t<td style=\"height:20px; width:85px\">\r\n\t\t\t<p>&nbsp;</p>\r\n\t\t\t</td>\r\n\t\t\t<td style=\"height:20px; width:85px\">\r\n\t\t\t<p>2</p>\r\n\t\t\t</td>\r\n\t\t\t<td style=\"height:20px; width:69px\">\r\n\t\t\t<p>&nbsp;</p>\r\n\t\t\t</td>\r\n\t\t</tr>\r\n\t\t<tr>\r\n\t\t\t<td style=\"height:20px; width:38px\">\r\n\t\t\t<p>2</p>\r\n\t\t\t</td>\r\n\t\t\t<td style=\"height:20px; width:167px\">\r\n\t\t\t<p>Dokter Gigi</p>\r\n\t\t\t</td>\r\n\t\t\t<td style=\"height:20px; width:77px\">\r\n\t\t\t<p>1</p>\r\n\t\t\t</td>\r\n\t\t\t<td style=\"height:20px; width:43px\">\r\n\t\t\t<p>1</p>\r\n\t\t\t</td>\r\n\t\t\t<td style=\"height:20px; width:85px\">\r\n\t\t\t<p>&nbsp;</p>\r\n\t\t\t</td>\r\n\t\t\t<td style=\"height:20px; width:85px\">\r\n\t\t\t<p>&nbsp;</p>\r\n\t\t\t</td>\r\n\t\t\t<td style=\"height:20px; width:69px\">\r\n\t\t\t<p>&nbsp;</p>\r\n\t\t\t</td>\r\n\t\t</tr>\r\n\t\t<tr>\r\n\t\t\t<td style=\"height:20px; width:38px\">\r\n\t\t\t<p>3</p>\r\n\t\t\t</td>\r\n\t\t\t<td style=\"height:20px; width:167px\">\r\n\t\t\t<p>Kesmas</p>\r\n\t\t\t</td>\r\n\t\t\t<td style=\"height:20px; width:77px\">\r\n\t\t\t<p>2</p>\r\n\t\t\t</td>\r\n\t\t\t<td style=\"height:20px; width:43px\">\r\n\t\t\t<p>1</p>\r\n\t\t\t</td>\r\n\t\t\t<td style=\"height:20px; width:85px\">\r\n\t\t\t<p>1&nbsp;</p>\r\n\t\t\t</td>\r\n\t\t\t<td style=\"height:20px; width:85px\">\r\n\t\t\t<p>&nbsp;</p>\r\n\t\t\t</td>\r\n\t\t\t<td style=\"height:20px; width:69px\">\r\n\t\t\t<p>&nbsp;</p>\r\n\t\t\t</td>\r\n\t\t</tr>\r\n\t\t<tr>\r\n\t\t\t<td style=\"height:20px; width:38px\">\r\n\t\t\t<p>4</p>\r\n\t\t\t</td>\r\n\t\t\t<td style=\"height:20px; width:167px\">\r\n\t\t\t<p>Apoteker</p>\r\n\t\t\t</td>\r\n\t\t\t<td style=\"height:20px; width:77px\">\r\n\t\t\t<p>1</p>\r\n\t\t\t</td>\r\n\t\t\t<td style=\"height:20px; width:43px\">\r\n\t\t\t<p>1</p>\r\n\t\t\t</td>\r\n\t\t\t<td style=\"height:20px; width:85px\">\r\n\t\t\t<p>&nbsp;</p>\r\n\t\t\t</td>\r\n\t\t\t<td style=\"height:20px; width:85px\">\r\n\t\t\t<p>&nbsp;</p>\r\n\t\t\t</td>\r\n\t\t\t<td style=\"height:20px; width:69px\">\r\n\t\t\t<p>&nbsp;</p>\r\n\t\t\t</td>\r\n\t\t</tr>\r\n\t\t<tr>\r\n\t\t\t<td style=\"height:20px; width:38px\">\r\n\t\t\t<p>5</p>\r\n\t\t\t</td>\r\n\t\t\t<td style=\"height:20px; width:167px\">\r\n\t\t\t<p>Tenaga teknis kefarmasian</p>\r\n\t\t\t</td>\r\n\t\t\t<td style=\"height:20px; width:77px\">\r\n\t\t\t<p>2</p>\r\n\t\t\t</td>\r\n\t\t\t<td style=\"height:20px; width:43px\">\r\n\t\t\t<p>&nbsp;</p>\r\n\t\t\t</td>\r\n\t\t\t<td style=\"height:20px; width:85px\">\r\n\t\t\t<p>2</p>\r\n\t\t\t</td>\r\n\t\t\t<td style=\"height:20px; width:85px\">\r\n\t\t\t<p>&nbsp;</p>\r\n\t\t\t</td>\r\n\t\t\t<td style=\"height:20px; width:69px\">\r\n\t\t\t<p>&nbsp;</p>\r\n\t\t\t</td>\r\n\t\t</tr>\r\n\t\t<tr>\r\n\t\t\t<td style=\"height:20px; width:38px\">\r\n\t\t\t<p>6</p>\r\n\t\t\t</td>\r\n\t\t\t<td style=\"height:20px; width:167px\">\r\n\t\t\t<p>Perawat</p>\r\n\t\t\t</td>\r\n\t\t\t<td style=\"height:20px; width:77px\">\r\n\t\t\t<p>22</p>\r\n\t\t\t</td>\r\n\t\t\t<td style=\"height:20px; width:43px\">\r\n\t\t\t<p>15</p>\r\n\t\t\t</td>\r\n\t\t\t<td style=\"height:20px; width:85px\">\r\n\t\t\t<p>6</p>\r\n\t\t\t</td>\r\n\t\t\t<td style=\"height:20px; width:85px\">\r\n\t\t\t<p>1</p>\r\n\t\t\t</td>\r\n\t\t\t<td style=\"height:20px; width:69px\">\r\n\t\t\t<p>&nbsp;</p>\r\n\t\t\t</td>\r\n\t\t</tr>\r\n\t\t<tr>\r\n\t\t\t<td style=\"height:20px; width:38px\">\r\n\t\t\t<p>7</p>\r\n\t\t\t</td>\r\n\t\t\t<td style=\"height:20px; width:167px\">\r\n\t\t\t<p>Perawat Gigi</p>\r\n\t\t\t</td>\r\n\t\t\t<td style=\"height:20px; width:77px\">\r\n\t\t\t<p>2</p>\r\n\t\t\t</td>\r\n\t\t\t<td style=\"height:20px; width:43px\">\r\n\t\t\t<p>2</p>\r\n\t\t\t</td>\r\n\t\t\t<td style=\"height:20px; width:85px\">\r\n\t\t\t<p>&nbsp;</p>\r\n\t\t\t</td>\r\n\t\t\t<td style=\"height:20px; width:85px\">\r\n\t\t\t<p>&nbsp;</p>\r\n\t\t\t</td>\r\n\t\t\t<td style=\"height:20px; width:69px\">\r\n\t\t\t<p>&nbsp;</p>\r\n\t\t\t</td>\r\n\t\t</tr>\r\n\t\t<tr>\r\n\t\t\t<td style=\"height:20px; width:38px\">\r\n\t\t\t<p>8</p>\r\n\t\t\t</td>\r\n\t\t\t<td style=\"height:20px; width:167px\">\r\n\t\t\t<p>Bidan</p>\r\n\t\t\t</td>\r\n\t\t\t<td style=\"height:20px; width:77px\">\r\n\t\t\t<p>20</p>\r\n\t\t\t</td>\r\n\t\t\t<td style=\"height:20px; width:43px\">\r\n\t\t\t<p>14</p>\r\n\t\t\t</td>\r\n\t\t\t<td style=\"height:20px; width:85px\">\r\n\t\t\t<p>3</p>\r\n\t\t\t</td>\r\n\t\t\t<td style=\"height:20px; width:85px\">\r\n\t\t\t<p>3</p>\r\n\t\t\t</td>\r\n\t\t\t<td style=\"height:20px; width:69px\">\r\n\t\t\t<p>&nbsp;</p>\r\n\t\t\t</td>\r\n\t\t</tr>\r\n\t\t<tr>\r\n\t\t\t<td style=\"height:20px; width:38px\">\r\n\t\t\t<p>9</p>\r\n\t\t\t</td>\r\n\t\t\t<td style=\"height:20px; width:167px\">\r\n\t\t\t<p>Nutrisionis</p>\r\n\t\t\t</td>\r\n\t\t\t<td style=\"height:20px; width:77px\">\r\n\t\t\t<p>7</p>\r\n\t\t\t</td>\r\n\t\t\t<td style=\"height:20px; width:43px\">\r\n\t\t\t<p>3</p>\r\n\t\t\t</td>\r\n\t\t\t<td style=\"height:20px; width:85px\">\r\n\t\t\t<p>2</p>\r\n\t\t\t</td>\r\n\t\t\t<td style=\"height:20px; width:85px\">\r\n\t\t\t<p>2</p>\r\n\t\t\t</td>\r\n\t\t\t<td style=\"height:20px; width:69px\">\r\n\t\t\t<p>&nbsp;</p>\r\n\t\t\t</td>\r\n\t\t</tr>\r\n\t\t<tr>\r\n\t\t\t<td style=\"height:20px; width:38px\">\r\n\t\t\t<p>10</p>\r\n\t\t\t</td>\r\n\t\t\t<td style=\"height:20px; width:167px\">\r\n\t\t\t<p>Sanitarian</p>\r\n\t\t\t</td>\r\n\t\t\t<td style=\"height:20px; width:77px\">\r\n\t\t\t<p>2</p>\r\n\t\t\t</td>\r\n\t\t\t<td style=\"height:20px; width:43px\">\r\n\t\t\t<p>2</p>\r\n\t\t\t</td>\r\n\t\t\t<td style=\"height:20px; width:85px\">\r\n\t\t\t<p>&nbsp;</p>\r\n\t\t\t</td>\r\n\t\t\t<td style=\"height:20px; width:85px\">\r\n\t\t\t<p>&nbsp;</p>\r\n\t\t\t</td>\r\n\t\t\t<td style=\"height:20px; width:69px\">\r\n\t\t\t<p>&nbsp;</p>\r\n\t\t\t</td>\r\n\t\t</tr>\r\n\t\t<tr>\r\n\t\t\t<td style=\"height:20px; width:38px\">\r\n\t\t\t<p>11</p>\r\n\t\t\t</td>\r\n\t\t\t<td style=\"height:20px; width:167px\">\r\n\t\t\t<p>Analis Laboratorium</p>\r\n\t\t\t</td>\r\n\t\t\t<td style=\"height:20px; width:77px\">\r\n\t\t\t<p>3</p>\r\n\t\t\t</td>\r\n\t\t\t<td style=\"height:20px; width:43px\">\r\n\t\t\t<p>2</p>\r\n\t\t\t</td>\r\n\t\t\t<td style=\"height:20px; width:85px\">\r\n\t\t\t<p>1&nbsp;</p>\r\n\t\t\t</td>\r\n\t\t\t<td style=\"height:20px; width:85px\">\r\n\t\t\t<p>&nbsp;</p>\r\n\t\t\t</td>\r\n\t\t\t<td style=\"height:20px; width:69px\">\r\n\t\t\t<p>&nbsp;</p>\r\n\t\t\t</td>\r\n\t\t</tr>\r\n\t\t<tr>\r\n\t\t\t<td style=\"height:20px; width:38px\">\r\n\t\t\t<p>12</p>\r\n\t\t\t</td>\r\n\t\t\t<td style=\"height:20px; width:167px\">\r\n\t\t\t<p>Pengobatan Tradisional</p>\r\n\t\t\t</td>\r\n\t\t\t<td style=\"height:20px; width:77px\">\r\n\t\t\t<p>1</p>\r\n\t\t\t</td>\r\n\t\t\t<td style=\"height:20px; width:43px\">\r\n\t\t\t<p>&nbsp;</p>\r\n\t\t\t</td>\r\n\t\t\t<td style=\"height:20px; width:85px\">\r\n\t\t\t<p>1</p>\r\n\t\t\t</td>\r\n\t\t\t<td style=\"height:20px; width:85px\">\r\n\t\t\t<p>&nbsp;</p>\r\n\t\t\t</td>\r\n\t\t\t<td style=\"height:20px; width:69px\">\r\n\t\t\t<p>&nbsp;</p>\r\n\t\t\t</td>\r\n\t\t</tr>\r\n\t\t<tr>\r\n\t\t\t<td style=\"height:21px; width:38px\">\r\n\t\t\t<p>13</p>\r\n\t\t\t</td>\r\n\t\t\t<td style=\"height:21px; width:167px\">\r\n\t\t\t<p>Administrasi</p>\r\n\t\t\t</td>\r\n\t\t\t<td style=\"height:21px; width:77px\">\r\n\t\t\t<p>23</p>\r\n\t\t\t</td>\r\n\t\t\t<td style=\"height:21px; width:43px\">\r\n\t\t\t<p>15</p>\r\n\t\t\t</td>\r\n\t\t\t<td style=\"height:21px; width:85px\">\r\n\t\t\t<p>6</p>\r\n\t\t\t</td>\r\n\t\t\t<td style=\"height:21px; width:85px\">\r\n\t\t\t<p>1</p>\r\n\t\t\t</td>\r\n\t\t\t<td style=\"height:21px; width:69px\">\r\n\t\t\t<p>1</p>\r\n\t\t\t</td>\r\n\t\t</tr>\r\n\t\t<tr>\r\n\t\t\t<td colspan=\"2\" style=\"height:21px; width:205px\">\r\n\t\t\t<p>TOTAL TENAGA</p>\r\n\t\t\t</td>\r\n\t\t\t<td style=\"height:21px; width:77px\">\r\n\t\t\t<p>90</p>\r\n\t\t\t</td>\r\n\t\t\t<td style=\"height:21px; width:43px\">\r\n\t\t\t<p>58</p>\r\n\t\t\t</td>\r\n\t\t\t<td style=\"height:21px; width:85px\">\r\n\t\t\t<p>22</p>\r\n\t\t\t</td>\r\n\t\t\t<td style=\"height:21px; width:85px\">\r\n\t\t\t<p>9</p>\r\n\t\t\t</td>\r\n\t\t\t<td style=\"height:21px; width:69px\">\r\n\t\t\t<p>1</p>\r\n\t\t\t</td>\r\n\t\t</tr>\r\n\t</tbody>\r\n</table>\r\n\r\n<p>&nbsp;&nbsp;&nbsp;&nbsp;&nbsp;&nbsp;&nbsp;&nbsp;&nbsp;&nbsp;&nbsp;&nbsp;&nbsp; Sumber : Data Dasar UPT BLUD&nbsp; Puskesmas Narmada Tahun 2019</p>\r\n\r\n<p><strong>b.&nbsp;&nbsp; Data Demografi </strong></p>\r\n\r\n<p style=\"margin-left:63.8pt\">Jumlah Penduduk di Wilayah Kerja Puskesmas Narmada pada Tahun 2019 (berdasarkan data PIS-PK tahun 2018) mencapai 45.022 jiwa dengan 20.981 diantaranya laki-laki dan 24.041 perempuan, jumlah KK 13.568 dan kepadatan penduduk 975 jiwa/Km2.Sebagian besar penduduk bekerja dalam bidang pertanian (44%) sedangkan sisanya terbagi dalam beberapa bidang antara lain : perdagangan, angkutan, jasa, industri, PNS, dan lainnya.</p>\r\n\r\n<ol style=\"list-style-type:lower-alpha\">\r\n\t<li><strong>Saran dan Prasarana</strong></li>\r\n</ol>\r\n\r\n<ol>\r\n\t<li><strong>Sarana Kesehatan</strong></li>\r\n</ol>\r\n\r\n<p style=\"margin-left:63.8pt\">UPT BLUD Puskesmas Narmada dibangun pada Tahun 2016 yang terbagi dalam beberapa ruang Pelayanan dan ruang Administrasi atau ruang Program dan ruang penunjang, antara lain :</p>\r\n\r\n<ul>\r\n\t<li>Ruang UGD 24 jam yang dilengkapi dengan <em>pelayanan one day care;</em></li>\r\n\t<li>Ruang pelayanan rawat jalan yang terdiri dari Poli Anak dan Remaja, Poli Umum dan Lansia, Poli Gigi, Poli KIA/KB,Poli Battra;</li>\r\n\t<li>Ruang Rawat Inap yang terdiri dari Rawat Inap Umum dan Rawat Inap Persalinan ;</li>\r\n\t<li>Ruang Bersalin 24 jam;</li>\r\n\t<li>Ruang Poned/APN;</li>\r\n\t<li>Ruang Konseling terpadu;</li>\r\n\t<li>Ruang Laboratorium ;</li>\r\n\t<li>Ruang Farmasi ;</li>\r\n\t<li>Gudang Obat;</li>\r\n\t<li>Gudang Alat-alat Kesehatan;</li>\r\n\t<li>Ruang Aula;</li>\r\n\t<li>Ruang Program;</li>\r\n\t<li>Dapur Umum;</li>\r\n\t<li>Ruang pemimpin&nbsp; Puskesmas;</li>\r\n\t<li>Ruang Tata Usaha</li>\r\n\t<li>Ruang Staf</li>\r\n</ul>\r\n\r\n<p style=\"margin-left:54.0pt\">Selain itu, dalam operasionalnya UPT BLUD Puskesmas Narmada ditunjang oleh 5 Puskesmas Pembantu, yaitu :</p>\r\n\r\n<ul>\r\n\t<li>Puskesmas Pembantu Tanak Beak di Desa Tanak Beak;</li>\r\n\t<li>Puskesmas Pembantu Batu Kuta di Desa Batu Kuta;</li>\r\n\t<li>Puskesmas Pembantu Sembung di Desa Sembung;</li>\r\n\t<li>Puskesmas Pembantu Dasan Tereng di Desa Dasan Tereng;</li>\r\n\t<li>Puskesmas Pembantu Nyurlembang di Desa Nyurlembang;</li>\r\n</ul>\r\n\r\n<p style=\"margin-left:54.0pt\">Dan 11 Poskesdes yaitu :</p>\r\n\r\n<ul>\r\n\t<li>Poskesdes Dasan Tereng;</li>\r\n\t<li>Poskesdes Mekarsari;</li>\r\n\t<li>Poskesdes Gerimax Indah.</li>\r\n\t<li>Poskesdes Sembung;</li>\r\n\t<li>Poskesdes Badrain;</li>\r\n\t<li>Poskesdes Tanak Beak;</li>\r\n\t<li>Poskesdes Batu Kuta;</li>\r\n\t<li>Poskesdes Krama Jaya;</li>\r\n\t<li>Poskesdes Lembuak;</li>\r\n\t<li>Poskesdes Nyurlembang;</li>\r\n\t<li>Poskesdes Narmada;</li>\r\n\t<li>Poskesdes Nyurlembang;</li>\r\n</ul>\r\n\r\n<ol>\r\n\t<li><strong>Sarana Pendidikan</strong></li>\r\n</ol>\r\n\r\n<p style=\"margin-left:70.9pt\">Jumlah sarana Pendidikan di wilayah kerja Puskesmas yang juga menjadi sasaran kegiatan yang dilakukan oleh Puskesmas adalah sebagai berikut :</p>\r\n\r\n<ul>\r\n\t<li>Jumlah SD sederajat &nbsp;&nbsp;&nbsp;&nbsp;&nbsp;&nbsp;&nbsp;&nbsp;&nbsp;&nbsp;&nbsp;&nbsp;&nbsp;&nbsp;&nbsp; : 27 Buah</li>\r\n\t<li>Jumlah SMP sederajat&nbsp;&nbsp;&nbsp;&nbsp;&nbsp;&nbsp;&nbsp;&nbsp;&nbsp;&nbsp;&nbsp;&nbsp;&nbsp; :&nbsp;&nbsp; 8 Buah</li>\r\n\t<li>Jumlah SMU sederajat&nbsp;&nbsp;&nbsp;&nbsp;&nbsp;&nbsp;&nbsp;&nbsp;&nbsp;&nbsp;&nbsp;&nbsp;&nbsp; :&nbsp;&nbsp; 7 Buah</li>\r\n\t<li>Jumlah Ponpes&nbsp;&nbsp;&nbsp;&nbsp;&nbsp;&nbsp;&nbsp;&nbsp;&nbsp;&nbsp;&nbsp;&nbsp;&nbsp;&nbsp;&nbsp;&nbsp;&nbsp;&nbsp;&nbsp;&nbsp;&nbsp;&nbsp;&nbsp;&nbsp;&nbsp;&nbsp; :&nbsp;&nbsp; 3 Buah</li>\r\n</ul>\r\n\r\n<ol>\r\n\t<li><strong>Sarana Peribadatan</strong></li>\r\n</ol>\r\n\r\n<ul>\r\n\t<li>Jumlah Masjid&nbsp;&nbsp;&nbsp;&nbsp;&nbsp;&nbsp;&nbsp;&nbsp;&nbsp;&nbsp;&nbsp;&nbsp;&nbsp;&nbsp;&nbsp;&nbsp;&nbsp;&nbsp;&nbsp;&nbsp;&nbsp;&nbsp;&nbsp;&nbsp;&nbsp;&nbsp;&nbsp;&nbsp; : 39 Buah</li>\r\n\t<li>Jumlah Pura&nbsp;&nbsp;&nbsp;&nbsp;&nbsp;&nbsp;&nbsp;&nbsp;&nbsp;&nbsp;&nbsp;&nbsp;&nbsp;&nbsp;&nbsp;&nbsp;&nbsp;&nbsp;&nbsp;&nbsp;&nbsp;&nbsp;&nbsp;&nbsp;&nbsp;&nbsp;&nbsp;&nbsp;&nbsp;&nbsp;&nbsp; &nbsp;&nbsp;&nbsp;&nbsp;&nbsp;&nbsp;&nbsp;&nbsp;&nbsp;&nbsp;&nbsp;&nbsp;&nbsp;&nbsp;&nbsp; :&nbsp;&nbsp; 5 Buah</li>\r\n\t<li>Jumlah Mushola&nbsp;&nbsp;&nbsp;&nbsp;&nbsp;&nbsp;&nbsp;&nbsp; &nbsp;&nbsp;&nbsp;&nbsp;&nbsp;&nbsp;&nbsp;&nbsp;&nbsp;&nbsp;&nbsp;&nbsp;&nbsp;&nbsp;&nbsp; : 81 Buah</li>\r\n\t<li>Langgar&nbsp;&nbsp;&nbsp;&nbsp;&nbsp;&nbsp;&nbsp;&nbsp;&nbsp;&nbsp;&nbsp;&nbsp;&nbsp;&nbsp;&nbsp;&nbsp;&nbsp;&nbsp;&nbsp;&nbsp;&nbsp;&nbsp;&nbsp;&nbsp;&nbsp;&nbsp;&nbsp;&nbsp;&nbsp;&nbsp;&nbsp;&nbsp;&nbsp;&nbsp;&nbsp;&nbsp;&nbsp;&nbsp;&nbsp; :&nbsp;&nbsp; 5 Buah</li>\r\n</ul>\r\n\r\n<ol>\r\n\t<li><strong>Sarana Umum</strong></li>\r\n</ol>\r\n\r\n<ul>\r\n\t<li>Pasar&nbsp;&nbsp;&nbsp;&nbsp;&nbsp;&nbsp;&nbsp;&nbsp;&nbsp;&nbsp;&nbsp;&nbsp;&nbsp;&nbsp;&nbsp;&nbsp;&nbsp;&nbsp;&nbsp;&nbsp;&nbsp;&nbsp;&nbsp;&nbsp;&nbsp;&nbsp;&nbsp;&nbsp;&nbsp;&nbsp;&nbsp;&nbsp;&nbsp;&nbsp;&nbsp;&nbsp;&nbsp;&nbsp;&nbsp;&nbsp;&nbsp;&nbsp;&nbsp; : 1 Buah</li>\r\n\t<li>Apotik/Toko obat&nbsp;&nbsp;&nbsp;&nbsp;&nbsp;&nbsp;&nbsp; &nbsp;&nbsp;&nbsp;&nbsp;&nbsp;&nbsp;&nbsp;&nbsp;&nbsp;&nbsp;&nbsp;&nbsp;&nbsp;&nbsp;&nbsp; : 4 Buah</li>\r\n\t<li>Rumah Sakit&nbsp;&nbsp;&nbsp;&nbsp;&nbsp;&nbsp;&nbsp;&nbsp;&nbsp;&nbsp;&nbsp;&nbsp;&nbsp;&nbsp;&nbsp;&nbsp;&nbsp;&nbsp;&nbsp;&nbsp;&nbsp;&nbsp;&nbsp;&nbsp;&nbsp;&nbsp;&nbsp;&nbsp;&nbsp;&nbsp;&nbsp; &nbsp;&nbsp;&nbsp;&nbsp;&nbsp;&nbsp;&nbsp;&nbsp;&nbsp;&nbsp;&nbsp;&nbsp;&nbsp;&nbsp;&nbsp; : 1 Buah</li>\r\n\t<li>Praktek Bidan&nbsp;&nbsp;&nbsp;&nbsp;&nbsp;&nbsp;&nbsp;&nbsp;&nbsp;&nbsp;&nbsp;&nbsp;&nbsp;&nbsp;&nbsp;&nbsp;&nbsp;&nbsp;&nbsp;&nbsp;&nbsp;&nbsp;&nbsp;&nbsp;&nbsp;&nbsp;&nbsp;&nbsp;&nbsp; : 3 Buah</li>\r\n\t<li>Klinik Swasta&nbsp;&nbsp;&nbsp;&nbsp;&nbsp;&nbsp;&nbsp;&nbsp;&nbsp;&nbsp;&nbsp;&nbsp;&nbsp;&nbsp;&nbsp;&nbsp;&nbsp;&nbsp;&nbsp;&nbsp;&nbsp;&nbsp;&nbsp;&nbsp;&nbsp;&nbsp;&nbsp;&nbsp;&nbsp;&nbsp; : 2 Buah</li>\r\n</ul>\r\n\r\n<ol style=\"list-style-type:lower-alpha\">\r\n\t<li><strong>Visi Organisasi</strong></li>\r\n</ol>\r\n\r\n<p style=\"margin-left:2.0cm\">Visi UPT BLUD Puskesmas Narmada adalah : Terwujudnya pelayanan kesehatan yang optimal</p>\r\n\r\n<p style=\"margin-left:2.0cm\">menuju masyarakat Narmada yang mandiri untuk hidup sehat</p>\r\n\r\n<ol style=\"list-style-type:lower-alpha\">\r\n\t<li><strong>Misi Organisasi</strong>\r\n\r\n\t<ol>\r\n\t\t<li>Meningkatkan mutu pelayanan dan manajemen kesehatan;</li>\r\n\t\t<li>Meningkatkan kesehatan keluarga khususnya ibu,bayi dan balita serta pencegahan penyakit menular dan kesehatan lingkungan;</li>\r\n\t\t<li>Meningkatkan kerjasama lintas program dan lintas sector dalam rangka meningkatkan upaya kesehatan bersumber daya masyarakat serta mendukung pembangunan berwawasan kesehatan</li>\r\n\t</ol>\r\n\t</li>\r\n</ol>\r\n\r\n<p style=\"margin-left:3.0cm\">&nbsp;</p>\r\n", "view_count": 785, "menu_id": 42, "admin_id": 47, "created_at": "2021-06-15T09:46:12.020Z", "updated_at": "2024-07-11T14:27:19.548Z", "is_edited": true}, "m2m": {"photo": []}}, {"condition": {"id": 1139}, "defaults": {"site_id": 44, "judul": "Profil Pejabat Struktural", "isi_halaman": "<p>&nbsp;</p>\r\n\r\n<p>PROFIL PEJABAT STRUKTURAL</p>\r\n\r\n<p>KEPALA TATA USAHA</p>\r\n\r\n<table border=\"0\" cellpadding=\"0\" cellspacing=\"0\">\r\n\t<tbody>\r\n\t\t<tr>\r\n\t\t\t<td style=\"width:177px\">\r\n\t\t\t<p>Nama</p>\r\n\t\t\t</td>\r\n\t\t\t<td style=\"width:19px\">\r\n\t\t\t<p>:</p>\r\n\t\t\t</td>\r\n\t\t\t<td style=\"width:442px\">\r\n\t\t\t<p>Muhammad Bukri, S.Kep. Ns</p>\r\n\t\t\t</td>\r\n\t\t</tr>\r\n\t\t<tr>\r\n\t\t\t<td style=\"width:177px\">\r\n\t\t\t<p>Tempat dan tanggal lahir</p>\r\n\t\t\t</td>\r\n\t\t\t<td style=\"width:19px\">\r\n\t\t\t<p>:</p>\r\n\t\t\t</td>\r\n\t\t\t<td style=\"width:442px\">\r\n\t\t\t<p>Belencong , 31 Desember 1968</p>\r\n\t\t\t</td>\r\n\t\t</tr>\r\n\t\t<tr>\r\n\t\t\t<td style=\"width:177px\">\r\n\t\t\t<p>Nip</p>\r\n\t\t\t</td>\r\n\t\t\t<td style=\"width:19px\">\r\n\t\t\t<p>:</p>\r\n\t\t\t</td>\r\n\t\t\t<td style=\"width:442px\">\r\n\t\t\t<p>196812311990031068</p>\r\n\t\t\t</td>\r\n\t\t</tr>\r\n\t\t<tr>\r\n\t\t\t<td style=\"width:177px\">\r\n\t\t\t<p>Nrk</p>\r\n\t\t\t</td>\r\n\t\t\t<td style=\"width:19px\">\r\n\t\t\t<p>:</p>\r\n\t\t\t</td>\r\n\t\t\t<td style=\"width:442px\">\r\n\t\t\t<p>No.E.967694 &ndash; No. Kep.598/Kep.KII/PEG/1993</p>\r\n\t\t\t</td>\r\n\t\t</tr>\r\n\t\t<tr>\r\n\t\t\t<td style=\"width:177px\">\r\n\t\t\t<p>Pangkat</p>\r\n\t\t\t</td>\r\n\t\t\t<td style=\"width:19px\">\r\n\t\t\t<p>:</p>\r\n\t\t\t</td>\r\n\t\t\t<td style=\"width:442px\">\r\n\t\t\t<p>Pembina</p>\r\n\t\t\t</td>\r\n\t\t</tr>\r\n\t\t<tr>\r\n\t\t\t<td style=\"width:177px\">\r\n\t\t\t<p>Golongan</p>\r\n\t\t\t</td>\r\n\t\t\t<td style=\"width:19px\">\r\n\t\t\t<p>:</p>\r\n\t\t\t</td>\r\n\t\t\t<td style=\"width:442px\">\r\n\t\t\t<p>IV/a</p>\r\n\t\t\t</td>\r\n\t\t</tr>\r\n\t\t<tr>\r\n\t\t\t<td style=\"width:177px\">\r\n\t\t\t<p>Agama</p>\r\n\t\t\t</td>\r\n\t\t\t<td style=\"width:19px\">\r\n\t\t\t<p>:</p>\r\n\t\t\t</td>\r\n\t\t\t<td style=\"width:442px\">\r\n\t\t\t<p>Islam</p>\r\n\t\t\t</td>\r\n\t\t</tr>\r\n\t\t<tr>\r\n\t\t\t<td style=\"width:177px\">\r\n\t\t\t<p>Status</p>\r\n\t\t\t</td>\r\n\t\t\t<td style=\"width:19px\">\r\n\t\t\t<p>:</p>\r\n\t\t\t</td>\r\n\t\t\t<td style=\"width:442px\">\r\n\t\t\t<p>Menikah</p>\r\n\t\t\t</td>\r\n\t\t</tr>\r\n\t</tbody>\r\n</table>\r\n\r\n<p>RIWAYAT PENDIDIKAN</p>\r\n\r\n<table border=\"0\" cellpadding=\"0\" cellspacing=\"0\">\r\n\t<tbody>\r\n\t\t<tr>\r\n\t\t\t<td style=\"width:122px\">\r\n\t\t\t<p>PENDIDIKAN</p>\r\n\t\t\t</td>\r\n\t\t\t<td colspan=\"2\" style=\"width:516px\">\r\n\t\t\t<p>TAHUN</p>\r\n\t\t\t</td>\r\n\t\t</tr>\r\n\t\t<tr>\r\n\t\t\t<td style=\"width:122px\">\r\n\t\t\t<p>SD</p>\r\n\t\t\t</td>\r\n\t\t\t<td style=\"width:18px\">\r\n\t\t\t<p>:</p>\r\n\t\t\t</td>\r\n\t\t\t<td style=\"width:498px\">\r\n\t\t\t<p>1983</p>\r\n\t\t\t</td>\r\n\t\t</tr>\r\n\t\t<tr>\r\n\t\t\t<td style=\"width:122px\">\r\n\t\t\t<p>SMP</p>\r\n\t\t\t</td>\r\n\t\t\t<td style=\"width:18px\">\r\n\t\t\t<p>:</p>\r\n\t\t\t</td>\r\n\t\t\t<td style=\"width:498px\">\r\n\t\t\t<p>1986</p>\r\n\t\t\t</td>\r\n\t\t</tr>\r\n\t\t<tr>\r\n\t\t\t<td style=\"width:122px\">\r\n\t\t\t<p>SMA</p>\r\n\t\t\t</td>\r\n\t\t\t<td style=\"width:18px\">\r\n\t\t\t<p>:</p>\r\n\t\t\t</td>\r\n\t\t\t<td style=\"width:498px\">\r\n\t\t\t<p>1989</p>\r\n\t\t\t</td>\r\n\t\t</tr>\r\n\t\t<tr>\r\n\t\t\t<td style=\"width:122px\">\r\n\t\t\t<p>S1 Keperawatan</p>\r\n\t\t\t</td>\r\n\t\t\t<td style=\"width:18px\">\r\n\t\t\t<p>:</p>\r\n\t\t\t</td>\r\n\t\t\t<td style=\"width:498px\">\r\n\t\t\t<p>2011/2017</p>\r\n\t\t\t</td>\r\n\t\t</tr>\r\n\t</tbody>\r\n</table>\r\n\r\n<p>RIWAYAT JABATAN STRUKTURAL TERAKHIR</p>\r\n\r\n<table border=\"0\" cellpadding=\"0\" cellspacing=\"0\">\r\n\t<tbody>\r\n\t\t<tr>\r\n\t\t\t<td style=\"width:153px\">\r\n\t\t\t<p>Nomer SK</p>\r\n\r\n\t\t\t<p>Eselon</p>\r\n\r\n\t\t\t<p>Jabatan</p>\r\n\r\n\t\t\t<p>Unit Kerja</p>\r\n\t\t\t</td>\r\n\t\t\t<td style=\"width:34px\">\r\n\t\t\t<p>&nbsp;:</p>\r\n\r\n\t\t\t<p>:</p>\r\n\r\n\t\t\t<p>:</p>\r\n\r\n\t\t\t<p>:</p>\r\n\t\t\t</td>\r\n\t\t\t<td style=\"width:452px\">\r\n\t\t\t<p>5 Februari 2020</p>\r\n\r\n\t\t\t<p>IV/b</p>\r\n\r\n\t\t\t<p>KTU</p>\r\n\r\n\t\t\t<p>UPT Puskesmas Narmada</p>\r\n\t\t\t</td>\r\n\t\t</tr>\r\n\t</tbody>\r\n</table>", "view_count": 385, "menu_id": 46, "admin_id": 47, "created_at": "2021-06-15T10:13:43.258Z", "updated_at": "2024-07-11T02:04:16.534Z", "is_edited": true}, "m2m": {"photo": []}}, {"condition": {"id": 1140}, "defaults": {"site_id": 44, "judul": "Kontak", "isi_halaman": "<p>Telp. 083129681684</p>\r\n\r\n<p>Email . pkm.narmada@gmail.com</p>\r\n\r\n<p>Kode Pos . 83371</p>", "view_count": 132, "menu_id": 41, "admin_id": 47, "created_at": "2021-06-15T10:49:01.573Z", "updated_at": "2024-07-11T03:06:34.564Z", "is_edited": true}, "m2m": {"photo": []}}, {"condition": {"id": 1143}, "defaults": {"site_id": 44, "judul": "MOTO UPT PUSKESMAS NARMADA", "isi_halaman": "<p style=\"margin-left:49.65pt\"><span style=\"font-size:36px\"><strong>Moto UPT Puskesmas Narmada &nbsp;adalah: &ldquo;Menebar senyum dan salam dalam pelayanan&ldquo;</strong></span></p>\r\n", "view_count": 230, "menu_id": 202, "admin_id": 47, "created_at": "2021-06-15T12:03:47.978Z", "updated_at": "2024-07-10T19:26:23.606Z", "is_edited": true}, "m2m": {"photo": []}}, {"condition": {"id": 1145}, "defaults": {"site_id": 44, "judul": "VISI MISI UPT PUSKESMAS NARMADA", "isi_halaman": "<ol style=\"list-style-type:lower-alpha\">\r\n\t<li><span style=\"font-size:22px\"><strong>Visi Organisasi</strong></span></li>\r\n</ol>\r\n\r\n<p style=\"margin-left:2.0cm\"><span style=\"font-size:22px\">Visi UPT BLUD Puskesmas Narmada adalah : Terwujudnya pelayanan kesehatan yang optimal</span></p>\r\n\r\n<p style=\"margin-left:2.0cm\"><span style=\"font-size:22px\">menuju masyarakat Narmada yang mandiri untuk hidup sehat</span></p>\r\n\r\n<ol style=\"list-style-type:lower-alpha\">\r\n\t<li><span style=\"font-size:22px\"><strong>Misi Organisasi</strong></span>\r\n\r\n\t<ol>\r\n\t\t<li><span style=\"font-size:22px\">Meningkatkan mutu pelayanan dan manajemen kesehatan;</span></li>\r\n\t\t<li><span style=\"font-size:22px\">Meningkatkan kesehatan keluarga khususnya ibu,bayi dan balita serta pencegahan penyakit menular dan kesehatan lingkungan;</span></li>\r\n\t\t<li><span style=\"font-size:22px\">Meningkatkan kerjasama lintas program dan lintas sector dalam rangka meningkatkan upaya kesehatan bersumber daya masyarakat serta mendukung pembangunan berwawasan kesehatan</span></li>\r\n\t</ol>\r\n\t</li>\r\n</ol>\r\n\r\n<p style=\"margin-left:3.0cm\">&nbsp;</p>\r\n\r\n<p style=\"margin-left:70.9pt\">:</p>\r\n", "view_count": 207, "menu_id": 43, "admin_id": 47, "created_at": "2021-06-15T12:04:38.105Z", "updated_at": "2024-07-10T19:26:25.261Z", "is_edited": true}, "m2m": {"photo": []}}, {"condition": {"id": 1147}, "defaults": {"site_id": 44, "judul": "Nama Petugas Pengelola pengaduan", "isi_halaman": "<p><img alt=\"\" src=\"http://puskesmasnarmada-dikes.lombokbaratkab.go.id/media/ec951692-c25c-40cb-b488-076a462e1f91.jpg\" /></p>\r\n", "view_count": 211, "menu_id": 117, "admin_id": 47, "created_at": "2021-06-15T13:30:58.545Z", "updated_at": "2024-07-11T12:50:11.810Z", "is_edited": true}, "m2m": {"photo": []}}, {"condition": {"id": 1410}, "defaults": {"site_id": 44, "judul": "Struktur Organisasi", "isi_halaman": "<p><img alt=\"\" src=\"http://puskesmasnarmada-dikes.lombokbaratkab.go.id/media/struktur.jpg\" style=\"height:540px; width:720px\" /></p>", "view_count": 392, "menu_id": 45, "admin_id": 47, "created_at": "2021-06-21T13:24:01.869Z", "updated_at": "2024-07-11T12:52:23.542Z", "is_edited": true}, "m2m": {"photo": []}}, {"condition": {"id": 44582}, "defaults": {"site_id": 44, "judul": "STANDAR PELAYANAN PERSALINAN NORMAL", "isi_halaman": "", "view_count": 18, "menu_id": 1080, "admin_id": 47, "created_at": "2024-05-28T05:43:12.471Z", "updated_at": "2024-07-11T16:10:27.629Z", "is_edited": true}, "m2m": {"photo": [19101]}}, {"condition": {"id": 44583}, "defaults": {"site_id": 44, "judul": "STANDAR PELAYANAN LOKET", "isi_halaman": "", "view_count": 21, "menu_id": 1077, "admin_id": 47, "created_at": "2024-05-28T05:44:20.812Z", "updated_at": "2024-07-11T16:13:09.309Z", "is_edited": true}, "m2m": {"photo": [19102]}}, {"condition": {"id": 44584}, "defaults": {"site_id": 44, "judul": "STANDAR PELAYANAN IBU dan ANAK", "isi_halaman": "", "view_count": 28, "menu_id": 1076, "admin_id": 47, "created_at": "2024-05-28T05:45:55.178Z", "updated_at": "2024-07-11T16:10:06.494Z", "is_edited": true}, "m2m": {"photo": [19103]}}, {"condition": {"id": 44586}, "defaults": {"site_id": 44, "judul": "STANDAR PELAYANAN POLI GIGI", "isi_halaman": "", "view_count": 21, "menu_id": 1079, "admin_id": 47, "created_at": "2024-05-28T05:47:26.527Z", "updated_at": "2024-07-11T16:11:10.744Z", "is_edited": true}, "m2m": {"photo": [19104]}}, {"condition": {"id": 44588}, "defaults": {"site_id": 44, "judul": "STANDAR PELAYANAN RAWAT INAP", "isi_halaman": "", "view_count": 25, "menu_id": 1074, "admin_id": 47, "created_at": "2024-05-28T05:47:51.152Z", "updated_at": "2024-07-11T16:09:07.504Z", "is_edited": true}, "m2m": {"photo": [19107]}}, {"condition": {"id": 44589}, "defaults": {"site_id": 44, "judul": "STANDAR PELAYANAN PENGOBATAN UMUM", "isi_halaman": "", "view_count": 23, "menu_id": 1078, "admin_id": 47, "created_at": "2024-05-28T05:49:03.762Z", "updated_at": "2024-07-11T16:09:39.873Z", "is_edited": true}, "m2m": {"photo": [19105]}}, {"condition": {"id": 44596}, "defaults": {"site_id": 44, "judul": "STANDAR PELAYANAN POLI ANAK", "isi_halaman": "", "view_count": 19, "menu_id": 1075, "admin_id": 47, "created_at": "2024-05-28T05:54:06.058Z", "updated_at": "2024-07-11T16:08:43.432Z", "is_edited": true}, "m2m": {"photo": [19106]}}, {"condition": {"id": 50748}, "defaults": {"site_id": 44, "judul": "Standar Pelayanan", "isi_halaman": "Informasi tentang \"Standar Pelayanan\". Silahkan update di halaman <a target=\"_blank\" href=\"/dashboard/halaman-statis/\">Dashboard.<a><br><br><br><br>\"Halaman ini dibuat otomatis oleh sistem, karena halaman statis untuk menu ini belum dibuat. <br>Silahkan lakukan update di halaman statis.\"", "view_count": 13, "menu_id": 1008, "admin_id": null, "created_at": "2024-06-21T03:31:50.243Z", "updated_at": "2024-07-12T01:37:17.987Z", "is_edited": false}, "m2m": {"photo": []}}, {"condition": {"id": 50789}, "defaults": {"site_id": 44, "judul": "SOP", "isi_halaman": "Informasi tentang \"SOP\". Silahkan update di halaman <a target=\"_blank\" href=\"/dashboard/halaman-statis/\">Dashboard.<a><br><br><br><br>\"Halaman ini dibuat otomatis oleh sistem, karena halaman statis untuk menu ini belum dibuat. <br>Silahkan lakukan update di halaman statis.\"", "view_count": 5, "menu_id": 500, "admin_id": null, "created_at": "2024-06-21T20:58:12.473Z", "updated_at": "2024-06-28T17:05:35.969Z", "is_edited": false}, "m2m": {"photo": []}}, {"condition": {"id": 50790}, "defaults": {"site_id": 44, "judul": "Jenis Layanan", "isi_halaman": "Informasi tentang \"Jenis Layanan\". Silahkan update di halaman <a target=\"_blank\" href=\"/dashboard/halaman-statis/\">Dashboard.<a><br><br><br><br>\"Halaman ini dibuat otomatis oleh sistem, karena halaman statis untuk menu ini belum dibuat. <br>Silahkan lakukan update di halaman statis.\"", "view_count": 11, "menu_id": 898, "admin_id": null, "created_at": "2024-06-21T20:58:14.167Z", "updated_at": "2024-07-08T11:24:32.775Z", "is_edited": false}, "m2m": {"photo": []}}, {"condition": {"id": 51282}, "defaults": {"site_id": 44, "judul": "SK Pokja PKP", "isi_halaman": "Informasi tentang \"SK Pokja PKP\". Silahkan update di halaman <a target=\"_blank\" href=\"/dashboard/halaman-statis/\">Dashboard.<a><br><br><br><br>\"Halaman ini dibuat otomatis oleh sistem, karena halaman statis untuk menu ini belum dibuat. <br>Silahkan lakukan update di halaman statis.\"", "view_count": 1, "menu_id": 766, "admin_id": null, "created_at": "2024-07-10T06:01:55.820Z", "updated_at": "2024-07-10T06:01:56.434Z", "is_edited": false}, "m2m": {"photo": []}}, {"condition": {"id": 51289}, "defaults": {"site_id": 44, "judul": "Investasi Kegiatan Skala Lingkungan", "isi_halaman": "Informasi tentang \"Investasi Kegiatan Skala Lingkungan\". Silahkan update di halaman <a target=\"_blank\" href=\"/dashboard/halaman-statis/\">Dashboard.<a><br><br><br><br>\"Halaman ini dibuat otomatis oleh sistem, karena halaman statis untuk menu ini belum dibuat. <br>Silahkan lakukan update di halaman statis.\"", "view_count": 1, "menu_id": 754, "admin_id": null, "created_at": "2024-07-11T00:02:47.817Z", "updated_at": "2024-07-11T00:02:49.384Z", "is_edited": false}, "m2m": {"photo": []}}]