[{"condition": {"id": 284}, "defaults": {"site_id": 46, "judul": "Visi-Misi dan Motto Pelayanan", "isi_halaman": "<p><strong>VISI:</strong></p>\r\n\r\n<blockquote>\r\n<p>Terwujudnya Masyarakat Labuapi untuk Mandiri Hidup Sehat dengan dilandasi Nilai-nilai&nbsp; Patut Patuh Patju menuju Kecamatan Labuapi SEHAT</p>\r\n</blockquote>\r\n\r\n<p><strong>MISI:</strong></p>\r\n\r\n<blockquote>\r\n<ol>\r\n\t<li>Meningkatkan derajat kesehatan masyarakat, melalui pemberdayaan masyarakat, untuk tercapainya kemandirian masyarakat di bidang kesehatan.</li>\r\n\t<li>Menyelenggarakan upaya pelayanan kesehatan yang paripurna, merata, bermutu dan berkeadilan</li>\r\n\t<li>Mengupayakan ketersediaan dan pemerataan sumber daya kesehatan di wilayah kerja Puskesmas</li>\r\n\t<li>Meningkatkan derajat kesehatan baik kesehatan individu, keluarga, masyarakat beserta lingkungannya</li>\r\n</ol>\r\n</blockquote>\r\n\r\n<p><strong>MOTTO PELAYANAN:</strong></p>\r\n\r\n<blockquote>\r\n<p>Melayani Sepenuh Hati</p>\r\n</blockquote>", "view_count": 205, "menu_id": 97, "admin_id": 50, "created_at": "2021-06-07T11:07:41.657Z", "updated_at": "2024-07-11T20:34:02.576Z", "is_edited": true}, "m2m": {"photo": []}}, {"condition": {"id": 285}, "defaults": {"site_id": 46, "judul": "Layanan Pengaduan", "isi_halaman": "<p>Layanan Pengaduan</p>\r\n", "view_count": 0, "menu_id": 98, "admin_id": 50, "created_at": "2021-06-07T11:07:53.412Z", "updated_at": "2021-06-07T11:07:53.412Z", "is_edited": true}, "m2m": {"photo": []}}, {"condition": {"id": 286}, "defaults": {"site_id": 46, "judul": "Mekanisme Pengaduan Online/Offline", "isi_halaman": "<p>Mekanisme Pengaduan Online/Offline</p>\r\n", "view_count": 175, "menu_id": 115, "admin_id": 50, "created_at": "2021-06-07T11:08:04.262Z", "updated_at": "2024-07-10T15:05:50.679Z", "is_edited": true}, "m2m": {"photo": []}}, {"condition": {"id": 287}, "defaults": {"site_id": 46, "judul": "Jangka Waktu Respon Pengaduan", "isi_halaman": "<p>Jangka Waktu Respon Pengaduan</p>\r\n", "view_count": 265, "menu_id": 116, "admin_id": 50, "created_at": "2021-06-07T11:08:17.054Z", "updated_at": "2024-07-11T01:27:35.240Z", "is_edited": true}, "m2m": {"photo": []}}, {"condition": {"id": 288}, "defaults": {"site_id": 46, "judul": "Nama Petugas Pengelola Pengaduan", "isi_halaman": "<p>Nama Petugas Pengelola Pengaduan</p>\r\n", "view_count": 262, "menu_id": 117, "admin_id": 50, "created_at": "2021-06-07T11:08:28.461Z", "updated_at": "2024-07-07T08:57:46.413Z", "is_edited": true}, "m2m": {"photo": []}}, {"condition": {"id": 289}, "defaults": {"site_id": 46, "judul": "SK Penunjukan Petugas Pengelola Pengaduan", "isi_halaman": "<p>SK Penunjukan Petugas Pengelola Pengaduan</p>\r\n", "view_count": 288, "menu_id": 118, "admin_id": 50, "created_at": "2021-06-07T11:08:42.928Z", "updated_at": "2024-07-10T07:15:00.549Z", "is_edited": true}, "m2m": {"photo": []}}, {"condition": {"id": 290}, "defaults": {"site_id": 46, "judul": "Pelayanan Khusus", "isi_halaman": "<p>Pelayanan Khusus</p>\r\n", "view_count": 256, "menu_id": 99, "admin_id": 50, "created_at": "2021-06-07T11:08:52.985Z", "updated_at": "2024-07-11T23:16:11.103Z", "is_edited": true}, "m2m": {"photo": []}}, {"condition": {"id": 291}, "defaults": {"site_id": 46, "judul": "Penilaian Kinerja", "isi_halaman": "<p>Penilaian Kinerja</p>\r\n", "view_count": 356, "menu_id": 100, "admin_id": 50, "created_at": "2021-06-07T11:09:03.502Z", "updated_at": "2024-07-07T03:15:49.971Z", "is_edited": true}, "m2m": {"photo": []}}, {"condition": {"id": 292}, "defaults": {"site_id": 46, "judul": "Atribut", "isi_halaman": "<p><img alt=\"\" src=\"http://puskesmaslabuapi-dikes.lombokbaratkab.go.id/media/name_tag.jpeg\" style=\"height:246px; width:300px\" /></p>\r\n\r\n<p>Papan nama pegawai Puskesmas Labuapi</p>\r\n", "view_count": 827, "menu_id": 101, "admin_id": 50, "created_at": "2021-06-07T11:25:07.575Z", "updated_at": "2024-07-07T05:50:25.926Z", "is_edited": true}, "m2m": {"photo": [889]}}, {"condition": {"id": 293}, "defaults": {"site_id": 46, "judul": "Sarana dan Prasarana Fasilitas", "isi_halaman": "<p>Sarana dan Prasarana Fasilitas</p>\r\n", "view_count": 240, "menu_id": 102, "admin_id": 50, "created_at": "2021-06-07T11:25:59.357Z", "updated_at": "2024-07-06T15:06:47.414Z", "is_edited": true}, "m2m": {"photo": []}}, {"condition": {"id": 294}, "defaults": {"site_id": 46, "judul": "Pelayanan Terpadu", "isi_halaman": "<p>Pelayanan Terpadu</p>\r\n", "view_count": 324, "menu_id": 103, "admin_id": 50, "created_at": "2021-06-07T11:26:13.058Z", "updated_at": "2024-07-11T00:07:31.016Z", "is_edited": true}, "m2m": {"photo": []}}, {"condition": {"id": 295}, "defaults": {"site_id": 46, "judul": "Rekognisi", "isi_halaman": "<p>Rekognisi</p>\r\n", "view_count": 369, "menu_id": 104, "admin_id": 50, "created_at": "2021-06-07T11:26:27.841Z", "updated_at": "2024-07-06T20:21:55.449Z", "is_edited": true}, "m2m": {"photo": []}}, {"condition": {"id": 1129}, "defaults": {"site_id": 46, "judul": "Tentang", "isi_halaman": "<p><img alt=\"\" src=\"http://puskesmaslabuapi-dikes.lombokbaratkab.go.id/media/foto_puskesmas_tampak_depan.png\" style=\"height:200px; width:300px\" /><img alt=\"\" src=\"http://puskesmaslabuapi-dikes.lombokbaratkab.go.id/media/IMG20200304074935_oRXchgl.jpg\" /></p>\r\n\r\n<p>Puskesma<img alt=\"\" src=\"/IMG20200304074935_oRXchgl.jpg\" />s Labuapi adalah salah satu&nbsp;fasilitas pelayanan kesehatan yang menyelenggarakan upaya kesehatan masyarakat dan upaya kesehatan perseorangan tingkat pertama, dengan lebih mengutamakan upaya promotif dan preventif di wilayah kerja Puskesmas Labuapi.</p>\r\n\r\n<p>Tujuan dan kegiatan Puskesmas Labuapi mengacu pada Peraturan Menteri Kesehatan yang baru yaitu Permenkes 43 tahun 2019 tentang Puskesmas.</p>\r\n\r\n<p>Wilayah kerja Puskesma Labuapi meliputi enam desa, yakni&nbsp;Desa Bengkel, Merembu, Bagek Polak Barat, Bagek Polak Timur, Labuapi dan Telagawaru.&nbsp;</p>\r\n\r\n<p>&nbsp;</p>", "view_count": 801, "menu_id": 42, "admin_id": 50, "created_at": "2021-06-14T11:30:53.485Z", "updated_at": "2024-07-11T09:49:41.393Z", "is_edited": true}, "m2m": {"photo": [850]}}, {"condition": {"id": 1184}, "defaults": {"site_id": 46, "judul": "Visi dan Misi", "isi_halaman": "<p><strong>VISI:</strong></p>\r\n\r\n<blockquote>\r\n<p>Terwujudnya Masyarakat Labuapi untuk Mandiri Hidup Sehat dengan dilandasi Nilai-nilai&nbsp; Patut Patuh Patju menuju Kecamatan Labuapi SEHAT</p>\r\n</blockquote>\r\n\r\n<p><strong>MISI:</strong></p>\r\n\r\n<blockquote>\r\n<ol>\r\n\t<li>Meningkatkan derajat kesehatan masyarakat, melalui pemberdayaan masyarakat, untuk tercapainya kemandirian masyarakat di bidang kesehatan.</li>\r\n\t<li>Menyelenggarakan upaya pelayanan kesehatan yang paripurna, merata, bermutu dan berkeadilan</li>\r\n\t<li>Mengupayakan ketersediaan dan pemerataan sumber daya kesehatan di wilayah kerja Puskesmas</li>\r\n\t<li>Meningkatkan derajat kesehatan baik kesehatan individu, keluarga, masyarakat beserta lingkungannya</li>\r\n</ol>\r\n</blockquote>\r\n\r\n<p><strong>MOTTO PELAYANAN:</strong></p>\r\n\r\n<blockquote>\r\n<p>Melayani Sepenuh Hati</p>\r\n</blockquote>\r\n\r\n<p>&nbsp;</p>", "view_count": 533, "menu_id": 43, "admin_id": 50, "created_at": "2021-06-16T11:54:09.662Z", "updated_at": "2024-07-12T01:48:43.168Z", "is_edited": true}, "m2m": {"photo": []}}, {"condition": {"id": 1268}, "defaults": {"site_id": 46, "judul": "Tugas dan Fungsi", "isi_halaman": "<p>Tujuan yang ingin dicapai Puskesmas Labuapi dalam melaksanakan pelayanan dasar atau&nbsp; pelayanan publik yang mendasar dan mutlak untuk memenuhi kebutuhan dasar yang layak dalam kehidupan , yang tertuang dalam konsep standar pelayanan minimal (SPM) Puskesmas.Tujuan tersebut&nbsp; antara lain :</p>\r\n\r\n<ol>\r\n\t<li>Memberikan pelayanan kepada publik tanpa kecuali dalam bentuk , jenis, tingkat dan mutu pelayanan yang esensial dan sangat dibutuhkan oleh masyarakat</li>\r\n\t<li>Menjamin akses masyarakat untuk mendapatkan pelayanan dasar dengan kualitas, tanpa mengorbankan mutu, dan mempunyai dampak yang luas pada masyarakat (Positif Health Externality)</li>\r\n\t<li>Mewujudkan mutu lingkungan hidup yang lebih sehat pada masyarakat</li>\r\n\t<li>Memberdayakan individu, keluarga dan masyarakat agar mampu berperilaku hidup bersih dan sehat (PHBS)</li>\r\n\t<li>Meningkatkan peran aktif segala lapisan masyarakat untuk hidup sehat serta dapat mengatasi masalah kesehatan dasarnya sendiri</li>\r\n\t<li>Mengembangkan upaya kesehatan berbasis masyarakat (UKBM)</li>\r\n\t<li>Meningkatkan status gizi keluarga dan masyarakat</li>\r\n\t<li>Menjamin ketersediaan obat dan perbekalan kesehatan</li>\r\n\t<li>Meningkatkan upaya pencegahan dan pengendalian penyakit baik menular maupun tidak menular</li>\r\n\t<li>Memelihara dan memanfaatkan sarana dan prasarana kesehatan yang tersedia</li>\r\n\t<li>Menggalang dan meningkatkan kerjasama lintas program dan lintas sektoral.</li>\r\n</ol>\r\n\r\n<p>&nbsp;</p>", "view_count": 316, "menu_id": 44, "admin_id": 50, "created_at": "2021-06-17T08:47:45.205Z", "updated_at": "2024-07-11T04:45:22.378Z", "is_edited": true}, "m2m": {"photo": []}}, {"condition": {"id": 1269}, "defaults": {"site_id": 46, "judul": "Struktur Organisasi", "isi_halaman": "<p>Struktur Organisasi UPT Puskesmas Labuapi Telah disesuaikan dengan Permekes Nomor 43 Tahun 2019 Tentang Puskesmas</p>\r\n\r\n<p><img alt=\"\" src=\"http://puskesmaslabuapi-dikes.lombokbaratkab.go.id/media/struktur_EcJfBky.jpg\" style=\"height:300px; width:700px\" /></p>", "view_count": 847, "menu_id": 45, "admin_id": 50, "created_at": "2021-06-17T08:47:50.767Z", "updated_at": "2024-07-11T20:37:46.126Z", "is_edited": true}, "m2m": {"photo": [926]}}, {"condition": {"id": 1375}, "defaults": {"site_id": 46, "judul": "Layanan Puskesmas Labuapi", "isi_halaman": "<p><img alt=\"\" src=\"http://puskesmaslabuapi-dikes.lombokbaratkab.go.id/media/jadwal_layanan.jpg\" style=\"height:437px; width:300px\" /></p>", "view_count": 218, "menu_id": 325, "admin_id": 50, "created_at": "2021-06-20T00:50:39.872Z", "updated_at": "2024-07-09T01:09:38.653Z", "is_edited": true}, "m2m": {"photo": []}}, {"condition": {"id": 9178}, "defaults": {"site_id": 46, "judul": "Download Regulasi", "isi_halaman": "<p>Halaman ini memuat peraturan pemerintah yang berkaitan pelayanan Puskesmas Labuapi. Dokter, perawat, bidan, administrasi, ataupun Nakes lainnya serta masyarakat umum bisa mendownload di halaman ini:</p><p>1. Panduan Praktik Klinis 2022-baru bagi Dokter di FKTP (Puskesmas Labuapi) KMK HK.01.07/MENKES/1936/2022 <a href=\"https://puskesmaslabuapi-dikes.lombokbaratkab.go.id/media/Kepmenkes_nomor_HK.01.07_MENKES_1936_2022_-_PPK_Dokter_Des_2022.pdf\">download</a><br>2. Panduan Praktik Klinis 2022-lama bagi Dokter di FKTP (Puskesmas Labuapi) <span style=\"color:rgb(0,0,0);\">HK.01.07/MENKES/1186/2022 </span><a href=\"https://puskesmaslabuapi-dikes.lombokbaratkab.go.id/media/Kepmenkes_nomor_HK.01.07_MENKES_1186_2022_-_PPK_Dokter_Mei_2022.pdf\"><span style=\"color:rgb(0,0,0);\">download&nbsp;</span></a><br>3. Panduan Praktik Klinis Bagi Dokter Gigi Nomor HK.02.02/MENKES/62/2015 <a href=\"https://puskesmaslabuapi-dikes.lombokbaratkab.go.id/media/KMK_No._HK_.02_.02-MENKES-62-2015_Panduan_Praktik_Klinis_Dokter_Gigi.pdf\">download</a>.</p><p>4. Permenkes 43 Tahun 2019 tentang Puskesmas <a href=\"https://puskesmaslabuapi-dikes.lombokbaratkab.go.id/media/PMK_Nomor_43_tahun_2019_Tentang_Puskesmas.pdf\">download</a></p><p>&nbsp;</p><p>&nbsp;</p><p style=\"margin-left:40px;\">&nbsp;</p>", "view_count": 411, "menu_id": 1016, "admin_id": 50, "created_at": "2023-09-05T01:25:34.012Z", "updated_at": "2024-07-12T01:02:36.320Z", "is_edited": true}, "m2m": {"photo": []}}, {"condition": {"id": 50003}, "defaults": {"site_id": 46, "judul": "Puskesmas Pembantu (Pustu) & Pos Kesehatan Desa (Poskesdes)", "isi_halaman": "Informasi tentang \"Puskesmas Pembantu (Pustu) & Pos Kesehatan Desa (Poskesdes)\". Silahkan update di halaman <a target=\"_blank\" href=\"/dashboard/halaman-statis/\">Dashboard.<a><br><br><br><br>\"Halaman ini dibuat otomatis oleh sistem, karena halaman statis untuk menu ini belum dibuat. <br>Silahkan lakukan update di halaman statis.\"", "view_count": 1, "menu_id": 920, "admin_id": null, "created_at": "2024-06-11T16:28:46.671Z", "updated_at": "2024-06-11T16:28:48.301Z", "is_edited": false}, "m2m": {"photo": []}}, {"condition": {"id": 50013}, "defaults": {"site_id": 46, "judul": "Data Puskesmas", "isi_halaman": "Informasi tentang \"Data Puskesmas\". Silahkan update di halaman <a target=\"_blank\" href=\"/dashboard/halaman-statis/\">Dashboard.<a><br><br><br><br>\"Halaman ini dibuat otomatis oleh sistem, karena halaman statis untuk menu ini belum dibuat. <br>Silahkan lakukan update di halaman statis.\"", "view_count": 1, "menu_id": 791, "admin_id": null, "created_at": "2024-06-11T16:35:26.584Z", "updated_at": "2024-06-11T16:35:27.768Z", "is_edited": false}, "m2m": {"photo": []}}, {"condition": {"id": 50764}, "defaults": {"site_id": 46, "judul": "Surat Izin Apotik", "isi_halaman": "Informasi tentang \"Surat Izin Apotik\". Silahkan update di halaman <a target=\"_blank\" href=\"/dashboard/halaman-statis/\">Dashboard.<a><br><br><br><br>\"Halaman ini dibuat otomatis oleh sistem, karena halaman statis untuk menu ini belum dibuat. <br>Silahkan lakukan update di halaman statis.\"", "view_count": 2, "menu_id": 180, "admin_id": null, "created_at": "2024-06-21T09:13:23.603Z", "updated_at": "2024-07-06T08:41:58.329Z", "is_edited": false}, "m2m": {"photo": []}}, {"condition": {"id": 50788}, "defaults": {"site_id": 46, "judul": "Persetujuan Kesesuaian Kegiatan Pemanfaatan Ruang (Perizinan Dasar)", "isi_halaman": "Informasi tentang \"Persetujuan Kesesuaian Kegiatan Pemanfaatan Ruang (Perizinan Dasar)\". Silahkan update di halaman <a target=\"_blank\" href=\"/dashboard/halaman-statis/\">Dashboard.<a><br><br><br><br>\"Halaman ini dibuat otomatis oleh sistem, karena halaman statis untuk menu ini belum dibuat. <br>Silahkan lakukan update di halaman statis.\"", "view_count": 1, "menu_id": 230, "admin_id": null, "created_at": "2024-06-21T20:20:07.940Z", "updated_at": "2024-06-21T20:20:08.504Z", "is_edited": false}, "m2m": {"photo": []}}, {"condition": {"id": 50805}, "defaults": {"site_id": 46, "judul": "Jenis Layanan", "isi_halaman": "Informasi tentang \"Jenis Layanan\". Silahkan update di halaman <a target=\"_blank\" href=\"/dashboard/halaman-statis/\">Dashboard.<a><br><br><br><br>\"Halaman ini dibuat otomatis oleh sistem, karena halaman statis untuk menu ini belum dibuat. <br>Silahkan lakukan update di halaman statis.\"", "view_count": 15, "menu_id": 898, "admin_id": null, "created_at": "2024-06-22T00:56:59.941Z", "updated_at": "2024-07-08T18:25:06.873Z", "is_edited": false}, "m2m": {"photo": []}}, {"condition": {"id": 50831}, "defaults": {"site_id": 46, "judul": "Profil Pejabat Struktural", "isi_halaman": "Informasi tentang \"Profil Pejabat Struktural\". Silahkan update di halaman <a target=\"_blank\" href=\"/dashboard/halaman-statis/\">Dashboard.<a><br><br><br><br>\"Halaman ini dibuat otomatis oleh sistem, karena halaman statis untuk menu ini belum dibuat. <br>Silahkan lakukan update di halaman statis.\"", "view_count": 12, "menu_id": 1043, "admin_id": null, "created_at": "2024-06-22T07:07:02.706Z", "updated_at": "2024-07-08T01:17:30.202Z", "is_edited": false}, "m2m": {"photo": []}}, {"condition": {"id": 50876}, "defaults": {"site_id": 46, "judul": "Izin Tempat Penjualan Minuman Beralkohol", "isi_halaman": "Informasi tentang \"Izin Tempat Penjualan Minuman Beralkohol\". Silahkan update di halaman <a target=\"_blank\" href=\"/dashboard/halaman-statis/\">Dashboard.<a><br><br><br><br>\"Halaman ini dibuat otomatis oleh sistem, karena halaman statis untuk menu ini belum dibuat. <br>Silahkan lakukan update di halaman statis.\"", "view_count": 1, "menu_id": 174, "admin_id": null, "created_at": "2024-06-22T11:20:37.301Z", "updated_at": "2024-06-22T11:20:38.008Z", "is_edited": false}, "m2m": {"photo": []}}, {"condition": {"id": 50898}, "defaults": {"site_id": 46, "judul": "Maklumat Pelayanan", "isi_halaman": "Informasi tentang \"Maklumat Pelayanan\". Silahkan update di halaman <a target=\"_blank\" href=\"/dashboard/halaman-statis/\">Dashboard.<a><br><br><br><br>\"Halaman ini dibuat otomatis oleh sistem, karena halaman statis untuk menu ini belum dibuat. <br>Silahkan lakukan update di halaman statis.\"", "view_count": 12, "menu_id": 831, "admin_id": null, "created_at": "2024-06-22T20:48:44.733Z", "updated_at": "2024-07-07T18:56:47.896Z", "is_edited": false}, "m2m": {"photo": []}}, {"condition": {"id": 50928}, "defaults": {"site_id": 46, "judul": "Hubungi Kami", "isi_halaman": "Informasi tentang \"Hubungi Kami\". Silahkan update di halaman <a target=\"_blank\" href=\"/dashboard/halaman-statis/\">Dashboard.<a><br><br><br><br>\"Halaman ini dibuat otomatis oleh sistem, karena halaman statis untuk menu ini belum dibuat. <br>Silahkan lakukan update di halaman statis.\"", "view_count": 23, "menu_id": 41, "admin_id": null, "created_at": "2024-06-23T08:39:07.690Z", "updated_at": "2024-07-08T14:23:02.317Z", "is_edited": false}, "m2m": {"photo": []}}, {"condition": {"id": 50931}, "defaults": {"site_id": 46, "judul": "Izin Operasional Rumah Sakit", "isi_halaman": "Informasi tentang \"Izin Operasional Rumah Sakit\". Silahkan update di halaman <a target=\"_blank\" href=\"/dashboard/halaman-statis/\">Dashboard.<a><br><br><br><br>\"Halaman ini dibuat otomatis oleh sistem, karena halaman statis untuk menu ini belum dibuat. <br>Silahkan lakukan update di halaman statis.\"", "view_count": 1, "menu_id": 179, "admin_id": null, "created_at": "2024-06-23T12:50:19.162Z", "updated_at": "2024-06-23T12:50:19.630Z", "is_edited": false}, "m2m": {"photo": []}}, {"condition": {"id": 50936}, "defaults": {"site_id": 46, "judul": "Perizinan Berusaha Berbasis Resiko (Industri)", "isi_halaman": "Informasi tentang \"Perizinan Berusaha Berbasis Resiko (Industri)\". Silahkan update di halaman <a target=\"_blank\" href=\"/dashboard/halaman-statis/\">Dashboard.<a><br><br><br><br>\"Halaman ini dibuat otomatis oleh sistem, karena halaman statis untuk menu ini belum dibuat. <br>Silahkan lakukan update di halaman statis.\"", "view_count": 1, "menu_id": 171, "admin_id": null, "created_at": "2024-06-23T15:12:44.434Z", "updated_at": "2024-06-23T15:12:45.554Z", "is_edited": false}, "m2m": {"photo": []}}, {"condition": {"id": 50986}, "defaults": {"site_id": 46, "judul": "Izin Operasional Klinik", "isi_halaman": "Informasi tentang \"Izin Operasional Klinik\". Silahkan update di halaman <a target=\"_blank\" href=\"/dashboard/halaman-statis/\">Dashboard.<a><br><br><br><br>\"Halaman ini dibuat otomatis oleh sistem, karena halaman statis untuk menu ini belum dibuat. <br>Silahkan lakukan update di halaman statis.\"", "view_count": 1, "menu_id": 177, "admin_id": null, "created_at": "2024-06-25T15:35:44.222Z", "updated_at": "2024-06-25T15:35:45.155Z", "is_edited": false}, "m2m": {"photo": []}}, {"condition": {"id": 50994}, "defaults": {"site_id": 46, "judul": "Sektor Perhubungan", "isi_halaman": "Informasi tentang \"Sektor Perhubungan\". Silahkan update di halaman <a target=\"_blank\" href=\"/dashboard/halaman-statis/\">Dashboard.<a><br><br><br><br>\"Halaman ini dibuat otomatis oleh sistem, karena halaman statis untuk menu ini belum dibuat. <br>Silahkan lakukan update di halaman statis.\"", "view_count": 1, "menu_id": 168, "admin_id": null, "created_at": "2024-06-25T18:26:23.167Z", "updated_at": "2024-06-25T18:26:23.521Z", "is_edited": false}, "m2m": {"photo": []}}]