[{"condition": {"id": 2385}, "defaults": {"site_id": 58, "judul": "KELUARGA BESAR UPT BLUD PUSKESMAS PELANGAN", "isi_halaman": "<p><img alt=\"\" src=\"/media/uploads/puskesmaspelanganlobar/2021/09/30/13e59baa-772c-4aa1-aba4-486caadf80d8.jpg\" style=\"height:387px; width:580px\" /></p>", "view_count": 393, "menu_id": 42, "admin_id": 76, "created_at": "2021-08-20T04:54:48.173Z", "updated_at": "2024-07-08T18:05:48.587Z", "is_edited": true}, "m2m": {"photo": [1375]}}, {"condition": {"id": 2450}, "defaults": {"site_id": 58, "judul": "Kontak", "isi_halaman": "<p>1. Email puskesmas : <u><span style=\"color:#2980b9\">pus.pelangan</span><a href=\"mailto:uptbludpkmdasantapen@gamil.com\"><span style=\"color:#2980b9\">@gmail.com</span></a></u>&nbsp;oleh Ahmad Afandi, A.Md</p>\r\n\r\n<p>2. Melalui sms pengaduan pada nomor :</p>\r\n\r\n<p>&nbsp;&nbsp;&nbsp;&nbsp;a. Dokter Umum</p>\r\n\r\n<p>&nbsp;&nbsp;&nbsp;&nbsp;&nbsp; &nbsp; - dr Davin Cahyadi Pratama : 0818 5505 90</p>\r\n\r\n<p>&nbsp;&nbsp;&nbsp;&nbsp;&nbsp; &nbsp; - dr Dahliana Jessica Aristy&nbsp;: 0822 7281 8489</p>\r\n\r\n<p>&nbsp;&nbsp;&nbsp;&nbsp;b. Tata Usaha Unit Pelakasana Teknis Badan Layanan Umum&nbsp; Daerah Puskesmas Pelangan, Sri Suhartini, S.Keb&nbsp;No HP. 0818 0368 5995</p>\r\n\r\n<p>&nbsp;&nbsp;&nbsp;&nbsp;c. Bidan Koordinator Unit Pelakasana Teknis Badan Layanan Umum Daerah Puskesmas Pelangan&nbsp;oleh Fauziah, S.Keb No HP. 0878 6507 2050</p>\r\n\r\n<p>&nbsp;&nbsp;&nbsp;&nbsp;d. Koordinator Unit Gawat Darurat&nbsp; I Komang Sudibia, Amd,Kep, No HP. 0818 0526 0415</p>\r\n\r\n<p>3. Melalui WhatsApp : 0817 3700 70</p>\r\n\r\n<p>4.&nbsp;melaluai Fanspage Facebook: facebook.com/puskesmaspelangantangguh</p>", "view_count": 204, "menu_id": 41, "admin_id": 76, "created_at": "2021-08-26T05:32:17.554Z", "updated_at": "2023-01-23T21:22:43.122Z", "is_edited": true}, "m2m": {"photo": []}}, {"condition": {"id": 2456}, "defaults": {"site_id": 58, "judul": "Profil Pejabat Struktural", "isi_halaman": "<p>Nama &nbsp;&nbsp;&nbsp;&nbsp;&nbsp;&nbsp;&nbsp;&nbsp;&nbsp;&nbsp;&nbsp;&nbsp;&nbsp; &nbsp;: JASWADI, SKM,. M. Kes</p><p>NIP &nbsp; &nbsp; &nbsp; &nbsp;&nbsp;&nbsp;&nbsp;&nbsp;&nbsp;&nbsp;&nbsp;&nbsp;&nbsp;&nbsp;&nbsp; : 197911262010011008</p><p>Jabatan &nbsp; &nbsp; &nbsp; &nbsp; &nbsp;&nbsp;&nbsp;&nbsp;: Kepala Tata Usaha Puskesmas Pelangan</p><p>Golongan&nbsp; &nbsp; &nbsp; &nbsp; &nbsp;: Penata Muda Tingkat I/IIIb/01-04/2020</p>", "view_count": 530, "menu_id": 46, "admin_id": 76, "created_at": "2021-08-26T05:32:33.726Z", "updated_at": "2024-07-11T09:52:02.350Z", "is_edited": true}, "m2m": {"photo": [1374]}}, {"condition": {"id": 2750}, "defaults": {"site_id": 58, "judul": "Layanan Pengaduan", "isi_halaman": "<p>Nama&nbsp; &nbsp; &nbsp; &nbsp; &nbsp; &nbsp; : Ari Wiwit Widiatmanto, SKM</p>\r\n\r\n<p>No Kontak&nbsp; &nbsp; : 0812 3848 4929</p>", "view_count": 271, "menu_id": 410, "admin_id": 76, "created_at": "2021-09-30T23:14:13.924Z", "updated_at": "2024-07-06T19:50:36.166Z", "is_edited": true}, "m2m": {"photo": []}}, {"condition": {"id": 4072}, "defaults": {"site_id": 58, "judul": "VISI DAN MISI", "isi_halaman": "<p>VISI MISI<br>PUSKESMAS PELANGAN</p><p><br>&nbsp;</p><figure class=\"image image-style-align-center image_resized\" style=\"width:70.85%;\"><img src=\"/media/image_uZCqv3A.png\"></figure><p><br>&nbsp;</p>", "view_count": 478, "menu_id": 43, "admin_id": 76, "created_at": "2022-07-06T14:55:32.240Z", "updated_at": "2024-07-10T21:26:48.674Z", "is_edited": true}, "m2m": {"photo": []}}, {"condition": {"id": 4081}, "defaults": {"site_id": 58, "judul": "MAKLUMAT PELAYANAN", "isi_halaman": "<p>\"MAKLUMAT PELAYANAN\"</p><p><img class=\"image_resized\" style=\"width:77.08%;\" src=\"/media/uploads/puskesmaspelanganlobar/2022/07/28/3aeb85b0-8384-4596-95e8-2713bfb644cc_NPWVyWN.jpg\" alt=\"\"></p><p>&nbsp;</p>", "view_count": 458, "menu_id": 96, "admin_id": 76, "created_at": "2022-07-06T14:59:46.136Z", "updated_at": "2024-07-12T01:48:46.362Z", "is_edited": true}, "m2m": {"photo": []}}, {"condition": {"id": 4433}, "defaults": {"site_id": 58, "judul": "Motto", "isi_halaman": "<p>\"Motto\"<br><img class=\"image_resized\" style=\"width:959px;\" src=\"/media/uploads/puskesmaspelanganlobar/2022/07/28/3c91c27e-c92d-43c7-9e22-cc8cef33ea1d.jpg\" alt=\"\"></p>", "view_count": 1, "menu_id": 621, "admin_id": 76, "created_at": "2022-07-28T11:46:57.877Z", "updated_at": "2023-07-26T16:22:17.809Z", "is_edited": true}, "m2m": {"photo": []}}, {"condition": {"id": 4933}, "defaults": {"site_id": 58, "judul": "Hubungi Kami", "isi_halaman": "<p style=\"margin-left:0px;\"><strong>KONTAK :</strong></p><p style=\"margin-left:0px;\">No. Handphone. 1&nbsp; : 087865748429</p><p style=\"margin-left:0px;\">No. Handphone . 2 : 087857120612</p><p style=\"margin-left:0px;\">email&nbsp; &nbsp; &nbsp; &nbsp; &nbsp; &nbsp; &nbsp; &nbsp; &nbsp;: pus.pelangan@gmail.com</p><p style=\"margin-left:0px;\"><strong>OFFICIAL CHANNEL PUBLIC INFO :</strong></p><p style=\"margin-left:0px;\">Official Facebook&nbsp; &nbsp; &nbsp; &nbsp; &nbsp; &nbsp; &nbsp; &nbsp; : puskesmas pelangan</p><p style=\"margin-left:0px;\">Official Fanepage&nbsp; &nbsp; &nbsp; &nbsp; &nbsp; &nbsp; &nbsp; &nbsp; : Puskesmas Pelangan ber-IBADAH</p><p style=\"margin-left:0px;\">Official Youtube&nbsp; &nbsp; &nbsp; &nbsp; &nbsp; &nbsp; &nbsp; &nbsp; &nbsp; : puskesmas pelangan</p><p style=\"margin-left:0px;\">Official Instagram&nbsp;&nbsp;&nbsp;&nbsp;&nbsp;&nbsp;&nbsp;&nbsp;&nbsp;&nbsp;&nbsp;&nbsp;&nbsp;&nbsp; : puskesmaspelangan_beribadah</p><p style=\"margin-left:0px;\">Website&nbsp; &nbsp; &nbsp; &nbsp; &nbsp; &nbsp; &nbsp; &nbsp; &nbsp; &nbsp; &nbsp; &nbsp; &nbsp; &nbsp; &nbsp; :&nbsp;puskesmaspelangan-dikes.lombokbaratkab.go.id</p><p style=\"margin-left:0px;\">&nbsp;</p>", "view_count": 469, "menu_id": 41, "admin_id": 76, "created_at": "2023-02-14T20:20:24.008Z", "updated_at": "2024-07-08T22:00:43.288Z", "is_edited": true}, "m2m": {"photo": []}}, {"condition": {"id": 5318}, "defaults": {"site_id": 58, "judul": "Motto", "isi_halaman": "<p style=\"text-align:center;\"><strong>MOTTO LAYANAN</strong></p><p>&nbsp;</p><p>\u201cI B A D A H\u201c</p><p style=\"margin-left:14.2pt;\">I&nbsp;&nbsp; : IKHTIAR</p><p style=\"margin-left:14.2pt;\">B&nbsp; : BERKARYA</p><p style=\"margin-left:14.2pt;\">A&nbsp; : AMANAH</p><p style=\"margin-left:14.2pt;\">D&nbsp; : DISIPLIN</p><p style=\"margin-left:14.2pt;\">A&nbsp; : AKTIF</p><p style=\"margin-left:14.2pt;\">H&nbsp; : HARMONIS</p><p style=\"margin-left:14.2pt;\">&nbsp;</p><p style=\"margin-left:14.2pt;\">BUDAYA</p><p style=\"margin-left:14.2pt;\">\u201c3S\u201c</p><p style=\"margin-left:14.2pt;\">Senyum, Salam, Sapa</p>", "view_count": 401, "menu_id": 621, "admin_id": 76, "created_at": "2023-02-15T10:11:20.735Z", "updated_at": "2024-07-08T18:06:48.402Z", "is_edited": true}, "m2m": {"photo": [11990]}}, {"condition": {"id": 5847}, "defaults": {"site_id": 58, "judul": "RAWAT INAP", "isi_halaman": "<p style=\"text-align:justify;\"><img class=\"image_resized\" style=\"width:75.96%;\" src=\"/media/download%20(1).jpg\"> &nbsp; &nbsp; &nbsp; &nbsp; &nbsp; &nbsp; &nbsp; &nbsp; &nbsp; &nbsp; &nbsp; &nbsp; &nbsp; &nbsp; &nbsp; &nbsp; &nbsp; &nbsp; &nbsp; &nbsp; &nbsp; &nbsp; &nbsp; &nbsp; &nbsp; &nbsp; &nbsp; &nbsp; &nbsp; &nbsp; &nbsp; &nbsp; &nbsp; &nbsp; &nbsp; &nbsp; &nbsp; &nbsp; &nbsp; &nbsp; &nbsp;<strong>Pelayanan Rawat Inap</strong></p><p>No. SK: 440 / SK / III / VIII / 2022</p><h2 style=\"margin-left:calc(-.5 * var(--bs-gutter-x));\"><strong>Persyaratan</strong></h2><ol><li>1. Kartu Identitas (KK, KTP)</li><li>2. Kartu BPJS</li><li>3. Rekam Medis dan Status Pasien rawat inap</li></ol><h2 style=\"margin-left:calc(-.5 * var(--bs-gutter-x));\"><strong>Sistem, Mekanisme dan Prosedur</strong></h2><ol><li>1. Pasien datang diterima petugas / paramedis di UGD</li><li>2. Penderita diarahkan ke ruang triase untuk dilakukan penggolongan berdasarkan kegawatan</li><li>3. Penderita dibedakan menurut kegawatan dengan member kode warna : a. Hijau adalah warna untuk penderita tidak gawat darurat b. Kuning adalah warna untuk penderita yang darurat tidak gawat dan atau gawat tidak darurat c. Merah adalah warna untuk penderita gawat d. Hitam adalah warna untuk penderita yang telah meninggal dunia e. Penderita merupakan prioritas pelayanan dengan urutan warna : merah, kuning, hijau, hitam.</li><li>4. Di ruang triase dilakukan anamnesis</li><li>5. Penderita diperiksa dengan singkat oleh petugas medis</li><li>6. Penderita diperiksa dengan cepat untuk menentukan apakah pasien memerlukan Tindakan rawat inap</li><li>7. Keluarga mengisi data dan inform concent rawat inap</li><li>8. Pasien mendapatkan penatalaksanaan sesuai intruksi dokter disesuaikan dengan kondisi pasien dan hasil pemeriksaan.</li><li>9. Pasien diantar ke ruang rawat inap oleh petugas, setelah petugas melengkapi pencatatan rekammedis dan berkas.</li><li>10. Pasien rawat inap akan mendapatkan perawatan, pengobatan dan visite dokter.</li><li>11. Jika Selama Rawat inap ditemukan penyulit dan memerlukan penatalaksanaan lebih lanjut, maka pasien akan dilakukan rujukan ke RS sesuai dengan kondisi pasien dan ketentuan yang berlaku</li><li>12. Pasien diperbolehkan pulang jika sudah diberikan perseyujuan kepulangan oleh dokter</li><li>13. Pasien yang sudah boleh pulang diedukasi untuk control di rawat jalan setelah obatobat habis atau jika ada keluhan sesuai dengan kondisi pasien.</li></ol><h2 style=\"margin-left:calc(-.5 * var(--bs-gutter-x));\"><strong>Waktu Penyelesaian</strong></h2><p style=\"margin-left:calc(-.5 * var(--bs-gutter-x));\">&nbsp;</p><p style=\"margin-left:calc(-.5 * var(--bs-gutter-x));\">Waktu tanggap layanan sesuai kasus,&nbsp;Jam layanan rawat inap 24 jam.</p><h2 style=\"margin-left:calc(-.5 * var(--bs-gutter-x));\"><strong>Biaya / Tarif</strong></h2><p style=\"margin-left:calc(-.5 * var(--bs-gutter-x));\">Sesuai dengan <span style=\"background-color:rgb(255,255,255);color:rgb(24,28,50);\">Peraturan Bupati (PERBUP) Kabupaten Lombok Barat Nomor 11 Tahun 2018 tentang Perubahan Tarif Retribusi Pelayanan Kesehatan Pada Badan Layanan Umum Daerah Kabupaten Lombok Barat</span></p><h2 style=\"margin-left:calc(-.5 * var(--bs-gutter-x));\"><strong>Produk Pelayanan</strong></h2><p style=\"margin-left:calc(-.5 * var(--bs-gutter-x));\">Konsultasi dokter (Visitasi dokter), Rawat inap umum prosuk pelayanan asuhan keperawatan, Rawat Inap VK produk pelayanan asuhan kebidanan.</p><h2 style=\"margin-left:calc(-.5 * var(--bs-gutter-x));\"><strong>Pengaduan Pelayanan</strong></h2><p style=\"margin-left:calc(-.5 * var(--bs-gutter-x));\">&nbsp;</p><p style=\"margin-left:calc(-.5 * var(--bs-gutter-x));\">Lapak Aduan Puskesmas Pelangan telpon 087865748429, Whatsapp, SMS, (Instagram. puskesmaspelangan_beribadah) &nbsp;(Facebook.&nbsp;puskesmas pelangan) (Email. <a href=\"mailto:puskesmas1sokaraja@gmail.com\">pus.pelangan@gmail.com</a>.)&nbsp;Whatsapp 081805714141.</p><p><br>&nbsp;</p>", "view_count": 455, "menu_id": 959, "admin_id": 76, "created_at": "2023-02-16T16:50:16.554Z", "updated_at": "2024-07-10T19:27:06.166Z", "is_edited": true}, "m2m": {"photo": []}}, {"condition": {"id": 7316}, "defaults": {"site_id": 58, "judul": "UGD", "isi_halaman": "<p style=\"text-align:center;\"><strong>PELAYANAN UNIT GAWAT DARURAT (UGD)</strong></p><p>&nbsp;</p><p><span style=\"background-color:white;color:#574F63;\">Pelayanan Unit Gawat darurat (UGD) Puskesmas Pelangan melayani tindakan perawatan luka dan pasien yang membutuhkan penanganan darurat seperti terjatuh, kecelakaan lalu lintas, gigitan ular / serangga dan sebagainya. Waktu pelayanan UGD buka setiap hari selama 24 jam. &nbsp;</span></p><p>&nbsp;</p><p>&nbsp;</p><p>&nbsp;</p><p><span style=\"background-color:white;color:#574F63;\">Salam sehat..</span></p>", "view_count": 266, "menu_id": 961, "admin_id": 76, "created_at": "2023-05-25T01:50:09.524Z", "updated_at": "2024-07-08T16:12:34.030Z", "is_edited": true}, "m2m": {"photo": []}}, {"condition": {"id": 7579}, "defaults": {"site_id": 58, "judul": "Struktur Organisasi", "isi_halaman": "<p style=\"text-align:center;\"><strong>STRUKTUR ORGANISASI PUSKESMAS PELANGAN</strong></p><p style=\"text-align:center;\"><strong>Permenkes 43 tahun 2019</strong></p><p style=\"text-align:center;\">&nbsp;</p><p>Struktur Organisasi UPT Puskesmas Pelangan mempunyai susunan organisasi yang mengacu pada Permenkes 43 tahun 2019 terdiri dari :</p><ol><li>Pimpinan Puskesmas</li><li>Bagian Tata Usaha</li><li>Penanggung Jawab UKM Essensial dan keperawatan kes masyarakat, yang membawahi :</li></ol><ul style=\"list-style-type:disc;\"><li>Pelayanan Promosi Kesehatan</li><li>Pelayanan Kesehatan Lingkungan</li><li>Pelayanan Kesehatan Keluarga yang bersifat UKM</li><li>Pelayanan Gizi yang bersifat UKM</li><li>Pelayanan Keperawatan Kesehatan Masyarakat</li><li>Pelayanan Pencegahan dan Pengendalian Penyakit, terbagi atas :</li></ul><p>a. Program Ispa<br>b. Program Imunisasi<br>c. Program TB<br>d. Program Diare<br>e. Program DBD<br>f. Program Surveilans<br>g. Program Kusta<br>h. Program IMS<br>i. Program Penyakit Tidak Menular<br>j. Program Hepatitis<br>k. Program Penyakit Berbasis Binatang</p><p>4. Penanggung Jawab UKM Pengembangan, terdiri dari :</p><p>a. Pelayanan Kesehatan Jiwa<br>b. Pelayanan UKGM<br>c. Pelayanan Kesehatan Tradisional<br>d. Pelayanan Olahraga<br>e. Pelayanan Kesehatan Indera<br>f. Pelayanan Kesehatan Lansia<br>g. Pelayanan Kesehatan Kerja<br>h. Pelayanan SDIDTK<br>i. Pelayanan PKPR</p><p>5. Penanggung Jawab UKP kefarmasian dan Laboratorium, terdiri dari :</p><p>a. Pelayanan Pemeriksaan Umum<br>b. Pelayanan Gigi dan Mulut<br>c. Pelayanan Kesehatan KIA KB<br>d. Pelayanan Gawat Darurat<br>e. Pelayanan Gizi<br>f. Pelayanan Poned<br>g. Pelayanan Rawat Inap<br>h. Pelayanan MTBS<br>i. Pelayanan Imunisasi<br>j. Pelayanan Terpadu<br>k. Pelayanan Kesehatan Berkesinambungan<br>l. Pelayanan KIR Kesehatan<br>m. Pelayanan Rujukan</p><p>6. Penanggung Jawab Jaringan Pelayanan Puskesmas dan Jejaring Pelayanan Kesehatan, terdiri dari :</p><p>a. Pelayanan Puskesmas Pembantu<br>b. Pelayanan Puskesmas keliling<br>c. Pelayanan Polindes<br>d. Pelayanan Bidan Desa<br>e. Pelayanan Jejaring Fasilitas Pelayanan Kesehatan</p><p>7. Penanggung Jawab bangunan, prasarana, dan peralatan Puskesmas</p><p>8. Penanggung Jawab Mutu</p>", "view_count": 363, "menu_id": 45, "admin_id": 76, "created_at": "2023-05-29T10:16:27.892Z", "updated_at": "2024-07-08T18:05:11.420Z", "is_edited": true}, "m2m": {"photo": [11991]}}, {"condition": {"id": 7664}, "defaults": {"site_id": 58, "judul": "Lokasi", "isi_halaman": "<figure class=\"media\"><oembed url=\"https://goo.gl/maps/pjZmw7Qw3Fq4yyAa7\"></oembed></figure>", "view_count": 4, "menu_id": 41, "admin_id": 76, "created_at": "2023-05-30T13:04:51.718Z", "updated_at": "2023-07-26T18:31:21.353Z", "is_edited": true}, "m2m": {"photo": []}}, {"condition": {"id": 7715}, "defaults": {"site_id": 58, "judul": "Tugas dan Fungsi", "isi_halaman": "<p style=\"text-align:center;\">PENEMPATAN PETUGAS DAN PENANGGUNG JAWAB DI BAGIAN ADMINISTRASI MANAJEMEN, UNIT LAYANAN DAN PROGRAM&nbsp;UNIT PELAYANAN TEKNIS PUSKESMAS PELANGAN<img class=\"image_resized\" style=\"width:69.77%;\" src=\"/media/image_GJcJaBu.jpeg\"><img class=\"image_resized\" style=\"width:69.3%;\" src=\"/media/image_JmGrYfe.jpeg\"><img class=\"image_resized\" style=\"width:69.46%;\" src=\"/media/image_7kR3eWB.jpeg\"><img class=\"image_resized\" style=\"width:69.61%;\" src=\"/media/image_BIHb4zK.jpeg\"><img class=\"image_resized\" style=\"width:68.99%;\" src=\"/media/image_ZD2pJPK.jpeg\"><img class=\"image_resized\" style=\"width:68.99%;\" src=\"/media/image_UpKD4pa.jpeg\"><img class=\"image_resized\" style=\"width:68.53%;\" src=\"/media/image_ctRkbdm.jpeg\"><img class=\"image_resized\" style=\"width:68.22%;\" src=\"/media/image_pT6r8uO.jpeg\"></p>", "view_count": 314, "menu_id": 44, "admin_id": 76, "created_at": "2023-05-30T20:54:40.222Z", "updated_at": "2024-07-08T18:04:12.798Z", "is_edited": true}, "m2m": {"photo": []}}, {"condition": {"id": 49994}, "defaults": {"site_id": 58, "judul": "Jenis Layanan", "isi_halaman": "Informasi tentang \"Jenis Layanan\". Silahkan update di halaman <a target=\"_blank\" href=\"/dashboard/halaman-statis/\">Dashboard.<a><br><br><br><br>\"Halaman ini dibuat otomatis oleh sistem, karena halaman statis untuk menu ini belum dibuat. <br>Silahkan lakukan update di halaman statis.\"", "view_count": 15, "menu_id": 898, "admin_id": null, "created_at": "2024-06-11T16:25:25.592Z", "updated_at": "2024-07-07T03:04:41.206Z", "is_edited": false}, "m2m": {"photo": []}}, {"condition": {"id": 50002}, "defaults": {"site_id": 58, "judul": "Visi-Misi dan Motto Pelayanan", "isi_halaman": "Informasi tentang \"Visi-Misi dan Motto Pelayanan\". Silahkan update di halaman <a target=\"_blank\" href=\"/dashboard/halaman-statis/\">Dashboard.<a><br><br><br><br>\"Halaman ini dibuat otomatis oleh sistem, karena halaman statis untuk menu ini belum dibuat. <br>Silahkan lakukan update di halaman statis.\"", "view_count": 11, "menu_id": 97, "admin_id": null, "created_at": "2024-06-11T16:28:35.733Z", "updated_at": "2024-07-07T06:42:55.229Z", "is_edited": false}, "m2m": {"photo": []}}, {"condition": {"id": 50004}, "defaults": {"site_id": 58, "judul": "Penilaian Kinerja", "isi_halaman": "Informasi tentang \"Penilaian Kinerja\". Silahkan update di halaman <a target=\"_blank\" href=\"/dashboard/halaman-statis/\">Dashboard.<a><br><br><br><br>\"Halaman ini dibuat otomatis oleh sistem, karena halaman statis untuk menu ini belum dibuat. <br>Silahkan lakukan update di halaman statis.\"", "view_count": 4, "menu_id": 835, "admin_id": null, "created_at": "2024-06-11T16:28:59.853Z", "updated_at": "2024-06-25T04:16:31.890Z", "is_edited": false}, "m2m": {"photo": []}}, {"condition": {"id": 50005}, "defaults": {"site_id": 58, "judul": "VK / Persalinan", "isi_halaman": "Informasi tentang \"VK / Persalinan\". Silahkan update di halaman <a target=\"_blank\" href=\"/dashboard/halaman-statis/\">Dashboard.<a><br><br><br><br>\"Halaman ini dibuat otomatis oleh sistem, karena halaman statis untuk menu ini belum dibuat. <br>Silahkan lakukan update di halaman statis.\"", "view_count": 8, "menu_id": 962, "admin_id": null, "created_at": "2024-06-11T16:30:17.678Z", "updated_at": "2024-07-06T13:06:22.926Z", "is_edited": false}, "m2m": {"photo": []}}, {"condition": {"id": 50006}, "defaults": {"site_id": 58, "judul": "Sarana dan Prasarana Fasilitas", "isi_halaman": "Informasi tentang \"Sarana dan Prasarana Fasilitas\". Silahkan update di halaman <a target=\"_blank\" href=\"/dashboard/halaman-statis/\">Dashboard.<a><br><br><br><br>\"Halaman ini dibuat otomatis oleh sistem, karena halaman statis untuk menu ini belum dibuat. <br>Silahkan lakukan update di halaman statis.\"", "view_count": 9, "menu_id": 837, "admin_id": null, "created_at": "2024-06-11T16:30:59.128Z", "updated_at": "2024-07-08T18:04:02.387Z", "is_edited": false}, "m2m": {"photo": []}}, {"condition": {"id": 50007}, "defaults": {"site_id": 58, "judul": "Atribut", "isi_halaman": "Informasi tentang \"Atribut\". Silahkan update di halaman <a target=\"_blank\" href=\"/dashboard/halaman-statis/\">Dashboard.<a><br><br><br><br>\"Halaman ini dibuat otomatis oleh sistem, karena halaman statis untuk menu ini belum dibuat. <br>Silahkan lakukan update di halaman statis.\"", "view_count": 11, "menu_id": 836, "admin_id": null, "created_at": "2024-06-11T16:32:34.677Z", "updated_at": "2024-07-08T18:05:26.356Z", "is_edited": false}, "m2m": {"photo": []}}, {"condition": {"id": 50009}, "defaults": {"site_id": 58, "judul": "Pelayanan Khusus", "isi_halaman": "Informasi tentang \"Pelayanan Khusus\". Silahkan update di halaman <a target=\"_blank\" href=\"/dashboard/halaman-statis/\">Dashboard.<a><br><br><br><br>\"Halaman ini dibuat otomatis oleh sistem, karena halaman statis untuk menu ini belum dibuat. <br>Silahkan lakukan update di halaman statis.\"", "view_count": 8, "menu_id": 834, "admin_id": null, "created_at": "2024-06-11T16:33:03.687Z", "updated_at": "2024-07-08T18:05:03.630Z", "is_edited": false}, "m2m": {"photo": []}}, {"condition": {"id": 50010}, "defaults": {"site_id": 58, "judul": "Pelayanan Terpadu", "isi_halaman": "Informasi tentang \"Pelayanan Terpadu\". Silahkan update di halaman <a target=\"_blank\" href=\"/dashboard/halaman-statis/\">Dashboard.<a><br><br><br><br>\"Halaman ini dibuat otomatis oleh sistem, karena halaman statis untuk menu ini belum dibuat. <br>Silahkan lakukan update di halaman statis.\"", "view_count": 11, "menu_id": 838, "admin_id": null, "created_at": "2024-06-11T16:34:15.950Z", "updated_at": "2024-07-08T18:06:29.433Z", "is_edited": false}, "m2m": {"photo": []}}, {"condition": {"id": 50012}, "defaults": {"site_id": 58, "judul": "Jenis Pelayanan", "isi_halaman": "Informasi tentang \"Jenis Pelayanan\". Silahkan update di halaman <a target=\"_blank\" href=\"/dashboard/halaman-statis/\">Dashboard.<a><br><br><br><br>\"Halaman ini dibuat otomatis oleh sistem, karena halaman statis untuk menu ini belum dibuat. <br>Silahkan lakukan update di halaman statis.\"", "view_count": 10, "menu_id": 1021, "admin_id": null, "created_at": "2024-06-11T16:34:38.415Z", "updated_at": "2024-07-09T09:00:02.750Z", "is_edited": false}, "m2m": {"photo": []}}, {"condition": {"id": 50050}, "defaults": {"site_id": 58, "judul": "SK PENUNJUKAN PETUGAS PENGELOLA PENGADUAN", "isi_halaman": "Informasi tentang \"SK PENUNJUKAN PETUGAS PENGELOLA PENGADUAN\". Silahkan update di halaman <a target=\"_blank\" href=\"/dashboard/halaman-statis/\">Dashboard.<a><br><br><br><br>\"Halaman ini dibuat otomatis oleh sistem, karena halaman statis untuk menu ini belum dibuat. <br>Silahkan lakukan update di halaman statis.\"", "view_count": 10, "menu_id": 575, "admin_id": null, "created_at": "2024-06-11T17:18:08.047Z", "updated_at": "2024-07-08T18:05:24.980Z", "is_edited": false}, "m2m": {"photo": []}}, {"condition": {"id": 50060}, "defaults": {"site_id": 58, "judul": "UGD 24 Jam", "isi_halaman": "Informasi tentang \"UGD 24 Jam\". Silahkan update di halaman <a target=\"_blank\" href=\"/dashboard/halaman-statis/\">Dashboard.<a><br><br><br><br>\"Halaman ini dibuat otomatis oleh sistem, karena halaman statis untuk menu ini belum dibuat. <br>Silahkan lakukan update di halaman statis.\"", "view_count": 9, "menu_id": 960, "admin_id": null, "created_at": "2024-06-11T17:22:28.107Z", "updated_at": "2024-07-11T20:34:01.528Z", "is_edited": false}, "m2m": {"photo": []}}, {"condition": {"id": 50064}, "defaults": {"site_id": 58, "judul": "Rawat Jalan", "isi_halaman": "Informasi tentang \"Rawat Jalan\". Silahkan update di halaman <a target=\"_blank\" href=\"/dashboard/halaman-statis/\">Dashboard.<a><br><br><br><br>\"Halaman ini dibuat otomatis oleh sistem, karena halaman statis untuk menu ini belum dibuat. <br>Silahkan lakukan update di halaman statis.\"", "view_count": 7, "menu_id": 987, "admin_id": null, "created_at": "2024-06-11T17:43:07.107Z", "updated_at": "2024-07-06T21:42:29.768Z", "is_edited": false}, "m2m": {"photo": []}}, {"condition": {"id": 50820}, "defaults": {"site_id": 58, "judul": "Rekognisi", "isi_halaman": "Informasi tentang \"Rekognisi\". Silahkan update di halaman <a target=\"_blank\" href=\"/dashboard/halaman-statis/\">Dashboard.<a><br><br><br><br>\"Halaman ini dibuat otomatis oleh sistem, karena halaman statis untuk menu ini belum dibuat. <br>Silahkan lakukan update di halaman statis.\"", "view_count": 14, "menu_id": 839, "admin_id": null, "created_at": "2024-06-22T05:04:11.341Z", "updated_at": "2024-07-11T11:01:31.207Z", "is_edited": false}, "m2m": {"photo": []}}, {"condition": {"id": 50871}, "defaults": {"site_id": 58, "judul": "Mekanisme Pengaduan Online/Offline", "isi_halaman": "Informasi tentang \"Mekanisme Pengaduan Online/Offline\". Silahkan update di halaman <a target=\"_blank\" href=\"/dashboard/halaman-statis/\">Dashboard.<a><br><br><br><br>\"Halaman ini dibuat otomatis oleh sistem, karena halaman statis untuk menu ini belum dibuat. <br>Silahkan lakukan update di halaman statis.\"", "view_count": 2, "menu_id": 925, "admin_id": null, "created_at": "2024-06-22T10:17:14.093Z", "updated_at": "2024-07-08T18:05:38.762Z", "is_edited": false}, "m2m": {"photo": []}}, {"condition": {"id": 51086}, "defaults": {"site_id": 58, "judul": "Layanan Puskesmas Labuapi", "isi_halaman": "Informasi tentang \"Layanan Puskesmas Labuapi\". Silahkan update di halaman <a target=\"_blank\" href=\"/dashboard/halaman-statis/\">Dashboard.<a><br><br><br><br>\"Halaman ini dibuat otomatis oleh sistem, karena halaman statis untuk menu ini belum dibuat. <br>Silahkan lakukan update di halaman statis.\"", "view_count": 1, "menu_id": 325, "admin_id": null, "created_at": "2024-06-28T16:54:08.170Z", "updated_at": "2024-06-28T16:54:08.534Z", "is_edited": false}, "m2m": {"photo": []}}, {"condition": {"id": 51108}, "defaults": {"site_id": 58, "judul": "Penilaian kinerja", "isi_halaman": "Informasi tentang \"Penilaian kinerja\". Silahkan update di halaman <a target=\"_blank\" href=\"/dashboard/halaman-statis/\">Dashboard.<a><br><br><br><br>\"Halaman ini dibuat otomatis oleh sistem, karena halaman statis untuk menu ini belum dibuat. <br>Silahkan lakukan update di halaman statis.\"", "view_count": 4, "menu_id": 1086, "admin_id": null, "created_at": "2024-06-29T19:47:03.417Z", "updated_at": "2024-07-08T18:06:14.812Z", "is_edited": false}, "m2m": {"photo": []}}, {"condition": {"id": 51164}, "defaults": {"site_id": 58, "judul": "Jangka Waktu Respon Pengaduan", "isi_halaman": "Informasi tentang \"Jangka Waktu Respon Pengaduan\". Silahkan update di halaman <a target=\"_blank\" href=\"/dashboard/halaman-statis/\">Dashboard.<a><br><br><br><br>\"Halaman ini dibuat otomatis oleh sistem, karena halaman statis untuk menu ini belum dibuat. <br>Silahkan lakukan update di halaman statis.\"", "view_count": 2, "menu_id": 926, "admin_id": null, "created_at": "2024-07-03T17:12:15.821Z", "updated_at": "2024-07-08T18:04:23.298Z", "is_edited": false}, "m2m": {"photo": []}}, {"condition": {"id": 51247}, "defaults": {"site_id": 58, "judul": "Standar Pelayanan", "isi_halaman": "Informasi tentang \"Standar Pelayanan\". Silahkan update di halaman <a target=\"_blank\" href=\"/dashboard/halaman-statis/\">Dashboard.<a><br><br><br><br>\"Halaman ini dibuat otomatis oleh sistem, karena halaman statis untuk menu ini belum dibuat. <br>Silahkan lakukan update di halaman statis.\"", "view_count": 1, "menu_id": 1008, "admin_id": null, "created_at": "2024-07-08T18:04:47.430Z", "updated_at": "2024-07-08T18:04:48.230Z", "is_edited": false}, "m2m": {"photo": []}}, {"condition": {"id": 51248}, "defaults": {"site_id": 58, "judul": "UGD 24 Jam", "isi_halaman": "Informasi tentang \"UGD 24 Jam\". Silahkan update di halaman <a target=\"_blank\" href=\"/dashboard/halaman-statis/\">Dashboard.<a><br><br><br><br>\"Halaman ini dibuat otomatis oleh sistem, karena halaman statis untuk menu ini belum dibuat. <br>Silahkan lakukan update di halaman statis.\"", "view_count": 1, "menu_id": 387, "admin_id": null, "created_at": "2024-07-08T18:05:27.774Z", "updated_at": "2024-07-08T18:05:28.921Z", "is_edited": false}, "m2m": {"photo": []}}]