[{"condition": {"id": 2969}, "defaults": {"site_id": 51, "judul": "Nama Petugas Pengelola Pengaduan", "isi_halaman": "<p>Nama&nbsp; &nbsp;&nbsp;: ABHAN EFENDI</p>\r\n\r\n<p>Jabatan : Server IT Puskesmas</p>", "view_count": 31, "menu_id": 98, "admin_id": 69, "created_at": "2021-10-21T11:35:37.449Z", "updated_at": "2022-08-09T12:26:02.140Z", "is_edited": true}, "m2m": {"photo": [4046]}}, {"condition": {"id": 41756}, "defaults": {"site_id": 51, "judul": "Hubungi kami Puskesmas Banyumulek", "isi_halaman": "<p><a href=\"https://bio.link/puskesmas_banyumulek\">https://bio.link/puskesmas_banyumulek</a></p>", "view_count": 91, "menu_id": 41, "admin_id": 69, "created_at": "2024-03-14T00:48:50.811Z", "updated_at": "2024-07-10T05:00:35.931Z", "is_edited": true}, "m2m": {"photo": [16971]}}, {"condition": {"id": 50125}, "defaults": {"site_id": 51, "judul": "SK PENUNJUKAN PETUGAS PENGELOLA PENGADUAN", "isi_halaman": "Informasi tentang \"SK PENUNJUKAN PETUGAS PENGELOLA PENGADUAN\". Silahkan update di halaman <a target=\"_blank\" href=\"/dashboard/halaman-statis/\">Dashboard.<a><br><br><br><br>\"Halaman ini dibuat otomatis oleh sistem, karena halaman statis untuk menu ini belum dibuat. <br>Silahkan lakukan update di halaman statis.\"", "view_count": 10, "menu_id": 575, "admin_id": null, "created_at": "2024-06-12T07:15:19.463Z", "updated_at": "2024-07-09T12:54:47.721Z", "is_edited": false}, "m2m": {"photo": []}}, {"condition": {"id": 50740}, "defaults": {"site_id": 51, "judul": "TENTANG", "isi_halaman": "Informasi tentang \"TENTANG\". Silahkan update di halaman <a target=\"_blank\" href=\"/dashboard/halaman-statis/\">Dashboard.<a><br><br><br><br>\"Halaman ini dibuat otomatis oleh sistem, karena halaman statis untuk menu ini belum dibuat. <br>Silahkan lakukan update di halaman statis.\"", "view_count": 17, "menu_id": 527, "admin_id": null, "created_at": "2024-06-21T01:38:54.199Z", "updated_at": "2024-07-12T00:52:29.248Z", "is_edited": false}, "m2m": {"photo": []}}, {"condition": {"id": 50767}, "defaults": {"site_id": 51, "judul": "Sarana dan Prasarana Fasilitas", "isi_halaman": "Informasi tentang \"Sarana dan Prasarana Fasilitas\". Silahkan update di halaman <a target=\"_blank\" href=\"/dashboard/halaman-statis/\">Dashboard.<a><br><br><br><br>\"Halaman ini dibuat otomatis oleh sistem, karena halaman statis untuk menu ini belum dibuat. <br>Silahkan lakukan update di halaman statis.\"", "view_count": 10, "menu_id": 837, "admin_id": null, "created_at": "2024-06-21T09:29:27.980Z", "updated_at": "2024-07-09T12:55:08.103Z", "is_edited": false}, "m2m": {"photo": []}}, {"condition": {"id": 50773}, "defaults": {"site_id": 51, "judul": "Pelayanan Khusus", "isi_halaman": "Informasi tentang \"Pelayanan Khusus\". Silahkan update di halaman <a target=\"_blank\" href=\"/dashboard/halaman-statis/\">Dashboard.<a><br><br><br><br>\"Halaman ini dibuat otomatis oleh sistem, karena halaman statis untuk menu ini belum dibuat. <br>Silahkan lakukan update di halaman statis.\"", "view_count": 19, "menu_id": 834, "admin_id": null, "created_at": "2024-06-21T16:26:55.901Z", "updated_at": "2024-07-11T16:56:03.380Z", "is_edited": false}, "m2m": {"photo": []}}, {"condition": {"id": 50796}, "defaults": {"site_id": 51, "judul": "Maklumat Pelayanan", "isi_halaman": "Informasi tentang \"Maklumat Pelayanan\". Silahkan update di halaman <a target=\"_blank\" href=\"/dashboard/halaman-statis/\">Dashboard.<a><br><br><br><br>\"Halaman ini dibuat otomatis oleh sistem, karena halaman statis untuk menu ini belum dibuat. <br>Silahkan lakukan update di halaman statis.\"", "view_count": 13, "menu_id": 831, "admin_id": null, "created_at": "2024-06-21T22:45:55.006Z", "updated_at": "2024-07-10T04:59:29.274Z", "is_edited": false}, "m2m": {"photo": []}}, {"condition": {"id": 50801}, "defaults": {"site_id": 51, "judul": "Visi dan Misi", "isi_halaman": "Informasi tentang \"Visi dan Misi\". Silahkan update di halaman <a target=\"_blank\" href=\"/dashboard/halaman-statis/\">Dashboard.<a><br><br><br><br>\"Halaman ini dibuat otomatis oleh sistem, karena halaman statis untuk menu ini belum dibuat. <br>Silahkan lakukan update di halaman statis.\"", "view_count": 1, "menu_id": 1013, "admin_id": null, "created_at": "2024-06-22T00:18:02.758Z", "updated_at": "2024-06-22T00:18:03.187Z", "is_edited": false}, "m2m": {"photo": []}}, {"condition": {"id": 50832}, "defaults": {"site_id": 51, "judul": "Visi-Misi dan Motto Pelayanan", "isi_halaman": "Informasi tentang \"Visi-Misi dan Motto Pelayanan\". Silahkan update di halaman <a target=\"_blank\" href=\"/dashboard/halaman-statis/\">Dashboard.<a><br><br><br><br>\"Halaman ini dibuat otomatis oleh sistem, karena halaman statis untuk menu ini belum dibuat. <br>Silahkan lakukan update di halaman statis.\"", "view_count": 17, "menu_id": 97, "admin_id": null, "created_at": "2024-06-22T07:40:36.630Z", "updated_at": "2024-07-11T14:18:02.963Z", "is_edited": false}, "m2m": {"photo": []}}, {"condition": {"id": 50835}, "defaults": {"site_id": 51, "judul": "Penilaian Kinerja", "isi_halaman": "Informasi tentang \"Penilaian Kinerja\". Silahkan update di halaman <a target=\"_blank\" href=\"/dashboard/halaman-statis/\">Dashboard.<a><br><br><br><br>\"Halaman ini dibuat otomatis oleh sistem, karena halaman statis untuk menu ini belum dibuat. <br>Silahkan lakukan update di halaman statis.\"", "view_count": 3, "menu_id": 835, "admin_id": null, "created_at": "2024-06-22T08:23:34.409Z", "updated_at": "2024-06-24T06:42:16.490Z", "is_edited": false}, "m2m": {"photo": []}}, {"condition": {"id": 50840}, "defaults": {"site_id": 51, "judul": "Jenis Layanan", "isi_halaman": "Informasi tentang \"Jenis Layanan\". Silahkan update di halaman <a target=\"_blank\" href=\"/dashboard/halaman-statis/\">Dashboard.<a><br><br><br><br>\"Halaman ini dibuat otomatis oleh sistem, karena halaman statis untuk menu ini belum dibuat. <br>Silahkan lakukan update di halaman statis.\"", "view_count": 10, "menu_id": 898, "admin_id": null, "created_at": "2024-06-22T09:26:18.725Z", "updated_at": "2024-07-09T13:42:38.605Z", "is_edited": false}, "m2m": {"photo": []}}, {"condition": {"id": 50841}, "defaults": {"site_id": 51, "judul": "Rekognisi", "isi_halaman": "Informasi tentang \"Rekognisi\". Silahkan update di halaman <a target=\"_blank\" href=\"/dashboard/halaman-statis/\">Dashboard.<a><br><br><br><br>\"Halaman ini dibuat otomatis oleh sistem, karena halaman statis untuk menu ini belum dibuat. <br>Silahkan lakukan update di halaman statis.\"", "view_count": 8, "menu_id": 839, "admin_id": null, "created_at": "2024-06-22T09:28:30.668Z", "updated_at": "2024-07-09T12:55:23.399Z", "is_edited": false}, "m2m": {"photo": []}}, {"condition": {"id": 50843}, "defaults": {"site_id": 51, "judul": "Atribut", "isi_halaman": "Informasi tentang \"Atribut\". Silahkan update di halaman <a target=\"_blank\" href=\"/dashboard/halaman-statis/\">Dashboard.<a><br><br><br><br>\"Halaman ini dibuat otomatis oleh sistem, karena halaman statis untuk menu ini belum dibuat. <br>Silahkan lakukan update di halaman statis.\"", "view_count": 10, "menu_id": 836, "admin_id": null, "created_at": "2024-06-22T09:32:32.295Z", "updated_at": "2024-07-10T23:08:52.320Z", "is_edited": false}, "m2m": {"photo": []}}, {"condition": {"id": 50860}, "defaults": {"site_id": 51, "judul": "Pelayanan Terpadu", "isi_halaman": "Informasi tentang \"Pelayanan Terpadu\". Silahkan update di halaman <a target=\"_blank\" href=\"/dashboard/halaman-statis/\">Dashboard.<a><br><br><br><br>\"Halaman ini dibuat otomatis oleh sistem, karena halaman statis untuk menu ini belum dibuat. <br>Silahkan lakukan update di halaman statis.\"", "view_count": 8, "menu_id": 838, "admin_id": null, "created_at": "2024-06-22T09:58:21.046Z", "updated_at": "2024-07-09T13:43:00.703Z", "is_edited": false}, "m2m": {"photo": []}}, {"condition": {"id": 50945}, "defaults": {"site_id": 51, "judul": "Profil", "isi_halaman": "Informasi tentang \"Profil\". Silahkan update di halaman <a target=\"_blank\" href=\"/dashboard/halaman-statis/\">Dashboard.<a><br><br><br><br>\"Halaman ini dibuat otomatis oleh sistem, karena halaman statis untuk menu ini belum dibuat. <br>Silahkan lakukan update di halaman statis.\"", "view_count": 4, "menu_id": 789, "admin_id": null, "created_at": "2024-06-24T05:40:49.702Z", "updated_at": "2024-07-08T21:13:52.977Z", "is_edited": false}, "m2m": {"photo": []}}, {"condition": {"id": 50957}, "defaults": {"site_id": 51, "judul": "Struktur Organisasi", "isi_halaman": "Informasi tentang \"Struktur Organisasi\". Silahkan update di halaman <a target=\"_blank\" href=\"/dashboard/halaman-statis/\">Dashboard.<a><br><br><br><br>\"Halaman ini dibuat otomatis oleh sistem, karena halaman statis untuk menu ini belum dibuat. <br>Silahkan lakukan update di halaman statis.\"", "view_count": 2, "menu_id": 813, "admin_id": null, "created_at": "2024-06-24T20:42:49.366Z", "updated_at": "2024-07-07T05:18:27.906Z", "is_edited": false}, "m2m": {"photo": []}}, {"condition": {"id": 51019}, "defaults": {"site_id": 51, "judul": "Tugas dan Fungsi", "isi_halaman": "Informasi tentang \"Tugas dan Fungsi\". Silahkan update di halaman <a target=\"_blank\" href=\"/dashboard/halaman-statis/\">Dashboard.<a><br><br><br><br>\"Halaman ini dibuat otomatis oleh sistem, karena halaman statis untuk menu ini belum dibuat. <br>Silahkan lakukan update di halaman statis.\"", "view_count": 7, "menu_id": 812, "admin_id": null, "created_at": "2024-06-26T01:08:01.236Z", "updated_at": "2024-07-11T21:14:37.485Z", "is_edited": false}, "m2m": {"photo": []}}, {"condition": {"id": 51028}, "defaults": {"site_id": 51, "judul": "kios adminduk", "isi_halaman": "Informasi tentang \"kios adminduk\". Silahkan update di halaman <a target=\"_blank\" href=\"/dashboard/halaman-statis/\">Dashboard.<a><br><br><br><br>\"Halaman ini dibuat otomatis oleh sistem, karena halaman statis untuk menu ini belum dibuat. <br>Silahkan lakukan update di halaman statis.\"", "view_count": 6, "menu_id": 633, "admin_id": null, "created_at": "2024-06-26T12:32:18.114Z", "updated_at": "2024-07-10T05:01:07.030Z", "is_edited": false}, "m2m": {"photo": []}}, {"condition": {"id": 51039}, "defaults": {"site_id": 51, "judul": "Penilaian kinerja", "isi_halaman": "Informasi tentang \"Penilaian kinerja\". Silahkan update di halaman <a target=\"_blank\" href=\"/dashboard/halaman-statis/\">Dashboard.<a><br><br><br><br>\"Halaman ini dibuat otomatis oleh sistem, karena halaman statis untuk menu ini belum dibuat. <br>Silahkan lakukan update di halaman statis.\"", "view_count": 6, "menu_id": 1086, "admin_id": null, "created_at": "2024-06-26T22:49:52.002Z", "updated_at": "2024-07-09T12:54:57.717Z", "is_edited": false}, "m2m": {"photo": []}}, {"condition": {"id": 51048}, "defaults": {"site_id": 51, "judul": "E-Pasien", "isi_halaman": "Informasi tentang \"E-Pasien\". Silahkan update di halaman <a target=\"_blank\" href=\"/dashboard/halaman-statis/\">Dashboard.<a><br><br><br><br>\"Halaman ini dibuat otomatis oleh sistem, karena halaman statis untuk menu ini belum dibuat. <br>Silahkan lakukan update di halaman statis.\"", "view_count": 1, "menu_id": 330, "admin_id": null, "created_at": "2024-06-27T05:09:10.096Z", "updated_at": "2024-06-27T05:09:10.595Z", "is_edited": false}, "m2m": {"photo": []}}, {"condition": {"id": 51093}, "defaults": {"site_id": 51, "judul": "Photos", "isi_halaman": "Informasi tentang \"Photos\". Silahkan update di halaman <a target=\"_blank\" href=\"/dashboard/halaman-statis/\">Dashboard.<a><br><br><br><br>\"Halaman ini dibuat otomatis oleh sistem, karena halaman statis untuk menu ini belum dibuat. <br>Silahkan lakukan update di halaman statis.\"", "view_count": 1, "menu_id": 359, "admin_id": null, "created_at": "2024-06-29T00:27:06.431Z", "updated_at": "2024-06-29T00:27:06.797Z", "is_edited": false}, "m2m": {"photo": []}}, {"condition": {"id": 51103}, "defaults": {"site_id": 51, "judul": "Profil Pejabat Struktural", "isi_halaman": "Informasi tentang \"Profil Pejabat Struktural\". Silahkan update di halaman <a target=\"_blank\" href=\"/dashboard/halaman-statis/\">Dashboard.<a><br><br><br><br>\"Halaman ini dibuat otomatis oleh sistem, karena halaman statis untuk menu ini belum dibuat. <br>Silahkan lakukan update di halaman statis.\"", "view_count": 4, "menu_id": 1043, "admin_id": null, "created_at": "2024-06-29T16:44:34.863Z", "updated_at": "2024-07-10T05:01:05.749Z", "is_edited": false}, "m2m": {"photo": []}}]