[{"condition": {"id": 50126}, "defaults": {"site_id": 64, "judul": "Visi-Misi dan Motto Pelayanan", "isi_halaman": "Informasi tentang \"Visi-Misi dan Motto Pelayanan\". Silahkan update di halaman <a target=\"_blank\" href=\"/dashboard/halaman-statis/\">Dashboard.<a><br><br><br><br>\"Halaman ini dibuat otomatis oleh sistem, karena halaman statis untuk menu ini belum dibuat. <br>Silahkan lakukan update di halaman statis.\"", "view_count": 10, "menu_id": 97, "admin_id": null, "created_at": "2024-06-12T07:15:24.357Z", "updated_at": "2024-07-11T15:42:48.115Z", "is_edited": false}, "m2m": {"photo": []}}, {"condition": {"id": 50768}, "defaults": {"site_id": 64, "judul": "Tugas dan Fungsi", "isi_halaman": "Informasi tentang \"Tugas dan Fungsi\". Silahkan update di halaman <a target=\"_blank\" href=\"/dashboard/halaman-statis/\">Dashboard.<a><br><br><br><br>\"Halaman ini dibuat otomatis oleh sistem, karena halaman statis untuk menu ini belum dibuat. <br>Silahkan lakukan update di halaman statis.\"", "view_count": 7, "menu_id": 812, "admin_id": null, "created_at": "2024-06-21T09:34:26.055Z", "updated_at": "2024-07-10T22:48:48.719Z", "is_edited": false}, "m2m": {"photo": []}}, {"condition": {"id": 50845}, "defaults": {"site_id": 64, "judul": "Jenis Layanan", "isi_halaman": "Informasi tentang \"Jenis Layanan\". Silahkan update di halaman <a target=\"_blank\" href=\"/dashboard/halaman-statis/\">Dashboard.<a><br><br><br><br>\"Halaman ini dibuat otomatis oleh sistem, karena halaman statis untuk menu ini belum dibuat. <br>Silahkan lakukan update di halaman statis.\"", "view_count": 7, "menu_id": 898, "admin_id": null, "created_at": "2024-06-22T09:35:00.013Z", "updated_at": "2024-07-10T22:12:02.031Z", "is_edited": false}, "m2m": {"photo": []}}, {"condition": {"id": 50847}, "defaults": {"site_id": 64, "judul": "Hubungi Kami", "isi_halaman": "Informasi tentang \"Hubungi Kami\". Silahkan update di halaman <a target=\"_blank\" href=\"/dashboard/halaman-statis/\">Dashboard.<a><br><br><br><br>\"Halaman ini dibuat otomatis oleh sistem, karena halaman statis untuk menu ini belum dibuat. <br>Silahkan lakukan update di halaman statis.\"", "view_count": 7, "menu_id": 41, "admin_id": null, "created_at": "2024-06-22T09:36:01.063Z", "updated_at": "2024-07-10T21:59:57.295Z", "is_edited": false}, "m2m": {"photo": []}}, {"condition": {"id": 50850}, "defaults": {"site_id": 64, "judul": "Visi dan Misi", "isi_halaman": "Informasi tentang \"Visi dan Misi\". Silahkan update di halaman <a target=\"_blank\" href=\"/dashboard/halaman-statis/\">Dashboard.<a><br><br><br><br>\"Halaman ini dibuat otomatis oleh sistem, karena halaman statis untuk menu ini belum dibuat. <br>Silahkan lakukan update di halaman statis.\"", "view_count": 10, "menu_id": 1013, "admin_id": null, "created_at": "2024-06-22T09:39:19.836Z", "updated_at": "2024-07-11T16:11:03.159Z", "is_edited": false}, "m2m": {"photo": []}}, {"condition": {"id": 50852}, "defaults": {"site_id": 64, "judul": "Rekognisi", "isi_halaman": "Informasi tentang \"Rekognisi\". Silahkan update di halaman <a target=\"_blank\" href=\"/dashboard/halaman-statis/\">Dashboard.<a><br><br><br><br>\"Halaman ini dibuat otomatis oleh sistem, karena halaman statis untuk menu ini belum dibuat. <br>Silahkan lakukan update di halaman statis.\"", "view_count": 4, "menu_id": 839, "admin_id": null, "created_at": "2024-06-22T09:40:05.429Z", "updated_at": "2024-06-29T16:53:14.202Z", "is_edited": false}, "m2m": {"photo": []}}, {"condition": {"id": 50853}, "defaults": {"site_id": 64, "judul": "Penilaian Kinerja", "isi_halaman": "Informasi tentang \"Penilaian Kinerja\". Silahkan update di halaman <a target=\"_blank\" href=\"/dashboard/halaman-statis/\">Dashboard.<a><br><br><br><br>\"Halaman ini dibuat otomatis oleh sistem, karena halaman statis untuk menu ini belum dibuat. <br>Silahkan lakukan update di halaman statis.\"", "view_count": 3, "menu_id": 835, "admin_id": null, "created_at": "2024-06-22T09:40:54.211Z", "updated_at": "2024-06-24T13:20:32.785Z", "is_edited": false}, "m2m": {"photo": []}}, {"condition": {"id": 50854}, "defaults": {"site_id": 64, "judul": "Maklumat Pelayanan", "isi_halaman": "Informasi tentang \"Maklumat Pelayanan\". Silahkan update di halaman <a target=\"_blank\" href=\"/dashboard/halaman-statis/\">Dashboard.<a><br><br><br><br>\"Halaman ini dibuat otomatis oleh sistem, karena halaman statis untuk menu ini belum dibuat. <br>Silahkan lakukan update di halaman statis.\"", "view_count": 6, "menu_id": 831, "admin_id": null, "created_at": "2024-06-22T09:41:52.926Z", "updated_at": "2024-07-10T22:00:57.728Z", "is_edited": false}, "m2m": {"photo": []}}, {"condition": {"id": 50856}, "defaults": {"site_id": 64, "judul": "Atribut", "isi_halaman": "Informasi tentang \"Atribut\". Silahkan update di halaman <a target=\"_blank\" href=\"/dashboard/halaman-statis/\">Dashboard.<a><br><br><br><br>\"Halaman ini dibuat otomatis oleh sistem, karena halaman statis untuk menu ini belum dibuat. <br>Silahkan lakukan update di halaman statis.\"", "view_count": 5, "menu_id": 836, "admin_id": null, "created_at": "2024-06-22T09:42:34.644Z", "updated_at": "2024-06-29T07:41:34.111Z", "is_edited": false}, "m2m": {"photo": []}}, {"condition": {"id": 50857}, "defaults": {"site_id": 64, "judul": "TENTANG", "isi_halaman": "Informasi tentang \"TENTANG\". Silahkan update di halaman <a target=\"_blank\" href=\"/dashboard/halaman-statis/\">Dashboard.<a><br><br><br><br>\"Halaman ini dibuat otomatis oleh sistem, karena halaman statis untuk menu ini belum dibuat. <br>Silahkan lakukan update di halaman statis.\"", "view_count": 7, "menu_id": 527, "admin_id": null, "created_at": "2024-06-22T09:43:26.587Z", "updated_at": "2024-07-10T22:48:29.558Z", "is_edited": false}, "m2m": {"photo": []}}, {"condition": {"id": 50858}, "defaults": {"site_id": 64, "judul": "Profil Pejabat Struktural", "isi_halaman": "Informasi tentang \"Profil Pejabat Struktural\". Silahkan update di halaman <a target=\"_blank\" href=\"/dashboard/halaman-statis/\">Dashboard.<a><br><br><br><br>\"Halaman ini dibuat otomatis oleh sistem, karena halaman statis untuk menu ini belum dibuat. <br>Silahkan lakukan update di halaman statis.\"", "view_count": 10, "menu_id": 1043, "admin_id": null, "created_at": "2024-06-22T09:44:02.209Z", "updated_at": "2024-07-11T21:48:19.580Z", "is_edited": false}, "m2m": {"photo": []}}, {"condition": {"id": 50861}, "defaults": {"site_id": 64, "judul": "SK PENUNJUKAN PETUGAS PENGELOLA PENGADUAN", "isi_halaman": "Informasi tentang \"SK PENUNJUKAN PETUGAS PENGELOLA PENGADUAN\". Silahkan update di halaman <a target=\"_blank\" href=\"/dashboard/halaman-statis/\">Dashboard.<a><br><br><br><br>\"Halaman ini dibuat otomatis oleh sistem, karena halaman statis untuk menu ini belum dibuat. <br>Silahkan lakukan update di halaman statis.\"", "view_count": 5, "menu_id": 575, "admin_id": null, "created_at": "2024-06-22T09:59:56.953Z", "updated_at": "2024-07-08T11:35:02.757Z", "is_edited": false}, "m2m": {"photo": []}}, {"condition": {"id": 50863}, "defaults": {"site_id": 64, "judul": "Struktur Organisasi", "isi_halaman": "Informasi tentang \"Struktur Organisasi\". Silahkan update di halaman <a target=\"_blank\" href=\"/dashboard/halaman-statis/\">Dashboard.<a><br><br><br><br>\"Halaman ini dibuat otomatis oleh sistem, karena halaman statis untuk menu ini belum dibuat. <br>Silahkan lakukan update di halaman statis.\"", "view_count": 11, "menu_id": 813, "admin_id": null, "created_at": "2024-06-22T10:01:24.228Z", "updated_at": "2024-07-10T22:48:54.591Z", "is_edited": false}, "m2m": {"photo": []}}, {"condition": {"id": 50865}, "defaults": {"site_id": 64, "judul": "Pelayanan Khusus", "isi_halaman": "Informasi tentang \"Pelayanan Khusus\". Silahkan update di halaman <a target=\"_blank\" href=\"/dashboard/halaman-statis/\">Dashboard.<a><br><br><br><br>\"Halaman ini dibuat otomatis oleh sistem, karena halaman statis untuk menu ini belum dibuat. <br>Silahkan lakukan update di halaman statis.\"", "view_count": 7, "menu_id": 834, "admin_id": null, "created_at": "2024-06-22T10:02:11.381Z", "updated_at": "2024-07-08T02:43:41.943Z", "is_edited": false}, "m2m": {"photo": []}}, {"condition": {"id": 50866}, "defaults": {"site_id": 64, "judul": "Pelayanan Terpadu", "isi_halaman": "Informasi tentang \"Pelayanan Terpadu\". Silahkan update di halaman <a target=\"_blank\" href=\"/dashboard/halaman-statis/\">Dashboard.<a><br><br><br><br>\"Halaman ini dibuat otomatis oleh sistem, karena halaman statis untuk menu ini belum dibuat. <br>Silahkan lakukan update di halaman statis.\"", "view_count": 11, "menu_id": 838, "admin_id": null, "created_at": "2024-06-22T10:02:57.304Z", "updated_at": "2024-07-11T18:31:24.921Z", "is_edited": false}, "m2m": {"photo": []}}, {"condition": {"id": 50896}, "defaults": {"site_id": 64, "judul": "Kecamatan Batulayar", "isi_halaman": "Informasi tentang \"Kecamatan Batulayar\". Silahkan update di halaman <a target=\"_blank\" href=\"/dashboard/halaman-statis/\">Dashboard.<a><br><br><br><br>\"Halaman ini dibuat otomatis oleh sistem, karena halaman statis untuk menu ini belum dibuat. <br>Silahkan lakukan update di halaman statis.\"", "view_count": 2, "menu_id": 475, "admin_id": null, "created_at": "2024-06-22T20:42:02.652Z", "updated_at": "2024-06-29T19:09:53.040Z", "is_edited": false}, "m2m": {"photo": []}}, {"condition": {"id": 50970}, "defaults": {"site_id": 64, "judul": "Sarana dan Prasarana Fasilitas", "isi_halaman": "Informasi tentang \"Sarana dan Prasarana Fasilitas\". Silahkan update di halaman <a target=\"_blank\" href=\"/dashboard/halaman-statis/\">Dashboard.<a><br><br><br><br>\"Halaman ini dibuat otomatis oleh sistem, karena halaman statis untuk menu ini belum dibuat. <br>Silahkan lakukan update di halaman statis.\"", "view_count": 6, "menu_id": 837, "admin_id": null, "created_at": "2024-06-25T04:51:38.006Z", "updated_at": "2024-07-06T06:49:25.306Z", "is_edited": false}, "m2m": {"photo": []}}, {"condition": {"id": 51004}, "defaults": {"site_id": 64, "judul": "Penilaian kinerja", "isi_halaman": "Informasi tentang \"Penilaian kinerja\". Silahkan update di halaman <a target=\"_blank\" href=\"/dashboard/halaman-statis/\">Dashboard.<a><br><br><br><br>\"Halaman ini dibuat otomatis oleh sistem, karena halaman statis untuk menu ini belum dibuat. <br>Silahkan lakukan update di halaman statis.\"", "view_count": 4, "menu_id": 1086, "admin_id": null, "created_at": "2024-06-25T21:48:08.112Z", "updated_at": "2024-07-02T10:49:39.427Z", "is_edited": false}, "m2m": {"photo": []}}]