[{"condition": {"id": 2034}, "defaults": {"site_id": 57, "judul": "Sarana dan Prasarana Fasilitas", "isi_halaman": "<p style=\"list-style-type:none\"><strong>Sarana</strong></p>\r\n\r\n<p style=\"list-style-type:none\"><span style=\"font-family:&quot;Times New Roman&quot;\"><span style=\"font-size:12,0000pt\"><span style=\"font-family:'Times New Roman'\">1. Sarana Kesehatan</span></span></span></p>\r\n\r\n<ol>\r\n\t<li style=\"list-style-type:none\">&nbsp;</li>\r\n</ol>\r\n\r\n<p style=\"text-align:justify\"><span style=\"font-family:&quot;Times New Roman&quot;\"><span style=\"font-size:12,0000pt\"><span style=\"font-family:'Times New Roman'\">Puskesmas Meninting merupakan </span></span><span style=\"font-size:12,0000pt\"><span style=\"font-family:'Times New Roman'\">P</span></span><span style=\"font-size:12,0000pt\"><span style=\"font-family:'Times New Roman'\">uskesmas non perawatan dengan pelayanan UGD dan persalinan 24 jam.</span></span>&nbsp;<span style=\"font-size:12,0000pt\"><span style=\"font-family:'Times New Roman'\">Sarana lain yang berada di wilayah </span></span><span style=\"font-size:12,0000pt\"><span style=\"font-family:'Times New Roman'\">Puskesmas Meninting</span></span>&nbsp;<span style=\"font-size:12,0000pt\"><span style=\"font-family:'Times New Roman'\">dapat dilihat pada tabel berikut.</span></span></span></p>\r\n\r\n<p style=\"text-align:justify\"><span style=\"font-family:&quot;Times New Roman&quot;\"><span style=\"font-size:12,0000pt\"><span style=\"font-family:'Times New Roman'\">Puskesmas </span></span><span style=\"font-size:12,0000pt\"><span style=\"font-family:'Times New Roman'\">p</span></span><span style=\"font-size:12,0000pt\"><span style=\"font-family:'Times New Roman'\">embantu berjumlah 3 buah yang berada di </span></span><span style=\"font-size:12,0000pt\"><span style=\"font-family:'Times New Roman'\">D</span></span><span style=\"font-size:12,0000pt\"><span style=\"font-family:'Times New Roman'\">esa Sandik</span></span><span style=\"font-size:12,0000pt\"><span style=\"font-family:'Times New Roman'\">&nbsp;(Pustu Sandik)</span></span><span style=\"font-size:12,0000pt\"><span style=\"font-family:'Times New Roman'\">, </span></span><span style=\"font-size:12,0000pt\"><span style=\"font-family:'Times New Roman'\">D</span></span><span style=\"font-size:12,0000pt\"><span style=\"font-family:'Times New Roman'\">esa Batulayar (Pustu Teloke) dan </span></span><span style=\"font-size:12,0000pt\"><span style=\"font-family:'Times New Roman'\">D</span></span><span style=\"font-size:12,0000pt\"><span style=\"font-family:'Times New Roman'\">esa Senggigi (Pustu Senggigi / Medical Centre). Seluruh desa di wilayah kerja Puskesmas Meninting (9 desa) telah memiliki bidan desa, </span></span><span style=\"font-size:12,0000pt\"><span style=\"font-family:'Times New Roman'\">D</span></span><span style=\"font-size:12,0000pt\"><span style=\"font-family:'Times New Roman'\">esa Sandik memiliki </span></span><span style=\"font-size:12,0000pt\"><span style=\"font-family:'Times New Roman'\">2</span></span><span style=\"font-size:12,0000pt\"><span style=\"font-family:'Times New Roman'\">&nbsp;bidan</span></span><span style=\"font-size:12,0000pt\"><span style=\"font-family:'Times New Roman'\">&nbsp;di setiap</span></span><span style=\"font-size:12,0000pt\"><span style=\"font-family:'Times New Roman'\">&nbsp;desa. Tetapi bang</span></span><span style=\"font-size:12,0000pt\"><span style=\"font-family:'Times New Roman'\">u</span></span><span style=\"font-size:12,0000pt\"><span style=\"font-family:'Times New Roman'\">nan </span></span><span style=\"font-size:12,0000pt\"><span style=\"font-family:'Times New Roman'\">P</span></span><span style=\"font-size:12,0000pt\"><span style=\"font-family:'Times New Roman'\">oskesdes yang ada sebanyak 7 unit. Semua </span></span><span style=\"font-size:12,0000pt\"><span style=\"font-family:'Times New Roman'\">P</span></span><span style=\"font-size:12,0000pt\"><span style=\"font-family:'Times New Roman'\">oskesdes </span></span><span style=\"font-size:12,0000pt\"><span style=\"font-family:'Times New Roman'\">yang ada berfungsi dan </span></span><span style=\"font-size:12,0000pt\"><span style=\"font-family:'Times New Roman'\">&nbsp;beroperasi </span></span><span style=\"font-size:12,0000pt\"><span style=\"font-family:'Times New Roman'\">dengan baik serta</span></span><span style=\"font-size:12,0000pt\"><span style=\"font-family:'Times New Roman'\">&nbsp;ditempati oleh bidan desa. Sedangkan Poskesdes Desa Batulayar Barat yang sudah dibangun dan mulai berfungsi sampai pada pertengahan bulan Juni 2014, saat ini bangunan tersebut tidak dapat difungsikan lagi karena telah dirobohkan (merupakan tanah sengketa) sehingga Bidan </span></span><span style=\"font-size:12,0000pt\"><span style=\"font-family:'Times New Roman'\">d</span></span><span style=\"font-size:12,0000pt\"><span style=\"font-family:'Times New Roman'\">esanya sementara masih memberikan pelayanan di </span></span><span style=\"font-size:12,0000pt\"><span style=\"font-family:'Times New Roman'\">Kantor Desa</span></span><span style=\"font-size:12,0000pt\"><span style=\"font-family:'Times New Roman'\">. </span></span><span style=\"font-size:12,0000pt\"><span style=\"font-family:'Times New Roman'\">Desa </span></span><span style=\"font-size:12,0000pt\"><span style=\"font-family:'Times New Roman'\">Meninting belum memiliki bangunan poskesdes tetapi bidan desa tinggal </span></span><span style=\"font-size:12,0000pt\"><span style=\"font-family:'Times New Roman'\">di desa dan </span></span><span style=\"font-size:12,0000pt\"><span style=\"font-family:'Times New Roman'\">memberikan pelayanan </span></span><span style=\"font-size:12,0000pt\"><span style=\"font-family:'Times New Roman'\">sementara masih di Kantor Desa</span></span><span style=\"font-size:12,0000pt\"><span style=\"font-family:'Times New Roman'\">. </span></span><span style=\"font-size:12,0000pt\"><span style=\"font-family:'Times New Roman'\">Selain kedua Desa tersebut poskesdes Senteluk juga dalam keadaan rusak berat sehingga pelayanan dilakukan dipuskesmas dan di posyandu.</span></span></span></p>\r\n\r\n<p style=\"text-align:justify\"><span style=\"font-family:&quot;Times New Roman&quot;\"><span style=\"font-size:12,0000pt\"><span style=\"font-family:'Times New Roman'\">Seluruh dusun telah mempunyai posyandu. Sarana kesehatan lain adalah klinik swasta sebanyak </span></span><span style=\"font-size:12,0000pt\"><span style=\"font-family:'Times New Roman'\">2 </span></span><span style=\"font-size:12,0000pt\"><span style=\"font-family:'Times New Roman'\">unit dan dokter praktek swasta sebanyak </span></span><span style=\"font-size:12,0000pt\"><span style=\"font-family:'Times New Roman'\">4 </span></span><span style=\"font-size:12,0000pt\"><span style=\"font-family:'Times New Roman'\">&nbsp;orang.</span></span></span></p>\r\n\r\n<p style=\"list-style-type:none\">\u200b\u200b\u200b\u200b\u200b\u200b\u200b2.&nbsp;<span style=\"font-family:&quot;Times New Roman&quot;\"><span style=\"font-size:12,0000pt\"><span style=\"font-family:'Times New Roman'\">Sarana Pendidikan</span></span></span></p>\r\n\r\n<p style=\"text-align:justify\"><span style=\"font-family:&quot;Times New Roman&quot;\"><span style=\"font-size:12,0000pt\"><span style=\"font-family:'Times New Roman'\">Sarana pendidikan yang ada di wilayah kerja Puskesmas Meninting adalah sebagai berikut : Sekolah Dasar : 2</span></span><span style=\"font-size:12,0000pt\"><span style=\"font-family:'Times New Roman'\">7</span></span><span style=\"font-size:12,0000pt\"><span style=\"font-family:'Times New Roman'\">&nbsp;sekolah, MI : </span></span><span style=\"font-size:12,0000pt\"><span style=\"font-family:'Times New Roman'\">6,</span></span><span style=\"font-size:12,0000pt\"><span style=\"font-family:'Times New Roman'\">&nbsp;sekolah, S</span></span><span style=\"font-size:12,0000pt\"><span style=\"font-family:'Times New Roman'\">MP</span></span><span style=\"font-size:12,0000pt\"><span style=\"font-family:'Times New Roman'\">&nbsp;: </span></span><span style=\"font-size:12,0000pt\"><span style=\"font-family:'Times New Roman'\">3</span></span><span style=\"font-size:12,0000pt\"><span style=\"font-family:'Times New Roman'\">&nbsp;&nbsp;sekolah, MTs : </span></span><span style=\"font-size:12,0000pt\"><span style=\"font-family:'Times New Roman'\">&nbsp;6</span></span><span style=\"font-size:12,0000pt\"><span style=\"font-family:'Times New Roman'\">&nbsp;&nbsp;sekolah, SMK : </span></span><span style=\"font-size:12,0000pt\"><span style=\"font-family:'Times New Roman'\">1</span></span><span style=\"font-size:12,0000pt\"><span style=\"font-family:'Times New Roman'\">&nbsp;sekolah, SMU : </span></span><span style=\"font-size:12,0000pt\"><span style=\"font-family:'Times New Roman'\">3</span></span><span style=\"font-size:12,0000pt\"><span style=\"font-family:'Times New Roman'\">&nbsp;sekolah, MA : </span></span><span style=\"font-size:12,0000pt\"><span style=\"font-family:'Times New Roman'\">5</span></span><span style=\"font-size:12,0000pt\"><span style=\"font-family:'Times New Roman'\">&nbsp;sekolah dan Pondok Pesantren : </span></span><span style=\"font-size:12,0000pt\"><span style=\"font-family:'Times New Roman'\">3 </span></span><span style=\"font-size:12,0000pt\"><span style=\"font-family:'Times New Roman'\">pondok. Selain itu terdapat 25 TK/ PAUD.</span></span></span></p>", "view_count": 350, "menu_id": 102, "admin_id": 75, "created_at": "2021-08-14T17:48:25.313Z", "updated_at": "2024-07-10T19:24:45.726Z", "is_edited": true}, "m2m": {"photo": [11346, 11347, 11348]}}, {"condition": {"id": 2314}, "defaults": {"site_id": 57, "judul": "Maklumat Pelayanan", "isi_halaman": "<p>MAKLUMAT PELAYANAN PUSKESMAS MENINTING</p>", "view_count": 340, "menu_id": 96, "admin_id": 75, "created_at": "2021-08-18T16:20:39.427Z", "updated_at": "2024-07-11T02:45:09.573Z", "is_edited": true}, "m2m": {"photo": [10909]}}, {"condition": {"id": 2356}, "defaults": {"site_id": 57, "judul": "Visi dan Misi", "isi_halaman": "<p><strong><span style=\"font-size:12,0000pt\"><span style=\"font-family:'Times New Roman'\">Visi</span></span> <span style=\"font-size:12,0000pt\"><span style=\"font-family:'Times New Roman'\">: </span></span></strong></p>\r\n\r\n<p style=\"text-align:justify\"><span style=\"font-size:12,0000pt\"><span style=\"font-family:'Times New Roman'\"><span style=\"font-family:Times New Roman,Times,serif\">&ldquo;Terwujudnya masyarakat Kecamatan Batulayar </span></span></span><span style=\"font-size:12,0000pt\"><span style=\"font-family:'Times New Roman'\">y</span></span><span style=\"font-size:12,0000pt\"><span style=\"font-family:'Times New Roman'\">ang </span></span><span style=\"font-size:12,0000pt\"><span style=\"font-family:'Times New Roman'\">m</span></span><span style=\"font-size:12,0000pt\"><span style=\"font-family:'Times New Roman'\">andiri </span></span><span style=\"font-size:12,0000pt\"><span style=\"font-family:'Times New Roman'\">u</span></span><span style=\"font-size:12,0000pt\"><span style=\"font-family:'Times New Roman'\">ntuk </span></span><span style=\"font-size:12,0000pt\"><span style=\"font-family:'Times New Roman'\">h</span></span><span style=\"font-size:12,0000pt\"><span style=\"font-family:'Times New Roman'\">idup </span></span><span style=\"font-size:12,0000pt\"><span style=\"font-family:'Times New Roman'\">s</span></span><span style=\"font-size:12,0000pt\"><span style=\"font-family:'Times New Roman'\">ehat</span></span><span style=\"font-size:12,0000pt\"><span style=\"font-family:'Times New Roman'\"><span style=\"font-family:Times New Roman,Times,serif\">&rdquo;</span></span></span></p>\r\n\r\n<p><strong><span style=\"font-size:12,0000pt\"><span style=\"font-family:'Times New Roman'\">Misi</span></span> <span style=\"font-size:12,0000pt\"><span style=\"font-family:'Times New Roman'\">:</span></span></strong></p>\r\n\r\n<ol>\r\n\t<li style=\"text-align: justify;\"><span style=\"font-family:&quot;Comic Sans MS&quot;\"><span style=\"font-size:12,0000pt\"><span style=\"font-family:'Times New Roman'\">Menggerakkan</span></span><span style=\"font-size:12,0000pt\"><span style=\"font-family:'Times New Roman'\">&nbsp;dan meningkatkan peran serta masyarakat dan lintas sektor dalam mendukung pembangunan yang berwawasan kesehatan</span></span></span>&nbsp;<span style=\"font-family:&quot;Comic Sans MS&quot;\"><span style=\"font-size:12,0000pt\"><span style=\"font-family:'Times New Roman'\">Yaitu pembangunan </span></span><span style=\"font-size:12,0000pt\"><span style=\"font-family:'Times New Roman'\">yang berwawasan </span></span><span style=\"font-size:12,0000pt\"><span style=\"font-family:'Times New Roman'\">kesehatan</span></span><span style=\"font-size:12,0000pt\"><span style=\"font-family:'Times New Roman'\">&nbsp;memerlukan </span></span><span style=\"font-size:12,0000pt\"><span style=\"font-family:'Times New Roman'\">&nbsp;dukungan dari semua pihak</span></span><span style=\"font-size:12,0000pt\"><span style=\"font-family:'Times New Roman'\">&nbsp;baik </span></span><span style=\"font-size:12,0000pt\"><span style=\"font-family:'Times New Roman'\">&nbsp;lintas sektor </span></span><span style=\"font-size:12,0000pt\"><span style=\"font-family:'Times New Roman'\">maupun</span></span><span style=\"font-size:12,0000pt\"><span style=\"font-family:'Times New Roman'\">&nbsp;masyarakat secara umum</span></span></span></li>\r\n\t<li style=\"text-align:justify\"><span style=\"font-family:Cambria\"><span style=\"font-size:12,0000pt\"><span style=\"font-family:'Times New Roman'\">Mendorong dan m</span></span><span style=\"font-size:12,0000pt\"><span style=\"font-family:'Times New Roman'\">en</span></span><span style=\"font-size:12,0000pt\"><span style=\"font-family:'Times New Roman'\">ingkat</span></span><span style=\"font-size:12,0000pt\"><span style=\"font-family:'Times New Roman'\">kan</span></span><span style=\"font-size:12,0000pt\"><span style=\"font-family:'Times New Roman'\">&nbsp;kemandirian masyarakat dalam bidang kesehatan serta berperlaku hidup bersih dan sehat&nbsp;</span></span></span><span style=\"font-family:Cambria\"><span style=\"font-size:12,0000pt\"><span style=\"font-family:'Times New Roman'\">Yaitu </span></span><span style=\"font-size:12,0000pt\"><span style=\"font-family:'Times New Roman'\">ber</span></span><span style=\"font-size:12,0000pt\"><span style=\"font-family:'Times New Roman'\">usaha untuk mendorong dan menyadarkan masyarakat akan potensi yang ada</span></span><span style=\"font-size:12,0000pt\"><span style=\"font-family:'Times New Roman'\">&nbsp;dan</span></span><span style=\"font-size:12,0000pt\"><span style=\"font-family:'Times New Roman'\">&nbsp;memotivasi masyarakat dapat memberdayakan potensi tersebut </span></span><span style=\"font-size:12,0000pt\"><span style=\"font-family:'Times New Roman'\">agar </span></span><span style=\"font-size:12,0000pt\"><span style=\"font-family:'Times New Roman'\">peduli terhadap </span></span><span style=\"font-size:12,0000pt\"><span style=\"font-family:'Times New Roman'\">program </span></span><span style=\"font-size:12,0000pt\"><span style=\"font-family:'Times New Roman'\">kesehatan. </span></span></span></li>\r\n\t<li style=\"text-align:justify\"><span style=\"font-family:&quot;Comic Sans MS&quot;\"><span style=\"font-size:12,0000pt\"><span style=\"font-family:'Times New Roman'\">Memelihara dan meningkatkan </span></span><span style=\"font-size:12,0000pt\"><span style=\"font-family:'Times New Roman'\">pelayanan kesehatan yang berkualitas</span></span><span style=\"font-size:12,0000pt\"><span style=\"font-family:'Times New Roman'\">, </span></span><span style=\"font-size:12,0000pt\"><span style=\"font-family:'Times New Roman'\">adil, merata</span></span><span style=\"font-size:12,0000pt\"><span style=\"font-family:'Times New Roman'\">&nbsp;dan terjangkau</span></span><span style=\"font-size:12,0000pt\"><span style=\"font-family:'Times New Roman'\">&nbsp;oleh seluruh lapisan masyarakat&nbsp;</span></span></span><span style=\"font-family:&quot;Comic Sans MS&quot;\"><span style=\"font-size:12,0000pt\"><span style=\"font-family:'Times New Roman'\">Yaitu selalu berusaha untuk memberikan yang terbaik dalam memberikan pelayanan kesehatan &nbsp;kepada masyarakat. Pelayanan terbaik yang mengacu pada standar dan berorientasi pada kepuasan pelanggan.</span></span></span></li>\r\n\t<li style=\"text-align:justify\"><span style=\"font-family:&quot;Comic Sans MS&quot;\"><span style=\"font-size:12,0000pt\"><span style=\"font-family:'Times New Roman'\">Memelihara dan meningkatkan derajat kesehatan individu, keluarga dan masyarakat beserta lingkungannya</span></span></span>&nbsp;<span style=\"font-family:Cambria\"><span style=\"font-size:12,0000pt\"><span style=\"font-family:'Times New Roman'\">Yaitu selalu berusaha secara terus-menerus dan berkelanjutan dalam meningkatkan derajat kesehatan individu, keluarga dan masyarakat serta lingkungan di wilayah kerja Puskesmas.</span></span></span></li>\r\n</ol>", "view_count": 630, "menu_id": 43, "admin_id": 75, "created_at": "2021-08-19T10:05:26.887Z", "updated_at": "2024-07-11T05:36:27.644Z", "is_edited": true}, "m2m": {"photo": [2233]}}, {"condition": {"id": 5906}, "defaults": {"site_id": 57, "judul": "TENTANG", "isi_halaman": "<p><strong>Puskesmas Meninting </strong>adalah Pusat Kesehatan Masyarakat yang berfokus pada pelayanan kesehatan masyarakat dan merupakan puskesmas non perawatan beralamat di jalan Raya Senggigi KM 05 Dusun Montong Desa Meninting Kecamatan Batulayar Kabupaten Lombok Barat.</p>\r\n\r\n<p>Puskesmas Meninting mulai operasional pada tanggal 24 Agustus 1992 yang sebelumnya merupakan Puskesmas Pembantu Meninting yang ada di Desa Meninting Kecamatan Gunungsari, Kabupaten Lombok Barat. Peningkatan status ini berdasarkan pemekaran wilayah Kecamatan Gunungsari pada tanggal 21 Maret 2001 menjadi 2 wilayah kecamatan yaitu Kecamatan Gunungsari dan Kecamatan Batulayar. Kecamatan Batulayar menjadi wilayah kerja Puskesmas Meninting.</p>\r\n\r\n<p>Dalam melaksanakan Program dan Fungsi, Puskesmas Meninting menyelenggarakan fungsi:</p>\r\n\r\n<ol>\r\n\t<li><strong>Penyelenggaraan upaya kesehatan masyarakat (UKM) </strong>tingkat pertama di wilayah kerjanya dengan kewenangan sebagai berikut: (a).melaksanakan perencanaan berdasarkan analisis masalah kesehatan masyarakat dan analisis kebutuhan pelayanan yang diperlukan; (b). melaksanakan advokasi dan sosialisasi kebijakan kesehatan; (c). melaksanakan komunikasi, informasi, edukasi, dan pemberdayaan masyarakat dalam bidang kesehatan; (d). menggerakkan masyarakat untuk mengidentifikasi dan menyelesaikan masalah kesehatan pada setiap tingkat perkembangan masyarakat yang bekerjasama dengan sektor lain terkait; (e). melaksanakan pembinaan teknis terhadap jaringan pelayanan dan upaya kesehatan berbasis masyarakat; (f). melaksanakan peningkatan kompetensi sumber daya manusia Puskesmas; (g). memantau pelaksanaan pembangunan agar berwawasan kesehatan; (h). melaksanakan pencatatan, pelaporan, dan evaluasi terhadap akses, mutu, dan cakupan Pelayanan Kesehatan; dan (i). memberikan rekomendasi terkait masalah kesehatan masyarakat, termasuk dukungan terhadap sistem kewaspadaan dini dan respon penanggulangan penyakit.</li>\r\n\t<li><strong>Penyelenggara upaya kesehatan perorangan (UKP) </strong>tingkat pertama di wilayah kerjanya dengan kewenangan sebagai berikut: (a).&nbsp;menyelenggarakan Pelayanan Kesehatan dasar secara komprehensif, berkesinambungan dan bermutu; (b). menyelenggarakan Pelayanan Kesehatan yang mengutamakan upaya promotif dan preventif; (c). menyelenggarakan Pelayanan Kesehatan yang berorientasi pada individu, keluarga, kelompok dan masyarakat; (d). menyelenggarakan Pelayanan Kesehatan yang mengutamakan keamanan dan keselamatan pasien, petugas dan pengunjung; (e). menyelenggarakan Pelayanan Kesehatan dengan prinsip koordinatif dan kerja sama inter dan antar profesi; (f). melaksanakan rekam medis; (g). melaksanakan pencatatan, pelaporan, dan evaluasi terhadap mutu dan akses Pelayanan Kesehatan; (h). melaksanakan peningkatan kompetensi Tenaga Kesehatan; (i). mengoordinasikan dan melaksanakan pembinaan fasilitas pelayanan kesehatan tingkat pertama di wilayah kerjanya; dan (j). melaksanakan penapisan rujukan sesuai dengan indikasi medis dan Sistem Rujukan.</li>\r\n\t<li><strong>Menyelenggarakan fungsi sebagai wahana pendidikan Tenaga Kesehatan di wilayah kerjanya</strong>. Profil Puskesmas Meninting Tahun 2022 ini disusun merupakan bagian dari Sistem Informasi Kesehatan yang memuat berbagai data tentang kesehatan yang meliputi; sumber daya kesehatan, derajat kesehatan masyarakat dan upaya kesehatan. Profil Kesehatan juga menyajikan data pendukung lainnya seperti data kependudukan, pendidikan, keadaan sarana kesehatan, keadaan lingkungan dan sebagainya.</li>\r\n</ol>", "view_count": 578, "menu_id": 42, "admin_id": 75, "created_at": "2023-02-16T19:23:11.955Z", "updated_at": "2024-07-11T23:43:18.899Z", "is_edited": true}, "m2m": {"photo": []}}, {"condition": {"id": 6187}, "defaults": {"site_id": 57, "judul": "Motto", "isi_halaman": "<p><u><span style=\"font-size:22px\"><strong><span style=\"font-family:Times New Roman\">MOTTO:</span></strong></span></u></p>\r\n\r\n<p><span style=\"font-size:22px\"><strong><span style=\"font-family:'Times New Roman'\">&nbsp;&nbsp;&nbsp;&nbsp;&nbsp;&nbsp;&nbsp;&nbsp;&nbsp;&nbsp;&nbsp;&nbsp;&nbsp;&nbsp;&nbsp;&nbsp;&nbsp;&nbsp;&nbsp;&nbsp;&nbsp;&nbsp;&nbsp;&nbsp;&nbsp;&nbsp;&nbsp;&nbsp;&nbsp;&nbsp;&nbsp;&nbsp;&nbsp;&nbsp;&nbsp;&nbsp;&nbsp;<span style=\"font-family:Times New Roman,Times,serif\">&ldquo;S</span></span></strong><strong><span style=\"font-family:'Times New Roman'\">MILE&rdquo;</span></strong></span></p>\r\n\r\n<p><span style=\"font-size:18px\"><span style=\"font-family:'Times New Roman'\"><strong>S</strong>enyum </span> <span style=\"font-family:'Times New Roman'\">: Memulai pelayanan dengan senyuman</span>&nbsp;</span></p>\r\n\r\n<p style=\"text-align:justify\"><span style=\"font-size:18px\"><strong><span style=\"font-family:'Times New Roman'\">M</span></strong><span style=\"font-family:'Times New Roman'\">erata</span> <span style=\"font-family:'Times New Roman'\">:&nbsp;Memberikan pelayanan mencakup seluruh wilayah kerja</span>&nbsp;<span style=\"font-family:'Times New Roman'\">Puskesmas </span></span></p>\r\n\r\n<p><span style=\"font-size:18px\"><strong><span style=\"font-family:'Times New Roman'\">I</span></strong><span style=\"font-family:'Times New Roman'\">khlas</span><strong>&nbsp;</strong><strong> </strong><span style=\"font-family:'Times New Roman'\">:</span><strong>&nbsp;</strong><span style=\"font-family:'Times New Roman'\">Melakukan tugas dan kewajiban secara ikhlas</span></span></p>\r\n\r\n<p><span style=\"font-size:18px\"><strong><span style=\"font-family:'Times New Roman'\">L</span></strong><span style=\"font-family:'Times New Roman'\">ancar</span> <span style=\"font-family:'Times New Roman'\">: Melakukan pelayanan sesuai dengan alur yang sudah&nbsp;ditetapkan</span><strong>&nbsp;</strong><span style=\"font-family:'Times New Roman'\">agar berjalan lancar</span></span></p>\r\n\r\n<p><span style=\"font-size:18px\"><strong><span style=\"font-family:'Times New Roman'\">E</span></strong><span style=\"font-family:'Times New Roman'\">dukasi</span> <span style=\"font-family:'Times New Roman'\">: Memberikan pembelajaran kesehatan kepada masyarakat agar mampu mandiri </span></span></p>", "view_count": 270, "menu_id": 861, "admin_id": 75, "created_at": "2023-02-18T03:22:11.953Z", "updated_at": "2024-07-10T22:50:45.674Z", "is_edited": true}, "m2m": {"photo": [10861]}}, {"condition": {"id": 6537}, "defaults": {"site_id": 57, "judul": "Tata Tertib Pasien/Pengunjung", "isi_halaman": "<p>Informasi tentang &quot;Tata Tertib Pasien/Pengunjung&quot; Puskesmas Meninting</p>", "view_count": 251, "menu_id": 866, "admin_id": 75, "created_at": "2023-02-28T23:32:12.525Z", "updated_at": "2024-07-07T02:51:13.234Z", "is_edited": true}, "m2m": {"photo": [11207]}}, {"condition": {"id": 7845}, "defaults": {"site_id": 57, "judul": "Pelayanan Khusus", "isi_halaman": "<p><strong>Puskesmas Meninting Ramah Lansia dan Disabilitas</strong></p>\r\n\r\n<p>Puskesmas Meninting sangat memperhatikan pelayanan bagi semua orang, termasuk lansia dan disabilitas. Puskesmas Meninting menyediakan fasilitas khusus bagi lansia dan disabilitas berupa tempat duduk disabilitas, ibu menyususi, lansia, tangga rata, kursi roda, pegangan, ruang tunggu khusus, dan toilet bagi lansia dan disabilitas. Dengan adanya fasilitas ini diharapkan bisa meningkatkan pelayanan bagi semua masyarakat Kecamatan Batulayar.</p>", "view_count": 259, "menu_id": 99, "admin_id": 75, "created_at": "2023-06-02T23:41:38.075Z", "updated_at": "2024-07-12T01:27:10.551Z", "is_edited": true}, "m2m": {"photo": [11349, 11350, 11351]}}, {"condition": {"id": 7937}, "defaults": {"site_id": 57, "judul": "Tugas dan Fungsi Puskesmas", "isi_halaman": "<p><span style=\"font-size:20px\"><strong>Tugas Puskesmas</strong></span></p>\r\n\r\n<p><span style=\"font-size:20px\">Tugas puskesmas adalah melaksanakan kebijakan kesehatan untuk mencapai tujuan pembangunan kesehatan di wilayah kerjanya dalam rangka mendukung terwujudnya kecamatan sehat. Tugas pokok puskesmas berdasarkan Peraturan Menteri Kesehatan Republik Indonesia Nomor 43 Tahun 2019 tentang Puskesmas :</span></p>\r\n\r\n<ol>\r\n\t<li><span style=\"font-size:20px\">Melaksanakan kebijakan kesehatan untuk mencapai tujuan pembangunan kesehatan di wilayah kerjanya.</span></li>\r\n\t<li><span style=\"font-size:20px\">Puskesmas mengintegrasikan program yang dilaksanakannya dengan pendekatan keluarga.</span></li>\r\n\t<li><span style=\"font-size:20px\">Pendekatan keluarga merupakan salah satu cara Puskesmas mengintegrasikan program untuk meningkatkan jangkauan sasaran dan mendekatkan akses pelayanan kesehatan di wilayah kerjanya dengan mendatangi keluarga.</span></li>\r\n</ol>\r\n\r\n<p><span style=\"font-size:20px\"><strong>Fungsi Puskesmas</strong></span></p>\r\n\r\n<p><span style=\"font-size:20px\">Dalam Peraturan Menteri Kesehatan Republik Indonesia Nomor 75 Tahun 2014 Tentang Puskesmas, puskesmas memiliki fungsi berupa penyelenggaraan Upaya Kesehatan Perorangan (UKP) tingkat pertama di wilayah kerjanya dan Upaya kesehatan masyarakat (UKM) tingkat pertama di wilayah kerjanya:</span></p>\r\n\r\n<ol>\r\n\t<li><span style=\"font-size:20px\">Melaksanakan perencanaan berdasarkan analisis masalah kesehatan masyarakat dan analisis kebutuhan pelayanan yang diperlukan.</span></li>\r\n\t<li><span style=\"font-size:20px\">Melaksanakan advokasi dan sosialisasi kebijakan kesehatan.</span></li>\r\n\t<li><span style=\"font-size:20px\">Melaksanakan komunikasi, informasi, edukasi, dan pemberdayaan masyarakat dalam bidang kesehatan.</span></li>\r\n\t<li><span style=\"font-size:20px\">Menggerakkan masyarakat untuk mengindentifikasi dan menyelesaikan masalah kesehatan pada setiap tingkat perkembangan masyarakat yang bekerjasama dengan sektor lain terkait.</span></li>\r\n\t<li><span style=\"font-size:20px\">Melaksanakan pembinaan teknis terhadap jaringan pelayanan dan upaya kesehatan berbasis masyarakat.</span></li>\r\n\t<li><span style=\"font-size:20px\">Melaksanakan peningkatan kompetensi sumber daya manusia Puskesmas.</span></li>\r\n\t<li><span style=\"font-size:20px\">Memantau pelaksanaan pembangunan agar berwawasan kesehatan.</span></li>\r\n\t<li><span style=\"font-size:20px\">Melaksanakan pencatatan, pelaporan, dan evaluasi terhadap akses, mutu, dan cakupan pelayanan kesehatan.</span></li>\r\n\t<li><span style=\"font-size:20px\">Memberikan rekomendasi terkait masalah kesehatan masyarakat, termasuk dukungan terhadap sistem kewaspadaan dini dan respons penanggulangan penyakit.</span></li>\r\n</ol>\r\n\r\n<p><span style=\"font-size:20px\"><strong>Informasi tentang &quot;Tugas dan Fungsi&quot; Puskesmas</strong></span></p>", "view_count": 311, "menu_id": 44, "admin_id": 75, "created_at": "2023-06-07T06:31:25.964Z", "updated_at": "2024-07-06T12:38:10.910Z", "is_edited": true}, "m2m": {"photo": [11328]}}, {"condition": {"id": 7940}, "defaults": {"site_id": 57, "judul": "Tarif Pelayanan", "isi_halaman": "<p>Informasi tentang &quot;Tarif Pelayanan&quot; Puskesmas Maninting</p>", "view_count": 257, "menu_id": 873, "admin_id": 75, "created_at": "2023-06-07T07:41:21.314Z", "updated_at": "2024-07-10T10:32:40.971Z", "is_edited": true}, "m2m": {"photo": [11191]}}, {"condition": {"id": 7953}, "defaults": {"site_id": 57, "judul": "PROFIL PEJABAT STRUKTURAL", "isi_halaman": "<p>Kepala UPT Puskesmas Meninting</p><p>Ns. H. Rusman, S.Kep</p><p>Penata/III C</p>", "view_count": 288, "menu_id": 46, "admin_id": 75, "created_at": "2023-06-07T12:41:56.062Z", "updated_at": "2024-07-10T19:24:45.196Z", "is_edited": true}, "m2m": {"photo": [11203]}}, {"condition": {"id": 7954}, "defaults": {"site_id": 57, "judul": "Tata Nilai", "isi_halaman": "<p>Informasi tentang &quot;Tata Nilai&quot; Puskesmas Meninting</p>", "view_count": 203, "menu_id": 858, "admin_id": 75, "created_at": "2023-06-07T12:42:31.599Z", "updated_at": "2024-07-10T22:50:06.275Z", "is_edited": true}, "m2m": {"photo": [10859]}}, {"condition": {"id": 8259}, "defaults": {"site_id": 57, "judul": "Janji Layanan", "isi_halaman": "<p>Informasi tentang &quot;Janji Layanan&quot; Puskesmas Meninting</p>", "view_count": 252, "menu_id": 860, "admin_id": 75, "created_at": "2023-06-18T01:23:41.977Z", "updated_at": "2024-07-10T22:50:37.654Z", "is_edited": true}, "m2m": {"photo": [11194]}}, {"condition": {"id": 8263}, "defaults": {"site_id": 57, "judul": "Hubungi Kami", "isi_halaman": "<p>Ada pertanyaan atau butuh bantuan? Jangan sungkan untuk menghubungi kami !!!</p><p>Butuh informasi lebih lanjut? Kami siap membantu! Silakan hubungi kami.</p>", "view_count": 289, "menu_id": 41, "admin_id": 75, "created_at": "2023-06-18T05:26:51.432Z", "updated_at": "2024-07-11T20:43:38.528Z", "is_edited": true}, "m2m": {"photo": [10934]}}, {"condition": {"id": 8300}, "defaults": {"site_id": 57, "judul": "Struktur Organisasi Poli ANAK", "isi_halaman": "<p>Informasi tentang &quot;Struktur Organisasi Poli ANAK&quot; Puskesmas Meninting</p>", "view_count": 183, "menu_id": 894, "admin_id": 75, "created_at": "2023-06-19T03:49:51.284Z", "updated_at": "2024-07-07T20:12:27.721Z", "is_edited": true}, "m2m": {"photo": [10949]}}, {"condition": {"id": 8301}, "defaults": {"site_id": 57, "judul": "Struktur Organisasi Poli UMUM", "isi_halaman": "<p><span style=\"font-size:18px\">Informasi tentang &quot;Struktur Organisasi Poli UMUM&quot; Puskesmas Meninting</span></p>", "view_count": 185, "menu_id": 893, "admin_id": 75, "created_at": "2023-06-19T03:49:58.088Z", "updated_at": "2024-07-02T03:07:07.446Z", "is_edited": true}, "m2m": {"photo": [10950]}}, {"condition": {"id": 8303}, "defaults": {"site_id": 57, "judul": "Struktur Organisasi Gizi", "isi_halaman": "<p><span style=\"font-size:18px\">Informasi tentang &quot;Struktur Organisasi Gizi&quot; Puskesmas Meninting</span></p>", "view_count": 745, "menu_id": 891, "admin_id": 75, "created_at": "2023-06-19T03:50:26.289Z", "updated_at": "2024-07-11T23:30:40.681Z", "is_edited": true}, "m2m": {"photo": [10951]}}, {"condition": {"id": 8304}, "defaults": {"site_id": 57, "judul": "Alur Pelayanan Poli Umum", "isi_halaman": "<p><span style=\"font-size:18px\">Informasi tentang &quot;Alur Pelayanan Poli Umum&quot; Puskesmas Meninting</span></p>", "view_count": 195, "menu_id": 895, "admin_id": 75, "created_at": "2023-06-19T05:01:24.953Z", "updated_at": "2024-07-11T18:00:18.186Z", "is_edited": true}, "m2m": {"photo": [10953]}}, {"condition": {"id": 8337}, "defaults": {"site_id": 57, "judul": "Alur Pelayanan Laboratorium", "isi_halaman": "<p><span style=\"font-size:18px\">Informasi tentang &quot;Alur Pelayanan Laboratorium&quot; Puskesmas Meninting</span></p>", "view_count": 394, "menu_id": 897, "admin_id": 75, "created_at": "2023-06-20T01:22:40.147Z", "updated_at": "2024-07-11T23:32:28.457Z", "is_edited": true}, "m2m": {"photo": [10983]}}, {"condition": {"id": 8338}, "defaults": {"site_id": 57, "judul": "Struktur Organisasi Laboratorium", "isi_halaman": "<p>Informasi tentang &quot;Struktur Organisasi Laboratorium&quot; Puskesmas Meninting</p>", "view_count": 217, "menu_id": 896, "admin_id": 75, "created_at": "2023-06-20T01:32:00.255Z", "updated_at": "2024-07-10T21:52:14.009Z", "is_edited": true}, "m2m": {"photo": [11357]}}, {"condition": {"id": 8367}, "defaults": {"site_id": 57, "judul": "Jenis Layanan", "isi_halaman": "<p><span style=\"font-size:20px\">Informasi tentang &quot;Jenis Layanan&quot; Puskesmas Meninting</span></p>", "view_count": 279, "menu_id": 161, "admin_id": 75, "created_at": "2023-06-21T06:13:21.283Z", "updated_at": "2024-07-10T19:24:35.854Z", "is_edited": true}, "m2m": {"photo": [11352]}}, {"condition": {"id": 8371}, "defaults": {"site_id": 57, "judul": "Rekognisi", "isi_halaman": "<p>Rekognisi adalah :&nbsp;</p>\r\n\r\n<p>1)&nbsp;hal atau keadaan yang diakui; pengakuan;</p>\r\n\r\n<p>2)&nbsp;pengenalan;</p>\r\n\r\n<p>3)&nbsp;penghargaan</p>", "view_count": 305, "menu_id": 104, "admin_id": 75, "created_at": "2023-06-21T09:11:41.265Z", "updated_at": "2024-07-12T00:03:12.289Z", "is_edited": true}, "m2m": {"photo": [11414]}}, {"condition": {"id": 8373}, "defaults": {"site_id": 57, "judul": "Pelayanan Terpadu", "isi_halaman": "<p><span style=\"font-size:20px\">Informasi tentang &quot;Pelayanan Terpadu&quot; Puskesmas Meninting</span></p>\r\n\r\n<p><span style=\"font-size:20px\"><strong>Note : </strong>Jadwal tiap Bulan akan di update oleh Penanggungjawab POSGA Puskesmas Meniniting</span></p>", "view_count": 429, "menu_id": 103, "admin_id": 75, "created_at": "2023-06-21T09:13:09.887Z", "updated_at": "2024-07-11T06:20:49.478Z", "is_edited": true}, "m2m": {"photo": [11210]}}, {"condition": {"id": 8470}, "defaults": {"site_id": 57, "judul": "Syarat dan Alur Pelayanan Pasien", "isi_halaman": "<p>Informasi tentang &quot; Syarat dan Alur Pelayanan Pasien&quot; Puskesmas Meninting</p>", "view_count": 203, "menu_id": 900, "admin_id": 75, "created_at": "2023-06-24T05:42:24.889Z", "updated_at": "2024-07-02T14:08:15.467Z", "is_edited": true}, "m2m": {"photo": [11182]}}, {"condition": {"id": 8471}, "defaults": {"site_id": 57, "judul": "Jadwal dan Jam Pelayanan", "isi_halaman": "<p>Informasi tentang &quot;Jadwal dan Jam Pelayanan&quot; Puskesmas Meninting</p>", "view_count": 314, "menu_id": 872, "admin_id": 75, "created_at": "2023-06-24T05:47:22.359Z", "updated_at": "2024-07-10T20:20:08.989Z", "is_edited": true}, "m2m": {"photo": [11183, 11184]}}, {"condition": {"id": 8478}, "defaults": {"site_id": 57, "judul": "Hak dan Kewajiban Pasien", "isi_halaman": "<p>Informasi tentang &quot;Hak dan Kewajiban Pasien&quot; Puskesmas Meninting</p>", "view_count": 216, "menu_id": 869, "admin_id": 75, "created_at": "2023-06-24T12:51:28.260Z", "updated_at": "2024-07-06T17:30:17.752Z", "is_edited": true}, "m2m": {"photo": [11192]}}, {"condition": {"id": 8483}, "defaults": {"site_id": 57, "judul": "Janji Layanan JKN", "isi_halaman": "<p><span style=\"font-size:18px\">Informasi tentang &quot;Janji Layanan JKN&quot;&nbsp;</span><span style=\"font-size:20px\"><span style=\"font-family:Calibri,&quot;sans-serif&quot;\">Puskesmas Meninting</span></span></p>", "view_count": 191, "menu_id": 901, "admin_id": 75, "created_at": "2023-06-24T14:17:50.488Z", "updated_at": "2024-07-10T22:50:53.755Z", "is_edited": true}, "m2m": {"photo": [11195]}}, {"condition": {"id": 8484}, "defaults": {"site_id": 57, "judul": "Hak dan Kewajiban Sasaran Program", "isi_halaman": "<p><span style=\"font-size:20px\">Informasi tentang &quot;Hak dan Kewajiban Sasaran Program&quot;&nbsp;<span style=\"font-family:Calibri,&quot;sans-serif&quot;\">Puskesmas Meninting</span></span></p>", "view_count": 295, "menu_id": 904, "admin_id": 75, "created_at": "2023-06-24T14:30:53.557Z", "updated_at": "2024-07-10T21:07:07.750Z", "is_edited": true}, "m2m": {"photo": [11196, 11197]}}, {"condition": {"id": 8485}, "defaults": {"site_id": 57, "judul": "Struktur Organisasi", "isi_halaman": "<p><span style=\"font-size:20px\">Informasi tentang &quot;Struktur Organisasi&quot;&nbsp;<span style=\"font-family:Calibri,&quot;sans-serif&quot;\">Puskesmas Meninting</span></span></p>", "view_count": 428, "menu_id": 45, "admin_id": 75, "created_at": "2023-06-24T14:57:02.569Z", "updated_at": "2024-07-11T14:24:18.334Z", "is_edited": true}, "m2m": {"photo": [11198, 11205, 11206]}}, {"condition": {"id": 8486}, "defaults": {"site_id": 57, "judul": "Visi-Misi dan Motto Pelayanan", "isi_halaman": "<p><span style=\"font-size:20px\">Informasi tentang &quot;Visi-Misi dan Motto Pelayanan&quot;&nbsp;<span style=\"font-family:Calibri,&quot;sans-serif&quot;\">Puskesmas Meninting</span></span></p>", "view_count": 316, "menu_id": 97, "admin_id": 75, "created_at": "2023-06-24T15:08:38.285Z", "updated_at": "2024-07-11T19:07:33.918Z", "is_edited": true}, "m2m": {"photo": [11199]}}, {"condition": {"id": 8487}, "defaults": {"site_id": 57, "judul": "Profil Puskesmas", "isi_halaman": "<p><span style=\"font-size:22px\">Informasi tentang &quot;Profil Puskesmas&nbsp;<span style=\"font-family:Calibri,&quot;sans-serif&quot;\">Meninting tahun 2022</span></span></p>\r\n\r\n<p><span style=\"font-size:22px\">Note : Profil Setiap Tahun akan di Update oleh Puskesmas Meninting</span></p>", "view_count": 253, "menu_id": 905, "admin_id": 75, "created_at": "2023-06-24T15:19:48.284Z", "updated_at": "2024-07-07T12:37:39.225Z", "is_edited": true}, "m2m": {"photo": [11200, 11201, 11202]}}, {"condition": {"id": 8495}, "defaults": {"site_id": 57, "judul": "Komitmen", "isi_halaman": "<p><span style=\"font-size:20px\">Puskemas Meninting bertekad dan berkomitmen untuk meningkatkan derajat dan kesehatan masyarakat di wilayah kerja khususnya wilayah Kecamatan Batulayar. Komitmen ini berbentuk keseriusan seluruh staf dan pimpinan dalam mendukung capaian program kesehatan masyarakat yang terintegrasi dengan program pemerintah untuk meningkatkan kesehatan masyarakat.</span></p>\r\n\r\n<p><span style=\"font-size:20px\">Informasi tentang &quot;Komitmen &quot; Puskesmas Meninting</span></p>", "view_count": 226, "menu_id": 907, "admin_id": 75, "created_at": "2023-06-25T07:00:35.617Z", "updated_at": "2024-07-08T18:41:34.624Z", "is_edited": true}, "m2m": {"photo": [11211]}}, {"condition": {"id": 8496}, "defaults": {"site_id": 57, "judul": "Komitmen Lintas Sektor", "isi_halaman": "<p>Informasi tentang &quot;Komitmen Lintas Sektor&quot; Puskesmas Meninting</p>", "view_count": 211, "menu_id": 908, "admin_id": 75, "created_at": "2023-06-25T07:48:49.459Z", "updated_at": "2024-07-11T05:51:27.177Z", "is_edited": true}, "m2m": {"photo": [11212]}}, {"condition": {"id": 8497}, "defaults": {"site_id": 57, "judul": "Komitmen Peningkatan Mutu Pelayanan", "isi_halaman": "<p>Informasi tentang &quot;Komitmen Peningkatan Mutu Pelayanan&quot; Puskesmas Meninting</p>", "view_count": 186, "menu_id": 909, "admin_id": 75, "created_at": "2023-06-25T07:53:43.373Z", "updated_at": "2024-07-01T19:20:23.185Z", "is_edited": true}, "m2m": {"photo": [11213]}}, {"condition": {"id": 8498}, "defaults": {"site_id": 57, "judul": "Komitmen Pencegahan Covid 19", "isi_halaman": "<p>Informasi tentang &quot;Komitmen Pencegahan Covid 19&quot; Puskesmas Meninting</p>", "view_count": 217, "menu_id": 910, "admin_id": 75, "created_at": "2023-06-25T07:58:30.213Z", "updated_at": "2024-07-06T17:59:20.746Z", "is_edited": true}, "m2m": {"photo": [11214]}}, {"condition": {"id": 8501}, "defaults": {"site_id": 57, "judul": "Penilaian Kinerja", "isi_halaman": "<p><span style=\"font-size:18px\">Informasi tentang &quot;Penilaian Kinerja&quot; Puskesmas Meninting</span></p>\r\n\r\n<p><span style=\"font-size:18px\"><a href=\"https://ikm.lombokbaratkab.go.id/survey/summary?year=2023\">https://ikm.lombokbaratkab.go.id/survey/summary?year=2023</a></span></p>", "view_count": 241, "menu_id": 100, "admin_id": 75, "created_at": "2023-06-25T09:12:18.334Z", "updated_at": "2024-07-10T19:24:44.192Z", "is_edited": true}, "m2m": {"photo": [11215]}}, {"condition": {"id": 8630}, "defaults": {"site_id": 57, "judul": "Falsafah", "isi_halaman": "<p>Informasi tentang &quot;Falsafah&quot; Puskesmas Meninting</p>", "view_count": 180, "menu_id": 859, "admin_id": 75, "created_at": "2023-06-28T07:04:37.855Z", "updated_at": "2024-07-11T05:33:04.573Z", "is_edited": true}, "m2m": {"photo": [11330]}}, {"condition": {"id": 8717}, "defaults": {"site_id": 57, "judul": "Atribut", "isi_halaman": "<p><span style=\"font-size:22px\">Atribut adalah tanda pengenal, papan nama, dan pin logo KORPRI</span></p>", "view_count": 277, "menu_id": 101, "admin_id": 75, "created_at": "2023-07-01T12:23:30.264Z", "updated_at": "2024-07-10T19:24:34.618Z", "is_edited": true}, "m2m": {"photo": [11356, 11404]}}, {"condition": {"id": 8718}, "defaults": {"site_id": 57, "judul": "Info Publik", "isi_halaman": "<p>Keselamatan Pasien<br />\r\nHak dan Kewajiban Pasien<br />\r\nAlur Pendaftaran<br />\r\nAlur Pelayanan Peserta JKN<br />\r\nAlur Pelayanan KIR Dokter<br />\r\nAlur Rujukan Peserta JKN<br />\r\nAlur Pengaduan<br />\r\nKeselamatan Pasien</p>\r\n\r\n<p>Pencegahan Penyebaran Kuman</p>\r\n\r\n<p>Mencuci tangan adalah cara terbaik mencegah penyebaran kuman. Cuci tangan Anda secara rutin dan ingatkan keluarga ataupun kerabat yang mengunjungi Anda untuk melakukan hal yang sama. Tempat cuci tangan dan waterless hand sanitizer tersedia pada tiap Unit, untuk digunakan staf, pasien, dan pengunjung.&nbsp;</p>\r\n\r\n<p>&nbsp;&nbsp;Keamanan Obat-obatan&nbsp;Informasikan pada dokter dan perawat mengenai konsumsi obat-obatan Anda, termasuk:</p>\r\n\r\n<p>&ndash; Obat resep</p>\r\n\r\n<p>&ndash; Obat tanpa resep (seperti aspirin atau obat batuk)</p>\r\n\r\n<p>&ndash; Obat-obatan yang diberi keluarga atau kerabat Anda</p>\r\n\r\n<p>&ndash; Vitamin</p>\r\n\r\n<p>&ndash; Produk herbal</p>\r\n\r\n<p>&ndash; Produk toko (makanan-makanan sehat)</p>\r\n\r\n<p>Tanyakan perawat mengenai obat-obatan Anda : apa nama obat tersebut, bagaimana bentuknya, apa khasiatnya, jam berapa saja obat &nbsp;tersebut diberikan dan efek samping obat tersebut. Perhatikan setiap obat-obatan sebelum Anda mengkonsumsinya.Informasikan pada dokter dan perawat bila Anda memiliki alergi terhadap obat, makanan, atau produk tertentu.&nbsp;&nbsp;Berpartisipasi Dalam Perawatan AndaDiskusikan rencana pengobatan Anda dengan dokter dan perawat, mulai dari tujuan, kapan tindakan akan dilakukan, detail tindakan, alat medis yang digunakan, dsb. Tanyakan hal-hal yang tidak Anda mengerti dan pastikan Anda paham apa yang dapat diharapkan dari rencana pengobatan tersebut.&nbsp;&nbsp;Bila karena suatu hal, Anda menolak melakukan tindakan medis/ pengobatan/ perawatan intensif, Anda diharapkan menandatangani formulir Surat Penolakan dan bertanggung jawab atas resiko yang terjadi.&nbsp;Anda akan menerima banyak informasi pada saat yang sama. Karena itu, sebaiknya Anda meminta anggota keluarga atau kerabat mendengarkan informasi tersebut bersama Anda ketika diagnosa, hasil tes, rencana pengobatan dan rencana pemulangan dijelaskan.&nbsp;&nbsp;Jika memungkinkan, tunjuk satu anggota keluarga untuk berinteraksi dengan tim keperawatan. Orang ini kemudian dapat melanjutkan informasi ke anggota keluarga atau kerabat lainnya.&nbsp;Mencegah Terjadinya JatuhDi dalam rumah sakit, orang-orang dapat berada dalam risiko lebih tinggi untuk terjatuh. Penyakit, operasi, atau obat-obatan dapat mempengaruhi kondisi dan ruang gerak Anda. Untuk menjaga pasien dari segala bentuk cidera, termasuk jatuh yang tidak disengaja, kami akan:</p>\r\n\r\n<p>Melihat risiko Anda untuk jatuh dan ketika terjadi perubahan pada kondisi Anda selama masa perawatan</p>\r\n\r\n<p>Menentukan langkah preventif untuk mencegah terjadinya jatuh selama masa perawatan Anda, dan berbagi informasi ini dengan para staf kami</p>\r\n\r\n<p>Menunjukkan bagaimana cara menggunakan bel panggilan pada saat Anda memerlukan bantuan.</p>\r\n\r\n<p>Merespon panggilan untuk membantu Anda tepat waktu.</p>\r\n\r\n<p>Membantu Anda untuk naik dan turun tempat tidur serta menggunakan kamar mandi jika diperlukan.</p>\r\n\r\n<p>&nbsp;Kami menghimbau agar Anda atau keluarga dan kerabat untuk:</p>\r\n\r\n<p>Memberitahu perawat bila Anda pernah jatuh sebelumnya.</p>\r\n\r\n<p>Menanyakan perawat mengenai risiko Anda untuk jatuh dan tindakan pencegahan apa yang dilakukan.</p>\r\n\r\n<p>Menggunakan bel panggilan untuk meminta pertolongan sebelum mencoba turun dari tempat tidur.</p>\r\n\r\n<p>Ketika selesai menggunakan kamar mandi, gunakan bel panggilan dan tunggu bantuan staf kami untuk membantu Anda kembali ke tempat tidur.</p>\r\n\r\n<p>Menggunakan alas kaki yang aman dan peralatan yang telah disediakan untuk keselamatan Anda.</p>\r\n\r\n<p>Memastikan bel panggilan dan benda-benda lain yang diperlukan berada dalam &nbsp;jangkauan Anda sebelum keluarga atau staf meninggalkan ruangan.</p>\r\n\r\n<p>&nbsp;Safe Practices (Praktik Aman) di Rumah</p>\r\n\r\n<p>Bicaralah dengan dokter dan perawat dan atau ahli farmasi.</p>\r\n\r\n<p>Bertanyalah dan catat jawaban.</p>\r\n\r\n<p>Periksa dengan teliti semua resep/ obat sebelum menggunakannya.</p>\r\n\r\n<p>Gunakan bedside rails untuk tempat tidur bila Anda memerlukannya.</p>\r\n\r\n<p>Pastikan terdapat telepon atau bel di dekat tempat tidur apabila Anda memerlukan bantuan.</p>\r\n\r\n<p>Berhati-hatilah bila Anda memiliki peralatan oksigen di rumah Anda. Jangan merorok di dekat peralatan oksigen, dikarenakan mudah terbakar.</p>\r\n\r\n<p>Jika Anda memiliki peralatan medis yang perlu terhubung ke aliran listrik, gunakan aliran listrik yang aman. Jangan gunakan kabel ekstensi.</p>\r\n\r\n<p>Hak dan Kewajiban Pasien</p>\r\n\r\n<p>HAK PASIEN :</p>\r\n\r\n<p>Memperoleh informasi mengenai tata tertib dan peraturan yang berlaku di Puskesmas.</p>\r\n\r\n<p>Memperoleh informasi tentang hak dan kewajiban pasien.</p>\r\n\r\n<p>Memperoleh layanan yang manusiawi, adil, jujur, dan tanpa diskriminasi.</p>\r\n\r\n<p>Memperoleh layanan kesehatan yang bermutu sesuai dengan standar profesi dan standar prosedur operasional.</p>\r\n\r\n<p>Memperoleh layanan efektif dan efisien sehingga pasien terhindar dari kerugian fisik dan materi.</p>\r\n\r\n<p>Mengajukan pengaduan atas kualitas pelayanan yang ditetapkan.</p>\r\n\r\n<p>Memilih dokter dan kelas perawatan sesuai dengan keinginannya dan peraturan yang berlaku di Puskesmas.</p>\r\n\r\n<p>Meminta konsultasi tentang penyakit yang dideritanya kepada dokter lain yang mempunyai Surat Izin Praktik&nbsp;(SIP) baik di dalam maupun di luar Puskesmas.</p>\r\n\r\n<p>Mendapatkan privasi dan kerahasiaan penyakit yang diderita termasuk data-data medisnya.</p>\r\n\r\n<p>Mendapat informasi yang meliputi diagnosis dan tata cara tindakan medis, tujuan tindakan medis, alternatif tindakan, risiko, dan komplikasi yang mungkin terjadi, dan prognosis terhadap tindakan yang dilakukan serta perkiraan biaya pengobatan.</p>\r\n\r\n<p>Memberikan persetujuan atau menolak atas tindakan yang akan dilakukan oleh tenaga kesehatan terhadap penyakit yang dideritanya.</p>\r\n\r\n<p>Didampingi keluarganya dalam keadaan kritis.</p>\r\n\r\n<p>Menjalankan ibadah sesuai agama atau kepercayaan yang dianutnya selama hal itu tidak mengganggu pasien lainnya.</p>\r\n\r\n<p>Memperoleh keamanan dan keselamatan dirinya selama dalam perawatan di Puskesmas.</p>\r\n\r\n<p>Mengajukan usul, saran, perbaikan atas perlakuan Puskesmas terhadap dirinya.</p>\r\n\r\n<p>Menolak pelayanan bimbingan rohani yang tidak sesuai dengan agama dan kepercayaan yang dianutnya.</p>\r\n\r\n<p>Mengeluhkan pelayanan Puskesmas yang tidak sesuai dengan standar pelayanan melalui media cetak dan elektronik sesuai dengan ketentuan peraturan perundang-undangan.</p>\r\n\r\n<p>Menggugat dan/atau menuntut Puskesmas apabila Puskesmas diduga memberikan pelayanan yang tidak sesuai dengan standar, baik secara perdata ataupun pidana&nbsp;</p>\r\n\r\n<p>KEWAJIBAN PASIEN :</p>\r\n\r\n<p>Memberikan informasi yang lengkap dan jujur tentang masalah kesehatannya.</p>\r\n\r\n<p>Mematuhi nasihat dan petunjuk dokter atau dokter gigi.</p>\r\n\r\n<p>Mematuhi ketentuan yang berlaku di sarana pelayanan kesehatan.</p>\r\n\r\n<p>Memberikan imbalan jasa atas pelayanan yang diterima.</p>\r\n\r\n<p>&nbsp;</p>\r\n\r\n<p>Sumber&nbsp;:<br />\r\n&ndash; SK Kepala Puskesmas Baturetno I No.&nbsp; &nbsp;Tahun 2016 tentang Hak dan Kewajiban Pasien di Puskesmas Baturetno I</p>\r\n\r\n<p>Alur Pendaftaran</p>\r\n\r\n<p>LANGKAH-LANGKAH PENDAFTARAN PASIEN RAWAT JALAN UMUM :</p>\r\n\r\n<p>Pasien Datang</p>\r\n\r\n<p>Pasien mengambil tiket antrian pada mesin antrian</p>\r\n\r\n<p>Pasien menunggu di ruang tunggu pendaftaran</p>\r\n\r\n<p>Pasien menuju loket pendaftaran bila sudah ada panggilan dari loket pendaftaran berdasarkan nomor antrian dan loket yang disebutkan</p>\r\n\r\n<p>Pasien menunjukan Kartu Indek Pasien (Pasien Lama) atau Kartu Tanda Penduduk/Identitas lain yang berlaku (Pasien Baru) kepada petugas pendaftaran, petugas akan melakukan verifikasi dan input data dalam aplikasi SIMPUS.</p>\r\n\r\n<p>Pasien menuju ruang tunggu pelayanan (BP UMUM/BP GIGI/KIA/KB/IMUNISASI/KONSELING) sesuai tujuan, bila proses pendaftaran sudah selesai.</p>\r\n\r\n<p>Alur Pelayanan Peserta JKN</p>\r\n\r\n<p>Tab Content</p>\r\n\r\n<p>Alur Pelayanan KIR Dokter</p>\r\n\r\n<p>Tab Content</p>\r\n\r\n<p>Alur Rujukan Peserta JKN</p>\r\n\r\n<p>Tab Content</p>\r\n\r\n<p>Alur Pengaduan</p>\r\n\r\n<p>PENGADUAN LANGSUNG :</p>\r\n\r\n<p>Pasien menulis buku tamu pada bagian Tata Usaha</p>\r\n\r\n<p>Pasien mengemukakan pengaduannya kepada Tim Pengaduan, tim akan mencatat dalam buku register pengaduan pelanggan</p>\r\n\r\n<p>Bila memungkinkan, Tim pengaduan akan melakukan klarifikasi dan umpan balik langsung kepada pelanggan, bila tidak memungkinkan, Tim Pengaduan akan membahas bersama Kepala Puskesmas selambat-lambatnya 2 x 24 jam.</p>\r\n\r\n<p>&nbsp;</p>\r\n\r\n<p>PENGADUAN MELALUI KOTAK SARAN :</p>\r\n\r\n<p>Pelanggan menulis pengaduan pada form pengaduan yang tersedia</p>\r\n\r\n<p>Pelanggan memasukkan form pengaduan yang telah diisi ke dalam kotak saran yang disediakan.</p>\r\n\r\n<p>Pengaduan akan membahas oleh Tim Pengaduan.</p>\r\n\r\n<p>Umpan balik pengaduan akan di sampaikan melalui papan umpan balik pengaduan dan atau kepada pelanggan secaar langsung.</p>\r\n\r\n<p>&nbsp;</p>\r\n\r\n<p>PENGADUAN MELALUI SMS :</p>\r\n\r\n<p>Pelanggan mengirimkan SMS pengaduan ke nomor HP pengaduan di 0813 2727 4242.</p>\r\n\r\n<p>SMS pengaduan akan dibahas oleh Tim Pengaduan bersama Kepala Puskesmas.</p>\r\n\r\n<p>Tim Pengaduan menyampaikan umpan balik melalui SMS dan Papan Umpan Balik Pengaduan</p>", "view_count": 204, "menu_id": 864, "admin_id": 75, "created_at": "2023-07-01T16:51:53.748Z", "updated_at": "2024-07-09T04:04:31.124Z", "is_edited": true}, "m2m": {"photo": []}}, {"condition": {"id": 8734}, "defaults": {"site_id": 57, "judul": "Layanan Pengaduan", "isi_halaman": "<p><strong>Pendahuluan: </strong></p>\r\n\r\n<p>Layanan pengaduan bagi masyarakat merupakan aspek yang penting dalam memastikan pelayanan kesehatan yang berkualitas dan responsif terhadap kebutuhan masyarakat. Salah satu lembaga pelayanan kesehatan yang memiliki peran sentral dalam memberikan layanan kesehatan dasar adalah Puskesmas. Dalam konteks Puskesmas Meninting, layanan pengaduan memiliki peran yang signifikan dalam menjaga komunikasi yang efektif antara masyarakat dan pihak Puskesmas.</p>\r\n\r\n<p>Puskesmas Meninting bertujuan untuk memberikan pelayanan kesehatan yang terjangkau, berkualitas, dan merata bagi seluruh masyarakat di wilayahnya. Dalam upaya mencapai tujuan ini, penting bagi Puskesmas Meninting untuk mendengarkan keluhan, masukan, atau pengaduan yang disampaikan oleh masyarakat terkait layanan yang diberikan.</p>\r\n\r\n<p>Layanan pengaduan di Puskesmas Meninting memberikan kesempatan bagi masyarakat untuk menyampaikan pengalaman, keluhan, atau masalah terkait pelayanan kesehatan yang mereka terima. Hal ini dapat meliputi keluhan terhadap waktu tunggu yang lama, sikap petugas yang tidak ramah, kurangnya ketersediaan obat atau fasilitas yang memadai, atau masalah lain yang mungkin timbul selama proses pelayanan.</p>", "view_count": 192, "menu_id": 933, "admin_id": 75, "created_at": "2023-07-02T03:02:43.187Z", "updated_at": "2024-07-11T01:08:51.993Z", "is_edited": true}, "m2m": {"photo": [11369]}}, {"condition": {"id": 8735}, "defaults": {"site_id": 57, "judul": "Jenis jenis Layanan", "isi_halaman": "<p><span style=\"font-size:22px\">Informasi tentang &quot;Jenis jenis Layanan&quot; Puskemas Meninting</span></p>", "view_count": 269, "menu_id": 934, "admin_id": 75, "created_at": "2023-07-02T03:43:23.373Z", "updated_at": "2024-07-11T04:07:54.607Z", "is_edited": true}, "m2m": {"photo": [11370]}}, {"condition": {"id": 8741}, "defaults": {"site_id": 57, "judul": "Struktur Organisasi Kefarmasian", "isi_halaman": "<p>Informasi tentang &quot;Struktur Organisasi Kefarmasian&quot; UPT Puskesmas Meninting</p>", "view_count": 197, "menu_id": 937, "admin_id": 75, "created_at": "2023-07-02T10:42:55.560Z", "updated_at": "2024-07-11T15:23:34.318Z", "is_edited": true}, "m2m": {"photo": [11382]}}, {"condition": {"id": 8742}, "defaults": {"site_id": 57, "judul": "Alur Pelayanan Ruang Farmasi", "isi_halaman": "<p>Informasi tentang &quot;Alur Pelayanan Ruang Farmasi&quot; UPT Puskesmas Meninting</p>", "view_count": 180, "menu_id": 938, "admin_id": 75, "created_at": "2023-07-02T10:46:00.758Z", "updated_at": "2024-07-10T19:24:34.391Z", "is_edited": true}, "m2m": {"photo": [11383]}}, {"condition": {"id": 8743}, "defaults": {"site_id": 57, "judul": "Standar Pelayanan Poli Anak", "isi_halaman": "<p>Informasi tentang &quot;Standar Pelayanan Poli Anak&quot; UPT Puskesmas Meninting</p>", "view_count": 201, "menu_id": 939, "admin_id": 75, "created_at": "2023-07-02T10:53:00.460Z", "updated_at": "2024-07-10T19:24:50.775Z", "is_edited": true}, "m2m": {"photo": [11384]}}, {"condition": {"id": 8744}, "defaults": {"site_id": 57, "judul": "Struktur Organisasi Poli Gigi", "isi_halaman": "<p>Informasi tentang &quot;Struktur Organisasi Poli Gigi&quot; UPT Pusesmas Meninting</p>", "view_count": 698, "menu_id": 940, "admin_id": 75, "created_at": "2023-07-02T11:27:23.227Z", "updated_at": "2024-07-12T00:11:54.197Z", "is_edited": true}, "m2m": {"photo": [11386]}}, {"condition": {"id": 8745}, "defaults": {"site_id": 57, "judul": "Standar Pelayanan Poli Gigi", "isi_halaman": "<p>Informasi tentang &quot;Standar Pelayanan Poli Gigi&quot; UPT Puskesmas Meninting</p>", "view_count": 176, "menu_id": 941, "admin_id": 75, "created_at": "2023-07-02T11:27:45.504Z", "updated_at": "2024-07-11T13:16:44.104Z", "is_edited": true}, "m2m": {"photo": [11385]}}, {"condition": {"id": 8746}, "defaults": {"site_id": 57, "judul": "Dena Puskesmas", "isi_halaman": "<p>Informasi tentang &quot;Dena Puskesmas&quot;. UPT BLUD Puskesmas Meninting</p>", "view_count": 268, "menu_id": 942, "admin_id": 75, "created_at": "2023-07-02T11:43:30.877Z", "updated_at": "2024-07-10T20:26:07.388Z", "is_edited": true}, "m2m": {"photo": [11387]}}, {"condition": {"id": 8747}, "defaults": {"site_id": 57, "judul": "Jenis Pemeriksaan Laboratorium", "isi_halaman": "<p>Informasi tentang &quot;Jenis Pemeriksaan Laboratorium&quot; UPT Puskesmas Meninting</p>", "view_count": 205, "menu_id": 943, "admin_id": 75, "created_at": "2023-07-02T11:49:36.408Z", "updated_at": "2024-07-10T19:24:39.397Z", "is_edited": true}, "m2m": {"photo": [11388]}}, {"condition": {"id": 8748}, "defaults": {"site_id": 57, "judul": "Tarif Layanan Poli Gigi", "isi_halaman": "<p>Informasi tentang &quot;Tarif Layanan Poli Gigi&quot; UPT Puskesmas Meninting</p>", "view_count": 324, "menu_id": 944, "admin_id": 75, "created_at": "2023-07-02T11:55:33.263Z", "updated_at": "2024-07-11T15:19:44.623Z", "is_edited": true}, "m2m": {"photo": [11389]}}, {"condition": {"id": 8782}, "defaults": {"site_id": 57, "judul": "Sertifikat", "isi_halaman": "<p>Informasi tentang &quot;Sertifikat yang di peroleh oleh UPT Puskesmas Meninting</p>", "view_count": 199, "menu_id": 945, "admin_id": 75, "created_at": "2023-07-03T07:14:58.906Z", "updated_at": "2024-07-10T19:24:45.687Z", "is_edited": true}, "m2m": {"photo": [11420]}}, {"condition": {"id": 8800}, "defaults": {"site_id": 57, "judul": "Piagam", "isi_halaman": "<p>Informasi tentang &quot;Piagam-Piagam&nbsp;</p>", "view_count": 214, "menu_id": 948, "admin_id": 75, "created_at": "2023-07-03T13:00:19.520Z", "updated_at": "2024-07-10T20:33:48.177Z", "is_edited": true}, "m2m": {"photo": [11415, 11416, 11417]}}, {"condition": {"id": 8803}, "defaults": {"site_id": 57, "judul": "Piagam-Piagam", "isi_halaman": "<p>Informasi tentang &quot;Piagam-Piagam&quot; yang di peroleh oleh UPT Puskesmas Meninting</p>", "view_count": 213, "menu_id": 949, "admin_id": 75, "created_at": "2023-07-03T13:20:46.550Z", "updated_at": "2024-07-10T19:24:44.184Z", "is_edited": true}, "m2m": {"photo": [11418, 11419]}}, {"condition": {"id": 8805}, "defaults": {"site_id": 57, "judul": "Peta Puskesmas", "isi_halaman": "<p>Informasi tentang &quot;Peta Puskesmas&quot;. UPT Puskesmas Meninting</p>", "view_count": 239, "menu_id": 950, "admin_id": 75, "created_at": "2023-07-03T13:42:46.366Z", "updated_at": "2024-07-11T10:05:12.107Z", "is_edited": true}, "m2m": {"photo": [11421]}}, {"condition": {"id": 8806}, "defaults": {"site_id": 57, "judul": "Struktur Sub Bagan Tata Usaha", "isi_halaman": "<p>Informasi tentang &quot;Struktur Sub Bagan Tata Usaha&quot; UPT Puskesmas Meninting</p>", "view_count": 368, "menu_id": 951, "admin_id": 75, "created_at": "2023-07-03T13:50:15.144Z", "updated_at": "2024-07-10T20:36:04.160Z", "is_edited": true}, "m2m": {"photo": [11422, 11423]}}, {"condition": {"id": 8807}, "defaults": {"site_id": 57, "judul": "Budaya Kerja", "isi_halaman": "<p><span style=\"font-size:20px\">Pusat Kesehatan Masyarakat (Puskesmas) adalah instansi yang berperan penting dalam menyediakan pelayanan kesehatan dasar untuk masyarakat. Salah satu Puskesmas yang terletak di Meninting, yaitu UPT Puskesmas Meninting, memiliki keunikan dengan menerapkan Budaya 3 S: Senyum, Salam, Sapa. Budaya ini telah menjadi landasan dalam menjalankan aktivitas sehari-hari di puskesmas tersebut.</span></p>\r\n\r\n<p><span style=\"font-size:20px\"><strong>Senyum </strong>adalah simbol ekspresi kegembiraan dan kehangatan hati. Dengan senyum, setiap anggota tim di Puskesmas Meninting dapat menunjukkan sikap positif dan ramah kepada masyarakat yang datang untuk mendapatkan pelayanan kesehatan. Senyum yang tulus dapat memberikan rasa nyaman dan kepercayaan kepada pasien, sehingga proses penyembuhan dan perawatan menjadi lebih optimal.</span></p>\r\n\r\n<p><span style=\"font-size:20px\"><strong>Salam </strong>adalah ungkapan sederhana yang memiliki makna yang mendalam. Dengan memberikan salam kepada setiap orang yang datang, baik itu pasien maupun rekan kerja, Puskesmas Meninting menunjukkan rasa hormat dan kesediaan untuk membantu. Salam adalah bentuk pengakuan bahwa setiap individu dihargai dan dianggap penting dalam lingkungan kerja yang inklusif.</span></p>\r\n\r\n<p><span style=\"font-size:20px\"><strong>Sapa </strong>adalah tindakan menyapa dengan ramah dan mengenal orang dengan namanya. Melalui sapaan, anggota tim di Puskesmas Meninting dapat menjalin hubungan personal dengan pasien dan rekan kerja. Hal ini menciptakan ikatan yang erat dan memperkuat rasa kebersamaan dalam menyediakan pelayanan kesehatan yang berkualitas.</span></p>", "view_count": 234, "menu_id": 952, "admin_id": 75, "created_at": "2023-07-03T14:20:32.005Z", "updated_at": "2024-07-11T12:49:06.232Z", "is_edited": true}, "m2m": {"photo": [11428]}}, {"condition": {"id": 8808}, "defaults": {"site_id": 57, "judul": "Tarif Layanan UGD", "isi_halaman": "<p>Informasi tentang &quot;Tarif Layanan UGD&quot; UPT Puskesmas Meninting</p>", "view_count": 206, "menu_id": 953, "admin_id": 75, "created_at": "2023-07-03T14:31:45.778Z", "updated_at": "2024-07-11T07:45:59.172Z", "is_edited": true}, "m2m": {"photo": [11429]}}, {"condition": {"id": 8809}, "defaults": {"site_id": 57, "judul": "Alur Pelayanan Ruang Bersalin", "isi_halaman": "<p>Informasi tentang &quot;Alur Pelayanan Ruang Bersalin&quot;.</p>", "view_count": 194, "menu_id": 954, "admin_id": 75, "created_at": "2023-07-03T14:39:24.578Z", "updated_at": "2024-07-10T19:24:34.036Z", "is_edited": true}, "m2m": {"photo": [11430]}}, {"condition": {"id": 8839}, "defaults": {"site_id": 57, "judul": "Skrining BPJS Kesehatan", "isi_halaman": "<p>Peserta Jaminan Kesehatan Nasional (JKN) diimbau untuk bisa melakukan skrining riwayat kesehatan. Skrining Riwayat Kesehatan upaya promotif dan preventif untuk melihat potensi risiko terhadap empat penyakit yaitu diabetes militus, hipertensi, ginjal kronis, dan jantung koroner dan ini dilakukan satu kali dalam setahun.&nbsp; Peserta bisa melakukan skrining pada Aplikasi Mobile JKN.</p>\r\n\r\n<p>Seluruh peserta JKN usia di atas 15 tahun dapat melakukan skrining melalui Aplikasi Mobile JKN pada fitur skrining riwayat kesehatan, tautan https://webskrining.bpjs-kesehatan.go.id , maupun Chat Asisstant BPJS Kesehatan (CHIKA). (TR/mf)</p>\r\n\r\n<p>BPJS Kesehatan memudahkan peserta melakukan skrining riwayat kesehatan melalui berbagai kanal. Skrining ini pun hanya dilakukan minimal sekali setiap tahun dan dapat diikuti oleh seluruh peserta JKN khususnya yang berusia ? 15 tahun. Nanti setiap tahun, peserta dapat melakukan skrining ulang sehingga kondisi kesehatan peserta dapat terus kami pantau,</p>\r\n\r\n<p><strong>https://webskrining.bpjs-kesehatan.go.id/skrining/index.html</strong></p>", "view_count": 383, "menu_id": 955, "admin_id": 75, "created_at": "2023-07-05T11:09:18.722Z", "updated_at": "2024-07-11T10:15:13.085Z", "is_edited": true}, "m2m": {"photo": [11486]}}, {"condition": {"id": 8840}, "defaults": {"site_id": 57, "judul": "Skrining Kesehatan Jiwa", "isi_halaman": "<p><span style=\"font-size:12pt\"><span style=\"font-family:&quot;Times New Roman&quot;,&quot;serif&quot;\">Skrining awal kesehatan mental secara berkala perlu dilakukan, apalagi bila memang ada risiko untuk mengalami gangguan mental. Hal ini tidak bisa dianggap remeh karena masalah kesehatan mental yang terlambat terdeteksi bisa menyebabkan buruknya kualitas hidup, bahkan bunuh diri.</span></span></p>\r\n\r\n<p><span style=\"font-size:12pt\"><span style=\"font-family:&quot;Times New Roman&quot;,&quot;serif&quot;\">Masih banyak orang menganggap skrining atau pemeriksaan awal kesehatan mental hanya perlu dilakukan pada orang yang sudah mengalami gejala gangguan kesehatan mental. Anggapan tersebut tentu salah, karena skrining ini bisa dilakukan siapa saja tanpa harus menunggu munculnya gejala.</span></span></p>\r\n\r\n<p><span style=\"font-size:12pt\"><span style=\"font-family:&quot;Times New Roman&quot;,&quot;serif&quot;\">Selain itu, pemeriksaan dini atau skrining kesehatan mental penting dilakukan sebagai salah satu bagian dari hidup sehat, tak hanya secara fisik tapi juga psikologis.</span></span></p>\r\n\r\n<p><span style=\"font-size:12pt\"><span style=\"font-family:&quot;Times New Roman&quot;,&quot;serif&quot;\">Manfaat Skrining Awal Kesehatan Mental</span></span></p>\r\n\r\n<p><span style=\"font-size:12pt\"><span style=\"font-family:&quot;Times New Roman&quot;,&quot;serif&quot;\">Manfaat skrining&nbsp; kesehatan mental pada dasarnya adalah untuk mendeteksi lebih cepat atau menentukan risiko seseorang untuk mengalami gangguan mental, seperti gangguan kecemasan, depresi, gangguan bipolar gangguan makan, atau gangguan stress pascatrauma (PTSD).</span></span></p>\r\n\r\n<p><span style=\"font-size:12pt\"><span style=\"font-family:&quot;Times New Roman&quot;,&quot;serif&quot;\">Semakin cepat terdeteksi, semakin baik pula efektivitas penanganan masalah kesehatan mental yang bisa diberikan oleh psikolog dan psikiater. Dengan begitu, risiko terjadinya komplikasi atau masalah yang lebih besar akibat gangguan mental, seperti penggunaan narkoba atau ide bunuh diri bisa dicegah.</span></span></p>\r\n\r\n<p><span style=\"font-size:12pt\"><span style=\"font-family:&quot;Times New Roman&quot;,&quot;serif&quot;\">Maka dari itu, janganlah ragu untuk rutin melakukan skrining awal kesehatan mental, terutama bila Anda berisiko mengalami masalah kejiwaan, misalnya karena stres berat, sedang mengalami tekanan batin, atau memiliki riwayat keluarga dengan gangguan mental.</span></span></p>\r\n\r\n<p><span style=\"font-size:12pt\"><span style=\"font-family:&quot;Times New Roman&quot;,&quot;serif&quot;\">Selain itu, pemeriksaan dini atau skrining awal kesehatan mental juga penting untuk dilakukan pada orang-orang yang mengalami gejala-gejala berikut:</span></span></p>\r\n\r\n<p><span style=\"font-size:12pt\"><span style=\"font-family:&quot;Times New Roman&quot;,&quot;serif&quot;\">Sering merasa cemas, khawatir, atau takut yang berlebihan</span></span></p>\r\n\r\n<p><span style=\"font-size:12pt\"><span style=\"font-family:&quot;Times New Roman&quot;,&quot;serif&quot;\">Suasana hati (mood) cepat berubah dan ekstrem</span></span></p>\r\n\r\n<p><span style=\"font-size:12pt\"><span style=\"font-family:&quot;Times New Roman&quot;,&quot;serif&quot;\">Cepat sedih dan mudah emosi</span></span></p>\r\n\r\n<p><span style=\"font-size:12pt\"><span style=\"font-family:&quot;Times New Roman&quot;,&quot;serif&quot;\">Kurang energi atau kelelahan</span></span></p>\r\n\r\n<p><span style=\"font-size:12pt\"><span style=\"font-family:&quot;Times New Roman&quot;,&quot;serif&quot;\">Merasa diri tidak berharga atau self-esteem rendah</span></span></p>\r\n\r\n<p><span style=\"font-size:12pt\"><span style=\"font-family:&quot;Times New Roman&quot;,&quot;serif&quot;\">Sulit berkonsentrasi</span></span></p>\r\n\r\n<p><span style=\"font-size:12pt\"><span style=\"font-family:&quot;Times New Roman&quot;,&quot;serif&quot;\">Sulit mengatasi stres</span></span></p>\r\n\r\n<p><span style=\"font-size:12pt\"><span style=\"font-family:&quot;Times New Roman&quot;,&quot;serif&quot;\">Sering menghindari situasi sosial atau komunikasi dengan orang lain</span></span></p>\r\n\r\n<p><span style=\"font-size:12pt\"><span style=\"font-family:&quot;Times New Roman&quot;,&quot;serif&quot;\">Pernah atau berisiko menyakiti diri sendiri (self-harm)</span></span></p>\r\n\r\n<p><span style=\"font-size:12pt\"><span style=\"font-family:&quot;Times New Roman&quot;,&quot;serif&quot;\">Sempat berpikir atau bahkan sudah mencoba untuk bunuh diri.</span></span></p>\r\n\r\n<p><span style=\"font-size:12pt\"><span style=\"font-family:&quot;Times New Roman&quot;,&quot;serif&quot;\">Untk informasi tambahan terkait skrening keswa&nbsp;<br />\r\n1. Silakan dipilih SRQ utk usia diatas 18 thn yg dipakai .<br />\r\n2. Untk skrening yg dilakukan di pusk silakan dipilih link SRQ di Puskesmas<br />\r\n3. Untuk skrening yg dilakukan di posy pilih SRQ di desa/ kelurahan<br />\r\n4. Untuk sekarang diharapkan temen2 bisa mengisi skrening utk diri sendiri dulu dgn pilih SRQ di tempat kerja</span></span><br />\r\n&nbsp;</p>\r\n\r\n<p><span style=\"font-family:&quot;Times New Roman&quot;,&quot;serif&quot;; font-size:12pt\">REKAPAN LINK ::&nbsp;</span></p>\r\n\r\n<p><span style=\"font-size:12pt\"><span style=\"font-family:&quot;Times New Roman&quot;,&quot;serif&quot;\">SDQ 4-10th&nbsp;<br />\r\nhttps://bit.ly/LOMBOKBARAT_SDQ4-10THN</span></span></p>\r\n\r\n<p><span style=\"font-size:12pt\"><span style=\"font-family:&quot;Times New Roman&quot;,&quot;serif&quot;\">SDQ 11-18th<br />\r\nhttps://bit.ly/LOMBOKBARAT_SDQ11-18THN</span></span></p>\r\n\r\n<p><span style=\"font-size:12pt\"><span style=\"font-family:&quot;Times New Roman&quot;,&quot;serif&quot;\">SRQ DI DESA/KELURAHAN<br />\r\nhttps://bit.ly/LOMBOKBARAT_SRQDESAKEL</span></span></p>\r\n\r\n<p><span style=\"font-size:12pt\"><span style=\"font-family:&quot;Times New Roman&quot;,&quot;serif&quot;\">SRQ DI PUSKESMAS&nbsp;<br />\r\nhttps://bit.ly/LOMBOKBARAT_SRQPUSKESMAS</span></span></p>\r\n\r\n<p><span style=\"font-size:12pt\"><span style=\"font-family:&quot;Times New Roman&quot;,&quot;serif&quot;\">SRQ DI TEMPAT KERJA&nbsp;<br />\r\nhttps://bit.ly/LOMBOKBARAT_SRQTEMPATKERJA</span></span></p>\r\n\r\n<p><span style=\"font-size:12pt\"><span style=\"font-family:&quot;Times New Roman&quot;,&quot;serif&quot;\">###########################<br />\r\nLINK UNTUK MELIHAT HASIL DI EXCEL:&nbsp;<br />\r\n############################</span></span></p>\r\n\r\n<p><span style=\"font-size:12pt\"><span style=\"font-family:&quot;Times New Roman&quot;,&quot;serif&quot;\">SDQ 4-10 thn&nbsp;<br />\r\nhttps://docs.google.com/spreadsheets/d/1RoePnorB6YgkAF4tBxTqhP8LZMj92OQdONpCvp2MQhA/edit?usp=share_link&nbsp;</span></span></p>\r\n\r\n<p><span style=\"font-size:12pt\"><span style=\"font-family:&quot;Times New Roman&quot;,&quot;serif&quot;\">SDQ 11-18 thn&nbsp;<br />\r\n&nbsp;https://docs.google.com/spreadsheets/d/1tZAnKoYJ9UPmvOA8vohQIpGR2lDpJky6lKyaCGzJrqk/edit?usp=share_link&nbsp;</span></span></p>\r\n\r\n<p><span style=\"font-size:12pt\"><span style=\"font-family:&quot;Times New Roman&quot;,&quot;serif&quot;\">SRQ Tempat Kerja&nbsp;<br />\r\n&nbsp;https://docs.google.com/spreadsheets/d/1eCJmAcCDrFqnxdVSQa4v7xj7mGjVI6yPNXsgaPgua58/edit?usp=share_link&nbsp;</span></span></p>\r\n\r\n<p><span style=\"font-size:12pt\"><span style=\"font-family:&quot;Times New Roman&quot;,&quot;serif&quot;\">SRQ Desa/Kel&nbsp;<br />\r\n&nbsp;https://docs.google.com/spreadsheets/d/1B7dPWw-EWg4oAAXxXKwXQStJHE3K3fsj-UU6bE7abWM/edit?usp=share_link&nbsp;</span></span></p>\r\n\r\n<p><span style=\"font-size:12pt\"><span style=\"font-family:&quot;Times New Roman&quot;,&quot;serif&quot;\">SRQ Puskesmas&nbsp;<br />\r\n&nbsp;https://docs.google.com/spreadsheets/d/1HMSYcXPSqaVbdv3E96R0cBKQ4tjxudFXpNEej3a-8UQ/edit?usp=share_link</span></span></p>\r\n\r\n<p style=\"text-align:justify\">&nbsp;</p>", "view_count": 263, "menu_id": 956, "admin_id": 75, "created_at": "2023-07-05T11:22:40.880Z", "updated_at": "2024-07-11T18:38:59.246Z", "is_edited": true}, "m2m": {"photo": [11487]}}, {"condition": {"id": 8968}, "defaults": {"site_id": 57, "judul": "Aplikasi Program Puskesmas Meninting", "isi_halaman": "<p>1. ASIK (imunisasi)&nbsp;</p><p>2. ASIK ( PTM)&nbsp;</p><p>3.EPPGBM ( Gizi)&nbsp;</p><p>4.SILACAK (Covid)</p><p>5. SILANTOR (DBD)</p><p>6.SIPGAR ( KESJAOR )</p><p>7.ASIK LANSIA</p><p>8.E -KOHORT&nbsp;</p><p>9. SIHEPI (HbsAg )</p><p>10.SIHA (HIV)</p><p>11. SMILE (VAKSIN)&nbsp;</p><p>12. SELENA (KETERSEDIAAN OBAT)&nbsp;</p><p>13. SIPD (perencanaan)</p><p>14. SIMDA FMIS (perencanaan)</p><p>15. INM ( Mutu Fasyankes)</p><p>16. ESISMAL (Malari a)</p><p>17. KOMDAT (Kesmas)</p><p>18.SISKOHATKES ( Haji)&nbsp;</p><p>19.SISKESWA ( JIWA )</p><p>20. BOK SALUR (BOK)</p><p>21. Aspak&nbsp;</p><p>22. SITB (TB)</p><p>23. P-care BPJS Kesehatan</p><p>24. E- puskesmas</p><p>25. Laci data pusk (puskesmas)&nbsp;</p><p>26. SINAF (Akreditasi/Puskesmas)&nbsp;</p><p>27. ikmlombokbarat (survey&nbsp;</p><p>&nbsp; &nbsp; &nbsp; kepuasan)&nbsp;</p><p>28. SIMDA FMIS (Keuangan)</p><p>29.allrecord ( Antigen )</p><p>30.E Monev TFU (Tempat-tempat Umum)</p><p>31.E Monev PKAM(pengelolaan air minum rumah tangga)</p><p>32. HFIS BPJS&nbsp;</p><p>33.BUNDA (summit)</p><p>34. SIPD&nbsp;(perencanaan)</p><p>35. Simda fmis (perencanaan)</p><p>36. LPLPO -&nbsp;</p><p>37. Laporan KB</p><p>38. PIO,POSR</p><p>39.SIPNAP lap narkotika</p><p>40.AMPDN</p><p>41.Asik kespro fan catin</p><p>42.aspak</p><p>43.simda barang</p>", "view_count": 213, "menu_id": 957, "admin_id": 75, "created_at": "2023-07-20T05:43:53.672Z", "updated_at": "2024-07-11T20:12:48.681Z", "is_edited": true}, "m2m": {"photo": []}}, {"condition": {"id": 50088}, "defaults": {"site_id": 57, "judul": "SK PENUNJUKAN PETUGAS PENGELOLA PENGADUAN", "isi_halaman": "Informasi tentang \"SK PENUNJUKAN PETUGAS PENGELOLA PENGADUAN\". Silahkan update di halaman <a target=\"_blank\" href=\"/dashboard/halaman-statis/\">Dashboard.<a><br><br><br><br>\"Halaman ini dibuat otomatis oleh sistem, karena halaman statis untuk menu ini belum dibuat. <br>Silahkan lakukan update di halaman statis.\"", "view_count": 5, "menu_id": 575, "admin_id": null, "created_at": "2024-06-11T23:10:22.785Z", "updated_at": "2024-07-10T19:24:48.363Z", "is_edited": false}, "m2m": {"photo": []}}, {"condition": {"id": 50101}, "defaults": {"site_id": 57, "judul": "Tata Tertib", "isi_halaman": "Informasi tentang \"Tata Tertib\". Silahkan update di halaman <a target=\"_blank\" href=\"/dashboard/halaman-statis/\">Dashboard.<a><br><br><br><br>\"Halaman ini dibuat otomatis oleh sistem, karena halaman statis untuk menu ini belum dibuat. <br>Silahkan lakukan update di halaman statis.\"", "view_count": 1, "menu_id": 870, "admin_id": null, "created_at": "2024-06-12T02:10:12.153Z", "updated_at": "2024-06-12T02:10:12.675Z", "is_edited": false}, "m2m": {"photo": []}}, {"condition": {"id": 50774}, "defaults": {"site_id": 57, "judul": "Izin Pembuangan Air Limbah", "isi_halaman": "Informasi tentang \"Izin Pembuangan Air Limbah\". Silahkan update di halaman <a target=\"_blank\" href=\"/dashboard/halaman-statis/\">Dashboard.<a><br><br><br><br>\"Halaman ini dibuat otomatis oleh sistem, karena halaman statis untuk menu ini belum dibuat. <br>Silahkan lakukan update di halaman statis.\"", "view_count": 1, "menu_id": 186, "admin_id": null, "created_at": "2024-06-21T17:14:46.713Z", "updated_at": "2024-06-21T17:14:48.607Z", "is_edited": false}, "m2m": {"photo": []}}, {"condition": {"id": 50888}, "defaults": {"site_id": 57, "judul": "Motto", "isi_halaman": "Informasi tentang \"Motto\". Silahkan update di halaman <a target=\"_blank\" href=\"/dashboard/halaman-statis/\">Dashboard.<a><br><br><br><br>\"Halaman ini dibuat otomatis oleh sistem, karena halaman statis untuk menu ini belum dibuat. <br>Silahkan lakukan update di halaman statis.\"", "view_count": 3, "menu_id": 602, "admin_id": null, "created_at": "2024-06-22T16:09:26.345Z", "updated_at": "2024-07-10T19:24:39.783Z", "is_edited": false}, "m2m": {"photo": []}}, {"condition": {"id": 50954}, "defaults": {"site_id": 57, "judul": "Surat Izin Toko Obat", "isi_halaman": "Informasi tentang \"Surat Izin Toko Obat\". Silahkan update di halaman <a target=\"_blank\" href=\"/dashboard/halaman-statis/\">Dashboard.<a><br><br><br><br>\"Halaman ini dibuat otomatis oleh sistem, karena halaman statis untuk menu ini belum dibuat. <br>Silahkan lakukan update di halaman statis.\"", "view_count": 1, "menu_id": 331, "admin_id": null, "created_at": "2024-06-24T15:08:41.430Z", "updated_at": "2024-06-24T15:08:42.070Z", "is_edited": false}, "m2m": {"photo": []}}, {"condition": {"id": 50980}, "defaults": {"site_id": 57, "judul": "Potensi Investasi", "isi_halaman": "Informasi tentang \"Potensi Investasi\". Silahkan update di halaman <a target=\"_blank\" href=\"/dashboard/halaman-statis/\">Dashboard.<a><br><br><br><br>\"Halaman ini dibuat otomatis oleh sistem, karena halaman statis untuk menu ini belum dibuat. <br>Silahkan lakukan update di halaman statis.\"", "view_count": 1, "menu_id": 362, "admin_id": null, "created_at": "2024-06-25T07:43:22.033Z", "updated_at": "2024-06-25T07:43:23.220Z", "is_edited": false}, "m2m": {"photo": []}}, {"condition": {"id": 50988}, "defaults": {"site_id": 57, "judul": "Tanda Daftar Usaha Pariwisata", "isi_halaman": "Informasi tentang \"Tanda Daftar Usaha Pariwisata\". Silahkan update di halaman <a target=\"_blank\" href=\"/dashboard/halaman-statis/\">Dashboard.<a><br><br><br><br>\"Halaman ini dibuat otomatis oleh sistem, karena halaman statis untuk menu ini belum dibuat. <br>Silahkan lakukan update di halaman statis.\"", "view_count": 1, "menu_id": 222, "admin_id": null, "created_at": "2024-06-25T16:06:00.504Z", "updated_at": "2024-06-25T16:06:01.056Z", "is_edited": false}, "m2m": {"photo": []}}, {"condition": {"id": 51007}, "defaults": {"site_id": 57, "judul": "Struktur Organisasi Kesehatan Gigi & Mulut", "isi_halaman": "Informasi tentang \"Struktur Organisasi Kesehatan Gigi & Mulut\". Silahkan update di halaman <a target=\"_blank\" href=\"/dashboard/halaman-statis/\">Dashboard.<a><br><br><br><br>\"Halaman ini dibuat otomatis oleh sistem, karena halaman statis untuk menu ini belum dibuat. <br>Silahkan lakukan update di halaman statis.\"", "view_count": 1, "menu_id": 892, "admin_id": null, "created_at": "2024-06-25T21:56:03.412Z", "updated_at": "2024-06-25T21:56:04.240Z", "is_edited": false}, "m2m": {"photo": []}}, {"condition": {"id": 51022}, "defaults": {"site_id": 57, "judul": "Surat Izin Apotik", "isi_halaman": "Informasi tentang \"Surat Izin Apotik\". Silahkan update di halaman <a target=\"_blank\" href=\"/dashboard/halaman-statis/\">Dashboard.<a><br><br><br><br>\"Halaman ini dibuat otomatis oleh sistem, karena halaman statis untuk menu ini belum dibuat. <br>Silahkan lakukan update di halaman statis.\"", "view_count": 1, "menu_id": 180, "admin_id": null, "created_at": "2024-06-26T02:35:34.783Z", "updated_at": "2024-06-26T02:35:35.907Z", "is_edited": false}, "m2m": {"photo": []}}, {"condition": {"id": 51100}, "defaults": {"site_id": 57, "judul": "Sektor Perhubungan", "isi_halaman": "Informasi tentang \"Sektor Perhubungan\". Silahkan update di halaman <a target=\"_blank\" href=\"/dashboard/halaman-statis/\">Dashboard.<a><br><br><br><br>\"Halaman ini dibuat otomatis oleh sistem, karena halaman statis untuk menu ini belum dibuat. <br>Silahkan lakukan update di halaman statis.\"", "view_count": 1, "menu_id": 168, "admin_id": null, "created_at": "2024-06-29T09:06:18.735Z", "updated_at": "2024-06-29T09:06:19.391Z", "is_edited": false}, "m2m": {"photo": []}}, {"condition": {"id": 51123}, "defaults": {"site_id": 57, "judul": "Perizinan Berusaha Berbasis Resiko (Perdagangan)", "isi_halaman": "Informasi tentang \"Perizinan Berusaha Berbasis Resiko (Perdagangan)\". Silahkan update di halaman <a target=\"_blank\" href=\"/dashboard/halaman-statis/\">Dashboard.<a><br><br><br><br>\"Halaman ini dibuat otomatis oleh sistem, karena halaman statis untuk menu ini belum dibuat. <br>Silahkan lakukan update di halaman statis.\"", "view_count": 1, "menu_id": 173, "admin_id": null, "created_at": "2024-07-01T03:19:33.799Z", "updated_at": "2024-07-01T03:19:34.517Z", "is_edited": false}, "m2m": {"photo": []}}, {"condition": {"id": 51161}, "defaults": {"site_id": 57, "judul": "Mekanisme Pengaduan Online/Offline", "isi_halaman": "Informasi tentang \"Mekanisme Pengaduan Online/Offline\". Silahkan update di halaman <a target=\"_blank\" href=\"/dashboard/halaman-statis/\">Dashboard.<a><br><br><br><br>\"Halaman ini dibuat otomatis oleh sistem, karena halaman statis untuk menu ini belum dibuat. <br>Silahkan lakukan update di halaman statis.\"", "view_count": 1, "menu_id": 115, "admin_id": null, "created_at": "2024-07-03T16:20:04.662Z", "updated_at": "2024-07-03T16:20:05.625Z", "is_edited": false}, "m2m": {"photo": []}}, {"condition": {"id": 51217}, "defaults": {"site_id": 57, "judul": "Nomor Induk Berusaha (NIB)", "isi_halaman": "Informasi tentang \"Nomor Induk Berusaha (NIB)\". Silahkan update di halaman <a target=\"_blank\" href=\"/dashboard/halaman-statis/\">Dashboard.<a><br><br><br><br>\"Halaman ini dibuat otomatis oleh sistem, karena halaman statis untuk menu ini belum dibuat. <br>Silahkan lakukan update di halaman statis.\"", "view_count": 1, "menu_id": 172, "admin_id": null, "created_at": "2024-07-07T01:36:19.493Z", "updated_at": "2024-07-07T01:36:20.039Z", "is_edited": false}, "m2m": {"photo": []}}]