[{"condition": {"id": 3380}, "defaults": {"site_id": 50, "judul": "TARIF LAYANAN", "isi_halaman": "<p>TARIF LAYANAN UPT PUSKESMAS SEKOTONG</p>\r\n", "view_count": 291, "menu_id": 552, "admin_id": 60, "created_at": "2022-07-05T11:33:57.770Z", "updated_at": "2024-07-04T22:57:54.620Z", "is_edited": true}, "m2m": {"photo": [2430]}}, {"condition": {"id": 3381}, "defaults": {"site_id": 50, "judul": "STRUKTUR ORGANISASI", "isi_halaman": "<p>SUTRUKTUR ORGANISASI</p>", "view_count": 370, "menu_id": 532, "admin_id": 60, "created_at": "2022-07-05T11:35:48.028Z", "updated_at": "2024-07-11T06:08:56.616Z", "is_edited": true}, "m2m": {"photo": [2431]}}, {"condition": {"id": 3384}, "defaults": {"site_id": 50, "judul": "PETA WILAYAH KERJA PUSKESMAS SEKOTONG", "isi_halaman": "<iframe src=\"https://www.google.com/maps/d/u/0/embed?mid=15iAOzawEngGwzg67ROepiHUDqwJR8M0&ehbc=2E312F\" width=\"640\" height=\"480\"></iframe>", "view_count": 217, "menu_id": 527, "admin_id": 60, "created_at": "2022-07-05T11:43:09.665Z", "updated_at": "2024-07-10T15:40:14.372Z", "is_edited": true}, "m2m": {"photo": [2432, 3042]}}, {"condition": {"id": 3387}, "defaults": {"site_id": 50, "judul": "MOTTO", "isi_halaman": "<p>Motto</p>", "view_count": 302, "menu_id": 528, "admin_id": 60, "created_at": "2022-07-05T11:46:06.772Z", "updated_at": "2024-07-07T12:37:45.912Z", "is_edited": true}, "m2m": {"photo": [2433]}}, {"condition": {"id": 3388}, "defaults": {"site_id": 50, "judul": "TATA NILAI", "isi_halaman": "<p>Tata Nilai UPT Puskesmas Sekotong</p>\r\n", "view_count": 178, "menu_id": 526, "admin_id": 60, "created_at": "2022-07-05T11:49:08.346Z", "updated_at": "2024-07-10T17:19:18.757Z", "is_edited": true}, "m2m": {"photo": [2434]}}, {"condition": {"id": 3389}, "defaults": {"site_id": 50, "judul": "VISI DAN MISI UPT PUSKESMAS SEKOTONG", "isi_halaman": "<p>VISI DAN MISI</p>\r\n", "view_count": 342, "menu_id": 530, "admin_id": 60, "created_at": "2022-07-05T11:49:37.095Z", "updated_at": "2024-07-11T23:35:44.423Z", "is_edited": true}, "m2m": {"photo": [2435]}}, {"condition": {"id": 3393}, "defaults": {"site_id": 50, "judul": "ALUR PELAYANAN DAN JENIS LAYANAN", "isi_halaman": "<p>Puskesmas mempunyai tugas untuk melaksanakan kebijakan kesehatan untuk mencapai tujuan pembangunan kesehatan di wilayah kerjanya&nbsp; Dalam hal ini, Puskesmas wajib memberikan gambaran berupa alur pelayanan dan jenis layanan yang ada di puskesmas sehigga mudah untuk dipahami oleh masyarakat</p>\r\n\r\n<p>JENIS-JENIS LAYANAN YANG ADA DI PUSKESMAS SEKOTONG DIANTARANYA :</p>\r\n\r\n<ul style=\"list-style-type:circle\">\r\n\t<li><span style=\"font-size:12pt\"><span style=\"font-family:&quot;Times New Roman&quot;,serif\"><strong><span style=\"font-size:10.0pt\"><span style=\"font-family:&quot;Calibri&quot;,sans-serif\">Loket Pendaftaran</span></span></strong></span></span></li>\r\n\t<li><span style=\"font-size:12pt\"><span style=\"font-family:&quot;Times New Roman&quot;,serif\"><strong><span style=\"font-size:10.0pt\"><span style=\"font-family:&quot;Calibri&quot;,sans-serif\">Pelayanan UGD 24 jam</span></span></strong></span></span></li>\r\n\t<li><span style=\"font-size:12pt\"><span style=\"font-family:&quot;Times New Roman&quot;,serif\"><strong><span style=\"font-size:10.0pt\"><span style=\"font-family:&quot;Calibri&quot;,sans-serif\">Pelayanan Poli Umum</span></span></strong></span></span></li>\r\n\t<li><span style=\"font-size:12pt\"><span style=\"font-family:&quot;Times New Roman&quot;,serif\"><strong><span style=\"font-size:10.0pt\"><span style=\"font-family:&quot;Calibri&quot;,sans-serif\">Pelayanan Poli Anak</span></span></strong></span></span></li>\r\n\t<li><span style=\"font-size:12pt\"><span style=\"font-family:&quot;Times New Roman&quot;,serif\"><strong><span style=\"font-size:10.0pt\"><span style=\"font-family:&quot;Calibri&quot;,sans-serif\">Pelayanan Poli Gigi</span></span></strong></span></span></li>\r\n\t<li><span style=\"font-size:12pt\"><span style=\"font-family:&quot;Times New Roman&quot;,serif\"><strong><span style=\"font-size:10.0pt\"><span style=\"font-family:&quot;Calibri&quot;,sans-serif\">Pelayanan Laboratorium</span></span></strong></span></span></li>\r\n\t<li><span style=\"font-size:12pt\"><span style=\"font-family:&quot;Times New Roman&quot;,serif\"><strong><span style=\"font-size:10.0pt\"><span style=\"font-family:&quot;Calibri&quot;,sans-serif\">Pelayanan Kesehatan Reproduksi(Kespro)</span></span></strong></span></span></li>\r\n\t<li><span style=\"font-size:12pt\"><span style=\"font-family:&quot;Times New Roman&quot;,serif\"><strong><span style=\"font-size:10.0pt\"><span style=\"font-family:&quot;Calibri&quot;,sans-serif\">Pelayanan USG</span></span></strong></span></span></li>\r\n\t<li><span style=\"font-size:12pt\"><span style=\"font-family:&quot;Times New Roman&quot;,serif\"><strong><span style=\"font-size:10.0pt\"><span style=\"font-family:&quot;Calibri&quot;,sans-serif\">Pelayanan Poli KIA</span></span></strong></span></span></li>\r\n\t<li><span style=\"font-size:12pt\"><span style=\"font-family:&quot;Times New Roman&quot;,serif\"><strong><span style=\"font-size:10.0pt\"><span style=\"font-family:&quot;Calibri&quot;,sans-serif\">Pelayanan Persalinan PONED</span></span></strong><strong><span style=\"font-size:10.0pt\"><span style=\"font-family:&quot;Calibri&quot;,sans-serif\"> 24 Jam</span></span></strong></span></span></li>\r\n\t<li><span style=\"font-size:12pt\"><span style=\"font-family:&quot;Times New Roman&quot;,serif\"><strong><span style=\"font-size:10.0pt\"><span style=\"font-family:&quot;Calibri&quot;,sans-serif\">Pelayanan Klinik Sanitasi</span></span></strong></span></span></li>\r\n\t<li><span style=\"font-size:12pt\"><span style=\"font-family:&quot;Times New Roman&quot;,serif\"><strong><span style=\"font-size:10.0pt\"><span style=\"font-family:&quot;Calibri&quot;,sans-serif\">Pelayanan Konseling Gizi</span></span></strong></span></span></li>\r\n\t<li><span style=\"font-size:12pt\"><span style=\"font-family:&quot;Times New Roman&quot;,serif\"><strong><span style=\"font-size:10.0pt\"><span style=\"font-family:&quot;Calibri&quot;,sans-serif\">Pelayanan Imunisasi Statis</span></span></strong></span></span></li>\r\n\t<li><span style=\"font-size:12pt\"><span style=\"font-family:&quot;Times New Roman&quot;,serif\"><strong><span style=\"font-size:10.0pt\"><span style=\"font-family:&quot;Calibri&quot;,sans-serif\">Pelayanan </span></span></strong><strong><span style=\"font-size:10.0pt\"><span style=\"font-family:&quot;Calibri&quot;,sans-serif\">Kesehatan Tradisional</span></span></strong></span></span></li>\r\n\t<li><span style=\"font-size:12pt\"><span style=\"font-family:&quot;Times New Roman&quot;,serif\"><strong><span style=\"font-size:10.0pt\"><span style=\"font-family:&quot;Calibri&quot;,sans-serif\">Penyuluhan dalam gedung</span></span></strong></span></span></li>\r\n\t<li><span style=\"font-size:12pt\"><span style=\"font-family:&quot;Times New Roman&quot;,serif\"><strong><span style=\"font-size:10.0pt\"><span style=\"font-family:&quot;Calibri&quot;,sans-serif\">Pelayanan Rawat Inap :</span></span></strong></span></span></li>\r\n\t<li><span style=\"font-size:12pt\"><span style=\"font-family:&quot;Times New Roman&quot;,serif\"><strong><span style=\"font-size:10.0pt\"><span style=\"font-family:&quot;Calibri&quot;,sans-serif\">Ruang rawat inap pria</span></span></strong></span></span></li>\r\n\t<li><span style=\"font-size:12pt\"><span style=\"font-family:&quot;Times New Roman&quot;,serif\"><strong><span style=\"font-size:10.0pt\"><span style=\"font-family:&quot;Calibri&quot;,sans-serif\">Ruang rawat inap wanita</span></span></strong></span></span></li>\r\n\t<li><span style=\"font-size:12pt\"><span style=\"font-family:&quot;Times New Roman&quot;,serif\"><strong><span style=\"font-size:10.0pt\"><span style=\"font-family:&quot;Calibri&quot;,sans-serif\">Ruang rawat inap anak</span></span></strong></span></span></li>\r\n\t<li><span style=\"font-size:12pt\"><span style=\"font-family:&quot;Times New Roman&quot;,serif\"><strong><span style=\"font-size:10.0pt\"><span style=\"font-family:&quot;Calibri&quot;,sans-serif\">Ruang rawat inap khusus/ potensi penyakit menular</span></span></strong></span></span></li>\r\n\t<li><span style=\"font-size:12pt\"><span style=\"font-family:&quot;Times New Roman&quot;,serif\"><strong><span style=\"font-size:10.0pt\"><span style=\"font-family:&quot;Calibri&quot;,sans-serif\">Pelayanan Rujukan</span></span></strong></span></span></li>\r\n\t<li><span style=\"font-size:12pt\"><span style=\"font-family:&quot;Times New Roman&quot;,serif\"><strong><span style=\"font-size:10.0pt\"><span style=\"font-family:&quot;Calibri&quot;,sans-serif\">Pelayanan Puskesmas Keliling</span></span></strong></span></span></li>\r\n</ul>", "view_count": 149, "menu_id": 525, "admin_id": 60, "created_at": "2022-07-05T11:52:07.867Z", "updated_at": "2024-07-11T22:24:25.175Z", "is_edited": true}, "m2m": {"photo": [2436]}}, {"condition": {"id": 3533}, "defaults": {"site_id": 50, "judul": "Jika Ada Pertanyaan Silahkan Hubungi Kami  di :", "isi_halaman": "<p>Telp/Hp&nbsp; &nbsp; &nbsp;: +6287744778685</p>\r\n\r\n<p>Email&nbsp; &nbsp; &nbsp; &nbsp; : puskesmassekotong@gmail.com</p>\r\n\r\n<p>Facebook : Puskesmas Sekotong</p>\r\n\r\n<p>&nbsp;</p>", "view_count": 6, "menu_id": 632, "admin_id": 60, "created_at": "2022-07-05T22:37:45.905Z", "updated_at": "2022-08-04T12:30:43.247Z", "is_edited": true}, "m2m": {"photo": []}}, {"condition": {"id": 4210}, "defaults": {"site_id": 50, "judul": "KOTAK SARAN", "isi_halaman": "<p>Kotak saran adalah salah satu fasilitas bagi Pengunjung&nbsp;untuk<strong>&nbsp;menyampaikan keluhan, kritik, dan saran</strong>.&nbsp;</p>\r\n", "view_count": 133, "menu_id": 557, "admin_id": 60, "created_at": "2022-07-07T06:47:52.275Z", "updated_at": "2024-07-05T13:44:28.847Z", "is_edited": true}, "m2m": {"photo": [2583]}}, {"condition": {"id": 4211}, "defaults": {"site_id": 50, "judul": "MAKLUMAT PELAYANAN", "isi_halaman": "<p><strong>Maklumat</strong>&nbsp;<strong>pelayanan</strong>&nbsp;dapat diartikan sebagai bentuk kewajiban dan janji penyelenggara layanan, kepada masyarakat sebagai pengguna layanan, untuk melaksanakan standar pelayanan yang telah ditetapkan penyelenggara layanan</p>\r\n", "view_count": 158, "menu_id": 555, "admin_id": 60, "created_at": "2022-07-07T06:48:03.615Z", "updated_at": "2024-07-10T15:05:55.745Z", "is_edited": true}, "m2m": {"photo": [2581]}}, {"condition": {"id": 4214}, "defaults": {"site_id": 50, "judul": "PELAYANAN PASIEN BERKEBUTUHAN KHUSUS", "isi_halaman": "", "view_count": 125, "menu_id": 558, "admin_id": 60, "created_at": "2022-07-07T06:48:27.431Z", "updated_at": "2024-07-08T18:03:01.734Z", "is_edited": true}, "m2m": {"photo": [2582]}}, {"condition": {"id": 4233}, "defaults": {"site_id": 50, "judul": "FASILITAS PUSKESMAS", "isi_halaman": "", "view_count": 22, "menu_id": 587, "admin_id": 60, "created_at": "2022-07-07T12:18:37.644Z", "updated_at": "2024-06-24T07:58:17.973Z", "is_edited": true}, "m2m": {"photo": [2510, 2511, 2512, 2513, 2514, 2515]}}, {"condition": {"id": 4322}, "defaults": {"site_id": 50, "judul": "RUANG TUNGGU PASIEN", "isi_halaman": "<p>Ruang tunggu Puskesmas Sekotong,&nbsp;salah satu ruangan wajib yang harus disediakan oleh Instansi Pelayanan Publik, Ini menjadi ruangan tempat pasien menunggu giliran, baik untuk&nbsp;diperiksa hingga keperluan lainnya seperti mengambil obat atau menunggu hasil laboratorium.&nbsp;</p>\r\n", "view_count": 185, "menu_id": 598, "admin_id": 60, "created_at": "2022-07-11T08:52:43.937Z", "updated_at": "2024-07-12T01:13:44.541Z", "is_edited": true}, "m2m": {"photo": [2578]}}, {"condition": {"id": 4324}, "defaults": {"site_id": 50, "judul": "Standar Pelayanan Puskesmas", "isi_halaman": "<ul>\r\n\t<li><a href=\"https://puskesmassekotong-dikes.lombokbaratkab.go.id/media/SK_SP_Puskesmas.pdf\">Standar Pelayanan Puskesmas</a></li>\r\n</ul>\r\n", "view_count": 124, "menu_id": 599, "admin_id": 60, "created_at": "2022-07-11T09:02:06.238Z", "updated_at": "2024-07-06T20:37:28.857Z", "is_edited": true}, "m2m": {"photo": []}}, {"condition": {"id": 4366}, "defaults": {"site_id": 50, "judul": "HAK DAN KEWAJIBAN PASIEN", "isi_halaman": "<p><span style=\"font-family:Verdana,Geneva,sans-serif\"><span style=\"font-size:20px\"><strong>HAK DAN KEWAJIBAN PASIEN</strong></span></span></p>\r\n\r\n<p><span style=\"font-family:Verdana,Geneva,sans-serif\"><span style=\"font-size:20px\"><strong><span style=\"font-size:11pt\"><span style=\"font-family:Calibri,sans-serif\"><strong><span style=\"font-size:12.0pt\"><span style=\"font-family:&quot;Bookman Old Style&quot;,serif\">Hak pasien</span></span></strong><span style=\"font-size:12.0pt\"><span style=\"font-family:&quot;Bookman Old Style&quot;,serif\">:</span></span></span></span></strong></span></span></p>\r\n\r\n<ol>\r\n\t<li style=\"text-align:justify\"><span style=\"font-size:11pt\"><span style=\"font-family:Calibri,sans-serif\"><span style=\"font-size:12.0pt\"><span style=\"font-family:&quot;Bookman Old Style&quot;,serif\">Memperoleh informasi mengenai tata tertib dan peraturan yang berlaku di Puskesmas.</span></span></span></span></li>\r\n\t<li style=\"text-align:justify\"><span style=\"font-size:11pt\"><span style=\"font-family:Calibri,sans-serif\"><span style=\"font-size:12.0pt\"><span style=\"font-family:&quot;Bookman Old Style&quot;,serif\">Memperoleh informasi tentang hak dan kewajiban pasien/ pelanggan.</span></span></span></span></li>\r\n\t<li style=\"text-align:justify\"><span style=\"font-size:11pt\"><span style=\"font-family:Calibri,sans-serif\"><span style=\"font-size:12.0pt\"><span style=\"font-family:&quot;Bookman Old Style&quot;,serif\">Memperoleh layanan yang manusiawi, adil, jujur, dan tanpa diskriminasi.</span></span></span></span></li>\r\n\t<li style=\"text-align:justify\"><span style=\"font-size:11pt\"><span style=\"font-family:Calibri,sans-serif\"><span style=\"font-size:12.0pt\"><span style=\"font-family:&quot;Bookman Old Style&quot;,serif\">Memperoleh pelayanan kesehatan bermutu sesuai dengan standar profesi dan standar prosedur operasional.</span></span></span></span></li>\r\n\t<li style=\"text-align:justify\"><span style=\"font-size:11pt\"><span style=\"font-family:Calibri,sans-serif\"><span style=\"font-size:12.0pt\"><span style=\"font-family:&quot;Bookman Old Style&quot;,serif\">Memperoleh layanan yang efektif dan efisien sehingga pasien terhindar dari kerugian fisik dan materi;</span></span></span></span></li>\r\n\t<li style=\"text-align:justify\"><span style=\"font-size:11pt\"><span style=\"font-family:Calibri,sans-serif\"><span style=\"font-size:12.0pt\"><span style=\"font-family:&quot;Bookman Old Style&quot;,serif\">Mengajukan pengaduan atas kualitas pelayanan yang didapatkan.</span></span></span></span></li>\r\n\t<li style=\"text-align:justify\"><span style=\"font-size:11pt\"><span style=\"font-family:Calibri,sans-serif\"><span style=\"font-size:12.0pt\"><span style=\"font-family:&quot;Bookman Old Style&quot;,serif\">Meminta konsultasi tentang penyakit yang dideritanya kepada dokter lain (second opinion) yang memiliki Surat Ijin Praktik (SIP) baik di dalam maupun di luar Puskesmas.</span></span></span></span></li>\r\n\t<li style=\"text-align:justify\"><span style=\"font-size:11pt\"><span style=\"font-family:Calibri,sans-serif\"><span style=\"font-size:12.0pt\"><span style=\"font-family:&quot;Bookman Old Style&quot;,serif\">Mendapatkan privasi dan kerahasiaan penyakit yang diderita termasuk data-data medisnya.</span></span></span></span></li>\r\n\t<li style=\"text-align:justify\"><span style=\"font-size:11pt\"><span style=\"font-family:Calibri,sans-serif\"><span style=\"font-size:12.0pt\"><span style=\"font-family:&quot;Bookman Old Style&quot;,serif\">Memberikan persetujuan atau menolak atas tindakan yang akan dilakukan oleh tenaga kesehatan terhadap penyakit yang dideritanya.</span></span></span></span></li>\r\n\t<li style=\"text-align:justify\"><span style=\"font-size:11pt\"><span style=\"font-family:Calibri,sans-serif\"><span style=\"font-size:12.0pt\"><span style=\"font-family:&quot;Bookman Old Style&quot;,serif\">Mendapat informasi yang meliputi diagnosis dan tata cara tindakan medis, tujuan tindakan medis, alternatif tindakan, risiko dan komplikasi yang mungkin terjadi, dan prognosis terhadap tindakan yang dilakukan serta perkiraan biaya pengobatan.</span></span></span></span></li>\r\n\t<li style=\"text-align:justify\"><span style=\"font-size:11pt\"><span style=\"font-family:Calibri,sans-serif\"><span style=\"font-size:12.0pt\"><span style=\"font-family:&quot;Bookman Old Style&quot;,serif\">Didampingi keluarganya dalam keadaan kritis.</span></span></span></span></li>\r\n\t<li style=\"text-align:justify\"><span style=\"font-size:11pt\"><span style=\"font-family:Calibri,sans-serif\"><span style=\"font-size:12.0pt\"><span style=\"font-family:&quot;Bookman Old Style&quot;,serif\">Memperoleh keamanan dan keselamatan dirinya selama dalam perawatan di Puskesmas.</span></span></span></span></li>\r\n\t<li style=\"text-align:justify\"><span style=\"font-size:11pt\"><span style=\"font-family:Calibri,sans-serif\"><span style=\"font-size:12.0pt\"><span style=\"font-family:&quot;Bookman Old Style&quot;,serif\">Mengajukan usul, saran, perbaikan atas perlakuan Puskesmas terhadap dirinya.</span></span></span></span></li>\r\n\t<li style=\"text-align:justify\"><span style=\"font-size:11pt\"><span style=\"font-family:Calibri,sans-serif\"><span style=\"font-size:12.0pt\"><span style=\"font-family:&quot;Bookman Old Style&quot;,serif\">Mengeluhkan pelayanan Puskesmas yang tidak sesuai dengan standar pelayanan melalui media cetak dan elektronik sesuai dengan ketentuan peraturan perundang-undangan.</span></span></span></span></li>\r\n</ol>\r\n\r\n<p style=\"margin-left:48px; text-align:justify\">&nbsp;</p>\r\n\r\n<p style=\"text-align:justify\"><span style=\"font-size:11pt\"><span style=\"font-family:Calibri,sans-serif\"><strong><span style=\"font-size:12.0pt\"><span style=\"font-family:&quot;Bookman Old Style&quot;,serif\">Kewajiban pasien/ pelanggan</span></span></strong><span style=\"font-size:12.0pt\"><span style=\"font-family:&quot;Bookman Old Style&quot;,serif\"> :</span></span></span></span></p>\r\n\r\n<ol>\r\n\t<li style=\"text-align:justify\"><span style=\"font-size:11pt\"><span style=\"font-family:Calibri,sans-serif\"><span style=\"font-size:12.0pt\"><span style=\"font-family:&quot;Bookman Old Style&quot;,serif\">Memberi informasi yg lengkap dan jujur tentang masalah kesehatannya.</span></span></span></span></li>\r\n\t<li style=\"text-align:justify\"><span style=\"font-size:11pt\"><span style=\"font-family:Calibri,sans-serif\"><span style=\"font-size:12.0pt\"><span style=\"font-family:&quot;Bookman Old Style&quot;,serif\">Mematuhi nasihat dan petunjuk dokter dan dokter gigi, serta perawat,</span></span></span></span></li>\r\n\t<li style=\"text-align:justify\"><span style=\"font-size:11pt\"><span style=\"font-family:Calibri,sans-serif\"><span style=\"font-size:12.0pt\"><span style=\"font-family:&quot;Bookman Old Style&quot;,serif\">Mematuhi ketentuan yang berlaku di Puskesmas.</span></span></span></span></li>\r\n\t<li style=\"text-align:justify\"><span style=\"font-size:11pt\"><span style=\"font-family:Calibri,sans-serif\"><span style=\"font-size:12.0pt\"><span style=\"font-family:&quot;Bookman Old Style&quot;,serif\">Memberi imbalan jasa atas pelayanan yang diterima.</span></span></span></span></li>\r\n</ol>", "view_count": 211, "menu_id": 605, "admin_id": 60, "created_at": "2022-07-15T21:16:33.523Z", "updated_at": "2024-07-02T06:36:22.139Z", "is_edited": true}, "m2m": {"photo": []}}, {"condition": {"id": 4419}, "defaults": {"site_id": 50, "judul": "TABEL DATA LUAS WILAYAH, JUMLAH DESA/KELURAHAN, JUMLAH PENDUDUK, JUMLAH RUMAH TANGGA,DAN KEPADATAN PENDUDUK", "isi_halaman": "<p><iframe frameborder=\"0\" height=\"720\" scrolling=\"no\" src=\"https://docs.google.com/spreadsheets/d/e/2PACX-1vQhIPz6JlS53NO7gp_lu35YpFWorve7sPB4U7xEUtRLzzpSCVh6E1-JFN36zr1ija4pZZcxUgwJmJyv/pubhtml?widget=true&amp;headers=false\" width=\"720\"></iframe></p>", "view_count": 108, "menu_id": 611, "admin_id": 60, "created_at": "2022-07-20T23:39:08.704Z", "updated_at": "2024-07-08T00:57:33.496Z", "is_edited": true}, "m2m": {"photo": []}}, {"condition": {"id": 4456}, "defaults": {"site_id": 50, "judul": "Hubungi Kami", "isi_halaman": "<p><iframe frameborder=\"0\" height=\"375\" src=\"https://www.youtube.com/embed/_946eHWoNz0\" title=\"UNTUK INFORMASI LENGKAP DAN PENGADUAN HUBUNGI KAMI\" width=\"667\"></iframe></p>\r\n\r\n<p>&nbsp;</p>\r\n\r\n<p>&nbsp;</p>\r\n\r\n<p>&nbsp;</p>\r\n\r\n<p>Alamat&nbsp; &nbsp; &nbsp; : Jalan Raya Sekotong, Kec. Sekotong Kab. Lombok Barat</p>\r\n\r\n<p>Telp/Hp&nbsp; &nbsp; &nbsp;: +6287744778685</p>\r\n\r\n<p>Email&nbsp; &nbsp; &nbsp; &nbsp; : puskesmassekotong@gmail.com</p>\r\n\r\n<p>Facebook : Puskesmas Sekotong</p>", "view_count": 216, "menu_id": 632, "admin_id": 60, "created_at": "2022-08-04T11:36:53.684Z", "updated_at": "2023-01-13T20:12:07.218Z", "is_edited": true}, "m2m": {"photo": []}}, {"condition": {"id": 5392}, "defaults": {"site_id": 50, "judul": "Hubungi Kami", "isi_halaman": "<p>UPT PUSKEMAS SEKOTONG</p>\r\n\r\n<p>Jl. Raya Sekotong. Kecamatan Sekotong Kabupaten Lombok Barat</p>\r\n\r\n<p>Gmail : puskesmassekotong@gmail.com</p>\r\n\r\n<p>Fb. puskesmas sekotong</p>\r\n\r\n<p>YT : Puskesmas sekotong</p>\r\n\r\n<p>&nbsp;</p>", "view_count": 292, "menu_id": 632, "admin_id": 60, "created_at": "2023-02-15T13:53:50.747Z", "updated_at": "2024-07-10T06:52:13.750Z", "is_edited": true}, "m2m": {"photo": []}}, {"condition": {"id": 50062}, "defaults": {"site_id": 50, "judul": "Layanan Penunjang", "isi_halaman": "Informasi tentang \"Layanan Penunjang\". Silahkan update di halaman <a target=\"_blank\" href=\"/dashboard/halaman-statis/\">Dashboard.<a><br><br><br><br>\"Halaman ini dibuat otomatis oleh sistem, karena halaman statis untuk menu ini belum dibuat. <br>Silahkan lakukan update di halaman statis.\"", "view_count": 6, "menu_id": 919, "admin_id": null, "created_at": "2024-06-11T17:31:05.383Z", "updated_at": "2024-07-08T18:01:22.231Z", "is_edited": false}, "m2m": {"photo": []}}, {"condition": {"id": 50132}, "defaults": {"site_id": 50, "judul": "Mekanisme Pengaduan", "isi_halaman": "Informasi tentang \"Mekanisme Pengaduan\". Silahkan update di halaman <a target=\"_blank\" href=\"/dashboard/halaman-statis/\">Dashboard.<a><br><br><br><br>\"Halaman ini dibuat otomatis oleh sistem, karena halaman statis untuk menu ini belum dibuat. <br>Silahkan lakukan update di halaman statis.\"", "view_count": 4, "menu_id": 682, "admin_id": null, "created_at": "2024-06-12T07:24:45.175Z", "updated_at": "2024-07-01T10:21:46.741Z", "is_edited": false}, "m2m": {"photo": []}}, {"condition": {"id": 50745}, "defaults": {"site_id": 50, "judul": "Layanan", "isi_halaman": "Informasi tentang \"Layanan\". Silahkan update di halaman <a target=\"_blank\" href=\"/dashboard/halaman-statis/\">Dashboard.<a><br><br><br><br>\"Halaman ini dibuat otomatis oleh sistem, karena halaman statis untuk menu ini belum dibuat. <br>Silahkan lakukan update di halaman statis.\"", "view_count": 6, "menu_id": 983, "admin_id": null, "created_at": "2024-06-21T02:49:51.185Z", "updated_at": "2024-07-02T06:36:27.196Z", "is_edited": false}, "m2m": {"photo": []}}, {"condition": {"id": 50751}, "defaults": {"site_id": 50, "judul": "Nama Petugas Pengelola Pengaduan", "isi_halaman": "Informasi tentang \"Nama Petugas Pengelola Pengaduan\". Silahkan update di halaman <a target=\"_blank\" href=\"/dashboard/halaman-statis/\">Dashboard.<a><br><br><br><br>\"Halaman ini dibuat otomatis oleh sistem, karena halaman statis untuk menu ini belum dibuat. <br>Silahkan lakukan update di halaman statis.\"", "view_count": 4, "menu_id": 927, "admin_id": null, "created_at": "2024-06-21T03:39:43.738Z", "updated_at": "2024-07-05T00:36:20.740Z", "is_edited": false}, "m2m": {"photo": []}}, {"condition": {"id": 50753}, "defaults": {"site_id": 50, "judul": "POSKESDES", "isi_halaman": "Informasi tentang \"POSKESDES\". Silahkan update di halaman <a target=\"_blank\" href=\"/dashboard/halaman-statis/\">Dashboard.<a><br><br><br><br>\"Halaman ini dibuat otomatis oleh sistem, karena halaman statis untuk menu ini belum dibuat. <br>Silahkan lakukan update di halaman statis.\"", "view_count": 8, "menu_id": 564, "admin_id": null, "created_at": "2024-06-21T04:01:35.368Z", "updated_at": "2024-07-10T07:15:18.190Z", "is_edited": false}, "m2m": {"photo": []}}, {"condition": {"id": 50755}, "defaults": {"site_id": 50, "judul": "Profil Pejabat Struktural", "isi_halaman": "Informasi tentang \"Profil Pejabat Struktural\". Silahkan update di halaman <a target=\"_blank\" href=\"/dashboard/halaman-statis/\">Dashboard.<a><br><br><br><br>\"Halaman ini dibuat otomatis oleh sistem, karena halaman statis untuk menu ini belum dibuat. <br>Silahkan lakukan update di halaman statis.\"", "view_count": 5, "menu_id": 1043, "admin_id": null, "created_at": "2024-06-21T04:47:19.628Z", "updated_at": "2024-07-01T10:22:38.712Z", "is_edited": false}, "m2m": {"photo": []}}, {"condition": {"id": 50759}, "defaults": {"site_id": 50, "judul": "Tugas dan Fungsi", "isi_halaman": "Informasi tentang \"Tugas dan Fungsi\". Silahkan update di halaman <a target=\"_blank\" href=\"/dashboard/halaman-statis/\">Dashboard.<a><br><br><br><br>\"Halaman ini dibuat otomatis oleh sistem, karena halaman statis untuk menu ini belum dibuat. <br>Silahkan lakukan update di halaman statis.\"", "view_count": 5, "menu_id": 812, "admin_id": null, "created_at": "2024-06-21T05:32:29.329Z", "updated_at": "2024-06-28T01:55:46.510Z", "is_edited": false}, "m2m": {"photo": []}}, {"condition": {"id": 50760}, "defaults": {"site_id": 50, "judul": "RAWAT INAP", "isi_halaman": "Informasi tentang \"RAWAT INAP\". Silahkan update di halaman <a target=\"_blank\" href=\"/dashboard/halaman-statis/\">Dashboard.<a><br><br><br><br>\"Halaman ini dibuat otomatis oleh sistem, karena halaman statis untuk menu ini belum dibuat. <br>Silahkan lakukan update di halaman statis.\"", "view_count": 5, "menu_id": 1074, "admin_id": null, "created_at": "2024-06-21T05:33:04.365Z", "updated_at": "2024-07-06T17:45:39.442Z", "is_edited": false}, "m2m": {"photo": []}}, {"condition": {"id": 50766}, "defaults": {"site_id": 50, "judul": "Sarana dan Prasarana Fasilitas", "isi_halaman": "Informasi tentang \"Sarana dan Prasarana Fasilitas\". Silahkan update di halaman <a target=\"_blank\" href=\"/dashboard/halaman-statis/\">Dashboard.<a><br><br><br><br>\"Halaman ini dibuat otomatis oleh sistem, karena halaman statis untuk menu ini belum dibuat. <br>Silahkan lakukan update di halaman statis.\"", "view_count": 4, "menu_id": 837, "admin_id": null, "created_at": "2024-06-21T09:21:36.615Z", "updated_at": "2024-07-02T06:36:27.269Z", "is_edited": false}, "m2m": {"photo": []}}, {"condition": {"id": 50772}, "defaults": {"site_id": 50, "judul": "Jadwal Dan Jam Pelayanan", "isi_halaman": "Informasi tentang \"Jadwal Dan Jam Pelayanan\". Silahkan update di halaman <a target=\"_blank\" href=\"/dashboard/halaman-statis/\">Dashboard.<a><br><br><br><br>\"Halaman ini dibuat otomatis oleh sistem, karena halaman statis untuk menu ini belum dibuat. <br>Silahkan lakukan update di halaman statis.\"", "view_count": 11, "menu_id": 917, "admin_id": null, "created_at": "2024-06-21T12:13:39.626Z", "updated_at": "2024-07-09T16:40:35.431Z", "is_edited": false}, "m2m": {"photo": []}}, {"condition": {"id": 50781}, "defaults": {"site_id": 50, "judul": "SK PENUNJUKAN PETUGAS PENGELOLA PENGADUAN", "isi_halaman": "Informasi tentang \"SK PENUNJUKAN PETUGAS PENGELOLA PENGADUAN\". Silahkan update di halaman <a target=\"_blank\" href=\"/dashboard/halaman-statis/\">Dashboard.<a><br><br><br><br>\"Halaman ini dibuat otomatis oleh sistem, karena halaman statis untuk menu ini belum dibuat. <br>Silahkan lakukan update di halaman statis.\"", "view_count": 15, "menu_id": 575, "admin_id": null, "created_at": "2024-06-21T18:28:18.717Z", "updated_at": "2024-07-07T01:26:36.358Z", "is_edited": false}, "m2m": {"photo": []}}, {"condition": {"id": 50804}, "defaults": {"site_id": 50, "judul": "Falsafah", "isi_halaman": "Informasi tentang \"Falsafah\". Silahkan update di halaman <a target=\"_blank\" href=\"/dashboard/halaman-statis/\">Dashboard.<a><br><br><br><br>\"Halaman ini dibuat otomatis oleh sistem, karena halaman statis untuk menu ini belum dibuat. <br>Silahkan lakukan update di halaman statis.\"", "view_count": 10, "menu_id": 912, "admin_id": null, "created_at": "2024-06-22T00:52:32.532Z", "updated_at": "2024-07-07T07:35:06.109Z", "is_edited": false}, "m2m": {"photo": []}}, {"condition": {"id": 50813}, "defaults": {"site_id": 50, "judul": "Pelayanan Terpadu", "isi_halaman": "Informasi tentang \"Pelayanan Terpadu\". Silahkan update di halaman <a target=\"_blank\" href=\"/dashboard/halaman-statis/\">Dashboard.<a><br><br><br><br>\"Halaman ini dibuat otomatis oleh sistem, karena halaman statis untuk menu ini belum dibuat. <br>Silahkan lakukan update di halaman statis.\"", "view_count": 10, "menu_id": 838, "admin_id": null, "created_at": "2024-06-22T03:02:43.236Z", "updated_at": "2024-07-02T06:37:11.611Z", "is_edited": false}, "m2m": {"photo": []}}, {"condition": {"id": 50818}, "defaults": {"site_id": 50, "judul": "VISI MISI DAN MOTTO", "isi_halaman": "Informasi tentang \"VISI MISI DAN MOTTO\". Silahkan update di halaman <a target=\"_blank\" href=\"/dashboard/halaman-statis/\">Dashboard.<a><br><br><br><br>\"Halaman ini dibuat otomatis oleh sistem, karena halaman statis untuk menu ini belum dibuat. <br>Silahkan lakukan update di halaman statis.\"", "view_count": 7, "menu_id": 556, "admin_id": null, "created_at": "2024-06-22T04:12:00.067Z", "updated_at": "2024-07-11T17:43:13.985Z", "is_edited": false}, "m2m": {"photo": []}}, {"condition": {"id": 50877}, "defaults": {"site_id": 50, "judul": "Penilaian Kinerja", "isi_halaman": "Informasi tentang \"Penilaian Kinerja\". Silahkan update di halaman <a target=\"_blank\" href=\"/dashboard/halaman-statis/\">Dashboard.<a><br><br><br><br>\"Halaman ini dibuat otomatis oleh sistem, karena halaman statis untuk menu ini belum dibuat. <br>Silahkan lakukan update di halaman statis.\"", "view_count": 3, "menu_id": 835, "admin_id": null, "created_at": "2024-06-22T11:44:02.549Z", "updated_at": "2024-06-25T06:21:56.664Z", "is_edited": false}, "m2m": {"photo": []}}, {"condition": {"id": 50885}, "defaults": {"site_id": 50, "judul": "Rekognisi", "isi_halaman": "Informasi tentang \"Rekognisi\". Silahkan update di halaman <a target=\"_blank\" href=\"/dashboard/halaman-statis/\">Dashboard.<a><br><br><br><br>\"Halaman ini dibuat otomatis oleh sistem, karena halaman statis untuk menu ini belum dibuat. <br>Silahkan lakukan update di halaman statis.\"", "view_count": 5, "menu_id": 839, "admin_id": null, "created_at": "2024-06-22T13:46:18.888Z", "updated_at": "2024-07-01T10:22:58.761Z", "is_edited": false}, "m2m": {"photo": []}}, {"condition": {"id": 50910}, "defaults": {"site_id": 50, "judul": "PUSTU", "isi_halaman": "Informasi tentang \"PUSTU\". Silahkan update di halaman <a target=\"_blank\" href=\"/dashboard/halaman-statis/\">Dashboard.<a><br><br><br><br>\"Halaman ini dibuat otomatis oleh sistem, karena halaman statis untuk menu ini belum dibuat. <br>Silahkan lakukan update di halaman statis.\"", "view_count": 14, "menu_id": 568, "admin_id": null, "created_at": "2024-06-23T00:56:17.324Z", "updated_at": "2024-07-11T09:46:59.961Z", "is_edited": false}, "m2m": {"photo": []}}, {"condition": {"id": 50915}, "defaults": {"site_id": 50, "judul": "Hubungi Kami", "isi_halaman": "Informasi tentang \"Hubungi Kami\". Silahkan update di halaman <a target=\"_blank\" href=\"/dashboard/halaman-statis/\">Dashboard.<a><br><br><br><br>\"Halaman ini dibuat otomatis oleh sistem, karena halaman statis untuk menu ini belum dibuat. <br>Silahkan lakukan update di halaman statis.\"", "view_count": 3, "menu_id": 41, "admin_id": null, "created_at": "2024-06-23T04:18:10.003Z", "updated_at": "2024-07-11T02:22:43.022Z", "is_edited": false}, "m2m": {"photo": []}}, {"condition": {"id": 50925}, "defaults": {"site_id": 50, "judul": "Persalinan", "isi_halaman": "Informasi tentang \"Persalinan\". Silahkan update di halaman <a target=\"_blank\" href=\"/dashboard/halaman-statis/\">Dashboard.<a><br><br><br><br>\"Halaman ini dibuat otomatis oleh sistem, karena halaman statis untuk menu ini belum dibuat. <br>Silahkan lakukan update di halaman statis.\"", "view_count": 7, "menu_id": 781, "admin_id": null, "created_at": "2024-06-23T08:30:16.098Z", "updated_at": "2024-07-08T15:41:23.041Z", "is_edited": false}, "m2m": {"photo": []}}, {"condition": {"id": 50926}, "defaults": {"site_id": 50, "judul": "Jangka Waktu Respon Pengaduan", "isi_halaman": "Informasi tentang \"Jangka Waktu Respon Pengaduan\". Silahkan update di halaman <a target=\"_blank\" href=\"/dashboard/halaman-statis/\">Dashboard.<a><br><br><br><br>\"Halaman ini dibuat otomatis oleh sistem, karena halaman statis untuk menu ini belum dibuat. <br>Silahkan lakukan update di halaman statis.\"", "view_count": 9, "menu_id": 926, "admin_id": null, "created_at": "2024-06-23T08:30:20.469Z", "updated_at": "2024-07-07T08:50:46.549Z", "is_edited": false}, "m2m": {"photo": []}}, {"condition": {"id": 50927}, "defaults": {"site_id": 50, "judul": "Upaya Kesehatan Masyarakat Pengembangan", "isi_halaman": "Informasi tentang \"Upaya Kesehatan Masyarakat Pengembangan\". Silahkan update di halaman <a target=\"_blank\" href=\"/dashboard/halaman-statis/\">Dashboard.<a><br><br><br><br>\"Halaman ini dibuat otomatis oleh sistem, karena halaman statis untuk menu ini belum dibuat. <br>Silahkan lakukan update di halaman statis.\"", "view_count": 8, "menu_id": 923, "admin_id": null, "created_at": "2024-06-23T08:38:48.379Z", "updated_at": "2024-07-06T13:16:43.104Z", "is_edited": false}, "m2m": {"photo": []}}, {"condition": {"id": 50930}, "defaults": {"site_id": 50, "judul": "UKP", "isi_halaman": "Informasi tentang \"UKP\". Silahkan update di halaman <a target=\"_blank\" href=\"/dashboard/halaman-statis/\">Dashboard.<a><br><br><br><br>\"Halaman ini dibuat otomatis oleh sistem, karena halaman statis untuk menu ini belum dibuat. <br>Silahkan lakukan update di halaman statis.\"", "view_count": 5, "menu_id": 571, "admin_id": null, "created_at": "2024-06-23T10:55:14.483Z", "updated_at": "2024-07-01T10:22:27.081Z", "is_edited": false}, "m2m": {"photo": []}}, {"condition": {"id": 50952}, "defaults": {"site_id": 50, "judul": "Atribut", "isi_halaman": "Informasi tentang \"Atribut\". Silahkan update di halaman <a target=\"_blank\" href=\"/dashboard/halaman-statis/\">Dashboard.<a><br><br><br><br>\"Halaman ini dibuat otomatis oleh sistem, karena halaman statis untuk menu ini belum dibuat. <br>Silahkan lakukan update di halaman statis.\"", "view_count": 11, "menu_id": 836, "admin_id": null, "created_at": "2024-06-24T11:13:05.652Z", "updated_at": "2024-07-07T00:17:01.218Z", "is_edited": false}, "m2m": {"photo": []}}, {"condition": {"id": 51008}, "defaults": {"site_id": 50, "judul": "UKM", "isi_halaman": "Informasi tentang \"UKM\". Silahkan update di halaman <a target=\"_blank\" href=\"/dashboard/halaman-statis/\">Dashboard.<a><br><br><br><br>\"Halaman ini dibuat otomatis oleh sistem, karena halaman statis untuk menu ini belum dibuat. <br>Silahkan lakukan update di halaman statis.\"", "view_count": 5, "menu_id": 567, "admin_id": null, "created_at": "2024-06-25T23:19:57.829Z", "updated_at": "2024-07-08T18:03:20.821Z", "is_edited": false}, "m2m": {"photo": []}}, {"condition": {"id": 51009}, "defaults": {"site_id": 50, "judul": "FASILITAS", "isi_halaman": "Informasi tentang \"FASILITAS\". Silahkan update di halaman <a target=\"_blank\" href=\"/dashboard/halaman-statis/\">Dashboard.<a><br><br><br><br>\"Halaman ini dibuat otomatis oleh sistem, karena halaman statis untuk menu ini belum dibuat. <br>Silahkan lakukan update di halaman statis.\"", "view_count": 10, "menu_id": 586, "admin_id": null, "created_at": "2024-06-25T23:26:26.380Z", "updated_at": "2024-07-07T19:39:55.440Z", "is_edited": false}, "m2m": {"photo": []}}, {"condition": {"id": 51012}, "defaults": {"site_id": 50, "judul": "Penilaian kinerja", "isi_halaman": "Informasi tentang \"Penilaian kinerja\". Silahkan update di halaman <a target=\"_blank\" href=\"/dashboard/halaman-statis/\">Dashboard.<a><br><br><br><br>\"Halaman ini dibuat otomatis oleh sistem, karena halaman statis untuk menu ini belum dibuat. <br>Silahkan lakukan update di halaman statis.\"", "view_count": 4, "menu_id": 1086, "admin_id": null, "created_at": "2024-06-25T23:43:59.204Z", "updated_at": "2024-07-02T06:36:42.568Z", "is_edited": false}, "m2m": {"photo": []}}, {"condition": {"id": 51128}, "defaults": {"site_id": 50, "judul": "Dokumen", "isi_halaman": "Informasi tentang \"Dokumen\". Silahkan update di halaman <a target=\"_blank\" href=\"/dashboard/halaman-statis/\">Dashboard.<a><br><br><br><br>\"Halaman ini dibuat otomatis oleh sistem, karena halaman statis untuk menu ini belum dibuat. <br>Silahkan lakukan update di halaman statis.\"", "view_count": 1, "menu_id": 845, "admin_id": null, "created_at": "2024-07-01T04:49:43.938Z", "updated_at": "2024-07-01T04:49:44.281Z", "is_edited": false}, "m2m": {"photo": []}}, {"condition": {"id": 51169}, "defaults": {"site_id": 50, "judul": "Visi-Misi dan Motto Pelayanan", "isi_halaman": "Informasi tentang \"Visi-Misi dan Motto Pelayanan\". Silahkan update di halaman <a target=\"_blank\" href=\"/dashboard/halaman-statis/\">Dashboard.<a><br><br><br><br>\"Halaman ini dibuat otomatis oleh sistem, karena halaman statis untuk menu ini belum dibuat. <br>Silahkan lakukan update di halaman statis.\"", "view_count": 1, "menu_id": 97, "admin_id": null, "created_at": "2024-07-03T22:37:38.752Z", "updated_at": "2024-07-03T22:37:39.283Z", "is_edited": false}, "m2m": {"photo": []}}, {"condition": {"id": 51210}, "defaults": {"site_id": 50, "judul": "Upaya Kesehatan Perorangan", "isi_halaman": "Informasi tentang \"Upaya Kesehatan Perorangan\". Silahkan update di halaman <a target=\"_blank\" href=\"/dashboard/halaman-statis/\">Dashboard.<a><br><br><br><br>\"Halaman ini dibuat otomatis oleh sistem, karena halaman statis untuk menu ini belum dibuat. <br>Silahkan lakukan update di halaman statis.\"", "view_count": 1, "menu_id": 371, "admin_id": null, "created_at": "2024-07-06T07:10:37.421Z", "updated_at": "2024-07-06T07:10:38.092Z", "is_edited": false}, "m2m": {"photo": []}}, {"condition": {"id": 51246}, "defaults": {"site_id": 50, "judul": "Upaya Kesehatan Masyarakat", "isi_halaman": "Informasi tentang \"Upaya Kesehatan Masyarakat\". Silahkan update di halaman <a target=\"_blank\" href=\"/dashboard/halaman-statis/\">Dashboard.<a><br><br><br><br>\"Halaman ini dibuat otomatis oleh sistem, karena halaman statis untuk menu ini belum dibuat. <br>Silahkan lakukan update di halaman statis.\"", "view_count": 1, "menu_id": 499, "admin_id": null, "created_at": "2024-07-08T18:02:22.914Z", "updated_at": "2024-07-08T18:02:23.343Z", "is_edited": false}, "m2m": {"photo": []}}]