[{"condition": {"id": 3386}, "defaults": {"site_id": 61, "judul": "contoh", "isi_halaman": "<p>UPDATE halaman statis</p>", "view_count": 1, "menu_id": 579, "admin_id": 79, "created_at": "2022-07-05T11:45:28.649Z", "updated_at": "2022-07-05T11:47:18.406Z", "is_edited": true}, "m2m": {"photo": []}}, {"condition": {"id": 5480}, "defaults": {"site_id": 61, "judul": "STRUKTUR ORGANISASI", "isi_halaman": "<p>Struktur Organisasi Puskesmas Sesuai dengan SK Kepala Dinas Kesehatan Kabupaten Lombok Barat Tahun 2020</p>\r\n\r\n<p>dengan nomor : 800/220.1/III/2020 tentang &quot;<strong>PEMBENTUKAN ,RINCIAN TUGAS,FUNGSI DAN TATA KERJA UNIT PELAYANAN&nbsp;</strong></p>\r\n\r\n<p><strong>TEKNIS (UPT) PUSAT KESEHATAN MASYARAKAT PADA DINAS KESEHATAN </strong>&quot; bisa dilihat <a href=\"https://puskesmassedau-dikes.lombokbaratkab.go.id/media/STRUKTUR_ORGANISASI_PKM_2022.pdf\"><span style=\"font-size:18px\"><strong>disini</strong></span></a></p>", "view_count": 292, "menu_id": 45, "admin_id": 79, "created_at": "2023-02-15T17:55:52.050Z", "updated_at": "2024-07-11T14:41:56.267Z", "is_edited": true}, "m2m": {"photo": []}}, {"condition": {"id": 5551}, "defaults": {"site_id": 61, "judul": "TENTANG", "isi_halaman": "<h1>TENTANG KAMI</h1>\r\n\r\n<p><img alt=\"\" src=\"/media/uploads/puskesmassedaulobar/2023/05/24/pkm.jpg\" style=\"float:left; height:150px; width:200px\" /></p>\r\n\r\n<p><strong>Puskesmas Sedau</strong> merupakan Puskesmas Non Perawatan yang terletak di Jalan Ahmad Yani Desa Keru Kecamatan Narmada&nbsp;Kabupaten Lombok Barat Provinsi Nusa Tenggara Barat dengan Luas Wilayah Kerja 23,16 Km<sup>2&nbsp;</sup>dengan Batas Wilayah :</p>\r\n\r\n<p>Sebelah Barat&nbsp; &nbsp; &nbsp; &nbsp; &nbsp; :&nbsp; Desa Narmada dan Desa Lembuak&nbsp;</p>\r\n\r\n<p>Sebelah Utara&nbsp; &nbsp; &nbsp; &nbsp; &nbsp; : Desa Suranadi dan Desa Pakuan</p>\r\n\r\n<p>Sebelah Timur&nbsp; &nbsp; &nbsp; &nbsp; &nbsp; : Kabupaten Lombok Tengah</p>\r\n\r\n<p>Sebelah Selatan&nbsp; &nbsp; &nbsp; &nbsp;: Kabupaten Lombok Tengah</p>\r\n\r\n<p>&nbsp;</p>", "view_count": 365, "menu_id": 42, "admin_id": 79, "created_at": "2023-02-15T22:03:09.869Z", "updated_at": "2024-07-11T23:04:14.741Z", "is_edited": true}, "m2m": {"photo": []}}, {"condition": {"id": 5583}, "defaults": {"site_id": 61, "judul": "Hubungi Kami", "isi_halaman": "<h4><br />\r\n<span style=\"font-size:12px\"><a href=\"https://wa.wizard.id/3b309a\"><input alt=\"\" src=\"/media/uploads/puskesmassedaulobar/2023/05/25/wa_mQD0Kgg.png\" style=\"float:left; height:30px; width:30px\" type=\"image\" /></a>&nbsp; &nbsp;&nbsp;</span><a href=\"https://wa.wizard.id/3b309a\"><span style=\"font-size:18px\"> </span><span style=\"font-size:16px\">087851385324</span></a></h4>\r\n\r\n<h4><span style=\"font-size:12px\"><input alt=\"\" src=\"/media/uploads/puskesmassedaulobar/2023/05/25/telepon_OOdtm8O.png\" style=\"float:left; height:30px; width:30px\" type=\"image\" /></span>&nbsp; &nbsp;<span style=\"font-size:16px\">087851385324</span></h4>\r\n\r\n<h3><span style=\"font-size:12px\"><input alt=\"\" src=\"/media/uploads/puskesmassedaulobar/2023/05/25/ig_uB5XHNs.png\" style=\"float:left; height:30px; width:30px\" type=\"image\" /></span>&nbsp; <span style=\"font-size:16px\">&nbsp; <a href=\"https://www.instagram.com/puskesmas_sedau/\">puskesmas_sedau</a></span></h3>\r\n\r\n<p>&nbsp;<a href=\"https://goo.gl/maps/rNTosKdGoMwtVPU76?coh=178573&amp;entry=tt\"><span style=\"font-size:12px\"><input alt=\"\" src=\"/media/uploads/puskesmassedaulobar/2023/05/25/lokasi_gbeZEzF.png\" style=\"float:left; height:30px; width:30px\" type=\"image\" /></span></a>&nbsp; <span style=\"font-size:16px\">&nbsp; <a href=\"https://goo.gl/maps/rNTosKdGoMwtVPU76?coh=178573&amp;entry=tt\">Jl.Ahmad Yani desa Keru - Narmada</a></span></p>\r\n\r\n<h3><span style=\"font-size:12px\">&nbsp;<input alt=\"\" src=\"/media/uploads/puskesmassedaulobar/2023/05/25/email_shyEvgR.png\" style=\"float:left; height:30px; width:30px\" type=\"image\" /> &nbsp;</span><span style=\"font-size:16px\">&nbsp; <a href=\"https://mail.google.com/mail/u/0/#inbox?compose=new\">puskesmas.sedau2@gmail.com</a></span></h3>", "view_count": 234, "menu_id": 41, "admin_id": 79, "created_at": "2023-02-16T00:34:25.783Z", "updated_at": "2024-07-11T16:54:39.143Z", "is_edited": true}, "m2m": {"photo": []}}, {"condition": {"id": 5612}, "defaults": {"site_id": 61, "judul": "Lokasi", "isi_halaman": "<h1>&nbsp;<span style=\"font-size:18px\"><span style=\"font-family:Comic Sans MS,cursive\">Silahkan Kunjungi <a href=\"https://goo.gl/maps/rNTosKdGoMwtVPU76?coh=178573&amp;entry=tt\">Alamat Kami</a></span></span></h1>\r\n\r\n<h1>&nbsp;</h1>", "view_count": 212, "menu_id": 618, "admin_id": 79, "created_at": "2023-02-16T02:09:22.828Z", "updated_at": "2024-07-10T22:49:31.465Z", "is_edited": true}, "m2m": {"photo": []}}, {"condition": {"id": 5621}, "defaults": {"site_id": 61, "judul": "VISI DAN MISI", "isi_halaman": "<h2><strong>VISI</strong></h2>\r\n\r\n<p>Terwujudnya Masyarakat&nbsp; Narmada yang mandiri untuk Hidup Sehat&nbsp;</p>\r\n\r\n<h2><strong>MISI</strong></h2>\r\n\r\n<p>&nbsp; &nbsp; &nbsp; a. Meningkatkan Mutu Pelayanan</p>\r\n\r\n<p>&nbsp; &nbsp; &nbsp; b. Meningkatkan Derajat Kesehatan Keluarga Khususnya IBU,BAYI dan BALITA serta Pencegahan</p>\r\n\r\n<p>&nbsp; &nbsp; &nbsp; &nbsp; &nbsp; penyakit menular dan kesehatan Lingkungan</p>\r\n\r\n<p>&nbsp; &nbsp; &nbsp; c. Meningkatkan Pelayanan UKM Melalui kerja sama Lintas Program dan Lintas Sektor&nbsp; &nbsp;</p>\r\n\r\n<h2><strong>MOTTO&nbsp;</strong></h2>\r\n\r\n<p><strong>3S</strong>(Senyum,Sapa,Salam) Dalam Setiap Pelayanan</p>", "view_count": 192, "menu_id": 43, "admin_id": 79, "created_at": "2023-02-16T02:09:50.460Z", "updated_at": "2024-07-10T22:49:47.609Z", "is_edited": true}, "m2m": {"photo": []}}, {"condition": {"id": 7337}, "defaults": {"site_id": 61, "judul": "Alur Layanan Kami", "isi_halaman": "", "view_count": 226, "menu_id": 161, "admin_id": 79, "created_at": "2023-05-27T10:51:14.591Z", "updated_at": "2024-07-11T14:06:53.689Z", "is_edited": true}, "m2m": {"photo": []}}, {"condition": {"id": 49918}, "defaults": {"site_id": 61, "judul": "Atribut", "isi_halaman": "Informasi tentang \"Atribut\". Silahkan update di halaman <a target=\"_blank\" href=\"/dashboard/halaman-statis/\">Dashboard.<a><br><br><br><br>\"Halaman ini dibuat otomatis oleh sistem, karena halaman statis untuk menu ini belum dibuat. <br>Silahkan lakukan update di halaman statis.\"", "view_count": 20, "menu_id": 836, "admin_id": null, "created_at": "2024-06-11T06:20:38.981Z", "updated_at": "2024-07-11T07:33:07.815Z", "is_edited": false}, "m2m": {"photo": []}}, {"condition": {"id": 50124}, "defaults": {"site_id": 61, "judul": "Profil Pejabat", "isi_halaman": "Informasi tentang \"Profil Pejabat\". Silahkan update di halaman <a target=\"_blank\" href=\"/dashboard/halaman-statis/\">Dashboard.<a><br><br><br><br>\"Halaman ini dibuat otomatis oleh sistem, karena halaman statis untuk menu ini belum dibuat. <br>Silahkan lakukan update di halaman statis.\"", "view_count": 8, "menu_id": 797, "admin_id": null, "created_at": "2024-06-12T07:15:16.969Z", "updated_at": "2024-07-10T22:49:38.424Z", "is_edited": false}, "m2m": {"photo": []}}, {"condition": {"id": 50785}, "defaults": {"site_id": 61, "judul": "Visi-Misi dan Motto Pelayanan", "isi_halaman": "Informasi tentang \"Visi-Misi dan Motto Pelayanan\". Silahkan update di halaman <a target=\"_blank\" href=\"/dashboard/halaman-statis/\">Dashboard.<a><br><br><br><br>\"Halaman ini dibuat otomatis oleh sistem, karena halaman statis untuk menu ini belum dibuat. <br>Silahkan lakukan update di halaman statis.\"", "view_count": 2, "menu_id": 97, "admin_id": null, "created_at": "2024-06-21T19:07:31.862Z", "updated_at": "2024-07-10T04:29:20.721Z", "is_edited": false}, "m2m": {"photo": []}}, {"condition": {"id": 50834}, "defaults": {"site_id": 61, "judul": "Penilaian Kinerja", "isi_halaman": "Informasi tentang \"Penilaian Kinerja\". Silahkan update di halaman <a target=\"_blank\" href=\"/dashboard/halaman-statis/\">Dashboard.<a><br><br><br><br>\"Halaman ini dibuat otomatis oleh sistem, karena halaman statis untuk menu ini belum dibuat. <br>Silahkan lakukan update di halaman statis.\"", "view_count": 4, "menu_id": 835, "admin_id": null, "created_at": "2024-06-22T07:48:01.882Z", "updated_at": "2024-06-24T18:27:09.900Z", "is_edited": false}, "m2m": {"photo": []}}, {"condition": {"id": 50838}, "defaults": {"site_id": 61, "judul": "Profil Pejabat Struktural", "isi_halaman": "Informasi tentang \"Profil Pejabat Struktural\". Silahkan update di halaman <a target=\"_blank\" href=\"/dashboard/halaman-statis/\">Dashboard.<a><br><br><br><br>\"Halaman ini dibuat otomatis oleh sistem, karena halaman statis untuk menu ini belum dibuat. <br>Silahkan lakukan update di halaman statis.\"", "view_count": 18, "menu_id": 1043, "admin_id": null, "created_at": "2024-06-22T09:18:26.203Z", "updated_at": "2024-07-12T00:08:50.481Z", "is_edited": false}, "m2m": {"photo": []}}, {"condition": {"id": 50839}, "defaults": {"site_id": 61, "judul": "Tugas dan Fungsi", "isi_halaman": "Informasi tentang \"Tugas dan Fungsi\". Silahkan update di halaman <a target=\"_blank\" href=\"/dashboard/halaman-statis/\">Dashboard.<a><br><br><br><br>\"Halaman ini dibuat otomatis oleh sistem, karena halaman statis untuk menu ini belum dibuat. <br>Silahkan lakukan update di halaman statis.\"", "view_count": 11, "menu_id": 812, "admin_id": null, "created_at": "2024-06-22T09:20:45.670Z", "updated_at": "2024-07-11T14:37:05.536Z", "is_edited": false}, "m2m": {"photo": []}}, {"condition": {"id": 50993}, "defaults": {"site_id": 61, "judul": "Penilaian kinerja", "isi_halaman": "Informasi tentang \"Penilaian kinerja\". Silahkan update di halaman <a target=\"_blank\" href=\"/dashboard/halaman-statis/\">Dashboard.<a><br><br><br><br>\"Halaman ini dibuat otomatis oleh sistem, karena halaman statis untuk menu ini belum dibuat. <br>Silahkan lakukan update di halaman statis.\"", "view_count": 10, "menu_id": 1086, "admin_id": null, "created_at": "2024-06-25T18:17:27.690Z", "updated_at": "2024-07-11T06:06:03.221Z", "is_edited": false}, "m2m": {"photo": []}}, {"condition": {"id": 51072}, "defaults": {"site_id": 61, "judul": "Rekognisi", "isi_halaman": "Informasi tentang \"Rekognisi\". Silahkan update di halaman <a target=\"_blank\" href=\"/dashboard/halaman-statis/\">Dashboard.<a><br><br><br><br>\"Halaman ini dibuat otomatis oleh sistem, karena halaman statis untuk menu ini belum dibuat. <br>Silahkan lakukan update di halaman statis.\"", "view_count": 1, "menu_id": 839, "admin_id": null, "created_at": "2024-06-28T03:58:27.811Z", "updated_at": "2024-06-28T03:58:28.574Z", "is_edited": false}, "m2m": {"photo": []}}, {"condition": {"id": 51077}, "defaults": {"site_id": 61, "judul": "Sarana dan Prasarana Fasilitas", "isi_halaman": "Informasi tentang \"Sarana dan Prasarana Fasilitas\". Silahkan update di halaman <a target=\"_blank\" href=\"/dashboard/halaman-statis/\">Dashboard.<a><br><br><br><br>\"Halaman ini dibuat otomatis oleh sistem, karena halaman statis untuk menu ini belum dibuat. <br>Silahkan lakukan update di halaman statis.\"", "view_count": 1, "menu_id": 837, "admin_id": null, "created_at": "2024-06-28T05:28:42.294Z", "updated_at": "2024-06-28T05:28:43.385Z", "is_edited": false}, "m2m": {"photo": []}}, {"condition": {"id": 51201}, "defaults": {"site_id": 61, "judul": "Maklumat Pelayanan", "isi_halaman": "Informasi tentang \"Maklumat Pelayanan\". Silahkan update di halaman <a target=\"_blank\" href=\"/dashboard/halaman-statis/\">Dashboard.<a><br><br><br><br>\"Halaman ini dibuat otomatis oleh sistem, karena halaman statis untuk menu ini belum dibuat. <br>Silahkan lakukan update di halaman statis.\"", "view_count": 1, "menu_id": 831, "admin_id": null, "created_at": "2024-07-05T21:29:21.488Z", "updated_at": "2024-07-05T21:29:22.952Z", "is_edited": false}, "m2m": {"photo": []}}, {"condition": {"id": 51280}, "defaults": {"site_id": 61, "judul": "Pelayanan Terpadu", "isi_halaman": "Informasi tentang \"Pelayanan Terpadu\". Silahkan update di halaman <a target=\"_blank\" href=\"/dashboard/halaman-statis/\">Dashboard.<a><br><br><br><br>\"Halaman ini dibuat otomatis oleh sistem, karena halaman statis untuk menu ini belum dibuat. <br>Silahkan lakukan update di halaman statis.\"", "view_count": 1, "menu_id": 838, "admin_id": null, "created_at": "2024-07-10T04:30:33.612Z", "updated_at": "2024-07-10T04:30:33.999Z", "is_edited": false}, "m2m": {"photo": []}}, {"condition": {"id": 51290}, "defaults": {"site_id": 61, "judul": "Pelayanan Khusus", "isi_halaman": "Informasi tentang \"Pelayanan Khusus\". Silahkan update di halaman <a target=\"_blank\" href=\"/dashboard/halaman-statis/\">Dashboard.<a><br><br><br><br>\"Halaman ini dibuat otomatis oleh sistem, karena halaman statis untuk menu ini belum dibuat. <br>Silahkan lakukan update di halaman statis.\"", "view_count": 2, "menu_id": 834, "admin_id": null, "created_at": "2024-07-11T01:09:02.347Z", "updated_at": "2024-07-11T12:45:35.830Z", "is_edited": false}, "m2m": {"photo": []}}]