[{"condition": {"id": 1675}, "defaults": {"site_id": 59, "judul": "Kontak", "isi_halaman": "<p>Telpon&nbsp; : 0370 7850409</p>\r\n\r\n<p>Email&nbsp; &nbsp; : Puskpenimbung@yahoo.co.id</p>\r\n\r\n<p>&nbsp;</p>", "view_count": 147, "menu_id": 41, "admin_id": 77, "created_at": "2021-08-04T16:32:58.164Z", "updated_at": "2023-01-23T10:03:34.742Z", "is_edited": true}, "m2m": {"photo": []}}, {"condition": {"id": 2015}, "defaults": {"site_id": 59, "judul": "layanan bagi berkebutuhan khusus", "isi_halaman": "", "view_count": 371, "menu_id": 99, "admin_id": 77, "created_at": "2021-08-14T11:28:51.620Z", "updated_at": "2024-07-04T19:18:13.320Z", "is_edited": true}, "m2m": {"photo": [2319, 2320, 2321]}}, {"condition": {"id": 2040}, "defaults": {"site_id": 59, "judul": "Struktur Organisasi", "isi_halaman": "<p><img src=\"/media/uploads/puskesmaspenimbunglobar/2023/05/23/image.png\" style=\"height:558px; width:918px\" /></p>", "view_count": 48, "menu_id": 45, "admin_id": 77, "created_at": "2021-08-14T19:25:35.343Z", "updated_at": "2023-05-23T01:42:05.474Z", "is_edited": true}, "m2m": {"photo": [2312]}}, {"condition": {"id": 2208}, "defaults": {"site_id": 59, "judul": "Sarana dan Prasarana", "isi_halaman": "", "view_count": 470, "menu_id": 102, "admin_id": 77, "created_at": "2021-08-16T19:30:41.586Z", "updated_at": "2024-07-09T19:05:46.875Z", "is_edited": true}, "m2m": {"photo": [2322, 2323, 2324]}}, {"condition": {"id": 2323}, "defaults": {"site_id": 59, "judul": "Visi dan Misi", "isi_halaman": "", "view_count": 334, "menu_id": 43, "admin_id": 77, "created_at": "2021-08-18T18:35:16.537Z", "updated_at": "2024-07-11T06:08:10.661Z", "is_edited": true}, "m2m": {"photo": [2315]}}, {"condition": {"id": 2372}, "defaults": {"site_id": 59, "judul": "Nilai Indeks Kepuasan Masyarakat", "isi_halaman": "", "view_count": 125, "menu_id": 521, "admin_id": 77, "created_at": "2021-08-19T17:14:45.282Z", "updated_at": "2023-01-23T00:20:32.832Z", "is_edited": true}, "m2m": {"photo": []}}, {"condition": {"id": 2394}, "defaults": {"site_id": 59, "judul": "Maklumat Pelayanan", "isi_halaman": "", "view_count": 278, "menu_id": 96, "admin_id": 77, "created_at": "2021-08-20T12:56:13.502Z", "updated_at": "2024-07-10T06:55:11.778Z", "is_edited": true}, "m2m": {"photo": [2300]}}, {"condition": {"id": 3318}, "defaults": {"site_id": 59, "judul": "Tata Nilai dan Budaya", "isi_halaman": "", "view_count": 271, "menu_id": 511, "admin_id": 77, "created_at": "2022-07-01T09:36:13.827Z", "updated_at": "2024-07-04T19:13:43.969Z", "is_edited": true}, "m2m": {"photo": [2316]}}, {"condition": {"id": 3319}, "defaults": {"site_id": 59, "judul": "Standar Pelayanan UGD", "isi_halaman": "", "view_count": 185, "menu_id": 512, "admin_id": 77, "created_at": "2022-07-01T09:42:14.437Z", "updated_at": "2024-07-08T17:29:50.178Z", "is_edited": true}, "m2m": {"photo": [2317]}}, {"condition": {"id": 3320}, "defaults": {"site_id": 59, "judul": "Standar Pelayanan Kesehatan Ibu dan Anak", "isi_halaman": "", "view_count": 149, "menu_id": 515, "admin_id": 77, "created_at": "2022-07-01T09:42:57.349Z", "updated_at": "2024-07-08T17:28:16.589Z", "is_edited": true}, "m2m": {"photo": [2318]}}, {"condition": {"id": 3321}, "defaults": {"site_id": 59, "judul": "Standar Pelayanan Poli Anak", "isi_halaman": "", "view_count": 196, "menu_id": 517, "admin_id": 77, "created_at": "2022-07-01T09:45:55.412Z", "updated_at": "2024-07-04T19:18:36.668Z", "is_edited": true}, "m2m": {"photo": []}}, {"condition": {"id": 3322}, "defaults": {"site_id": 59, "judul": "Standar Pelayanan Poli Gigi", "isi_halaman": "", "view_count": 150, "menu_id": 518, "admin_id": 77, "created_at": "2022-07-01T09:46:26.942Z", "updated_at": "2024-07-04T19:13:43.352Z", "is_edited": true}, "m2m": {"photo": []}}, {"condition": {"id": 3323}, "defaults": {"site_id": 59, "judul": "Layanan Pengaduan", "isi_halaman": "", "view_count": 0, "menu_id": 98, "admin_id": 77, "created_at": "2022-07-01T10:07:50.465Z", "updated_at": "2022-07-01T10:07:50.465Z", "is_edited": true}, "m2m": {"photo": []}}, {"condition": {"id": 3324}, "defaults": {"site_id": 59, "judul": "Sertifikat dari Kemenkes", "isi_halaman": "", "view_count": 215, "menu_id": 519, "admin_id": 77, "created_at": "2022-07-01T10:18:18.225Z", "updated_at": "2024-07-08T17:29:01.057Z", "is_edited": true}, "m2m": {"photo": [2330]}}, {"condition": {"id": 3325}, "defaults": {"site_id": 59, "judul": "Akreditasi", "isi_halaman": "", "view_count": 167, "menu_id": 520, "admin_id": 77, "created_at": "2022-07-01T10:18:42.577Z", "updated_at": "2024-07-04T19:18:40.000Z", "is_edited": true}, "m2m": {"photo": [2331]}}, {"condition": {"id": 4898}, "defaults": {"site_id": 59, "judul": "STRUKTUR ORGANISASI", "isi_halaman": "<p><img src=\"/media/uploads/puskesmaspenimbunglobar/2023/05/23/image_u8MNwOT.png\" style=\"height:558px; width:918px\" /></p>", "view_count": 545, "menu_id": 45, "admin_id": 77, "created_at": "2023-02-14T18:38:27.987Z", "updated_at": "2024-07-08T01:19:05.687Z", "is_edited": true}, "m2m": {"photo": []}}, {"condition": {"id": 5331}, "defaults": {"site_id": 59, "judul": "Hubungi Kami", "isi_halaman": "<p><span style=\"font-size:48px\">089530575124</span></p>", "view_count": 399, "menu_id": 41, "admin_id": 77, "created_at": "2023-02-15T10:15:50.595Z", "updated_at": "2024-07-09T15:24:05.939Z", "is_edited": true}, "m2m": {"photo": []}}, {"condition": {"id": 5333}, "defaults": {"site_id": 59, "judul": "Nilai IKM", "isi_halaman": "<p><img src=\"/media/uploads/puskesmaspenimbunglobar/2023/05/23/image_au2VYeU.png\" style=\"height:423px; width:668px\" /></p>", "view_count": 235, "menu_id": 521, "admin_id": 77, "created_at": "2023-02-15T10:15:50.762Z", "updated_at": "2024-07-04T19:13:43.133Z", "is_edited": true}, "m2m": {"photo": []}}, {"condition": {"id": 5346}, "defaults": {"site_id": 59, "judul": "TENTANG", "isi_halaman": "<p style=\"text-align:justify\"><span style=\"font-size:11pt\"><span style=\"font-family:Calibri,sans-serif\"><span style=\"font-size:12.0pt\"><span style=\"font-family:&quot;Bookman Old Style&quot;,serif\">UPT Puskesmas Penimbung merupakan salah satu dari </span></span><span style=\"font-size:12.0pt\"><span style=\"font-family:&quot;Bookman Old Style&quot;,serif\">20</span></span><span style=\"font-size:12.0pt\"><span style=\"font-family:&quot;Bookman Old Style&quot;,serif\"> Puskesmas di Kabuapten Lombok Barat dengan luas wilayah 64.542 Ha, dengan batas-batas wilayah sebagai berikut;</span></span></span></span></p>\r\n\r\n<ul>\r\n\t<li style=\"text-align:justify\"><span style=\"font-size:11pt\"><span style=\"font-family:Calibri,sans-serif\"><span style=\"font-size:12.0pt\"><span style=\"font-family:&quot;Bookman Old Style&quot;,serif\">Sebelah Utara : Hutan</span></span><span style=\"font-size:12.0pt\"><span style=\"font-family:&quot;Bookman Old Style&quot;,serif\">/Pegunungan</span></span><span style=\"font-size:12.0pt\"><span style=\"font-family:&quot;Bookman Old Style&quot;,serif\"> (Kabupaten Lombok Utara)</span></span></span></span></li>\r\n\t<li style=\"text-align:justify\"><span style=\"font-size:11pt\"><span style=\"font-family:Calibri,sans-serif\"><span style=\"font-size:12.0pt\"><span style=\"font-family:&quot;Bookman Old Style&quot;,serif\">Sebelah Timur : Kecamatan Lingsar</span></span></span></span></li>\r\n\t<li style=\"text-align:justify\"><span style=\"font-size:11pt\"><span style=\"font-family:Calibri,sans-serif\"><span style=\"font-size:12.0pt\"><span style=\"font-family:&quot;Bookman Old Style&quot;,serif\">Sebelah Selatan&nbsp;&nbsp;&nbsp;&nbsp;&nbsp;&nbsp;&nbsp; : Kota Mataram</span></span></span></span></li>\r\n\t<li style=\"text-align:justify\"><span style=\"font-size:11pt\"><span style=\"font-family:Calibri,sans-serif\"><span style=\"font-size:12.0pt\"><span style=\"font-family:&quot;Bookman Old Style&quot;,serif\">Sebelah Barat : Wilayah Kerja Puskesmas Gunungsari,</span></span></span></span></li>\r\n</ul>\r\n\r\n<p style=\"text-align:justify\"><img src=\"/media/uploads/puskesmaspenimbunglobar/2023/05/23/image-20230523100136-1.jpeg\" style=\"height:709px; width:772px\" /><span style=\"font-size:11pt\"><span style=\"font-family:Calibri,sans-serif\"> <span style=\"font-size:12.0pt\"><span style=\"font-family:&quot;Bookman Old Style&quot;,serif\">Secara administratif UPT&nbsp; Puskesmas Penimbung terdiri atas </span></span><span style=\"font-size:12.0pt\"><span style=\"font-family:&quot;Bookman Old Style&quot;,serif\">8</span></span><span style=\"font-size:12.0pt\"><span style=\"font-family:&quot;Bookman Old Style&quot;,serif\"> desa, dengan 45 dusun.&nbsp; yaitu :</span></span></span></span></p>\r\n\r\n<ol>\r\n\t<li style=\"text-align:justify\"><span style=\"font-size:11pt\"><span style=\"font-family:Calibri,sans-serif\"><span style=\"font-size:12.0pt\"><span style=\"font-family:&quot;Bookman Old Style&quot;,serif\">Desa Penimbung</span></span></span></span></li>\r\n\t<li style=\"text-align:justify\"><span style=\"font-size:11pt\"><span style=\"font-family:Calibri,sans-serif\"><span style=\"font-size:12.0pt\"><span style=\"font-family:&quot;Bookman Old Style&quot;,serif\">Desa Bukit Tinggi</span></span></span></span></li>\r\n\t<li style=\"text-align:justify\"><span style=\"font-size:11pt\"><span style=\"font-family:Calibri,sans-serif\"><span style=\"font-size:12.0pt\"><span style=\"font-family:&quot;Bookman Old Style&quot;,serif\">Desa Mekarsari</span></span></span></span></li>\r\n\t<li style=\"text-align:justify\"><span style=\"font-size:11pt\"><span style=\"font-family:Calibri,sans-serif\"><span style=\"font-size:12.0pt\"><span style=\"font-family:&quot;Bookman Old Style&quot;,serif\">Desa Kekeri</span></span></span></span></li>\r\n\t<li style=\"text-align:justify\"><span style=\"font-size:11pt\"><span style=\"font-family:Calibri,sans-serif\"><span style=\"font-size:12.0pt\"><span style=\"font-family:&quot;Bookman Old Style&quot;,serif\">Desa Mambalan</span></span></span></span></li>\r\n\t<li style=\"text-align:justify\"><span style=\"font-size:11pt\"><span style=\"font-family:Calibri,sans-serif\"><span style=\"font-size:12.0pt\"><span style=\"font-family:&quot;Bookman Old Style&quot;,serif\">Desa Jeringo</span></span></span></span></li>\r\n\t<li style=\"text-align:justify\"><span style=\"font-size:11pt\"><span style=\"font-family:Calibri,sans-serif\"><span style=\"font-size:12.0pt\"><span style=\"font-family:&quot;Bookman Old Style&quot;,serif\">Desa Gelangsar</span></span></span></span></li>\r\n\t<li style=\"text-align:justify\"><span style=\"font-size:11pt\"><span style=\"font-family:Calibri,sans-serif\"><span style=\"font-size:12.0pt\"><span style=\"font-family:&quot;Bookman Old Style&quot;,serif\">Desa Ranjok</span></span></span></span></li>\r\n</ol>\r\n\r\n<p style=\"text-align:justify\"><span style=\"font-size:11pt\"><span style=\"font-family:Calibri,sans-serif\"><span style=\"font-size:12.0pt\"><span style=\"font-family:&quot;Bookman Old Style&quot;,serif\">Wilayah di UPT Puskesmas Penimbung merupakan daerah daratan dan pegunungan (perbukitan). Yang termasuk daerah pegunungan/ perbukitan yaitu : Desa Bukit Tinggi, Desa Mekarsari, Desa Mambalan dan Gelangsar.</span></span></span></span></p>\r\n\r\n<p style=\"text-align:justify\"><span style=\"font-size:11pt\"><span style=\"font-family:Calibri,sans-serif\"><span style=\"font-size:12.0pt\"><span style=\"font-family:&quot;Bookman Old Style&quot;,serif\">Secara demografis, jumlah penduduk di UPT Puskesmas Penimbung pada tahun 2022 mencapai 33,218&nbsp; jiwa (Proyeksi Dinas Kesehatan Kabupaten Lombok Barat). Dan data ini menjadi dasar sasaran pembangunan kesehatan pada tahun 2022. </span></span></span></span></p>\r\n\r\n<p style=\"text-align:justify\"><span style=\"font-size:11pt\"><span style=\"font-family:Calibri,sans-serif\"><span style=\"font-size:12.0pt\"><span style=\"font-family:&quot;Bookman Old Style&quot;,serif\">Visi UPT&nbsp; Puskesmas Penimbung&nbsp; yaitu <em>Terwujudnya Pelayanan Prima dan Mandiri Untuk Hidup&nbsp; Sehat.</em></span></span></span></span></p>\r\n\r\n<p style=\"text-align:justify\"><span style=\"font-size:11pt\"><span style=\"font-family:Calibri,sans-serif\"><span style=\"font-size:12.0pt\"><span style=\"font-family:&quot;Bookman Old Style&quot;,serif\">Sedangkan Misi UPT&nbsp; Puskesmas Penimbung adalah sebagai berikut:</span></span></span></span></p>\r\n\r\n<ol>\r\n\t<li style=\"text-align:justify\"><span style=\"font-size:11pt\"><span style=\"font-family:Calibri,sans-serif\"><span style=\"font-size:12.0pt\"><span style=\"font-family:&quot;Bookman Old Style&quot;,serif\">Memberikan pelayanan kesehatan yang bermutu, merata dan terjangkau serta berkeadilan</span></span></span></span></li>\r\n\t<li style=\"text-align:justify\"><span style=\"font-size:11pt\"><span style=\"font-family:Calibri,sans-serif\"><span style=\"font-size:12.0pt\"><span style=\"font-family:&quot;Bookman Old Style&quot;,serif\">Mendorong kemandirian masyarakat untuk hidup sehat&nbsp; melalui kegiatan promotif dan preventif</span></span></span></span></li>\r\n\t<li style=\"text-align:justify\"><span style=\"font-size:11pt\"><span style=\"font-family:Calibri,sans-serif\"><span style=\"font-size:12.0pt\"><span style=\"font-family:&quot;Bookman Old Style&quot;,serif\">Menggerakkan masyarakat dengan melibatkan lintas program dan lintas sektor di bidang kesehatan</span></span></span></span></li>\r\n\t<li style=\"text-align:justify\"><span style=\"font-size:11pt\"><span style=\"font-family:Calibri,sans-serif\"><span style=\"font-size:12.0pt\"><span style=\"font-family:&quot;Bookman Old Style&quot;,serif\">Menyelenggarakan sistem informasi dan Manajemen Puskesmas yang transparan dan akuntabel</span></span></span></span></li>\r\n</ol>\r\n\r\n<p style=\"text-align:justify\"><span style=\"font-size:11pt\"><span style=\"font-family:Calibri,sans-serif\"><span style=\"font-size:12.0pt\"><span style=\"font-family:&quot;Bookman Old Style&quot;,serif\">Dalam melaksanakan tugas dan fungsinya, UPT Puskesmas Penimbung didukung oleh&nbsp; sarana dan prasarana yang terdiri dari </span></span><span style=\"font-size:12.0pt\"><span style=\"font-family:&quot;Bookman Old Style&quot;,serif\">4</span></span><span style=\"font-size:12.0pt\"><span style=\"font-family:&quot;Bookman Old Style&quot;,serif\"> unit Puskesmas Pembantu dan</span></span><span style=\"font-size:12.0pt\"><span style=\"font-family:&quot;Bookman Old Style&quot;,serif\"> 8 </span></span><span style=\"font-size:12.0pt\"><span style=\"font-family:&quot;Bookman Old Style&quot;,serif\">unit Poskesdes. Dukungan partisipasi masyarakat dalam bentuk posyandu berjumlah&nbsp; 4</span></span><span style=\"font-size:12.0pt\"><span style=\"font-family:&quot;Bookman Old Style&quot;,serif\">4</span></span><span style=\"font-size:12.0pt\"><span style=\"font-family:&quot;Bookman Old Style&quot;,serif\"> buah.</span></span></span></span></p>\r\n\r\n<p>&nbsp;</p>", "view_count": 637, "menu_id": 42, "admin_id": 77, "created_at": "2023-02-15T10:16:26.939Z", "updated_at": "2024-07-09T14:24:41.653Z", "is_edited": true}, "m2m": {"photo": []}}, {"condition": {"id": 7302}, "defaults": {"site_id": 59, "judul": "HAK DAN KEWAJIBAN PASIEN", "isi_halaman": "<p style=\"text-align:justify\">HAK DAN KEWAJIBAN PASIEN ATAU PENGUNJUNG<br />\r\nUPT PUSKESMAS PENIMBUNG.</p>\r\n\r\n<p style=\"text-align:justify\">HAK PASIEN / PENGUNJUNG.<br />\r\n1.&nbsp;&nbsp; &nbsp;Memperoleh layanan yang &nbsp;manusiawi, &nbsp;adil, &nbsp;jujur, &nbsp;dan tanpa diskriminasi<br />\r\n2.&nbsp;&nbsp; &nbsp;Memperoleh layanan kesehatan yang bermutu sesuai dengan standar profesi dan standar prosedur operasional<br />\r\n3.&nbsp;&nbsp; &nbsp;Memperoleh pelayanan yang efektif dan efisien sehingga pasien terhindar dari kerugian fisik dan materi.<br />\r\n4.&nbsp;&nbsp; &nbsp;Memilih dokter dan dokter gigi serta kelas perawatan sesuai dengan keinginannya dan peraturan yang berlaku di Puskesmas<br />\r\n5.&nbsp;&nbsp; &nbsp;Meminta konsultasi tentang penyakit yang dideritanya kepada dokter dan dokter gigi lain yang mempunyai Surat Izin Praktik&nbsp; (SIP) baik di dalam maupun di luar Puskesmas<br />\r\n6.&nbsp;&nbsp; &nbsp;Mendapatkan privasi dan &nbsp;kerahasiaan &nbsp;penyakit &nbsp;yang diderita termasuk data-data medisnya<br />\r\n7.&nbsp;&nbsp; &nbsp;Mendapatkan informasi yang meliputi diagnosis dan tata cara tindakan medis, tujuan tindakan medis, alternative tindakan, &nbsp;risiko dan &nbsp;komplikasi &nbsp;yang &nbsp;mungkin &nbsp;terjadi, dan prognosis terhadap tindakan yang dilakukan sertya perkiraan biaya pengobatan<br />\r\n8.&nbsp;&nbsp; &nbsp;Memberikan persetujuan atau menolak atas tindakan yang akan &nbsp;dilakukan &nbsp;oleh &nbsp;tenaga &nbsp;kesehatan &nbsp;terhadap penyakit yang dideritanya<br />\r\ndidampingi keluarganya dalam keadaan kritis<br />\r\n9.&nbsp;&nbsp; &nbsp;Menjalankan ibadah sesuai agama atau kepercayaan yang dianutnya selama hal tersebut tidak mengganggu pasien lainnya<br />\r\n10.&nbsp;&nbsp; &nbsp;Memperoleh keamanan dan keselamatan dirinya selama dalam perawatan di Puskesmas.<br />\r\n11.&nbsp;&nbsp; &nbsp;Mengajukan usul, saran, perbaikan atas &nbsp;perlakuan Puskesmas terhadap dirinya<br />\r\n12.&nbsp;&nbsp; &nbsp;Menolak pelayanan bimbingan rohani yang tidak sesuai dengan agama dan kepercayaan yang dianut<br />\r\n13.&nbsp;&nbsp; &nbsp;Mendapatkan perlindungan atas rahasia kedokteran termasuk kerahasiaan rekam medik<br />\r\n14.&nbsp;&nbsp; &nbsp;Mendapatkan akses terhadap isi rekam medis<br />\r\n15.&nbsp;&nbsp; &nbsp;Memberikan persetujuan atau menolak untuk menjadi bagian dalam suatu penelitian kesehatan.<br />\r\n16.&nbsp;&nbsp; &nbsp;Menyampaikan keluhan atau pengaduan &nbsp;atas &nbsp;pelayanan yang diterima<br />\r\n17.&nbsp; &nbsp;Mengeluhkan pelayanan Puskesmas yang tidak &nbsp;sesuai standar pelayanan melalui media cetak dan elektronik &nbsp;sesuai dengan ketentuan peraturan perundang-undangan<br />\r\n18.&nbsp;&nbsp; &nbsp;Menggugat dan/atau menuntut Puskesmas apabila Puskesmas diduga &nbsp;memberikan &nbsp;pelayanan &nbsp;yang &nbsp;tidak sesuai dengan standar baik secara perdata ataupun pidana</p>\r\n\r\n<p style=\"text-align:justify\">B.&nbsp;&nbsp; &nbsp;KEWAJIBAN PASIEN / PENGUNJUNG<br />\r\n1.&nbsp;&nbsp; &nbsp;mematuhi peraturan yang berlaku di Puskesmas.<br />\r\n2.&nbsp;&nbsp; &nbsp;menggunakan fasilitas Puskesmas secara bertanggungjawab.<br />\r\n3.&nbsp;&nbsp; &nbsp;menghormati hak-hak pasien lain, pengunjung dan hak Tenaga Kesehatan serta petugas lainnya yang bekerja di Puskesmas .<br />\r\n4.&nbsp; &nbsp;memberikan &nbsp;informasi &nbsp;yang &nbsp; jujur, &nbsp; lengkap &nbsp; dan &nbsp;akurat&nbsp;&nbsp; &nbsp;sesuai kemampuan dan pengetahuannya tentang masalah kesehatannya<br />\r\n5.&nbsp;&nbsp; &nbsp;memberikan informasi mengenai kemampuan finansial dan jaminan kesehatan yang dimilikinya.<br />\r\n6.&nbsp; mematuhi rencana terapi yang direkomendasikan oleh Tenaga Kesehatan di Puskesmas dan disetujui oleh Pasien yang bersangkutan setelah mendapatkan penjelasan sesuai ketentuan peraturan perundang-undangan.<br />\r\n7.&nbsp;&nbsp; &nbsp;menerima segala konsekuensi atas keputusan pribadinya untuk menolak rencana terapi yang direkomendasikan oleh Tenaga Kesehatan dan/atau tidak mematuhi petunjuk yang diberikan oleh Tenaga Kesehatan dalam rangka penyembuhan penyakit atau masalah kesehatannya. dan<br />\r\n8.&nbsp;&nbsp; &nbsp;memberikan imbalan jasa atas pelayanan yang diterima.</p>", "view_count": 265, "menu_id": 784, "admin_id": 77, "created_at": "2023-05-23T02:11:19.416Z", "updated_at": "2024-07-09T13:59:32.543Z", "is_edited": true}, "m2m": {"photo": []}}, {"condition": {"id": 9056}, "defaults": {"site_id": 59, "judul": "HAK DAN KEWAJIBAN PASIEN", "isi_halaman": "<p style=\"text-align:center;\">HAK DAN KEWAJIBAN PASIEN ATAU PENGUNJUNG UPT PUSKESMAS PENIMBUNG</p><p style=\"margin-left:2.0in;\">&nbsp;</p><p>&nbsp;</p><ol style=\"list-style-type:upper-alpha;\"><li>&nbsp;HAK PASIEN / PENGUNJUNG</li></ol><ol><li>Memperoleh layanan yang &nbsp;manusiawi, &nbsp;adil, &nbsp;jujur, &nbsp;dan tanpa diskriminasi</li><li>Memperoleh layanan kesehatan yang bermutu sesuai dengan standar profesi dan standar prosedur operasional</li><li>Memperoleh pelayanan yang efektif dan efisien sehingga pasien terhindar dari kerugian fisik dan materi.</li><li>Memilih dokter dan dokter gigi serta kelas perawatan sesuai dengan keinginannya dan peraturan yang berlaku di Puskesmas</li><li>Meminta konsultasi tentang penyakit yang dideritanya kepada dokter dan dokter gigi lain yang mempunyai Surat Izin Praktik (SIP) baik di dalam maupun di luar Puskesmas</li><li>Mendapatkan privasi dan &nbsp;kerahasiaan &nbsp;penyakit &nbsp;yang diderita termasuk data-data medisnya</li><li>Mendapatkan informasi yang meliputi diagnosis dan tata cara tindakan medis, tujuan tindakan medis, alternative tindakan, &nbsp;risiko dan &nbsp;komplikasi &nbsp;yang &nbsp;mungkin&nbsp;terjadi, dan prognosis terhadap tindakan yang dilakukan sertya perkiraan biaya pengobatan</li><li>Memberikan persetujuan atau menolak atas tindakan yang akan&nbsp; dilakukan &nbsp;oleh&nbsp; tenaga&nbsp; kesehatan&nbsp;terhadap penyakit yang dideritanya</li></ol><p style=\"margin-left:.5in;\">didampingi keluarganya dalam keadaan kritis</p><ol><li>Menjalankan ibadah sesuai agama atau kepercayaan yang dianutnya selama hal tersebut tidak mengganggu pasien lainnya</li><li>Memperoleh keamanan dan keselamatan dirinya selama dalam perawatan di Puskesmas.</li><li>Mengajukan usul, saran, perbaikan atas &nbsp;perlakuan Puskesmas terhadap dirinya</li><li>Menolak pelayanan bimbingan rohani yang tidak sesuai dengan agama dan kepercayaan yang dianut</li><li>Mendapatkan perlindungan atas rahasia kedokteran termasuk kerahasiaan rekam medik</li><li>Mendapatkan akses terhadap isi rekam medis</li><li>Memberikan persetujuan atau menolak untuk menjadi bagian dalam suatu penelitian kesehatan.</li><li>Menyampaikan keluhan atau pengaduan &nbsp;atas &nbsp;pelayanan yang diterima</li><li>Mengeluhkan pelayanan Puskesmas yang tidak &nbsp;sesuai standar pelayanan melalui media cetak dan elektronik &nbsp;sesuai dengan ketentuan peraturan perundang-undangan</li><li>Menggugat dan/atau menuntut Puskesmas apabila Puskesmas diduga &nbsp;memberikan &nbsp;pelayanan &nbsp;yang &nbsp;tidak sesuai dengan standar baik secara perdata ataupun pidana</li></ol><p style=\"margin-left:.5in;\">&nbsp;</p><ol style=\"list-style-type:upper-alpha;\"><li>KEWAJIBAN PASIEN / PENGUNJUNG</li></ol><ol><li>mematuhi peraturan yang berlaku di Puskesmas.</li><li>menggunakan fasilitas Puskesmas secara bertanggungjawab.</li><li>menghormati hak-hak pasien lain, pengunjung dan hak Tenaga Kesehatan serta petugas lainnya yang bekerja di Puskesmas .</li><li>memberikan &nbsp;informasi&nbsp;yang&nbsp; &nbsp;jujur,&nbsp; &nbsp;lengkap&nbsp;&nbsp;dan &nbsp;akurat&nbsp;&nbsp; sesuai kemampuan dan pengetahuannya tentang masalah kesehatannya</li><li>memberikan informasi mengenai kemampuan finansial dan jaminan kesehatan yang dimilikinya.</li><li>mematuhi rencana terapi yang direkomendasikan oleh Tenaga Kesehatan di Puskesmas dan disetujui oleh Pasien yang bersangkutan setelah mendapatkan penjelasan sesuai ketentuan peraturan perundang-undangan.</li><li>menerima segala konsekuensi atas keputusan pribadinya untuk menolak rencana terapi yang direkomendasikan oleh Tenaga Kesehatan dan/atau tidak mematuhi petunjuk yang diberikan oleh Tenaga Kesehatan dalam rangka penyembuhan penyakit atau masalah kesehatannya. dan</li><li>memberikan imbalan jasa atas pelayanan yang diterima.</li></ol>", "view_count": 202, "menu_id": 965, "admin_id": 77, "created_at": "2023-08-15T07:18:31.592Z", "updated_at": "2024-07-04T19:13:43.066Z", "is_edited": true}, "m2m": {"photo": []}}, {"condition": {"id": 49920}, "defaults": {"site_id": 59, "judul": "Rekognisi", "isi_halaman": "Informasi tentang \"Rekognisi\". Silahkan update di halaman <a target=\"_blank\" href=\"/dashboard/halaman-statis/\">Dashboard.<a><br><br><br><br>\"Halaman ini dibuat otomatis oleh sistem, karena halaman statis untuk menu ini belum dibuat. <br>Silahkan lakukan update di halaman statis.\"", "view_count": 8, "menu_id": 839, "admin_id": null, "created_at": "2024-06-11T06:45:33.213Z", "updated_at": "2024-07-10T15:20:34.101Z", "is_edited": false}, "m2m": {"photo": []}}, {"condition": {"id": 49921}, "defaults": {"site_id": 59, "judul": "Standar Pelayanan Konsultasi Gizi", "isi_halaman": "Informasi tentang \"Standar Pelayanan Konsultasi Gizi\". Silahkan update di halaman <a target=\"_blank\" href=\"/dashboard/halaman-statis/\">Dashboard.<a><br><br><br><br>\"Halaman ini dibuat otomatis oleh sistem, karena halaman statis untuk menu ini belum dibuat. <br>Silahkan lakukan update di halaman statis.\"", "view_count": 6, "menu_id": 516, "admin_id": null, "created_at": "2024-06-11T06:46:42.301Z", "updated_at": "2024-07-04T19:19:05.082Z", "is_edited": false}, "m2m": {"photo": []}}, {"condition": {"id": 49922}, "defaults": {"site_id": 59, "judul": "Jenis Layanan", "isi_halaman": "Informasi tentang \"Jenis Layanan\". Silahkan update di halaman <a target=\"_blank\" href=\"/dashboard/halaman-statis/\">Dashboard.<a><br><br><br><br>\"Halaman ini dibuat otomatis oleh sistem, karena halaman statis untuk menu ini belum dibuat. <br>Silahkan lakukan update di halaman statis.\"", "view_count": 7, "menu_id": 898, "admin_id": null, "created_at": "2024-06-11T06:47:04.637Z", "updated_at": "2024-07-07T02:49:06.360Z", "is_edited": false}, "m2m": {"photo": []}}, {"condition": {"id": 49923}, "defaults": {"site_id": 59, "judul": "Jenis-jenis layanan", "isi_halaman": "Informasi tentang \"Jenis-jenis layanan\". Silahkan update di halaman <a target=\"_blank\" href=\"/dashboard/halaman-statis/\">Dashboard.<a><br><br><br><br>\"Halaman ini dibuat otomatis oleh sistem, karena halaman statis untuk menu ini belum dibuat. <br>Silahkan lakukan update di halaman statis.\"", "view_count": 11, "menu_id": 966, "admin_id": null, "created_at": "2024-06-11T06:48:36.283Z", "updated_at": "2024-07-10T21:40:22.716Z", "is_edited": false}, "m2m": {"photo": []}}, {"condition": {"id": 49924}, "defaults": {"site_id": 59, "judul": "Penilaian Kinerja", "isi_halaman": "Informasi tentang \"Penilaian Kinerja\". Silahkan update di halaman <a target=\"_blank\" href=\"/dashboard/halaman-statis/\">Dashboard.<a><br><br><br><br>\"Halaman ini dibuat otomatis oleh sistem, karena halaman statis untuk menu ini belum dibuat. <br>Silahkan lakukan update di halaman statis.\"", "view_count": 4, "menu_id": 835, "admin_id": null, "created_at": "2024-06-11T06:49:12.948Z", "updated_at": "2024-06-22T08:23:49.687Z", "is_edited": false}, "m2m": {"photo": []}}, {"condition": {"id": 50794}, "defaults": {"site_id": 59, "judul": "Tugas dan Fungsi", "isi_halaman": "Informasi tentang \"Tugas dan Fungsi\". Silahkan update di halaman <a target=\"_blank\" href=\"/dashboard/halaman-statis/\">Dashboard.<a><br><br><br><br>\"Halaman ini dibuat otomatis oleh sistem, karena halaman statis untuk menu ini belum dibuat. <br>Silahkan lakukan update di halaman statis.\"", "view_count": 1, "menu_id": 812, "admin_id": null, "created_at": "2024-06-21T22:36:09.672Z", "updated_at": "2024-06-21T22:36:10.087Z", "is_edited": false}, "m2m": {"photo": []}}, {"condition": {"id": 50874}, "defaults": {"site_id": 59, "judul": "Pelayanan Terpadu", "isi_halaman": "Informasi tentang \"Pelayanan Terpadu\". Silahkan update di halaman <a target=\"_blank\" href=\"/dashboard/halaman-statis/\">Dashboard.<a><br><br><br><br>\"Halaman ini dibuat otomatis oleh sistem, karena halaman statis untuk menu ini belum dibuat. <br>Silahkan lakukan update di halaman statis.\"", "view_count": 7, "menu_id": 838, "admin_id": null, "created_at": "2024-06-22T10:49:01.917Z", "updated_at": "2024-07-08T18:47:05.175Z", "is_edited": false}, "m2m": {"photo": []}}, {"condition": {"id": 50946}, "defaults": {"site_id": 59, "judul": "Jenis Pelayanan", "isi_halaman": "Informasi tentang \"Jenis Pelayanan\". Silahkan update di halaman <a target=\"_blank\" href=\"/dashboard/halaman-statis/\">Dashboard.<a><br><br><br><br>\"Halaman ini dibuat otomatis oleh sistem, karena halaman statis untuk menu ini belum dibuat. <br>Silahkan lakukan update di halaman statis.\"", "view_count": 1, "menu_id": 1021, "admin_id": null, "created_at": "2024-06-24T05:50:53.385Z", "updated_at": "2024-06-24T05:50:54.206Z", "is_edited": false}, "m2m": {"photo": []}}, {"condition": {"id": 51057}, "defaults": {"site_id": 59, "judul": "Penilaian kinerja", "isi_halaman": "Informasi tentang \"Penilaian kinerja\". Silahkan update di halaman <a target=\"_blank\" href=\"/dashboard/halaman-statis/\">Dashboard.<a><br><br><br><br>\"Halaman ini dibuat otomatis oleh sistem, karena halaman statis untuk menu ini belum dibuat. <br>Silahkan lakukan update di halaman statis.\"", "view_count": 5, "menu_id": 1086, "admin_id": null, "created_at": "2024-06-27T17:54:33.441Z", "updated_at": "2024-07-08T17:31:35.501Z", "is_edited": false}, "m2m": {"photo": []}}, {"condition": {"id": 51125}, "defaults": {"site_id": 59, "judul": "Visi-Misi dan Motto Pelayanan", "isi_halaman": "Informasi tentang \"Visi-Misi dan Motto Pelayanan\". Silahkan update di halaman <a target=\"_blank\" href=\"/dashboard/halaman-statis/\">Dashboard.<a><br><br><br><br>\"Halaman ini dibuat otomatis oleh sistem, karena halaman statis untuk menu ini belum dibuat. <br>Silahkan lakukan update di halaman statis.\"", "view_count": 3, "menu_id": 97, "admin_id": null, "created_at": "2024-07-01T03:26:47.868Z", "updated_at": "2024-07-03T07:40:50.526Z", "is_edited": false}, "m2m": {"photo": []}}, {"condition": {"id": 51147}, "defaults": {"site_id": 59, "judul": "Motto", "isi_halaman": "Informasi tentang \"Motto\". Silahkan update di halaman <a target=\"_blank\" href=\"/dashboard/halaman-statis/\">Dashboard.<a><br><br><br><br>\"Halaman ini dibuat otomatis oleh sistem, karena halaman statis untuk menu ini belum dibuat. <br>Silahkan lakukan update di halaman statis.\"", "view_count": 1, "menu_id": 967, "admin_id": null, "created_at": "2024-07-02T19:01:07.286Z", "updated_at": "2024-07-02T19:01:08.306Z", "is_edited": false}, "m2m": {"photo": []}}, {"condition": {"id": 51148}, "defaults": {"site_id": 59, "judul": "Nama Petugas Pengelola Pengaduan", "isi_halaman": "Informasi tentang \"Nama Petugas Pengelola Pengaduan\". Silahkan update di halaman <a target=\"_blank\" href=\"/dashboard/halaman-statis/\">Dashboard.<a><br><br><br><br>\"Halaman ini dibuat otomatis oleh sistem, karena halaman statis untuk menu ini belum dibuat. <br>Silahkan lakukan update di halaman statis.\"", "view_count": 1, "menu_id": 927, "admin_id": null, "created_at": "2024-07-02T19:04:14.003Z", "updated_at": "2024-07-02T19:04:15.152Z", "is_edited": false}, "m2m": {"photo": []}}, {"condition": {"id": 51151}, "defaults": {"site_id": 59, "judul": "Rawat Jalan", "isi_halaman": "Informasi tentang \"Rawat Jalan\". Silahkan update di halaman <a target=\"_blank\" href=\"/dashboard/halaman-statis/\">Dashboard.<a><br><br><br><br>\"Halaman ini dibuat otomatis oleh sistem, karena halaman statis untuk menu ini belum dibuat. <br>Silahkan lakukan update di halaman statis.\"", "view_count": 1, "menu_id": 987, "admin_id": null, "created_at": "2024-07-02T19:35:37.326Z", "updated_at": "2024-07-02T19:35:38.148Z", "is_edited": false}, "m2m": {"photo": []}}, {"condition": {"id": 51152}, "defaults": {"site_id": 59, "judul": "Atribut", "isi_halaman": "Informasi tentang \"Atribut\". Silahkan update di halaman <a target=\"_blank\" href=\"/dashboard/halaman-statis/\">Dashboard.<a><br><br><br><br>\"Halaman ini dibuat otomatis oleh sistem, karena halaman statis untuk menu ini belum dibuat. <br>Silahkan lakukan update di halaman statis.\"", "view_count": 2, "menu_id": 836, "admin_id": null, "created_at": "2024-07-03T00:21:47.993Z", "updated_at": "2024-07-08T17:30:17.867Z", "is_edited": false}, "m2m": {"photo": []}}, {"condition": {"id": 51241}, "defaults": {"site_id": 59, "judul": "SK PENUNJUKAN PETUGAS PENGELOLA PENGADUAN", "isi_halaman": "Informasi tentang \"SK PENUNJUKAN PETUGAS PENGELOLA PENGADUAN\". Silahkan update di halaman <a target=\"_blank\" href=\"/dashboard/halaman-statis/\">Dashboard.<a><br><br><br><br>\"Halaman ini dibuat otomatis oleh sistem, karena halaman statis untuk menu ini belum dibuat. <br>Silahkan lakukan update di halaman statis.\"", "view_count": 1, "menu_id": 575, "admin_id": null, "created_at": "2024-07-08T17:30:00.421Z", "updated_at": "2024-07-08T17:30:00.791Z", "is_edited": false}, "m2m": {"photo": []}}, {"condition": {"id": 51242}, "defaults": {"site_id": 59, "judul": "Profil Pejabat Struktural", "isi_halaman": "Informasi tentang \"Profil Pejabat Struktural\". Silahkan update di halaman <a target=\"_blank\" href=\"/dashboard/halaman-statis/\">Dashboard.<a><br><br><br><br>\"Halaman ini dibuat otomatis oleh sistem, karena halaman statis untuk menu ini belum dibuat. <br>Silahkan lakukan update di halaman statis.\"", "view_count": 1, "menu_id": 1043, "admin_id": null, "created_at": "2024-07-08T17:30:56.478Z", "updated_at": "2024-07-08T17:30:56.791Z", "is_edited": false}, "m2m": {"photo": []}}]