[{"condition": {"id": 3105}, "defaults": {"site_id": 63, "judul": "Visi dan Misi", "isi_halaman": "<p>Informasi tentang &quot;Visi dan Misi&quot;. Sil<img alt=\"\" src=\"/media/uploads/puskesmassigeronganlobar/2022/09/28/whatsapp-image-2022-09-28-at-114359.jpeg\" style=\"height:1040px; width:780px\" />ahkan update di halaman <a href=\"/dashboard/halaman-statis/\" target=\"_blank\">Dashboard.</a></p>", "view_count": 50, "menu_id": 43, "admin_id": 81, "created_at": "2022-02-15T05:46:51.475Z", "updated_at": "2022-10-21T18:44:10.715Z", "is_edited": true}, "m2m": {"photo": [6155]}}, {"condition": {"id": 3349}, "defaults": {"site_id": 63, "judul": "Jenis Layanan", "isi_halaman": "<p>JENIS-JENIS PELAYANAN UPT PUSKESMAS SIGERONGAN :</p>\r\n\r\n<p>1. Pelayanan&nbsp;Promosi&nbsp;Kesehatan&nbsp;(Promkes)</p>\r\n\r\n<p>2. Pelayanan Kesehatan&nbsp;lingkungan.</p>\r\n\r\n<p>3. Pelayanan&nbsp;Pencegahan dan Pengendalian Penyakit (P2P)</p>\r\n\r\n<p>4. Pelayanan Kesehatan&nbsp;ibu anak &amp; KB.</p>\r\n\r\n<p>5. Pelayanan&nbsp;gizi.</p>\r\n\r\n<p>6. Pelayanan&nbsp;keperawatan&nbsp;kesehatan&nbsp;masyarakat (Perkesmas)</p>\r\n\r\n<p>7. Pelayanan kesehatan&nbsp;lansia.</p>\r\n\r\n<p>&nbsp;</p>", "view_count": 286, "menu_id": 161, "admin_id": 81, "created_at": "2022-07-04T12:03:26.946Z", "updated_at": "2024-07-11T23:54:07.441Z", "is_edited": true}, "m2m": {"photo": []}}, {"condition": {"id": 4373}, "defaults": {"site_id": 63, "judul": "VISI DAN MISI", "isi_halaman": "<p style=\"text-align:center\"><strong>VISI</strong></p>\r\n\r\n<p style=\"text-align:center\"><strong>&#39;TERWUJUDNYA MASYARAKAT LINGSAR YANG MANDIRI UNTUK HIDUP SEHAT</strong></p>\r\n\r\n<p style=\"text-align:center\"><strong>MISI</strong></p>\r\n\r\n<p style=\"text-align:center\"><strong>1. Meningkatkan Kualitas Kesehatan individu, keluarga dan masyarakat beserta lingkungan di wilayah kerja UPT Puskesmas Sigerongan.</strong></p>\r\n\r\n<p style=\"text-align:center\"><strong>2. Mewujudkan pelayanan kesehtan prima, adil, merata dan terjangkau oleh masyarakat</strong></p>\r\n\r\n<p style=\"text-align:center\"><strong>3. Meningkatkan peran serta masyarakat dan lintas sektor dalam rangka mendukung pembangunan yang berwawasan kesehtan</strong></p>", "view_count": 410, "menu_id": 43, "admin_id": 81, "created_at": "2022-07-16T18:36:34.718Z", "updated_at": "2024-07-11T06:21:54.921Z", "is_edited": true}, "m2m": {"photo": [6800]}}, {"condition": {"id": 50752}, "defaults": {"site_id": 63, "judul": "Pelayanan Khusus", "isi_halaman": "Informasi tentang \"Pelayanan Khusus\". Silahkan update di halaman <a target=\"_blank\" href=\"/dashboard/halaman-statis/\">Dashboard.<a><br><br><br><br>\"Halaman ini dibuat otomatis oleh sistem, karena halaman statis untuk menu ini belum dibuat. <br>Silahkan lakukan update di halaman statis.\"", "view_count": 8, "menu_id": 834, "admin_id": null, "created_at": "2024-06-21T03:51:44.270Z", "updated_at": "2024-07-11T21:04:09.491Z", "is_edited": false}, "m2m": {"photo": []}}, {"condition": {"id": 50756}, "defaults": {"site_id": 63, "judul": "Pelayanan Terpadu", "isi_halaman": "Informasi tentang \"Pelayanan Terpadu\". Silahkan update di halaman <a target=\"_blank\" href=\"/dashboard/halaman-statis/\">Dashboard.<a><br><br><br><br>\"Halaman ini dibuat otomatis oleh sistem, karena halaman statis untuk menu ini belum dibuat. <br>Silahkan lakukan update di halaman statis.\"", "view_count": 17, "menu_id": 838, "admin_id": null, "created_at": "2024-06-21T05:05:11.693Z", "updated_at": "2024-07-11T23:12:33.923Z", "is_edited": false}, "m2m": {"photo": []}}, {"condition": {"id": 50762}, "defaults": {"site_id": 63, "judul": "Jangka Waktu Respon Pengaduan", "isi_halaman": "Informasi tentang \"Jangka Waktu Respon Pengaduan\". Silahkan update di halaman <a target=\"_blank\" href=\"/dashboard/halaman-statis/\">Dashboard.<a><br><br><br><br>\"Halaman ini dibuat otomatis oleh sistem, karena halaman statis untuk menu ini belum dibuat. <br>Silahkan lakukan update di halaman statis.\"", "view_count": 3, "menu_id": 926, "admin_id": null, "created_at": "2024-06-21T06:00:05.641Z", "updated_at": "2024-07-08T23:14:26.093Z", "is_edited": false}, "m2m": {"photo": []}}, {"condition": {"id": 50770}, "defaults": {"site_id": 63, "judul": "Maklumat Pelayanan", "isi_halaman": "Informasi tentang \"Maklumat Pelayanan\". Silahkan update di halaman <a target=\"_blank\" href=\"/dashboard/halaman-statis/\">Dashboard.<a><br><br><br><br>\"Halaman ini dibuat otomatis oleh sistem, karena halaman statis untuk menu ini belum dibuat. <br>Silahkan lakukan update di halaman statis.\"", "view_count": 9, "menu_id": 831, "admin_id": null, "created_at": "2024-06-21T09:49:22.106Z", "updated_at": "2024-07-11T22:40:22.770Z", "is_edited": false}, "m2m": {"photo": []}}, {"condition": {"id": 50776}, "defaults": {"site_id": 63, "judul": "Tugas dan Fungsi", "isi_halaman": "Informasi tentang \"Tugas dan Fungsi\". Silahkan update di halaman <a target=\"_blank\" href=\"/dashboard/halaman-statis/\">Dashboard.<a><br><br><br><br>\"Halaman ini dibuat otomatis oleh sistem, karena halaman statis untuk menu ini belum dibuat. <br>Silahkan lakukan update di halaman statis.\"", "view_count": 5, "menu_id": 812, "admin_id": null, "created_at": "2024-06-21T17:56:46.222Z", "updated_at": "2024-07-11T06:23:31.898Z", "is_edited": false}, "m2m": {"photo": []}}, {"condition": {"id": 50780}, "defaults": {"site_id": 63, "judul": "Jenis Pelayanan", "isi_halaman": "Informasi tentang \"Jenis Pelayanan\". Silahkan update di halaman <a target=\"_blank\" href=\"/dashboard/halaman-statis/\">Dashboard.<a><br><br><br><br>\"Halaman ini dibuat otomatis oleh sistem, karena halaman statis untuk menu ini belum dibuat. <br>Silahkan lakukan update di halaman statis.\"", "view_count": 1, "menu_id": 1021, "admin_id": null, "created_at": "2024-06-21T18:16:26.653Z", "updated_at": "2024-06-21T18:16:27.132Z", "is_edited": false}, "m2m": {"photo": []}}, {"condition": {"id": 50784}, "defaults": {"site_id": 63, "judul": "Mekanisme Pengaduan Online/Offline", "isi_halaman": "Informasi tentang \"Mekanisme Pengaduan Online/Offline\". Silahkan update di halaman <a target=\"_blank\" href=\"/dashboard/halaman-statis/\">Dashboard.<a><br><br><br><br>\"Halaman ini dibuat otomatis oleh sistem, karena halaman statis untuk menu ini belum dibuat. <br>Silahkan lakukan update di halaman statis.\"", "view_count": 1, "menu_id": 115, "admin_id": null, "created_at": "2024-06-21T19:01:54.966Z", "updated_at": "2024-06-21T19:01:55.838Z", "is_edited": false}, "m2m": {"photo": []}}, {"condition": {"id": 50793}, "defaults": {"site_id": 63, "judul": "Profil Pejabat Struktural", "isi_halaman": "Informasi tentang \"Profil Pejabat Struktural\". Silahkan update di halaman <a target=\"_blank\" href=\"/dashboard/halaman-statis/\">Dashboard.<a><br><br><br><br>\"Halaman ini dibuat otomatis oleh sistem, karena halaman statis untuk menu ini belum dibuat. <br>Silahkan lakukan update di halaman statis.\"", "view_count": 7, "menu_id": 1043, "admin_id": null, "created_at": "2024-06-21T21:51:24.072Z", "updated_at": "2024-07-11T06:16:58.185Z", "is_edited": false}, "m2m": {"photo": []}}, {"condition": {"id": 50798}, "defaults": {"site_id": 63, "judul": "Visi-Misi dan Motto Pelayanan", "isi_halaman": "Informasi tentang \"Visi-Misi dan Motto Pelayanan\". Silahkan update di halaman <a target=\"_blank\" href=\"/dashboard/halaman-statis/\">Dashboard.<a><br><br><br><br>\"Halaman ini dibuat otomatis oleh sistem, karena halaman statis untuk menu ini belum dibuat. <br>Silahkan lakukan update di halaman statis.\"", "view_count": 11, "menu_id": 97, "admin_id": null, "created_at": "2024-06-21T23:13:58.155Z", "updated_at": "2024-07-11T06:21:51.865Z", "is_edited": false}, "m2m": {"photo": []}}, {"condition": {"id": 50812}, "defaults": {"site_id": 63, "judul": "Hubungi Kami", "isi_halaman": "Informasi tentang \"Hubungi Kami\". Silahkan update di halaman <a target=\"_blank\" href=\"/dashboard/halaman-statis/\">Dashboard.<a><br><br><br><br>\"Halaman ini dibuat otomatis oleh sistem, karena halaman statis untuk menu ini belum dibuat. <br>Silahkan lakukan update di halaman statis.\"", "view_count": 6, "menu_id": 41, "admin_id": null, "created_at": "2024-06-22T01:57:56.952Z", "updated_at": "2024-07-11T06:17:28.131Z", "is_edited": false}, "m2m": {"photo": []}}, {"condition": {"id": 50886}, "defaults": {"site_id": 63, "judul": "SK PENUNJUKAN PETUGAS PENGELOLA PENGADUAN", "isi_halaman": "Informasi tentang \"SK PENUNJUKAN PETUGAS PENGELOLA PENGADUAN\". Silahkan update di halaman <a target=\"_blank\" href=\"/dashboard/halaman-statis/\">Dashboard.<a><br><br><br><br>\"Halaman ini dibuat otomatis oleh sistem, karena halaman statis untuk menu ini belum dibuat. <br>Silahkan lakukan update di halaman statis.\"", "view_count": 6, "menu_id": 575, "admin_id": null, "created_at": "2024-06-22T14:13:49.573Z", "updated_at": "2024-07-11T06:16:48.651Z", "is_edited": false}, "m2m": {"photo": []}}, {"condition": {"id": 50901}, "defaults": {"site_id": 63, "judul": "Rekognisi", "isi_halaman": "Informasi tentang \"Rekognisi\". Silahkan update di halaman <a target=\"_blank\" href=\"/dashboard/halaman-statis/\">Dashboard.<a><br><br><br><br>\"Halaman ini dibuat otomatis oleh sistem, karena halaman statis untuk menu ini belum dibuat. <br>Silahkan lakukan update di halaman statis.\"", "view_count": 9, "menu_id": 839, "admin_id": null, "created_at": "2024-06-22T20:58:35.814Z", "updated_at": "2024-07-07T17:21:42.353Z", "is_edited": false}, "m2m": {"photo": []}}, {"condition": {"id": 50921}, "defaults": {"site_id": 63, "judul": "Struktur Organisasi", "isi_halaman": "Informasi tentang \"Struktur Organisasi\". Silahkan update di halaman <a target=\"_blank\" href=\"/dashboard/halaman-statis/\">Dashboard.<a><br><br><br><br>\"Halaman ini dibuat otomatis oleh sistem, karena halaman statis untuk menu ini belum dibuat. <br>Silahkan lakukan update di halaman statis.\"", "view_count": 14, "menu_id": 813, "admin_id": null, "created_at": "2024-06-23T06:10:02.123Z", "updated_at": "2024-07-11T13:15:06.106Z", "is_edited": false}, "m2m": {"photo": []}}, {"condition": {"id": 50922}, "defaults": {"site_id": 63, "judul": "Penilaian Kinerja", "isi_halaman": "Informasi tentang \"Penilaian Kinerja\". Silahkan update di halaman <a target=\"_blank\" href=\"/dashboard/halaman-statis/\">Dashboard.<a><br><br><br><br>\"Halaman ini dibuat otomatis oleh sistem, karena halaman statis untuk menu ini belum dibuat. <br>Silahkan lakukan update di halaman statis.\"", "view_count": 1, "menu_id": 835, "admin_id": null, "created_at": "2024-06-23T06:40:02.450Z", "updated_at": "2024-06-23T06:40:03.237Z", "is_edited": false}, "m2m": {"photo": []}}, {"condition": {"id": 50923}, "defaults": {"site_id": 63, "judul": "Atribut", "isi_halaman": "Informasi tentang \"Atribut\". Silahkan update di halaman <a target=\"_blank\" href=\"/dashboard/halaman-statis/\">Dashboard.<a><br><br><br><br>\"Halaman ini dibuat otomatis oleh sistem, karena halaman statis untuk menu ini belum dibuat. <br>Silahkan lakukan update di halaman statis.\"", "view_count": 7, "menu_id": 836, "admin_id": null, "created_at": "2024-06-23T07:22:34.048Z", "updated_at": "2024-07-12T00:50:14.525Z", "is_edited": false}, "m2m": {"photo": []}}, {"condition": {"id": 50937}, "defaults": {"site_id": 63, "judul": "TENTANG", "isi_halaman": "Informasi tentang \"TENTANG\". Silahkan update di halaman <a target=\"_blank\" href=\"/dashboard/halaman-statis/\">Dashboard.<a><br><br><br><br>\"Halaman ini dibuat otomatis oleh sistem, karena halaman statis untuk menu ini belum dibuat. <br>Silahkan lakukan update di halaman statis.\"", "view_count": 9, "menu_id": 527, "admin_id": null, "created_at": "2024-06-23T15:18:27.341Z", "updated_at": "2024-07-11T06:15:58.972Z", "is_edited": false}, "m2m": {"photo": []}}, {"condition": {"id": 50949}, "defaults": {"site_id": 63, "judul": "Sarana dan Prasarana Fasilitas", "isi_halaman": "Informasi tentang \"Sarana dan Prasarana Fasilitas\". Silahkan update di halaman <a target=\"_blank\" href=\"/dashboard/halaman-statis/\">Dashboard.<a><br><br><br><br>\"Halaman ini dibuat otomatis oleh sistem, karena halaman statis untuk menu ini belum dibuat. <br>Silahkan lakukan update di halaman statis.\"", "view_count": 9, "menu_id": 837, "admin_id": null, "created_at": "2024-06-24T08:35:42.874Z", "updated_at": "2024-07-11T07:55:56.224Z", "is_edited": false}, "m2m": {"photo": []}}, {"condition": {"id": 51178}, "defaults": {"site_id": 63, "judul": "Penilaian kinerja", "isi_halaman": "Informasi tentang \"Penilaian kinerja\". Silahkan update di halaman <a target=\"_blank\" href=\"/dashboard/halaman-statis/\">Dashboard.<a><br><br><br><br>\"Halaman ini dibuat otomatis oleh sistem, karena halaman statis untuk menu ini belum dibuat. <br>Silahkan lakukan update di halaman statis.\"", "view_count": 6, "menu_id": 1086, "admin_id": null, "created_at": "2024-07-05T01:22:38.426Z", "updated_at": "2024-07-11T06:17:15.208Z", "is_edited": false}, "m2m": {"photo": []}}, {"condition": {"id": 51287}, "defaults": {"site_id": 63, "judul": "SOP Alur Pelayanan Rawat Inap", "isi_halaman": "Informasi tentang \"SOP Alur Pelayanan Rawat Inap\". Silahkan update di halaman <a target=\"_blank\" href=\"/dashboard/halaman-statis/\">Dashboard.<a><br><br><br><br>\"Halaman ini dibuat otomatis oleh sistem, karena halaman statis untuk menu ini belum dibuat. <br>Silahkan lakukan update di halaman statis.\"", "view_count": 1, "menu_id": 417, "admin_id": null, "created_at": "2024-07-10T14:01:05.547Z", "updated_at": "2024-07-10T14:01:06.173Z", "is_edited": false}, "m2m": {"photo": []}}, {"condition": {"id": 51302}, "defaults": {"site_id": 63, "judul": "SOP ALUR PELAYANAN LOKET", "isi_halaman": "Informasi tentang \"SOP ALUR PELAYANAN LOKET\". Silahkan update di halaman <a target=\"_blank\" href=\"/dashboard/halaman-statis/\">Dashboard.<a><br><br><br><br>\"Halaman ini dibuat otomatis oleh sistem, karena halaman statis untuk menu ini belum dibuat. <br>Silahkan lakukan update di halaman statis.\"", "view_count": 1, "menu_id": 255, "admin_id": null, "created_at": "2024-07-11T16:27:02.290Z", "updated_at": "2024-07-11T16:27:02.977Z", "is_edited": false}, "m2m": {"photo": []}}]