[{"condition": {"id": 3160}, "defaults": {"site_id": 52, "judul": "Visi dan Misi", "isi_halaman": "<p style=\"text-align:center\"><img alt=\"\" src=\"/media/uploads/puskesmaseyatmayanglobar/2022/07/22/screen-shot-2022-07-22-at-100704.png\" style=\"height:366px; width:537px\" /></p>\r\n\r\n<p style=\"text-align:center\"><img alt=\"\" src=\"/media/uploads/puskesmaseyatmayanglobar/2022/07/22/screen-shot-2022-07-22-at-100740.png\" style=\"height:534px; width:537px\" /></p>", "view_count": 188, "menu_id": 43, "admin_id": 70, "created_at": "2022-03-15T10:39:18.931Z", "updated_at": "2024-07-11T08:54:58.830Z", "is_edited": true}, "m2m": {"photo": [5717]}}, {"condition": {"id": 3164}, "defaults": {"site_id": 52, "judul": "Maklumat Pelayanan", "isi_halaman": "<h2 style=\"text-align:center\"><strong>MAKLUMAT PELAYANAN</strong></h2>\r\n\r\n<p style=\"text-align:center\">Dengan ini kami menyatakan sanggup menyelenggarakan pelayanan sesuai Standar Pelayanan yang telah ditetapkan serta akan melakukan perbaikan secara terus menerus dan apabila tidak menepati janji ini, kami siap menerima sangsi sesuai Peraturan perundang-undangan yang berlaku.</p>\r\n\r\n<p style=\"text-align:center\">&nbsp;</p>\r\n\r\n<p style=\"text-align:center\">Kepala UPT Puskesmas Eyat Mayang</p>\r\n\r\n<p style=\"text-align:center\">&nbsp;</p>\r\n\r\n<p style=\"text-align:center\">Ns. Akmal Rosamali, S,Kep,M.Kes</p>", "view_count": 251, "menu_id": 96, "admin_id": 70, "created_at": "2022-03-17T23:16:38.949Z", "updated_at": "2024-07-11T08:56:26.902Z", "is_edited": true}, "m2m": {"photo": [6121]}}, {"condition": {"id": 3167}, "defaults": {"site_id": 52, "judul": "Atribut", "isi_halaman": "<p>ATRIBUT UPT PUSKESMAS EYAT MAYANG</p>", "view_count": 67, "menu_id": 101, "admin_id": 70, "created_at": "2022-03-18T10:14:59.449Z", "updated_at": "2024-07-11T08:55:47.735Z", "is_edited": true}, "m2m": {"photo": [6124]}}, {"condition": {"id": 3169}, "defaults": {"site_id": 52, "judul": "Hubungi Kami", "isi_halaman": "<p><img alt=\"\" src=\"/media/uploads/puskesmaseyatmayanglobar/2022/10/15/kontak.jpg\" style=\"height:2567px; width:4495px\" /></p>", "view_count": 70, "menu_id": 41, "admin_id": 70, "created_at": "2022-03-18T10:15:08.408Z", "updated_at": "2024-07-11T19:36:36.895Z", "is_edited": true}, "m2m": {"photo": [6126]}}, {"condition": {"id": 3171}, "defaults": {"site_id": 52, "judul": "Profil Pejabat Struktural", "isi_halaman": "<p>&nbsp;</p>\r\n\r\n<p>&nbsp;</p>", "view_count": 182, "menu_id": 46, "admin_id": 70, "created_at": "2022-03-18T10:15:32.262Z", "updated_at": "2024-07-11T06:50:46.172Z", "is_edited": true}, "m2m": {"photo": [6127]}}, {"condition": {"id": 3172}, "defaults": {"site_id": 52, "judul": "Rekognisi", "isi_halaman": "<h2 style=\"text-align:center\"><strong>Rekognisi UPT BLUD Puskesmas Eyat Mayang</strong></h2>\r\n\r\n<p>&nbsp;</p>", "view_count": 167, "menu_id": 104, "admin_id": 70, "created_at": "2022-03-18T10:15:37.204Z", "updated_at": "2024-07-11T06:52:39.655Z", "is_edited": true}, "m2m": {"photo": [6123]}}, {"condition": {"id": 3176}, "defaults": {"site_id": 52, "judul": "Visi-Misi dan Motto Pelayanan", "isi_halaman": "", "view_count": 48, "menu_id": 97, "admin_id": 70, "created_at": "2022-03-18T10:16:09.818Z", "updated_at": "2024-07-11T07:18:33.226Z", "is_edited": true}, "m2m": {"photo": [6128]}}, {"condition": {"id": 3253}, "defaults": {"site_id": 52, "judul": "Jenis Layanan", "isi_halaman": "<p style=\"margin-left:24px; text-align:justify\"><span style=\"font-size:11pt\"><span style=\"font-family:Calibri,sans-serif\"><span style=\"font-size:12.0pt\"><span style=\"font-family:&quot;Arial&quot;,sans-serif\">Dalam Surat Keputusan Menteri Kesehatan Republik Indonesia Nomor 128/Menkes/SK/II/2004 disebutkan bahwa puskesmas bertanggung-jawab menyelenggarakan upaya kesehatan perorangan dan upaya kesehatan masyarakat. Upaya kesehatan tersebut dikelompokkan menjadi dua yaitu:</span></span></span></span></p>\r\n\r\n<ol>\r\n\t<li style=\"text-align:justify\"><span style=\"font-size:11pt\"><span style=\"font-family:Calibri,sans-serif\"><strong><span style=\"font-size:12.0pt\"><span style=\"font-family:&quot;Arial&quot;,sans-serif\">Upaya Kesehatan Wajib. </span></span></strong></span></span></li>\r\n</ol>\r\n\r\n<p style=\"margin-left:48px; text-align:justify\"><span style=\"font-size:11pt\"><span style=\"font-family:Calibri,sans-serif\"><span style=\"font-size:12.0pt\"><span style=\"font-family:&quot;Arial&quot;,sans-serif\">Upaya kesehatan wajib adalah upaya yang harus diselenggarakan oleh setiap puskesmas, disebut <em>basic six </em>yaitu :</span></span></span></span></p>\r\n\r\n<ul>\r\n\t<li style=\"text-align:justify\"><span style=\"font-size:11pt\"><span style=\"font-family:Calibri,sans-serif\"><span style=\"font-size:12.0pt\"><span style=\"font-family:&quot;Arial&quot;,sans-serif\">Upaya Promosi Kesehatan,</span></span></span></span></li>\r\n\t<li style=\"text-align:justify\"><span style=\"font-size:11pt\"><span style=\"font-family:Calibri,sans-serif\"><span style=\"font-size:12.0pt\"><span style=\"font-family:&quot;Arial&quot;,sans-serif\">Upaya Penyehatan Lingkungan,</span></span></span></span></li>\r\n\t<li style=\"text-align:justify\"><span style=\"font-size:11pt\"><span style=\"font-family:Calibri,sans-serif\"><span style=\"font-size:12.0pt\"><span style=\"font-family:&quot;Arial&quot;,sans-serif\">Upaya Kesehatan Ibu dan Anak serta Keluarga Berencana,</span></span></span></span></li>\r\n\t<li style=\"text-align:justify\"><span style=\"font-size:11pt\"><span style=\"font-family:Calibri,sans-serif\"><span style=\"font-size:12.0pt\"><span style=\"font-family:&quot;Arial&quot;,sans-serif\">Upaya Perbaikan Gizi Masyarakat,</span></span></span></span></li>\r\n\t<li style=\"text-align:justify\"><span style=\"font-size:11pt\"><span style=\"font-family:Calibri,sans-serif\"><span style=\"font-size:12.0pt\"><span style=\"font-family:&quot;Arial&quot;,sans-serif\">Upaya Pencegahan dan Pemberantasan Penyakit Menular.</span></span></span></span></li>\r\n\t<li style=\"text-align:justify\"><span style=\"font-size:11pt\"><span style=\"font-family:Calibri,sans-serif\"><span style=\"font-size:12.0pt\"><span style=\"font-family:&quot;Arial&quot;,sans-serif\">Upaya Pengobatan.</span></span></span></span></li>\r\n</ul>\r\n\r\n<ol start=\"2\">\r\n\t<li style=\"text-align:justify\"><span style=\"font-size:11pt\"><span style=\"font-family:Calibri,sans-serif\"><strong><span style=\"font-size:12.0pt\"><span style=\"font-family:&quot;Arial&quot;,sans-serif\">Upaya Kesehatan Pengembangan</span></span></strong> </span></span></li>\r\n</ol>\r\n\r\n<p style=\"margin-left:48px; text-align:justify\"><span style=\"font-size:11pt\"><span style=\"font-family:Calibri,sans-serif\"><span style=\"font-size:12.0pt\"><span style=\"font-family:&quot;Arial&quot;,sans-serif\">Upaya Kesehatan Pengembangan adalah upaya kesehatan yang ditetapkan berdasarkan permasalahan kesehatan yang ditemukan di masyarakat dan disesuaikan dengan kemampuan puskesmas. Upaya kesehatan pengembangan yang telah dilaksanaan di UPT BLUD Puskesmas Eyat Mayang yaitu :</span></span></span></span></p>\r\n\r\n<ul>\r\n\t<li style=\"text-align:justify\"><span style=\"font-size:11pt\"><span style=\"font-family:Calibri,sans-serif\"><span style=\"font-size:12.0pt\"><span style=\"font-family:&quot;Arial&quot;,sans-serif\">Program Kesehatan Lanjut Usia</span></span></span></span></li>\r\n\t<li style=\"text-align:justify\"><span style=\"font-size:11pt\"><span style=\"font-family:Calibri,sans-serif\"><span style=\"font-size:12.0pt\"><span style=\"font-family:&quot;Arial&quot;,sans-serif\">Program Kesehatan Jiwa</span></span></span></span></li>\r\n\t<li style=\"text-align:justify\"><span style=\"font-size:11pt\"><span style=\"font-family:Calibri,sans-serif\"><span style=\"font-size:12.0pt\"><span style=\"font-family:&quot;Arial&quot;,sans-serif\">Program Kesehatan Pelayanan Kesehatan peduli Remaja (PKPR)</span></span></span></span></li>\r\n\t<li style=\"text-align:justify\"><span style=\"font-size:11pt\"><span style=\"font-family:Calibri,sans-serif\"><span style=\"font-size:12.0pt\"><span style=\"font-family:&quot;Arial&quot;,sans-serif\">Program Kesehatan Usaha Kesehatan Sekolah (UKS) / (UKGS)</span></span></span></span></li>\r\n\t<li style=\"text-align:justify\"><span style=\"font-size:11pt\"><span style=\"font-family:Calibri,sans-serif\"><span style=\"font-size:12.0pt\"><span style=\"font-family:&quot;Arial&quot;,sans-serif\">Program Kesehatan POSBINDU PTM</span></span></span></span></li>\r\n\t<li style=\"text-align:justify\"><span style=\"font-size:11pt\"><span style=\"font-family:Calibri,sans-serif\"><span style=\"font-size:12.0pt\"><span style=\"font-family:&quot;Arial&quot;,sans-serif\">Program Kesehatan Tradisional (KESTRAD)</span></span></span></span></li>\r\n\t<li style=\"text-align:justify\"><span style=\"font-size:11pt\"><span style=\"font-family:Calibri,sans-serif\"><span style=\"font-size:12.0pt\"><span style=\"font-family:&quot;Arial&quot;,sans-serif\">Program Kesehatan HIV/AIDS</span></span></span></span></li>\r\n\t<li style=\"text-align:justify\"><span style=\"font-size:11pt\"><span style=\"font-family:Calibri,sans-serif\"><span style=\"font-size:12.0pt\"><span style=\"font-family:&quot;Arial&quot;,sans-serif\">Kesehatan Kerja</span></span></span></span></li>\r\n\t<li style=\"text-align:justify\" value=\"1\"><span style=\"font-size:11pt\"><span style=\"font-family:Calibri,sans-serif\"><span style=\"font-size:12.0pt\"><span style=\"font-family:&quot;Arial&quot;,sans-serif\">Kesehatan Mata</span></span></span></span></li>\r\n</ul>", "view_count": 422, "menu_id": 161, "admin_id": 70, "created_at": "2022-06-19T21:47:53.190Z", "updated_at": "2024-07-12T00:01:28.923Z", "is_edited": true}, "m2m": {"photo": [5587]}}, {"condition": {"id": 3534}, "defaults": {"site_id": 52, "judul": "TENTANG", "isi_halaman": "<p style=\"margin-left:24px; text-align:justify\"><span style=\"font-size:11pt\"><span style=\"font-family:Calibri,sans-serif\"><span style=\"font-size:12.0pt\"><span style=\"font-family:&quot;Arial&quot;,sans-serif\">Secara demografis, </span></span><span style=\"font-size:12.0pt\"><span style=\"font-family:&quot;Arial&quot;,sans-serif\">UPT BLUD Puskesmas Eyat Mayang merupakan salah satu puskesmas dari dua puskesmas yang ada diwilayah Kecamatan Lembar yang berdiri tahun 2021 dan merupakan Puskesmas Non Perawatan. Wilayah kerja UPT BLUD Puskesmas Eyat Mayang memiliki luas 38,59 km<sup>2</sup> dengan sebagian besar dataran tinggi/perbukitan (<u>+</u>60 %) dengan batas-batas wilayah sebagai berikut :</span></span></span></span></p>\r\n\r\n<ul>\r\n\t<li style=\"list-style-type:none\">\r\n\t<ul>\r\n\t\t<li><span style=\"font-size:11pt\"><span style=\"font-family:Calibri,sans-serif\"><span style=\"font-size:12.0pt\"><span style=\"font-family:&quot;Arial&quot;,sans-serif\">Sebelah Utara&nbsp;&nbsp;&nbsp;&nbsp;&nbsp;&nbsp;&nbsp;&nbsp;&nbsp;&nbsp;&nbsp;&nbsp;&nbsp;&nbsp;&nbsp;&nbsp;&nbsp;&nbsp;&nbsp;&nbsp;&nbsp; =&nbsp; Kecamatan Lembar</span></span></span></span></li>\r\n\t\t<li><span style=\"font-size:11pt\"><span style=\"font-family:Calibri,sans-serif\"><span style=\"font-size:12.0pt\"><span style=\"font-family:&quot;Arial&quot;,sans-serif\">Sebelah Timur&nbsp;&nbsp;&nbsp;&nbsp;&nbsp;&nbsp;&nbsp;&nbsp;&nbsp; &nbsp;&nbsp;&nbsp;&nbsp;&nbsp;&nbsp;&nbsp;&nbsp;&nbsp;&nbsp;&nbsp; =&nbsp; Kabupaten Lombok Tengah</span></span></span></span></li>\r\n\t\t<li><span style=\"font-size:11pt\"><span style=\"font-family:Calibri,sans-serif\"><span style=\"font-size:12.0pt\"><span style=\"font-family:&quot;Arial&quot;,sans-serif\">Sebelah Selatan&nbsp;&nbsp;&nbsp;&nbsp;&nbsp;&nbsp;&nbsp;&nbsp;&nbsp;&nbsp;&nbsp;&nbsp;&nbsp;&nbsp;&nbsp;&nbsp;&nbsp;&nbsp; =&nbsp; </span></span><span style=\"font-size:12.0pt\"><span style=\"font-family:&quot;Arial&quot;,sans-serif\">Kecamatan Sekotong</span></span></span></span></li>\r\n\t\t<li><span style=\"font-size:11pt\"><span style=\"font-family:Calibri,sans-serif\"><span style=\"font-size:12.0pt\"><span style=\"font-family:&quot;Arial&quot;,sans-serif\">Sebelah Barat&nbsp;&nbsp;&nbsp;&nbsp;&nbsp;&nbsp;&nbsp;&nbsp;&nbsp;&nbsp;&nbsp;&nbsp;&nbsp;&nbsp;&nbsp;&nbsp;&nbsp;&nbsp;&nbsp;&nbsp;&nbsp;&nbsp; =&nbsp; Selat Lombok</span></span></span></span></li>\r\n\t</ul>\r\n\t</li>\r\n</ul>\r\n\r\n<p style=\"margin-left:24px; text-align:justify\"><span style=\"font-size:11pt\"><span style=\"font-family:Calibri,sans-serif\"><span style=\"font-size:12.0pt\"><span style=\"font-family:&quot;Arial&quot;,sans-serif\">&nbsp;&nbsp;&nbsp;&nbsp;&nbsp;&nbsp;&nbsp;&nbsp; Secara Demografis jumlah penduduk diwilayah UPT BLUD UPT BLUD Puskesmas Eyat Mayang pada tahun 2021 sebanyak&nbsp; : 23.863 jiwa meliputi 5 Desa dengan 51 Dusun.</span></span></span></span></p>\r\n\r\n<p style=\"margin-left:19px; text-align:justify\"><span style=\"font-size:11pt\"><span style=\"font-family:Calibri,sans-serif\"><span style=\"font-size:12.0pt\"><span style=\"font-family:&quot;Arial&quot;,sans-serif\">&nbsp;&nbsp;&nbsp;&nbsp;&nbsp;&nbsp;&nbsp;&nbsp;&nbsp;&nbsp;&nbsp; Dalam melaksanakan tugas dan fungsinya, UPT BLUD Puskesmas Eyat Mayang didukung oleh sarana dan prasarana yang terdiri dari 4 unit Puskesmas Pembantu, 5 Bidan Desa dengan polindes 5 unit, 2 unit Puskel, 6 Posbindu, 6 Poslansia, serta 51 Posyandu.</span></span></span></span></p>\r\n\r\n<p style=\"margin-left:19px; text-align:justify\"><span style=\"font-size:11pt\"><span style=\"font-family:Calibri,sans-serif\"><span style=\"font-size:12.0pt\"><span style=\"font-family:&quot;Arial&quot;,sans-serif\">UPT BLUD Puskesmas Eyat Mayang memiliki 1 Unit Gedung Puskesmas, 2 Unit Rumah Dinas Dokter, 1 Unit Rumah Dinas Staff. Sarana Pendidikan yang tersedia yaitu 19 Sekolah Dasar / Madrasah Ibtidaiyah, 4 SMP, 6 MTs, 1 SMA , 3 MA, 1 SMK, total jumlah sekolah 39</span></span></span></span></p>\r\n\r\n<p style=\"margin-left:19px; text-align:justify\"><span style=\"font-size:11pt\"><span style=\"font-family:Calibri,sans-serif\"><span style=\"font-size:12.0pt\"><span style=\"font-family:&quot;Arial&quot;,sans-serif\">Sarana ibadah yang tersedia dalam wilayah kerja UPT BLUD Puskesmas Eyat Mayang yaitu 48 Masjid, 26 Musholla, 10 Pura dan 1 wihara..</span></span></span></span></p>", "view_count": 283, "menu_id": 42, "admin_id": 70, "created_at": "2022-07-05T22:47:42.935Z", "updated_at": "2024-07-11T07:18:16.903Z", "is_edited": true}, "m2m": {"photo": [5586]}}, {"condition": {"id": 3616}, "defaults": {"site_id": 52, "judul": "TUGAS DAN FUNGSI", "isi_halaman": "<p style=\"text-align:justify\"><span style=\"font-size:12pt\"><span style=\"background-color:white\"><span style=\"font-family:Calibri,sans-serif\"><span style=\"font-family:&quot;Roboto-Regular&quot;,serif\"><span style=\"color:#666666\">Tugas pokok dan fungsi Puskesmas berdasarkan Peraturan Menteri Kesehatan Republik Indonesia Nomor 43 Tahun 2019 tentang Puskesmas adalah sebagai berikut:</span></span></span></span></span></p>\r\n\r\n<p style=\"text-align:justify\"><span style=\"font-size:12pt\"><span style=\"background-color:white\"><span style=\"font-family:Calibri,sans-serif\"><strong><span style=\"font-family:&quot;Roboto-Regular&quot;,serif\"><span style=\"color:#666666\">Tugas Pokok :</span></span></strong></span></span></span></p>\r\n\r\n<ol>\r\n\t<li><span style=\"font-size:12pt\"><span style=\"background-color:white\"><span style=\"font-family:Calibri,sans-serif\"><span style=\"font-family:&quot;Arial&quot;,sans-serif\"><span style=\"color:#666666\">Melaksanakan kebijakan kesehatan untuk mencapai tujuan pembangunan kesehatan di wilayah kerjanya.</span></span></span></span></span></li>\r\n\t<li><span style=\"font-size:12pt\"><span style=\"background-color:white\"><span style=\"font-family:Calibri,sans-serif\"><span style=\"font-family:&quot;Arial&quot;,sans-serif\"><span style=\"color:#666666\">Puskesmas mengintegrasikan program yang dilaksanakannya dengan pendekatan keluarga.</span></span></span></span></span></li>\r\n\t<li><span style=\"font-size:12pt\"><span style=\"background-color:white\"><span style=\"font-family:Calibri,sans-serif\"><span style=\"font-family:&quot;Arial&quot;,sans-serif\"><span style=\"color:#666666\">Pendekatan keluarga merupakan salah satu cara Puskesmas mengintegrasikan program untuk meningkatkan jangkauan sasaran dan mendekatkan akses pelayanan kesehatan di wilayah kerjanya dengan mendatangi keluarga.</span></span></span></span></span></li>\r\n</ol>\r\n\r\n<p style=\"text-align:justify\"><span style=\"font-size:12pt\"><span style=\"background-color:white\"><span style=\"font-family:Calibri,sans-serif\"><strong><span style=\"font-family:&quot;Roboto-Regular&quot;,serif\"><span style=\"color:#666666\">Fungsi :</span></span></strong></span></span></span></p>\r\n\r\n<ol>\r\n\t<li><span style=\"font-size:12pt\"><span style=\"background-color:white\"><span style=\"font-family:Calibri,sans-serif\"><span style=\"font-family:&quot;Arial&quot;,sans-serif\"><span style=\"color:#666666\">Penyelenggaraan Upaya Kesehatan Masyarakat (UKM) tingkat pertama di wilayah kerjanya.</span></span></span></span></span></li>\r\n\t<li><span style=\"font-size:12pt\"><span style=\"background-color:white\"><span style=\"font-family:Calibri,sans-serif\"><span style=\"font-family:&quot;Arial&quot;,sans-serif\"><span style=\"color:#666666\">Penyelenggaraan Upaya Kesehatan Perorangan (UKP) tingkat pertama di wilayah kerjanya.</span></span></span></span></span></li>\r\n</ol>\r\n\r\n<p style=\"text-align:justify\">&nbsp;</p>\r\n\r\n<p style=\"text-align:justify\"><span style=\"font-size:12pt\"><span style=\"background-color:white\"><span style=\"font-family:Calibri,sans-serif\"><span style=\"font-family:&quot;Roboto-Regular&quot;,serif\"><span style=\"color:#666666\">Dalam melaksanakan fungsi penyelenggaraan UKM tingkat pertama di wilayah kerjanya Puskesmas berwenang untuk:</span></span></span></span></span></p>\r\n\r\n<ol>\r\n\t<li><span style=\"font-size:12pt\"><span style=\"background-color:white\"><span style=\"font-family:Calibri,sans-serif\"><span style=\"font-family:&quot;Arial&quot;,sans-serif\"><span style=\"color:#666666\">Menyusun perencanaan kegiatan berdasarkan hasil analisis masalah kesehatan masyarakat dan kebutuhan pelayanan yang diperlukan.</span></span></span></span></span></li>\r\n\t<li><span style=\"font-size:12pt\"><span style=\"background-color:white\"><span style=\"font-family:Calibri,sans-serif\"><span style=\"font-family:&quot;Arial&quot;,sans-serif\"><span style=\"color:#666666\">Melaksanakan advokasi dan sosialisasi kebijakan kesehatan.</span></span></span></span></span></li>\r\n\t<li><span style=\"font-size:12pt\"><span style=\"background-color:white\"><span style=\"font-family:Calibri,sans-serif\"><span style=\"font-family:&quot;Arial&quot;,sans-serif\"><span style=\"color:#666666\">Melaksanakan komunikasi, informasi, edukasi, dan pemberdayaan masyarakat dalam bidang kesehatan.&nbsp;</span></span></span></span></span></li>\r\n\t<li><span style=\"font-size:12pt\"><span style=\"background-color:white\"><span style=\"font-family:Calibri,sans-serif\"><span style=\"font-family:&quot;Arial&quot;,sans-serif\"><span style=\"color:#666666\">Menggerakkan masyarakat untuk mengidentifikasi dan menyelesaikan masalah kesehatan pada setiap tingkat perkembangan masyarakat yang bekerja sama dengan pimpinan wilayah dan sektor lain terkait.</span></span></span></span></span></li>\r\n\t<li><span style=\"font-size:12pt\"><span style=\"background-color:white\"><span style=\"font-family:Calibri,sans-serif\"><span style=\"font-family:&quot;Arial&quot;,sans-serif\"><span style=\"color:#666666\">Melaksanakan pembinaan teknis terhadap institusi, jaringan pelayanan Puskesmas dan upaya kesehatan bersumber daya masyarakat.</span></span></span></span></span></li>\r\n\t<li><span style=\"font-size:12pt\"><span style=\"background-color:white\"><span style=\"font-family:Calibri,sans-serif\"><span style=\"font-family:&quot;Arial&quot;,sans-serif\"><span style=\"color:#666666\">Melaksanakan perencanaan kebutuhan dan peningkatan kompetensi sumber daya manusia Puskesmas.</span></span></span></span></span></li>\r\n\t<li><span style=\"font-size:12pt\"><span style=\"background-color:white\"><span style=\"font-family:Calibri,sans-serif\"><span style=\"font-family:&quot;Arial&quot;,sans-serif\"><span style=\"color:#666666\">Memantau pelaksanaan pembangunan agar berwawasan kesehatan.</span></span></span></span></span></li>\r\n\t<li><span style=\"font-size:12pt\"><span style=\"background-color:white\"><span style=\"font-family:Calibri,sans-serif\"><span style=\"font-family:&quot;Arial&quot;,sans-serif\"><span style=\"color:#666666\">Memberikan Pelayanan Kesehatan yang berorientasi pada keluarga, kelompok, dan masyarakat dengan mempertimbangkan faktor biologis, psikologis, sosial, budaya, dan spiritual.</span></span></span></span></span></li>\r\n\t<li><span style=\"font-size:12pt\"><span style=\"background-color:white\"><span style=\"font-family:Calibri,sans-serif\"><span style=\"font-family:&quot;Arial&quot;,sans-serif\"><span style=\"color:#666666\">Melaksanakan pencatatan, pelaporan, dan evaluasi terhadap akses, mutu, dan cakupan Pelayanan Kesehatan.</span></span></span></span></span></li>\r\n\t<li><span style=\"font-size:12pt\"><span style=\"background-color:white\"><span style=\"font-family:Calibri,sans-serif\"><span style=\"font-family:&quot;Arial&quot;,sans-serif\"><span style=\"color:#666666\">Memberikan rekomendasi terkait masalah kesehatan masyarakat kepada dinas kesehatan daerah kabupaten/kota, melaksanakan sistem kewaspadaan dini, dan respon penanggulangan penyakit.</span></span></span></span></span></li>\r\n\t<li><span style=\"font-size:12pt\"><span style=\"background-color:white\"><span style=\"font-family:Calibri,sans-serif\"><span style=\"font-family:&quot;Arial&quot;,sans-serif\"><span style=\"color:#666666\">Melaksanakan kegiatan pendekatan keluarga.</span></span></span></span></span></li>\r\n\t<li><span style=\"font-size:12pt\"><span style=\"background-color:white\"><span style=\"font-family:Calibri,sans-serif\"><span style=\"font-family:&quot;Arial&quot;,sans-serif\"><span style=\"color:#666666\">Melakukan kolaborasi dengan Fasilitas Pelayanan Kesehatan tingkat pertama dan rumah sakit di wilayah kerjanya, melalui pengoordinasian sumber daya kesehatan di wilayah kerja Puskesmas.</span></span></span></span></span></li>\r\n</ol>\r\n\r\n<p style=\"text-align:justify\"><span style=\"font-size:12pt\"><span style=\"background-color:white\"><span style=\"font-family:Calibri,sans-serif\">&nbsp;</span></span></span></p>\r\n\r\n<p style=\"text-align:justify\"><span style=\"font-size:12pt\"><span style=\"background-color:white\"><span style=\"font-family:Calibri,sans-serif\"><span style=\"font-family:&quot;Roboto-Regular&quot;,serif\"><span style=\"color:#666666\">Dalam melaksanakan fungsi penyelenggaraan UKP tingkat pertama di wilayah kerjanya sebagaimana dimaksud Puskesmas berwenang untuk:</span></span></span></span></span></p>\r\n\r\n<ol>\r\n\t<li><span style=\"font-size:12pt\"><span style=\"background-color:white\"><span style=\"font-family:Calibri,sans-serif\"><span style=\"font-family:&quot;Arial&quot;,sans-serif\"><span style=\"color:#666666\">Menyelenggarakan pelayanan kesehatan dasar secara komprehensif, berkesinambungan, bermutu, dan holistik yang mengintegrasikan faktor biologis, psikologi, sosial, dan budaya dengan membina hubungan dokter - pasien yang erat dan setara.</span></span></span></span></span></li>\r\n\t<li><span style=\"font-size:12pt\"><span style=\"background-color:white\"><span style=\"font-family:Calibri,sans-serif\"><span style=\"font-family:&quot;Arial&quot;,sans-serif\"><span style=\"color:#666666\">Menyelenggarakan Pelayanan Kesehatan yang mengutamakan upaya promotif dan preventif.</span></span></span></span></span></li>\r\n\t<li><span style=\"font-size:12pt\"><span style=\"background-color:white\"><span style=\"font-family:Calibri,sans-serif\"><span style=\"font-family:&quot;Arial&quot;,sans-serif\"><span style=\"color:#666666\">Menyelenggarakan Pelayanan Kesehatan yang berpusat pada individu, berfokus pada keluarga, dan berorientasi pada kelompok dan masyarakat.</span></span></span></span></span></li>\r\n\t<li><span style=\"font-size:12pt\"><span style=\"background-color:white\"><span style=\"font-family:Calibri,sans-serif\"><span style=\"font-family:&quot;Arial&quot;,sans-serif\"><span style=\"color:#666666\">Menyelenggarakan Pelayanan Kesehatan yang mengutamakan kesehatan, keamanan, keselamatan pasien, petugas, pengunjung, dan lingkungan kerja.</span></span></span></span></span></li>\r\n\t<li><span style=\"font-size:12pt\"><span style=\"background-color:white\"><span style=\"font-family:Calibri,sans-serif\"><span style=\"font-family:&quot;Arial&quot;,sans-serif\"><span style=\"color:#666666\">Menyelenggarakan Pelayanan Kesehatan dengan prinsip koordinatif dan kerja sama inter dan antar profesi.</span></span></span></span></span></li>\r\n\t<li><span style=\"font-size:12pt\"><span style=\"background-color:white\"><span style=\"font-family:Calibri,sans-serif\"><span style=\"font-family:&quot;Arial&quot;,sans-serif\"><span style=\"color:#666666\">Melaksanakan penyelenggaraan rekam medis.</span></span></span></span></span></li>\r\n\t<li><span style=\"font-size:12pt\"><span style=\"background-color:white\"><span style=\"font-family:Calibri,sans-serif\"><span style=\"font-family:&quot;Arial&quot;,sans-serif\"><span style=\"color:#666666\">Melaksanakan pencatatan, pelaporan, dan evaluasi terhadap mutu dan akses Pelayanan Kesehatan.</span></span></span></span></span></li>\r\n\t<li><span style=\"font-size:12pt\"><span style=\"background-color:white\"><span style=\"font-family:Calibri,sans-serif\"><span style=\"font-family:&quot;Arial&quot;,sans-serif\"><span style=\"color:#666666\">Melaksanakan perencanaan kebutuhan dan peningkatan kompetensi sumber daya manusia Puskesmas.</span></span></span></span></span></li>\r\n\t<li><span style=\"font-size:12pt\"><span style=\"background-color:white\"><span style=\"font-family:Calibri,sans-serif\"><span style=\"font-family:&quot;Arial&quot;,sans-serif\"><span style=\"color:#666666\">Melaksanakan penapisan rujukan sesuai dengan indikasi medis dan Sistem Rujukan.</span></span></span></span></span></li>\r\n\t<li><span style=\"font-size:12pt\"><span style=\"background-color:white\"><span style=\"font-family:Calibri,sans-serif\"><span style=\"font-family:&quot;Arial&quot;,sans-serif\"><span style=\"color:#666666\">Melakukan koordinasi dan kolaborasi dengan Fasilitas Pelayanan Kesehatan di wilayah kerjanya, sesuai dengan ketentuan peraturan perundang-undangan.</span></span></span></span></span></li>\r\n</ol>\r\n\r\n<p>&nbsp;</p>", "view_count": 318, "menu_id": 44, "admin_id": 70, "created_at": "2022-07-06T11:21:24.492Z", "updated_at": "2024-07-11T08:55:53.982Z", "is_edited": true}, "m2m": {"photo": [5715]}}, {"condition": {"id": 4422}, "defaults": {"site_id": 52, "judul": "Hak dan Kewajiban Pasien", "isi_halaman": "<blockquote>\r\n<p style=\"text-align:center\"><span style=\"color:#16a085\"><span style=\"font-size:11pt\"><span style=\"font-family:Calibri,sans-serif\"><strong><u><span style=\"font-size:16.0pt\"><span style=\"font-family:&quot;Bookman Old Style&quot;,serif\">HAK PASIEN</span></span></u></strong></span></span></span></p>\r\n</blockquote>\r\n\r\n<ol>\r\n\t<li style=\"text-align:justify\"><span style=\"font-size:11pt\"><span style=\"font-family:Calibri,sans-serif\"><span style=\"font-family:&quot;Bookman Old Style&quot;,serif\">Memperoleh layanan yang manusiawi, adil, jujur, dan tanpa diskriminasi.</span></span></span></li>\r\n\t<li style=\"text-align:justify\"><span style=\"font-size:11pt\"><span style=\"font-family:Calibri,sans-serif\"><span style=\"font-family:&quot;Bookman Old Style&quot;,serif\">Memperoleh layanan kesehatan yang bermutu sesuai dengan standar profesi dan standar operasional prosedur.</span></span></span></li>\r\n\t<li style=\"text-align:justify\"><span style=\"font-size:11pt\"><span style=\"font-family:Calibri,sans-serif\"><span style=\"font-family:&quot;Bookman Old Style&quot;,serif\">Memperoleh pelayanan yang efektif dan efisien sehingga pasien terhidar dari kerugian fisik dan materi.</span></span></span></li>\r\n\t<li style=\"text-align:justify\"><span style=\"font-size:11pt\"><span style=\"font-family:Calibri,sans-serif\"><span style=\"font-family:&quot;Bookman Old Style&quot;,serif\">Memilih Dokter dan Dokter Gigi serta kelas perawatan sesuai dengan keinginannya dan peraturan yang berlaku di puskesmas.</span></span></span></li>\r\n\t<li style=\"text-align:justify\"><span style=\"font-size:11pt\"><span style=\"font-family:Calibri,sans-serif\"><span style=\"font-family:&quot;Bookman Old Style&quot;,serif\">Meminta konsultasi tentang penyakit yang di deritanya kepada Dokter dan Dokter Gigi lain yang mempunyai Surat Izin Praktek (SIP) baik di dalam maupun di luar Puskesmas.</span></span></span></li>\r\n\t<li style=\"text-align:justify\"><span style=\"font-size:11pt\"><span style=\"font-family:Calibri,sans-serif\"><span style=\"font-family:&quot;Bookman Old Style&quot;,serif\">Mendapatkan privasi dan kerahasiaan penyakit yang di derita termasuk data-data medisnya.</span></span></span></li>\r\n\t<li style=\"text-align:justify\"><span style=\"font-size:11pt\"><span style=\"font-family:Calibri,sans-serif\"><span style=\"font-family:&quot;Bookman Old Style&quot;,serif\">Memdapatkan informasi yang meliputi diagnosis dan tata cara tindakan medis, tujuan tindakan medis, alternatif tindakan, risiko, dan komplikasi yang mungkin terjadi, dan prognosis terhadap tindakan yang di lakukan serta perkiraan biaya pengobatan.</span></span></span></li>\r\n\t<li style=\"text-align:justify\"><span style=\"font-size:11pt\"><span style=\"font-family:Calibri,sans-serif\"><span style=\"font-family:&quot;Bookman Old Style&quot;,serif\">Memberikan persetujuan atau menolak atas tindakan yang akan dilakukan oleh Tenaga Kesehatan terhadap penyakit yang di deritanya.</span></span></span></li>\r\n\t<li style=\"text-align:justify\"><span style=\"font-size:11pt\"><span style=\"font-family:Calibri,sans-serif\"><span style=\"font-family:&quot;Bookman Old Style&quot;,serif\">Di dampingi keluarganya dalam keadaan kritis.</span></span></span></li>\r\n\t<li style=\"text-align:justify\"><span style=\"font-size:11pt\"><span style=\"font-family:Calibri,sans-serif\"><span style=\"font-family:&quot;Bookman Old Style&quot;,serif\">Menjalankan ibadah sesuai agama atau kepercayaan yang di anutnya.</span></span></span></li>\r\n\t<li style=\"text-align:justify\"><span style=\"font-size:11pt\"><span style=\"font-family:Calibri,sans-serif\"><span style=\"font-family:&quot;Bookman Old Style&quot;,serif\">Memperoleh keamanan dan keselamatan dirinya selama dalam perawatan di puskesmas.</span></span></span></li>\r\n\t<li style=\"text-align:justify\"><span style=\"font-size:11pt\"><span style=\"font-family:Calibri,sans-serif\"><span style=\"font-family:&quot;Bookman Old Style&quot;,serif\">Mengajukan usul,saran, perbaikan atas perlakuan Puskesmas terhadap dirinya.</span></span></span></li>\r\n\t<li style=\"text-align:justify\"><span style=\"font-size:11pt\"><span style=\"font-family:Calibri,sans-serif\"><span style=\"font-family:&quot;Bookman Old Style&quot;,serif\">Menolak pelayanan bimbingan rohani yang tidak sesuai dengan agama dan kepercayaan yang di anut.</span></span></span></li>\r\n\t<li style=\"text-align:justify\"><span style=\"font-size:11pt\"><span style=\"font-family:Calibri,sans-serif\"><span style=\"font-family:&quot;Bookman Old Style&quot;,serif\">Mendapatkan perlindungan atas rahasia kedokteran termasuk kerahasiaan rekam medik.</span></span></span></li>\r\n\t<li style=\"text-align:justify\"><span style=\"font-size:11pt\"><span style=\"font-family:Calibri,sans-serif\"><span style=\"font-family:&quot;Bookman Old Style&quot;,serif\">Mendapatkan akses terhadap isi rekam medik.</span></span></span></li>\r\n\t<li style=\"text-align:justify\"><span style=\"font-size:11pt\"><span style=\"font-family:Calibri,sans-serif\"><span style=\"font-family:&quot;Bookman Old Style&quot;,serif\">Memberikan pesetujuan atau menolak untuk menjadi bagian dalam suatu penelitian kesehatan.</span></span></span></li>\r\n\t<li style=\"text-align:justify\"><span style=\"font-size:11pt\"><span style=\"font-family:Calibri,sans-serif\"><span style=\"font-family:&quot;Bookman Old Style&quot;,serif\">Menyampaikan keluhan atau pengaduan atas pelayanan yang diterima.</span></span></span></li>\r\n\t<li style=\"text-align:justify\"><span style=\"font-size:11pt\"><span style=\"font-family:Calibri,sans-serif\"><span style=\"font-family:&quot;Bookman Old Style&quot;,serif\">Menegluhkan pelayanan Puskesmas yang tidak sesuai standar pelayanan melalui media cetak dan elektronik sesuai dengan ketentuan peraturan perundang-undangan.</span></span></span></li>\r\n\t<li style=\"text-align:justify\"><span style=\"font-size:11pt\"><span style=\"font-family:Calibri,sans-serif\"><span style=\"font-family:&quot;Bookman Old Style&quot;,serif\">Menggugat dan atau menuntut Puskesmas apabila Puskesmas di duga memberikan pelayanan yang tidak sesuai dengan standar baik secara perdata ataupun pidana.</span></span></span></li>\r\n</ol>\r\n\r\n<p style=\"text-align:justify\">&nbsp;</p>\r\n\r\n<blockquote>\r\n<p style=\"text-align:center\"><span style=\"color:#16a085\"><span style=\"font-size:11pt\"><span style=\"font-family:Calibri,sans-serif\"><strong><u><span style=\"font-size:16.0pt\"><span style=\"font-family:&quot;Bookman Old Style&quot;,serif\">KEWAJIBAN PASIEN</span></span></u></strong></span></span></span></p>\r\n</blockquote>\r\n\r\n<ol>\r\n\t<li style=\"text-align:justify\"><span style=\"font-size:11pt\"><span style=\"font-family:Calibri,sans-serif\"><span style=\"font-family:&quot;Bookman Old Style&quot;,serif\">Mematuhi peraturan yang berlaku di Puskesmas.</span></span></span></li>\r\n\t<li style=\"text-align:justify\"><span style=\"font-size:11pt\"><span style=\"font-family:Calibri,sans-serif\"><span style=\"font-family:&quot;Bookman Old Style&quot;,serif\">Menggunakan fasilitas Puskesmas secara bertanggung jawab.</span></span></span></li>\r\n\t<li style=\"text-align:justify\"><span style=\"font-size:11pt\"><span style=\"font-family:Calibri,sans-serif\"><span style=\"font-family:&quot;Bookman Old Style&quot;,serif\">Menghormati hak-hak pasien lain, pengunjung dan Hak Tenaga Kesehatan serta petugas lainnya yang bekerja di Puskesmas.</span></span></span></li>\r\n\t<li style=\"text-align:justify\"><span style=\"font-size:11pt\"><span style=\"font-family:Calibri,sans-serif\"><span style=\"font-family:&quot;Bookman Old Style&quot;,serif\">Memberikan informasi yang jujur, lengkap, dan akurat sesuai kemampuan dan pengetahuannya tentang masalah kesehatannya.</span></span></span></li>\r\n\t<li style=\"text-align:justify\"><span style=\"font-size:11pt\"><span style=\"font-family:Calibri,sans-serif\"><span style=\"font-family:&quot;Bookman Old Style&quot;,serif\">Memberikan informasi mengenai kemampuan finansial dan jaminan kesehatan yang di milikinya.</span></span></span></li>\r\n\t<li style=\"text-align:justify\"><span style=\"font-size:11pt\"><span style=\"font-family:Calibri,sans-serif\"><span style=\"font-family:&quot;Bookman Old Style&quot;,serif\">Mematuhi rencana terapi yang direkomendasikan oleh tenaga kesehatan di Puskesmas dan di setujui oleh pasien yang bersangkutan setelah mendapatkan penjelasan sesuai ketentuan peraturan perundang-undangan.</span></span></span></li>\r\n\t<li style=\"text-align:justify\"><span style=\"font-size:11pt\"><span style=\"font-family:Calibri,sans-serif\"><span style=\"font-family:&quot;Bookman Old Style&quot;,serif\">Menerima segala konsekuensi atas keputusan peribadinya untuk menolak rencana terapi yang direkomendasikan oleh Tenaga Kesehatan dan atau tidak mematuhi petunjuk yang di berikan oleh Tenaga Kesehatan dalam rangaka penyembuhan penyakit atau masalah kesehatannya.</span></span></span></li>\r\n\t<li style=\"text-align:justify\"><span style=\"font-size:11pt\"><span style=\"font-family:Calibri,sans-serif\"><span style=\"font-family:&quot;Bookman Old Style&quot;,serif\">Memberikan imbalan jasa atas pelayanan yang di terima.</span></span></span></li>\r\n</ol>", "view_count": 298, "menu_id": 612, "admin_id": 70, "created_at": "2022-07-22T11:22:03.310Z", "updated_at": "2024-07-11T05:52:19.561Z", "is_edited": true}, "m2m": {"photo": [6136]}}, {"condition": {"id": 4586}, "defaults": {"site_id": 52, "judul": "Mekanisme Pengaduan", "isi_halaman": "<ol style=\"list-style-type:upper-alpha\">\r\n\t<li><span style=\"font-size:12pt\"><span style=\"background-color:white\"><span style=\"font-family:&quot;Times New Roman&quot;,serif\"><strong><span style=\"font-size:10.5pt\"><span style=\"font-family:&quot;Roboto-Regular&quot;,serif\"><span style=\"color:#00b050\">Pengaduan langsung</span></span></span></strong></span></span></span></li>\r\n</ol>\r\n\r\n<ul>\r\n\t<li><span style=\"font-size:12pt\"><span style=\"background-color:white\"><span style=\"font-family:&quot;Times New Roman&quot;,serif\"><span style=\"font-size:10.5pt\"><span style=\"font-family:&quot;Roboto-Regular&quot;,serif\"><span style=\"color:#666666\">Pelayanan di ruang Tata usaha UPT Puskesmas Eyat Mayang&nbsp;Pukul 08.00-12.00 wita</span></span></span></span></span></span></li>\r\n\t<li><span style=\"font-size:12pt\"><span style=\"background-color:white\"><span style=\"font-family:&quot;Times New Roman&quot;,serif\"><span style=\"font-size:10.5pt\"><span style=\"font-family:&quot;Roboto-Regular&quot;,serif\"><span style=\"color:#666666\">Mengisi format pengaduan langsung (berdasarkan Perbup.lombok barat no.32 tahun 2014 tetang pengaduan pelayanan public)</span></span></span></span></span></span></li>\r\n\t<li><span style=\"font-size:12pt\"><span style=\"background-color:white\"><span style=\"font-family:&quot;Times New Roman&quot;,serif\"><span style=\"font-size:10.5pt\"><span style=\"font-family:&quot;Roboto-Regular&quot;,serif\"><span style=\"color:#666666\">Bukti pengaduan diberikan ke yang sudah mengadu langsung.</span></span></span></span></span></span></li>\r\n\t<li><span style=\"font-size:12pt\"><span style=\"background-color:white\"><span style=\"font-family:&quot;Times New Roman&quot;,serif\"><span style=\"font-size:10.5pt\"><span style=\"font-family:&quot;Roboto-Regular&quot;,serif\"><span style=\"color:#666666\">Hasil ditindaklanjuti di forum minggu mutu setiap hari senin pagi.</span></span></span></span></span></span></li>\r\n</ul>\r\n\r\n<ol start=\"2\" style=\"list-style-type:upper-alpha\">\r\n\t<li><span style=\"font-size:12pt\"><span style=\"background-color:white\"><span style=\"font-family:&quot;Times New Roman&quot;,serif\"><strong><span style=\"font-size:10.5pt\"><span style=\"font-family:&quot;Roboto-Regular&quot;,serif\"><span style=\"color:#00b050\">Pengaduan tidak langsung</span></span></span></strong></span></span></span></li>\r\n</ol>\r\n\r\n<ul>\r\n\t<li><span style=\"font-size:12pt\"><span style=\"background-color:white\"><span style=\"font-family:&quot;Times New Roman&quot;,serif\"><span style=\"font-size:10.5pt\"><span style=\"font-family:&quot;Roboto-Regular&quot;,serif\"><span style=\"color:#666666\">Kotak saran dan social media</span></span></span></span></span></span></li>\r\n\t<li><span style=\"font-size:12pt\"><span style=\"background-color:white\"><span style=\"font-family:&quot;Times New Roman&quot;,serif\"><span style=\"font-size:10.5pt\"><span style=\"font-family:&quot;Roboto-Regular&quot;,serif\"><span style=\"color:#666666\">Di buka kotak saran setiap hari sabtu pagi, ada penanggung jawab, mengisi berita acara, di rekap pada register di ruang tata usaha dan di bahas hasil asupan dari senin-sabtu di minggu sebelumnya pada minggu mutu di hari senin pagi.</span></span></span></span></span></span></li>\r\n\t<li><span style=\"font-size:12pt\"><span style=\"background-color:white\"><span style=\"font-family:&quot;Times New Roman&quot;,serif\"><span style=\"font-size:10.5pt\"><span style=\"font-family:&quot;Roboto-Regular&quot;,serif\"><span style=\"color:#666666\">Hasil dilaporka ke PUB dan di sampaikan ke tim pengendali dokumen UPT BLUD Puskesmas Eyat Mayang&nbsp;untuk arsip dan didistribusikan ke bidang terkait.</span></span></span></span></span></span></li>\r\n</ul>\r\n\r\n<p>&nbsp;</p>", "view_count": 10, "menu_id": 682, "admin_id": 70, "created_at": "2022-09-28T19:27:47.319Z", "updated_at": "2024-05-12T03:09:03.889Z", "is_edited": true}, "m2m": {"photo": [6180]}}, {"condition": {"id": 49967}, "defaults": {"site_id": 52, "judul": "Falsafah", "isi_halaman": "Informasi tentang \"Falsafah\". Silahkan update di halaman <a target=\"_blank\" href=\"/dashboard/halaman-statis/\">Dashboard.<a><br><br><br><br>\"Halaman ini dibuat otomatis oleh sistem, karena halaman statis untuk menu ini belum dibuat. <br>Silahkan lakukan update di halaman statis.\"", "view_count": 10, "menu_id": 912, "admin_id": null, "created_at": "2024-06-11T16:13:41.599Z", "updated_at": "2024-07-11T05:52:04.730Z", "is_edited": false}, "m2m": {"photo": []}}, {"condition": {"id": 49968}, "defaults": {"site_id": 52, "judul": "Info Grafis", "isi_halaman": "Informasi tentang \"Info Grafis\". Silahkan update di halaman <a target=\"_blank\" href=\"/dashboard/halaman-statis/\">Dashboard.<a><br><br><br><br>\"Halaman ini dibuat otomatis oleh sistem, karena halaman statis untuk menu ini belum dibuat. <br>Silahkan lakukan update di halaman statis.\"", "view_count": 2, "menu_id": 785, "admin_id": null, "created_at": "2024-06-11T16:13:41.616Z", "updated_at": "2024-07-05T16:20:27.695Z", "is_edited": false}, "m2m": {"photo": []}}, {"condition": {"id": 49969}, "defaults": {"site_id": 52, "judul": "Info Publik", "isi_halaman": "Informasi tentang \"Info Publik\". Silahkan update di halaman <a target=\"_blank\" href=\"/dashboard/halaman-statis/\">Dashboard.<a><br><br><br><br>\"Halaman ini dibuat otomatis oleh sistem, karena halaman statis untuk menu ini belum dibuat. <br>Silahkan lakukan update di halaman statis.\"", "view_count": 8, "menu_id": 1019, "admin_id": null, "created_at": "2024-06-11T16:13:42.322Z", "updated_at": "2024-07-11T05:51:54.940Z", "is_edited": false}, "m2m": {"photo": []}}, {"condition": {"id": 49970}, "defaults": {"site_id": 52, "judul": "Jadwal Dan Jam Pelayanan", "isi_halaman": "Informasi tentang \"Jadwal Dan Jam Pelayanan\". Silahkan update di halaman <a target=\"_blank\" href=\"/dashboard/halaman-statis/\">Dashboard.<a><br><br><br><br>\"Halaman ini dibuat otomatis oleh sistem, karena halaman statis untuk menu ini belum dibuat. <br>Silahkan lakukan update di halaman statis.\"", "view_count": 12, "menu_id": 917, "admin_id": null, "created_at": "2024-06-11T16:13:43.047Z", "updated_at": "2024-07-11T05:50:45.379Z", "is_edited": false}, "m2m": {"photo": []}}, {"condition": {"id": 49971}, "defaults": {"site_id": 52, "judul": "Jangka Waktu Respon Pengaduan", "isi_halaman": "Informasi tentang \"Jangka Waktu Respon Pengaduan\". Silahkan update di halaman <a target=\"_blank\" href=\"/dashboard/halaman-statis/\">Dashboard.<a><br><br><br><br>\"Halaman ini dibuat otomatis oleh sistem, karena halaman statis untuk menu ini belum dibuat. <br>Silahkan lakukan update di halaman statis.\"", "view_count": 8, "menu_id": 926, "admin_id": null, "created_at": "2024-06-11T16:13:43.595Z", "updated_at": "2024-07-11T05:53:13.027Z", "is_edited": false}, "m2m": {"photo": []}}, {"condition": {"id": 49972}, "defaults": {"site_id": 52, "judul": "Janji Layanan", "isi_halaman": "Informasi tentang \"Janji Layanan\". Silahkan update di halaman <a target=\"_blank\" href=\"/dashboard/halaman-statis/\">Dashboard.<a><br><br><br><br>\"Halaman ini dibuat otomatis oleh sistem, karena halaman statis untuk menu ini belum dibuat. <br>Silahkan lakukan update di halaman statis.\"", "view_count": 8, "menu_id": 913, "admin_id": null, "created_at": "2024-06-11T16:13:44.084Z", "updated_at": "2024-07-11T05:51:50.160Z", "is_edited": false}, "m2m": {"photo": []}}, {"condition": {"id": 49973}, "defaults": {"site_id": 52, "judul": "Layanan Penunjang", "isi_halaman": "Informasi tentang \"Layanan Penunjang\". Silahkan update di halaman <a target=\"_blank\" href=\"/dashboard/halaman-statis/\">Dashboard.<a><br><br><br><br>\"Halaman ini dibuat otomatis oleh sistem, karena halaman statis untuk menu ini belum dibuat. <br>Silahkan lakukan update di halaman statis.\"", "view_count": 9, "menu_id": 919, "admin_id": null, "created_at": "2024-06-11T16:13:44.704Z", "updated_at": "2024-07-11T06:49:48.714Z", "is_edited": false}, "m2m": {"photo": []}}, {"condition": {"id": 49974}, "defaults": {"site_id": 52, "judul": "Mekanisme Pengaduan Online/Offline", "isi_halaman": "Informasi tentang \"Mekanisme Pengaduan Online/Offline\". Silahkan update di halaman <a target=\"_blank\" href=\"/dashboard/halaman-statis/\">Dashboard.<a><br><br><br><br>\"Halaman ini dibuat otomatis oleh sistem, karena halaman statis untuk menu ini belum dibuat. <br>Silahkan lakukan update di halaman statis.\"", "view_count": 10, "menu_id": 925, "admin_id": null, "created_at": "2024-06-11T16:13:44.718Z", "updated_at": "2024-07-11T06:50:42.549Z", "is_edited": false}, "m2m": {"photo": []}}, {"condition": {"id": 49975}, "defaults": {"site_id": 52, "judul": "Nama Petugas Pengelola Pengaduan", "isi_halaman": "Informasi tentang \"Nama Petugas Pengelola Pengaduan\". Silahkan update di halaman <a target=\"_blank\" href=\"/dashboard/halaman-statis/\">Dashboard.<a><br><br><br><br>\"Halaman ini dibuat otomatis oleh sistem, karena halaman statis untuk menu ini belum dibuat. <br>Silahkan lakukan update di halaman statis.\"", "view_count": 9, "menu_id": 927, "admin_id": null, "created_at": "2024-06-11T16:13:45.257Z", "updated_at": "2024-07-11T06:52:04.940Z", "is_edited": false}, "m2m": {"photo": []}}, {"condition": {"id": 49976}, "defaults": {"site_id": 52, "judul": "Puskesmas Pembantu (Pustu) & Pos Kesehatan Desa (Poskesdes)", "isi_halaman": "Informasi tentang \"Puskesmas Pembantu (Pustu) & Pos Kesehatan Desa (Poskesdes)\". Silahkan update di halaman <a target=\"_blank\" href=\"/dashboard/halaman-statis/\">Dashboard.<a><br><br><br><br>\"Halaman ini dibuat otomatis oleh sistem, karena halaman statis untuk menu ini belum dibuat. <br>Silahkan lakukan update di halaman statis.\"", "view_count": 9, "menu_id": 920, "admin_id": null, "created_at": "2024-06-11T16:13:46.069Z", "updated_at": "2024-07-11T11:39:30.555Z", "is_edited": false}, "m2m": {"photo": []}}, {"condition": {"id": 49977}, "defaults": {"site_id": 52, "judul": "Rawat Inap (RRI), Rawat Gawat Darurat (RGD) & Persalinan", "isi_halaman": "Informasi tentang \"Rawat Inap (RRI), Rawat Gawat Darurat (RGD) & Persalinan\". Silahkan update di halaman <a target=\"_blank\" href=\"/dashboard/halaman-statis/\">Dashboard.<a><br><br><br><br>\"Halaman ini dibuat otomatis oleh sistem, karena halaman statis untuk menu ini belum dibuat. <br>Silahkan lakukan update di halaman statis.\"", "view_count": 10, "menu_id": 921, "admin_id": null, "created_at": "2024-06-11T16:13:46.549Z", "updated_at": "2024-07-11T06:51:15.575Z", "is_edited": false}, "m2m": {"photo": []}}, {"condition": {"id": 49978}, "defaults": {"site_id": 52, "judul": "SK PENUNJUKAN PETUGAS PENGELOLA PENGADUAN", "isi_halaman": "Informasi tentang \"SK PENUNJUKAN PETUGAS PENGELOLA PENGADUAN\". Silahkan update di halaman <a target=\"_blank\" href=\"/dashboard/halaman-statis/\">Dashboard.<a><br><br><br><br>\"Halaman ini dibuat otomatis oleh sistem, karena halaman statis untuk menu ini belum dibuat. <br>Silahkan lakukan update di halaman statis.\"", "view_count": 11, "menu_id": 575, "admin_id": null, "created_at": "2024-06-11T16:13:46.805Z", "updated_at": "2024-07-11T06:53:13.174Z", "is_edited": false}, "m2m": {"photo": []}}, {"condition": {"id": 49979}, "defaults": {"site_id": 52, "judul": "Survei Kepuasan Masyarakat (Pasien)", "isi_halaman": "Informasi tentang \"Survei Kepuasan Masyarakat (Pasien)\". Silahkan update di halaman <a target=\"_blank\" href=\"/dashboard/halaman-statis/\">Dashboard.<a><br><br><br><br>\"Halaman ini dibuat otomatis oleh sistem, karena halaman statis untuk menu ini belum dibuat. <br>Silahkan lakukan update di halaman statis.\"", "view_count": 11, "menu_id": 928, "admin_id": null, "created_at": "2024-06-11T16:13:47.483Z", "updated_at": "2024-07-11T06:49:35.606Z", "is_edited": false}, "m2m": {"photo": []}}, {"condition": {"id": 49980}, "defaults": {"site_id": 52, "judul": "Tarif Pelayanan", "isi_halaman": "Informasi tentang \"Tarif Pelayanan\". Silahkan update di halaman <a target=\"_blank\" href=\"/dashboard/halaman-statis/\">Dashboard.<a><br><br><br><br>\"Halaman ini dibuat otomatis oleh sistem, karena halaman statis untuk menu ini belum dibuat. <br>Silahkan lakukan update di halaman statis.\"", "view_count": 7, "menu_id": 918, "admin_id": null, "created_at": "2024-06-11T16:13:47.778Z", "updated_at": "2024-07-11T06:52:35.129Z", "is_edited": false}, "m2m": {"photo": []}}, {"condition": {"id": 49981}, "defaults": {"site_id": 52, "judul": "Tata Nilai", "isi_halaman": "Informasi tentang \"Tata Nilai\". Silahkan update di halaman <a target=\"_blank\" href=\"/dashboard/halaman-statis/\">Dashboard.<a><br><br><br><br>\"Halaman ini dibuat otomatis oleh sistem, karena halaman statis untuk menu ini belum dibuat. <br>Silahkan lakukan update di halaman statis.\"", "view_count": 10, "menu_id": 911, "admin_id": null, "created_at": "2024-06-11T16:13:47.869Z", "updated_at": "2024-07-11T07:18:41.042Z", "is_edited": false}, "m2m": {"photo": []}}, {"condition": {"id": 49982}, "defaults": {"site_id": 52, "judul": "Tata Tertib Pasien/Pengunjung", "isi_halaman": "Informasi tentang \"Tata Tertib Pasien/Pengunjung\". Silahkan update di halaman <a target=\"_blank\" href=\"/dashboard/halaman-statis/\">Dashboard.<a><br><br><br><br>\"Halaman ini dibuat otomatis oleh sistem, karena halaman statis untuk menu ini belum dibuat. <br>Silahkan lakukan update di halaman statis.\"", "view_count": 9, "menu_id": 915, "admin_id": null, "created_at": "2024-06-11T16:13:49.925Z", "updated_at": "2024-07-11T07:17:44.162Z", "is_edited": false}, "m2m": {"photo": []}}, {"condition": {"id": 49983}, "defaults": {"site_id": 52, "judul": "Upaya Kesehatan Masyarakat Pengembangan", "isi_halaman": "Informasi tentang \"Upaya Kesehatan Masyarakat Pengembangan\". Silahkan update di halaman <a target=\"_blank\" href=\"/dashboard/halaman-statis/\">Dashboard.<a><br><br><br><br>\"Halaman ini dibuat otomatis oleh sistem, karena halaman statis untuk menu ini belum dibuat. <br>Silahkan lakukan update di halaman statis.\"", "view_count": 9, "menu_id": 923, "admin_id": null, "created_at": "2024-06-11T16:13:51.249Z", "updated_at": "2024-07-11T11:39:36.699Z", "is_edited": false}, "m2m": {"photo": []}}, {"condition": {"id": 49984}, "defaults": {"site_id": 52, "judul": "Upaya Kesehatan Masyarakat (UKM)", "isi_halaman": "Informasi tentang \"Upaya Kesehatan Masyarakat (UKM)\". Silahkan update di halaman <a target=\"_blank\" href=\"/dashboard/halaman-statis/\">Dashboard.<a><br><br><br><br>\"Halaman ini dibuat otomatis oleh sistem, karena halaman statis untuk menu ini belum dibuat. <br>Silahkan lakukan update di halaman statis.\"", "view_count": 7, "menu_id": 924, "admin_id": null, "created_at": "2024-06-11T16:13:52.128Z", "updated_at": "2024-07-11T07:21:16.086Z", "is_edited": false}, "m2m": {"photo": []}}, {"condition": {"id": 49985}, "defaults": {"site_id": 52, "judul": "Upaya Kesehatan Perorangan (UKP)", "isi_halaman": "Informasi tentang \"Upaya Kesehatan Perorangan (UKP)\". Silahkan update di halaman <a target=\"_blank\" href=\"/dashboard/halaman-statis/\">Dashboard.<a><br><br><br><br>\"Halaman ini dibuat otomatis oleh sistem, karena halaman statis untuk menu ini belum dibuat. <br>Silahkan lakukan update di halaman statis.\"", "view_count": 8, "menu_id": 922, "admin_id": null, "created_at": "2024-06-11T16:13:52.380Z", "updated_at": "2024-07-11T11:39:33.949Z", "is_edited": false}, "m2m": {"photo": []}}, {"condition": {"id": 50786}, "defaults": {"site_id": 52, "judul": "Sarana dan Prasarana Fasilitas", "isi_halaman": "Informasi tentang \"Sarana dan Prasarana Fasilitas\". Silahkan update di halaman <a target=\"_blank\" href=\"/dashboard/halaman-statis/\">Dashboard.<a><br><br><br><br>\"Halaman ini dibuat otomatis oleh sistem, karena halaman statis untuk menu ini belum dibuat. <br>Silahkan lakukan update di halaman statis.\"", "view_count": 11, "menu_id": 837, "admin_id": null, "created_at": "2024-06-21T19:28:15.602Z", "updated_at": "2024-07-11T08:56:22.319Z", "is_edited": false}, "m2m": {"photo": []}}, {"condition": {"id": 50884}, "defaults": {"site_id": 52, "judul": "Pelayanan Khusus", "isi_halaman": "Informasi tentang \"Pelayanan Khusus\". Silahkan update di halaman <a target=\"_blank\" href=\"/dashboard/halaman-statis/\">Dashboard.<a><br><br><br><br>\"Halaman ini dibuat otomatis oleh sistem, karena halaman statis untuk menu ini belum dibuat. <br>Silahkan lakukan update di halaman statis.\"", "view_count": 11, "menu_id": 834, "admin_id": null, "created_at": "2024-06-22T13:24:32.423Z", "updated_at": "2024-07-11T22:13:13.495Z", "is_edited": false}, "m2m": {"photo": []}}, {"condition": {"id": 50889}, "defaults": {"site_id": 52, "judul": "Penilaian Kinerja", "isi_halaman": "Informasi tentang \"Penilaian Kinerja\". Silahkan update di halaman <a target=\"_blank\" href=\"/dashboard/halaman-statis/\">Dashboard.<a><br><br><br><br>\"Halaman ini dibuat otomatis oleh sistem, karena halaman statis untuk menu ini belum dibuat. <br>Silahkan lakukan update di halaman statis.\"", "view_count": 2, "menu_id": 835, "admin_id": null, "created_at": "2024-06-22T16:38:59.682Z", "updated_at": "2024-06-22T17:04:03.311Z", "is_edited": false}, "m2m": {"photo": []}}, {"condition": {"id": 50938}, "defaults": {"site_id": 52, "judul": "Pelayanan Terpadu", "isi_halaman": "Informasi tentang \"Pelayanan Terpadu\". Silahkan update di halaman <a target=\"_blank\" href=\"/dashboard/halaman-statis/\">Dashboard.<a><br><br><br><br>\"Halaman ini dibuat otomatis oleh sistem, karena halaman statis untuk menu ini belum dibuat. <br>Silahkan lakukan update di halaman statis.\"", "view_count": 12, "menu_id": 838, "admin_id": null, "created_at": "2024-06-23T15:28:39.910Z", "updated_at": "2024-07-11T06:52:30.074Z", "is_edited": false}, "m2m": {"photo": []}}, {"condition": {"id": 50959}, "defaults": {"site_id": 52, "judul": "Jenis Pelayanan", "isi_halaman": "Informasi tentang \"Jenis Pelayanan\". Silahkan update di halaman <a target=\"_blank\" href=\"/dashboard/halaman-statis/\">Dashboard.<a><br><br><br><br>\"Halaman ini dibuat otomatis oleh sistem, karena halaman statis untuk menu ini belum dibuat. <br>Silahkan lakukan update di halaman statis.\"", "view_count": 1, "menu_id": 1021, "admin_id": null, "created_at": "2024-06-25T00:51:03.033Z", "updated_at": "2024-06-25T00:51:03.472Z", "is_edited": false}, "m2m": {"photo": []}}, {"condition": {"id": 51001}, "defaults": {"site_id": 52, "judul": "Motto", "isi_halaman": "Informasi tentang \"Motto\". Silahkan update di halaman <a target=\"_blank\" href=\"/dashboard/halaman-statis/\">Dashboard.<a><br><br><br><br>\"Halaman ini dibuat otomatis oleh sistem, karena halaman statis untuk menu ini belum dibuat. <br>Silahkan lakukan update di halaman statis.\"", "view_count": 7, "menu_id": 967, "admin_id": null, "created_at": "2024-06-25T20:37:05.155Z", "updated_at": "2024-07-11T16:56:06.980Z", "is_edited": false}, "m2m": {"photo": []}}, {"condition": {"id": 51014}, "defaults": {"site_id": 52, "judul": "Struktur Organisasi", "isi_halaman": "Informasi tentang \"Struktur Organisasi\". Silahkan update di halaman <a target=\"_blank\" href=\"/dashboard/halaman-statis/\">Dashboard.<a><br><br><br><br>\"Halaman ini dibuat otomatis oleh sistem, karena halaman statis untuk menu ini belum dibuat. <br>Silahkan lakukan update di halaman statis.\"", "view_count": 12, "menu_id": 813, "admin_id": null, "created_at": "2024-06-25T23:58:03.736Z", "updated_at": "2024-07-11T08:55:32.401Z", "is_edited": false}, "m2m": {"photo": []}}, {"condition": {"id": 51015}, "defaults": {"site_id": 52, "judul": "Data Puskesmas", "isi_halaman": "Informasi tentang \"Data Puskesmas\". Silahkan update di halaman <a target=\"_blank\" href=\"/dashboard/halaman-statis/\">Dashboard.<a><br><br><br><br>\"Halaman ini dibuat otomatis oleh sistem, karena halaman statis untuk menu ini belum dibuat. <br>Silahkan lakukan update di halaman statis.\"", "view_count": 6, "menu_id": 791, "admin_id": null, "created_at": "2024-06-25T23:59:58.188Z", "updated_at": "2024-07-11T19:36:30.739Z", "is_edited": false}, "m2m": {"photo": []}}, {"condition": {"id": 51021}, "defaults": {"site_id": 52, "judul": "Penilaian kinerja", "isi_halaman": "Informasi tentang \"Penilaian kinerja\". Silahkan update di halaman <a target=\"_blank\" href=\"/dashboard/halaman-statis/\">Dashboard.<a><br><br><br><br>\"Halaman ini dibuat otomatis oleh sistem, karena halaman statis untuk menu ini belum dibuat. <br>Silahkan lakukan update di halaman statis.\"", "view_count": 10, "menu_id": 1086, "admin_id": null, "created_at": "2024-06-26T02:18:51.834Z", "updated_at": "2024-07-11T08:55:59.855Z", "is_edited": false}, "m2m": {"photo": []}}]