[{"condition": {"id": 1684}, "defaults": {"site_id": 53, "judul": "Layanan Pengaduan", "isi_halaman": "<p>Pengaduan, Saran, Kritik, dan Keluhan dapat disampaikan melalui Kotak Saran atau melalui no.telp 081917468897</p>", "view_count": 348, "menu_id": 1041, "admin_id": 71, "created_at": "2021-08-08T10:44:19.733Z", "updated_at": "2024-07-09T01:12:32.831Z", "is_edited": true}, "m2m": {"photo": [2403]}}, {"condition": {"id": 2168}, "defaults": {"site_id": 53, "judul": "Sarana dan Prasarana Fasilitas", "isi_halaman": "<p><strong>SARANA DAN PRASARANA UPT PUSKESMAS GUNUNGSARI</strong></p><p>Sarana kesehatan adalah tempat yang digunakan utuk menyelenggarakan upaya kesehatan, salah satunya adalah Puskesmas. Sedangkan prasarana adalah merupakan salah satu alat penunjang bagi terselenggaranya kegiatan pelayanan kesehatan di sarana kesehatan, yang terdiri dari alat transportasi dan alat-alat kesehatan.</p><p>Beberapa fasilitas pendukung yang dimiliki UPT Puskesmas Gunugsari :</p><ul><li>Mushalla</li><li>Ruang Tunggu Pasien</li><li>Kantin Sehat</li><li>Ruang Pojok Laktasi</li><li>Ruang Pojok Unit Rehidrasi Oral</li><li>Mobil Ambulance dan Puskel</li></ul><p style=\"text-align:right;\">&nbsp;</p><p style=\"text-align:right;\">&nbsp;</p><p style=\"text-align:right;\">&nbsp;</p>", "view_count": 1515, "menu_id": 102, "admin_id": 71, "created_at": "2021-08-16T09:13:43.802Z", "updated_at": "2024-07-11T16:22:39.443Z", "is_edited": true}, "m2m": {"photo": [2948, 2949, 2950]}}, {"condition": {"id": 2343}, "defaults": {"site_id": 53, "judul": "Tentang", "isi_halaman": "<p>Puskesmas Gunungsari merupakan salah satu dari 17 puskesmas yang ada di kabupaten Lombok Barat, dengan luas wilayah mencapai 28,86 Km&sup2;. di sebelah utara berbatasan dengan kabupaten Lombok Utara, di sebelah selatan berbatasan dengan kota Mataram, di sebelah barat berbatasan dengan kecamatan Batulayar dan di sebelah timur berbatasan dengan kecamatan Lingsar.</p>\r\n\r\n<p>&nbsp;</p>", "view_count": 1174, "menu_id": 42, "admin_id": 71, "created_at": "2021-08-19T03:38:15.773Z", "updated_at": "2024-07-12T01:30:25.603Z", "is_edited": true}, "m2m": {"photo": [2402]}}, {"condition": {"id": 2348}, "defaults": {"site_id": 53, "judul": "Visi-Misi dan Motto Pelayanan", "isi_halaman": "", "view_count": 77, "menu_id": 97, "admin_id": 71, "created_at": "2021-08-19T06:04:45.486Z", "updated_at": "2024-07-11T19:05:44.076Z", "is_edited": true}, "m2m": {"photo": [2283]}}, {"condition": {"id": 4074}, "defaults": {"site_id": 53, "judul": "TUGAS DAN FUNGSI", "isi_halaman": "<p>isi tugas dan fungsi</p>", "view_count": 357, "menu_id": 44, "admin_id": 71, "created_at": "2022-07-06T14:56:49.181Z", "updated_at": "2024-07-11T20:35:10.052Z", "is_edited": true}, "m2m": {"photo": []}}, {"condition": {"id": 4076}, "defaults": {"site_id": 53, "judul": "STRUKTUR ORGANISASI", "isi_halaman": "", "view_count": 582, "menu_id": 45, "admin_id": 71, "created_at": "2022-07-06T14:56:57.442Z", "updated_at": "2024-07-11T20:35:35.410Z", "is_edited": true}, "m2m": {"photo": []}}, {"condition": {"id": 4609}, "defaults": {"site_id": 53, "judul": "VISI DAN MISI", "isi_halaman": "", "view_count": 345, "menu_id": 43, "admin_id": 71, "created_at": "2022-10-24T09:42:15.030Z", "updated_at": "2024-07-11T20:50:17.911Z", "is_edited": true}, "m2m": {"photo": [6818]}}, {"condition": {"id": 12978}, "defaults": {"site_id": 53, "judul": "Upaya Kesehatan Masyarakat (UKM)", "isi_halaman": "<p><span style=\"background-color:transparent;color:#000000;\"><strong>1.UKM ESENSIAL :</strong></span></p><ul><li><span style=\"background-color:transparent;color:#000000;\">Upaya Promosi Kesehatan</span></li><li><span style=\"background-color:transparent;color:#000000;\">Upaya Kesehatan Lingkungan</span></li><li><span style=\"background-color:transparent;color:#000000;\">Upaya Pelayanan Kesehatan Ibu, Anak dan KB</span></li><li><span style=\"background-color:transparent;color:#000000;\">Upaya Pelayanan Gizi</span></li><li><span style=\"background-color:transparent;color:#000000;\">Upaya Pencegahan dan Pengendalian Penyakit</span></li></ul><p>&nbsp;</p><p><span style=\"background-color:transparent;color:#000000;\"><strong>2.UKM PENGEMBANGAN :</strong></span></p><ul><li><span style=\"background-color:transparent;color:#000000;\">Pelayanan Kesehatan Jiwa</span></li><li><span style=\"background-color:transparent;color:#000000;\">Pelayanan Kesehatan Gigi dan Mulut</span></li><li><span style=\"background-color:transparent;color:#000000;\">Pelayanan Kesehatan Tradisional</span></li><li><span style=\"background-color:transparent;color:#000000;\">Pelayanan Kesehatan Olahraga</span></li><li><span style=\"background-color:transparent;color:#000000;\">Pelayanan Kesehatan Indra</span></li><li><span style=\"background-color:transparent;color:#000000;\">Pelayanan Kesehatan Lansia</span></li><li><span style=\"background-color:transparent;color:#000000;\">Pelayanan Kesehatan Kerja</span></li></ul>", "view_count": 139, "menu_id": 853, "admin_id": 71, "created_at": "2024-01-07T17:59:00.734Z", "updated_at": "2024-07-10T19:00:55.724Z", "is_edited": true}, "m2m": {"photo": []}}, {"condition": {"id": 13114}, "defaults": {"site_id": 53, "judul": "Hak dan Kewajiban Pasien", "isi_halaman": "<p><strong>Kewajiban pasien adalah sebagai berikut :</strong></p><ol><li>Mentaati segala peraturan dan tata tertib di puskesmas</li><li>Mematuhi segala instruksi dokter dan perawat dalam pengobatannya</li><li>Memberikan informasi dengan jujur dan selengkapnya tentang penyakit yang di derita kepada dokter yang merawat</li><li>Melunasi segala imbalan atas jasa pelayanan puskesmas dan/atau dokter</li><li>Mematuhi hal-hal yang telah di sepakati/di perjanjikan</li></ol><p><strong>Hak-hak pasien adalah sebagai berikut :</strong></p><ol><li>Memperoleh informasi mengenai tata tertib dan peranturan yang berlaku</li><li>Memperoleh informasi tentang hak dan kewajiban pasien</li><li>Memperoleh layanan yang manusiawi, adil, jujur, dan tanpa diskriminasi</li><li>Memperoleh layanan kesehatan yang bermutu sesuai dengan kebutuhan medis, standar profesi dan standar prosedur operasional</li><li>Memperoleh layanan yang efektif dan efisien sehingga pasien terhindar dari kerugian fisik dan materi</li><li>Mengajukan pengaduan atas kualitas pelayanan yang di dapatkan</li><li>Memilih dokter dan kelas perawatan sesuai dengan keinginan dan peraturan yang berlaku di puskesmas</li><li>Meminta konsultasi tentang penyakit yang di deritanya kepada dokter lain yang mempunyai Surat Izin Praktik (SIP) baik di dalam maupun di luar puskesmas</li><li>Mendapatkan privasi dan kerahasiaan penyakit yang di derita termasuk data-data medisnya (isi rekam medis)</li><li>Mendapatkan informasi yang meliputi diagnosis dan tata cara tindakan medis, tujuan tindakan medis, alternatif tindakan, risiko dan komplikasi yang mungkin terjadi, dan prognosis terhadap tindakan yang dilakukan serta perkiraan biaya pengobatan/tindakan medis yang akan di lakukan terhadap dirinya</li><li>Memberikan persetujuan atau menolak sebagian atau seluruh tindakan yang akan di berikan oleh tenaga kesehatan terhadap penyakit yang di deritanya setelah menerima dan memahami informasi mengenai tindakan tersebut secara lengkap dengan pengecualian yang di atur dalam ketentuan peraturan perundang-undangan</li><li>Di dampingi keluarganya dan atau penasehatnya dalam keadaaan keritis atau menjelang kematian</li><li>Menjalankan ibadah sesuai agama atau kepercayaan yang dianutnya selama hal itu tidak mengganggu pasien lainnya</li><li>Memperoleh keamanan dan keselamatan dirinya selama dalam perawatan di puskesmas</li><li>Mengajukan usul, saran, perbaikan atas perlakuan puskesmas terhadap dirinya</li><li>Menolak pelayanan bimbingan rohani yang tidak sesuai dengan agama dan kepercayaan yang dianutnya</li><li>Menggugat dan/atau menuntut puskesmas apabila puskesmas di duga memberikan pelayanan yang tidak sesuai dengan standar baik secara perdata atau pidana</li><li>Mengeluhkan pelayanan puskesmas yang tidak sesuai dengan standar pelayanan melalui media cetak dan elektronik sesuai dengan ketentuan peraturan perundang-undangan</li></ol>", "view_count": 168, "menu_id": 819, "admin_id": 71, "created_at": "2024-01-08T02:31:38.686Z", "updated_at": "2024-07-10T04:41:40.875Z", "is_edited": true}, "m2m": {"photo": []}}, {"condition": {"id": 13115}, "defaults": {"site_id": 53, "judul": "Jadwal Dan Jam Pelayanan", "isi_halaman": "<p><strong>Pelayanan Gawat Darurat</strong> : 24 Jam</p><p><strong>Pelayanan Persalinan</strong> : 24 Jam</p><p><strong>Pelayanan Dalam Gedung / UKP</strong> :</p><p><u>Loket</u></p><p>Senin - Kamis : 07.30 - 12.00</p><p>Jum\u2019at &nbsp; &nbsp; &nbsp; &nbsp; &nbsp; &nbsp; &nbsp;: 07.30 - 10.00</p><p>Sabtu &nbsp; &nbsp; &nbsp; &nbsp; &nbsp; &nbsp; &nbsp; : 07.30 - 11.00</p><p><u>Pelayanan</u></p><p>Senin - Kamis : 07.30 - Selesai</p><p>Jum\u2019at &nbsp; &nbsp; &nbsp; &nbsp; &nbsp; &nbsp; &nbsp;: 07.30 - Selesai</p><p>Sabtu &nbsp; &nbsp; &nbsp; &nbsp; &nbsp; &nbsp; &nbsp; : &nbsp;07.30 - Selesai</p><p><strong>Pelayanan Luar Gedung / UKM</strong> :</p><p>Sesuai jadwal / undangan</p>", "view_count": 190, "menu_id": 820, "admin_id": 71, "created_at": "2024-01-08T02:31:44.809Z", "updated_at": "2024-07-07T14:57:47.059Z", "is_edited": true}, "m2m": {"photo": []}}, {"condition": {"id": 13118}, "defaults": {"site_id": 53, "judul": "Upaya Kesehatan Perorangan (UKP)", "isi_halaman": "<ol><li><span style=\"background-color:transparent;color:#000000;\">Rawat Jalan dan Rawat Inap</span></li><li><span style=\"background-color:transparent;color:#000000;\">Pemeriksaan umum</span></li><li><span style=\"background-color:transparent;color:#000000;\">Pemeriksaan gigi dan mulut</span></li><li><span style=\"background-color:transparent;color:#000000;\">Laboratorium dan USG</span></li><li><span style=\"background-color:transparent;color:#000000;\">ISPA</span></li><li><span style=\"background-color:transparent;color:#000000;\">Konseling terpadu</span></li><li><span style=\"background-color:transparent;color:#000000;\">Pelayanan kesehatan mata</span></li><li><span style=\"background-color:transparent;color:#000000;\">Pelayanan vaksinasi covid</span></li><li><span style=\"background-color:transparent;color:#000000;\">Pelayanan kesehatan jiwa</span></li><li><span style=\"background-color:transparent;color:#000000;\">Pelayanan kesehatan tradisional</span></li><li><span style=\"background-color:transparent;color:#000000;\">Pelayanan farmasi</span></li><li><span style=\"background-color:transparent;color:#000000;\">Pemeriksaan kesehatan reproduksi terpadu</span></li></ol><ul><li style=\"margin-left:40px;\"><span style=\"background-color:transparent;color:#000000;\">Kesehatan ibu dan anak</span></li><li style=\"margin-left:40px;\"><span style=\"background-color:transparent;color:#000000;\">KB</span></li><li style=\"margin-left:40px;\"><span style=\"background-color:transparent;color:#000000;\">Kesehatan remaja</span></li><li style=\"margin-left:40px;\"><span style=\"background-color:transparent;color:#000000;\">Infeksi menular seksual</span></li></ul>", "view_count": 190, "menu_id": 852, "admin_id": 71, "created_at": "2024-01-08T02:45:07.822Z", "updated_at": "2024-07-10T04:42:10.150Z", "is_edited": true}, "m2m": {"photo": []}}, {"condition": {"id": 13125}, "defaults": {"site_id": 53, "judul": "Hubungi Kami", "isi_halaman": "<p>UPT Puskesmas Gunungsari</p><p>Jl. Pariwisata No.70 Dusun Medas Desa, Desa Gunungsari, Kecamatan Gunungsari, Kabupaten Lombok Barat</p><p>Telp : 0370633503</p><p>Email : <a href=\"mailto:gunungsari177@gmail.com\">gunungsari177@gmail.com</a></p><p>Facebook : Upt Blud Pkm Gnsari</p><p>Instagram : uptpuskesmasgunungsari</p><p>Tiktok : UPT PKM Gunungsari</p><p>Youtube : PKM GUNUNGSARI</p>", "view_count": 246, "menu_id": 41, "admin_id": 71, "created_at": "2024-01-08T03:12:15.607Z", "updated_at": "2024-07-10T21:22:43.263Z", "is_edited": true}, "m2m": {"photo": []}}, {"condition": {"id": 13364}, "defaults": {"site_id": 53, "judul": "Maklumat Layanan", "isi_halaman": "<p style=\"text-align:center;\"><strong>Maklumat Layanan</strong></p><p>Kami pimpinan dan karyawan UPT Puskesmas Gunungsari dengan ini menyatakan sanggup menyelenggarakan pelayanan sesuai standar pelayanan yang telah ditetapkan dan memberikan pelayanan dengan penuh tanggung jawab, profesional, terjangkau dan berkeadilan</p><p>Menerima sanksi sesuai peraturan perundang undang yang berlaku</p>", "view_count": 142, "menu_id": 1042, "admin_id": 71, "created_at": "2024-01-09T00:57:02.423Z", "updated_at": "2024-07-11T20:39:37.461Z", "is_edited": true}, "m2m": {"photo": []}}, {"condition": {"id": 50089}, "defaults": {"site_id": 53, "judul": "Jenis Layanan", "isi_halaman": "Informasi tentang \"Jenis Layanan\". Silahkan update di halaman <a target=\"_blank\" href=\"/dashboard/halaman-statis/\">Dashboard.<a><br><br><br><br>\"Halaman ini dibuat otomatis oleh sistem, karena halaman statis untuk menu ini belum dibuat. <br>Silahkan lakukan update di halaman statis.\"", "view_count": 19, "menu_id": 898, "admin_id": null, "created_at": "2024-06-12T01:53:40.254Z", "updated_at": "2024-07-11T06:38:54.023Z", "is_edited": false}, "m2m": {"photo": []}}, {"condition": {"id": 50090}, "defaults": {"site_id": 53, "judul": "Tata Terbit Pasien / Pengunjung", "isi_halaman": "Informasi tentang \"Tata Terbit Pasien / Pengunjung\". Silahkan update di halaman <a target=\"_blank\" href=\"/dashboard/halaman-statis/\">Dashboard.<a><br><br><br><br>\"Halaman ini dibuat otomatis oleh sistem, karena halaman statis untuk menu ini belum dibuat. <br>Silahkan lakukan update di halaman statis.\"", "view_count": 15, "menu_id": 818, "admin_id": null, "created_at": "2024-06-12T01:54:34.046Z", "updated_at": "2024-07-08T20:51:43.188Z", "is_edited": false}, "m2m": {"photo": []}}, {"condition": {"id": 50091}, "defaults": {"site_id": 53, "judul": "Rawat Inap (RRI) , Rawat Gawat Darurat (RGD) dan Persalinan", "isi_halaman": "Informasi tentang \"Rawat Inap (RRI) , Rawat Gawat Darurat (RGD) dan Persalinan\". Silahkan update di halaman <a target=\"_blank\" href=\"/dashboard/halaman-statis/\">Dashboard.<a><br><br><br><br>\"Halaman ini dibuat otomatis oleh sistem, karena halaman statis untuk menu ini belum dibuat. <br>Silahkan lakukan update di halaman statis.\"", "view_count": 13, "menu_id": 856, "admin_id": null, "created_at": "2024-06-12T01:57:21.351Z", "updated_at": "2024-07-07T14:48:10.772Z", "is_edited": false}, "m2m": {"photo": []}}, {"condition": {"id": 50092}, "defaults": {"site_id": 53, "judul": "Tata Nilai", "isi_halaman": "Informasi tentang \"Tata Nilai\". Silahkan update di halaman <a target=\"_blank\" href=\"/dashboard/halaman-statis/\">Dashboard.<a><br><br><br><br>\"Halaman ini dibuat otomatis oleh sistem, karena halaman statis untuk menu ini belum dibuat. <br>Silahkan lakukan update di halaman statis.\"", "view_count": 17, "menu_id": 911, "admin_id": null, "created_at": "2024-06-12T01:58:44.711Z", "updated_at": "2024-07-11T20:34:38.102Z", "is_edited": false}, "m2m": {"photo": []}}, {"condition": {"id": 50093}, "defaults": {"site_id": 53, "judul": "Pelayanan Khusus", "isi_halaman": "Informasi tentang \"Pelayanan Khusus\". Silahkan update di halaman <a target=\"_blank\" href=\"/dashboard/halaman-statis/\">Dashboard.<a><br><br><br><br>\"Halaman ini dibuat otomatis oleh sistem, karena halaman statis untuk menu ini belum dibuat. <br>Silahkan lakukan update di halaman statis.\"", "view_count": 19, "menu_id": 834, "admin_id": null, "created_at": "2024-06-12T01:59:19.283Z", "updated_at": "2024-07-11T01:46:48.552Z", "is_edited": false}, "m2m": {"photo": []}}, {"condition": {"id": 50094}, "defaults": {"site_id": 53, "judul": "Info Publik", "isi_halaman": "Informasi tentang \"Info Publik\". Silahkan update di halaman <a target=\"_blank\" href=\"/dashboard/halaman-statis/\">Dashboard.<a><br><br><br><br>\"Halaman ini dibuat otomatis oleh sistem, karena halaman statis untuk menu ini belum dibuat. <br>Silahkan lakukan update di halaman statis.\"", "view_count": 13, "menu_id": 817, "admin_id": null, "created_at": "2024-06-12T02:01:29.130Z", "updated_at": "2024-07-07T14:51:50.490Z", "is_edited": false}, "m2m": {"photo": []}}, {"condition": {"id": 50096}, "defaults": {"site_id": 53, "judul": "Rekognisi", "isi_halaman": "Informasi tentang \"Rekognisi\". Silahkan update di halaman <a target=\"_blank\" href=\"/dashboard/halaman-statis/\">Dashboard.<a><br><br><br><br>\"Halaman ini dibuat otomatis oleh sistem, karena halaman statis untuk menu ini belum dibuat. <br>Silahkan lakukan update di halaman statis.\"", "view_count": 19, "menu_id": 839, "admin_id": null, "created_at": "2024-06-12T02:03:00.352Z", "updated_at": "2024-07-10T04:42:03.575Z", "is_edited": false}, "m2m": {"photo": []}}, {"condition": {"id": 50097}, "defaults": {"site_id": 53, "judul": "Puskesmas Pembantu (Pustu) & Pos Kesehatan Desa (Poskesdes)", "isi_halaman": "Informasi tentang \"Puskesmas Pembantu (Pustu) & Pos Kesehatan Desa (Poskesdes)\". Silahkan update di halaman <a target=\"_blank\" href=\"/dashboard/halaman-statis/\">Dashboard.<a><br><br><br><br>\"Halaman ini dibuat otomatis oleh sistem, karena halaman statis untuk menu ini belum dibuat. <br>Silahkan lakukan update di halaman statis.\"", "view_count": 14, "menu_id": 920, "admin_id": null, "created_at": "2024-06-12T02:05:52.774Z", "updated_at": "2024-07-07T14:56:05.653Z", "is_edited": false}, "m2m": {"photo": []}}, {"condition": {"id": 50098}, "defaults": {"site_id": 53, "judul": "Profile Pejabat Struktural", "isi_halaman": "Informasi tentang \"Profile Pejabat Struktural\". Silahkan update di halaman <a target=\"_blank\" href=\"/dashboard/halaman-statis/\">Dashboard.<a><br><br><br><br>\"Halaman ini dibuat otomatis oleh sistem, karena halaman statis untuk menu ini belum dibuat. <br>Silahkan lakukan update di halaman statis.\"", "view_count": 24, "menu_id": 814, "admin_id": null, "created_at": "2024-06-12T02:07:14.326Z", "updated_at": "2024-07-11T22:26:46.445Z", "is_edited": false}, "m2m": {"photo": []}}, {"condition": {"id": 50115}, "defaults": {"site_id": 53, "judul": "Falsafah", "isi_halaman": "Informasi tentang \"Falsafah\". Silahkan update di halaman <a target=\"_blank\" href=\"/dashboard/halaman-statis/\">Dashboard.<a><br><br><br><br>\"Halaman ini dibuat otomatis oleh sistem, karena halaman statis untuk menu ini belum dibuat. <br>Silahkan lakukan update di halaman statis.\"", "view_count": 21, "menu_id": 912, "admin_id": null, "created_at": "2024-06-12T02:17:02.436Z", "updated_at": "2024-07-11T20:34:29.528Z", "is_edited": false}, "m2m": {"photo": []}}, {"condition": {"id": 50116}, "defaults": {"site_id": 53, "judul": "Pelayanan Terpadu", "isi_halaman": "Informasi tentang \"Pelayanan Terpadu\". Silahkan update di halaman <a target=\"_blank\" href=\"/dashboard/halaman-statis/\">Dashboard.<a><br><br><br><br>\"Halaman ini dibuat otomatis oleh sistem, karena halaman statis untuk menu ini belum dibuat. <br>Silahkan lakukan update di halaman statis.\"", "view_count": 24, "menu_id": 838, "admin_id": null, "created_at": "2024-06-12T02:19:21.486Z", "updated_at": "2024-07-11T04:17:52.523Z", "is_edited": false}, "m2m": {"photo": []}}, {"condition": {"id": 50775}, "defaults": {"site_id": 53, "judul": "SK PENUNJUKAN PETUGAS PENGELOLA PENGADUAN", "isi_halaman": "Informasi tentang \"SK PENUNJUKAN PETUGAS PENGELOLA PENGADUAN\". Silahkan update di halaman <a target=\"_blank\" href=\"/dashboard/halaman-statis/\">Dashboard.<a><br><br><br><br>\"Halaman ini dibuat otomatis oleh sistem, karena halaman statis untuk menu ini belum dibuat. <br>Silahkan lakukan update di halaman statis.\"", "view_count": 7, "menu_id": 575, "admin_id": null, "created_at": "2024-06-21T17:44:42.780Z", "updated_at": "2024-07-11T06:38:36.283Z", "is_edited": false}, "m2m": {"photo": []}}, {"condition": {"id": 50802}, "defaults": {"site_id": 53, "judul": "Janji Layanan", "isi_halaman": "Informasi tentang \"Janji Layanan\". Silahkan update di halaman <a target=\"_blank\" href=\"/dashboard/halaman-statis/\">Dashboard.<a><br><br><br><br>\"Halaman ini dibuat otomatis oleh sistem, karena halaman statis untuk menu ini belum dibuat. <br>Silahkan lakukan update di halaman statis.\"", "view_count": 3, "menu_id": 913, "admin_id": null, "created_at": "2024-06-22T00:25:17.387Z", "updated_at": "2024-07-10T04:41:50.963Z", "is_edited": false}, "m2m": {"photo": []}}, {"condition": {"id": 50825}, "defaults": {"site_id": 53, "judul": "Motto", "isi_halaman": "Informasi tentang \"Motto\". Silahkan update di halaman <a target=\"_blank\" href=\"/dashboard/halaman-statis/\">Dashboard.<a><br><br><br><br>\"Halaman ini dibuat otomatis oleh sistem, karena halaman statis untuk menu ini belum dibuat. <br>Silahkan lakukan update di halaman statis.\"", "view_count": 21, "menu_id": 967, "admin_id": null, "created_at": "2024-06-22T05:53:46.888Z", "updated_at": "2024-07-11T20:34:17.678Z", "is_edited": false}, "m2m": {"photo": []}}, {"condition": {"id": 50827}, "defaults": {"site_id": 53, "judul": "Penilaian Kinerja", "isi_halaman": "Informasi tentang \"Penilaian Kinerja\". Silahkan update di halaman <a target=\"_blank\" href=\"/dashboard/halaman-statis/\">Dashboard.<a><br><br><br><br>\"Halaman ini dibuat otomatis oleh sistem, karena halaman statis untuk menu ini belum dibuat. <br>Silahkan lakukan update di halaman statis.\"", "view_count": 3, "menu_id": 835, "admin_id": null, "created_at": "2024-06-22T05:59:30.111Z", "updated_at": "2024-06-23T20:04:36.134Z", "is_edited": false}, "m2m": {"photo": []}}, {"condition": {"id": 50828}, "defaults": {"site_id": 53, "judul": "Atribut", "isi_halaman": "Informasi tentang \"Atribut\". Silahkan update di halaman <a target=\"_blank\" href=\"/dashboard/halaman-statis/\">Dashboard.<a><br><br><br><br>\"Halaman ini dibuat otomatis oleh sistem, karena halaman statis untuk menu ini belum dibuat. <br>Silahkan lakukan update di halaman statis.\"", "view_count": 18, "menu_id": 836, "admin_id": null, "created_at": "2024-06-22T06:11:31.260Z", "updated_at": "2024-07-11T06:40:50.563Z", "is_edited": false}, "m2m": {"photo": []}}, {"condition": {"id": 50908}, "defaults": {"site_id": 53, "judul": "Profil Pejabat Struktural", "isi_halaman": "Informasi tentang \"Profil Pejabat Struktural\". Silahkan update di halaman <a target=\"_blank\" href=\"/dashboard/halaman-statis/\">Dashboard.<a><br><br><br><br>\"Halaman ini dibuat otomatis oleh sistem, karena halaman statis untuk menu ini belum dibuat. <br>Silahkan lakukan update di halaman statis.\"", "view_count": 6, "menu_id": 1043, "admin_id": null, "created_at": "2024-06-23T00:38:19.990Z", "updated_at": "2024-07-11T06:38:08.349Z", "is_edited": false}, "m2m": {"photo": []}}, {"condition": {"id": 50956}, "defaults": {"site_id": 53, "judul": "UPT PUSKESMAS GUNUNGSARI", "isi_halaman": "Informasi tentang \"UPT PUSKESMAS GUNUNGSARI\". Silahkan update di halaman <a target=\"_blank\" href=\"/dashboard/halaman-statis/\">Dashboard.<a><br><br><br><br>\"Halaman ini dibuat otomatis oleh sistem, karena halaman statis untuk menu ini belum dibuat. <br>Silahkan lakukan update di halaman statis.\"", "view_count": 4, "menu_id": 364, "admin_id": null, "created_at": "2024-06-24T20:18:39.014Z", "updated_at": "2024-07-10T04:42:09.412Z", "is_edited": false}, "m2m": {"photo": []}}, {"condition": {"id": 50983}, "defaults": {"site_id": 53, "judul": "Penilaian kinerja", "isi_halaman": "Informasi tentang \"Penilaian kinerja\". Silahkan update di halaman <a target=\"_blank\" href=\"/dashboard/halaman-statis/\">Dashboard.<a><br><br><br><br>\"Halaman ini dibuat otomatis oleh sistem, karena halaman statis untuk menu ini belum dibuat. <br>Silahkan lakukan update di halaman statis.\"", "view_count": 9, "menu_id": 1086, "admin_id": null, "created_at": "2024-06-25T09:32:42.637Z", "updated_at": "2024-07-10T04:42:03.225Z", "is_edited": false}, "m2m": {"photo": []}}, {"condition": {"id": 51097}, "defaults": {"site_id": 53, "judul": "Maklumat Pelayanan", "isi_halaman": "Informasi tentang \"Maklumat Pelayanan\". Silahkan update di halaman <a target=\"_blank\" href=\"/dashboard/halaman-statis/\">Dashboard.<a><br><br><br><br>\"Halaman ini dibuat otomatis oleh sistem, karena halaman statis untuk menu ini belum dibuat. <br>Silahkan lakukan update di halaman statis.\"", "view_count": 5, "menu_id": 831, "admin_id": null, "created_at": "2024-06-29T02:24:00.136Z", "updated_at": "2024-07-11T06:41:12.291Z", "is_edited": false}, "m2m": {"photo": []}}, {"condition": {"id": 51121}, "defaults": {"site_id": 53, "judul": "Upaya kesehatan Masyarakat pengembang", "isi_halaman": "Informasi tentang \"Upaya kesehatan Masyarakat pengembang\". Silahkan update di halaman <a target=\"_blank\" href=\"/dashboard/halaman-statis/\">Dashboard.<a><br><br><br><br>\"Halaman ini dibuat otomatis oleh sistem, karena halaman statis untuk menu ini belum dibuat. <br>Silahkan lakukan update di halaman statis.\"", "view_count": 2, "menu_id": 828, "admin_id": null, "created_at": "2024-06-30T23:34:26.995Z", "updated_at": "2024-07-07T11:33:28.548Z", "is_edited": false}, "m2m": {"photo": []}}, {"condition": {"id": 51127}, "defaults": {"site_id": 53, "judul": "Layanan Penunjang", "isi_halaman": "Informasi tentang \"Layanan Penunjang\". Silahkan update di halaman <a target=\"_blank\" href=\"/dashboard/halaman-statis/\">Dashboard.<a><br><br><br><br>\"Halaman ini dibuat otomatis oleh sistem, karena halaman statis untuk menu ini belum dibuat. <br>Silahkan lakukan update di halaman statis.\"", "view_count": 1, "menu_id": 919, "admin_id": null, "created_at": "2024-07-01T04:31:30.838Z", "updated_at": "2024-07-01T04:31:31.242Z", "is_edited": false}, "m2m": {"photo": []}}]