[{"condition": {"id": 3143}, "defaults": {"site_id": 56, "judul": "STRUKTUR ORGANISASI", "isi_halaman": "<p><img alt=\"\" src=\"/media/uploads/puskesmaslingsarlobar/2022/08/04/struktur-organisasi-puskesmas-lingsar-2022_page-0001_gapKaeD.jpg\" style=\"height:159px; width:250px\" /></p>", "view_count": 626, "menu_id": 45, "admin_id": 74, "created_at": "2022-03-12T19:05:46.107Z", "updated_at": "2024-07-11T17:59:13.312Z", "is_edited": true}, "m2m": {"photo": [3848]}}, {"condition": {"id": 3144}, "defaults": {"site_id": 56, "judul": "TENTANG", "isi_halaman": "<p style=\"margin-left:24px; text-align:justify\"><span style=\"font-size:10pt\"><span style=\"font-family:&quot;Times New Roman&quot;,&quot;serif&quot;\"><span style=\"font-size:12.0pt\">&nbsp;&nbsp;<span style=\"font-size:16px\">&nbsp;&nbsp;Puskesmas Lingsar Baru mulai operasional pada tanggal 1 Januari 2010&nbsp;&nbsp; yang menggunakan Gedung Baru Jl. Raya Lingsar No. 1 yang ada di</span></span><span style=\"font-size:16px\"> Desa Batu Kumbung Kecamatan Lingsar Kabupaten Lombok Barat. <span style=\"color:black\">Puskesmas Lingsar Dinas Kesehatan Kabupaten Lombok Barat didukung oleh&nbsp; sarana dan prasarana yang terdiri dari 3 unit Puskesmas&nbsp; Pembantu,&nbsp; 8 unit Poskesdes serta dukungan partisipasi masyarakat dalam bentuk 51 Posyandu yang tersebar pada tiap-tiap Dusun/lingkungan.</span></span></span></span></p>\r\n\r\n<p style=\"margin-left:24px; text-align:justify\"><span style=\"font-size:16px\"><span style=\"font-family:&quot;Times New Roman&quot;,&quot;serif&quot;\"><span style=\"color:black\">&nbsp;&nbsp;&nbsp;&nbsp;Puskesmas Lingsar merupakan Puskesmas yang berada di Kecamatan Lingsar yang terletak di desa Lingsar, Kecamatan Lingsar</span></span> <span style=\"font-family:&quot;Times New Roman&quot;,&quot;serif&quot;\"><span style=\"color:black\">dengan luas wilayah mencapai 4.862 Km&sup2;.</span></span></span></p>\r\n\r\n<p style=\"margin-left:24px; text-align:justify\"><span style=\"font-size:16px\"><span style=\"font-family:&quot;Times New Roman&quot;,&quot;serif&quot;\"><span style=\"color:black\">&nbsp;&nbsp;&nbsp;&nbsp;Puskesmas Lingsar memiliki 8 (Delapan) Desa yang menjadi wilayah kerja dengan luas masing-masing Desa yaitu :</span></span></span></p>\r\n\r\n<ol>\r\n\t<li style=\"text-align: justify;\"><span style=\"font-size:16px\"><span style=\"font-family:&quot;Times New Roman&quot;,&quot;serif&quot;\">Bug &ndash; Bug </span></span></li>\r\n\t<li style=\"text-align: justify;\"><span style=\"font-size:16px\"><span style=\"font-family:&quot;Times New Roman&quot;,&quot;serif&quot;\">Peteluan Indah</span></span></li>\r\n\t<li style=\"text-align: justify;\"><span style=\"font-size:16px\"><span style=\"font-family:&quot;Times New Roman&quot;,&quot;serif&quot;\">Lingsar</span></span></li>\r\n\t<li style=\"text-align: justify;\"><span style=\"font-size:16px\"><span style=\"font-family:&quot;Times New Roman&quot;,&quot;serif&quot;\">Saribaya&nbsp; </span></span></li>\r\n\t<li style=\"text-align: justify;\"><span style=\"font-size:16px\"><span style=\"font-family:&quot;Times New Roman&quot;,&quot;serif&quot;\">Gegelang </span></span></li>\r\n\t<li style=\"text-align: justify;\"><span style=\"font-size:16px\"><span style=\"font-family:&quot;Times New Roman&quot;,&quot;serif&quot;\">Gontoran </span></span></li>\r\n\t<li style=\"text-align: justify;\"><span style=\"font-size:16px\"><span style=\"font-family:&quot;Times New Roman&quot;,&quot;serif&quot;\">Batu Kumbung</span></span></li>\r\n\t<li style=\"text-align: justify;\"><span style=\"font-family:Times New Roman,Times,serif\"><span style=\"font-size:16px\">Batu Mekar </span></span></li>\r\n</ol>\r\n\r\n<p><span style=\"font-family:Times New Roman,Times,serif\"><span style=\"font-size:16px\">Berikut merupakan peta wilayah kerja UPT Puskesmas Lingsar</span></span></p>\r\n\r\n<p><img src=\"/media/uploads/puskesmaslingsarlobar/2022/08/04/image_tU0kqX8.png\" style=\"height:320px; width:200px\" />&nbsp;</p>", "view_count": 602, "menu_id": 42, "admin_id": 74, "created_at": "2022-03-12T19:05:52.500Z", "updated_at": "2024-07-11T23:47:17.474Z", "is_edited": true}, "m2m": {"photo": [3843]}}, {"condition": {"id": 3148}, "defaults": {"site_id": 56, "judul": "TUGAS DAN FUNGSI PUSKESMAS", "isi_halaman": "<p style=\"text-align:justify\"><span style=\"font-size:14px\"><span style=\"font-family:Comic Sans MS,cursive\"><u><strong>TUGAS PUSKESMAS&nbsp;</strong></u></span></span></p>\r\n\r\n<p style=\"text-align:justify\"><span style=\"font-size:14px\"><span style=\"font-family:Comic Sans MS,cursive\">Puskesmas adalah suatu kesatuan organisasi kesehatan fungsional yang merupakan pusat pengembangan kesehatan masyarakat yang juga membina peran serta masyarakat disamping memberikan pelayanan secara menyeluruh dan terpadu kepada masyarakat di wilayah kerjanya dalam bentuk kegiatan pokok.&nbsp;<br />\r\n<br />\r\nPuskesmas memiliki satuan penunjang di antaranya adalah puskesmas pembantu dan puskesmas keliling, puskesmas pembantu yaitu unit pelayanan kesehatan yang sederhana dan berfungsi menunjang dan membantu melaksanakan kegiatan-kegiatan yang dilakukan puskesmas dalam rung lingkup wilayah yang lebih kecil.</span></span></p>\r\n\r\n<p style=\"text-align:justify\">&nbsp;</p>\r\n\r\n<p style=\"text-align:justify\"><u><strong><span style=\"font-size:14px\"><span style=\"font-family:Comic Sans MS,cursive\">FUNGSI PUSKESMAS</span></span></strong></u></p>\r\n\r\n<ul>\r\n\t<li style=\"text-align: justify;\"><span style=\"font-size:14px\"><span style=\"font-family:Comic Sans MS,cursive\">Sebagai pusat pembangunan kesehatan masyarakat di wilayahnya.</span></span></li>\r\n\t<li style=\"text-align: justify;\"><span style=\"font-size:14px\"><span style=\"font-family:Comic Sans MS,cursive\">Membina peran serta masyarakat di wilayah kerjanya dalam rangka meningkatkan kemampuan untuk hidup sehat.</span></span></li>\r\n\t<li style=\"text-align: justify;\"><span style=\"font-size:14px\"><span style=\"font-family:Comic Sans MS,cursive\">Memberikan pelayanan kesehatan secara menyeluruh dan terpadu kepada masyarakat di wilayah kerjanya.</span></span></li>\r\n</ul>\r\n\r\n<p>&nbsp;</p>", "view_count": 389, "menu_id": 44, "admin_id": 74, "created_at": "2022-03-13T04:17:14.115Z", "updated_at": "2024-07-10T13:53:52.782Z", "is_edited": true}, "m2m": {"photo": [3846]}}, {"condition": {"id": 3150}, "defaults": {"site_id": 56, "judul": "Profil Pejabat Struktural", "isi_halaman": "<p><span style=\"font-size:16px\"><span style=\"font-family:Times New Roman,Times,serif\">PROFIL PEJABAT STRUKTURAL</span></span></p>\r\n\r\n<p><span style=\"font-size:16px\"><span style=\"font-family:Times New Roman,Times,serif\">KASUBAG TATA USAHA</span></span></p>\r\n\r\n<table border=\"0\" cellpadding=\"0\" cellspacing=\"0\">\r\n\t<tbody>\r\n\t\t<tr>\r\n\t\t\t<td>\r\n\t\t\t<p><span style=\"font-size:16px\"><span style=\"font-family:Times New Roman,Times,serif\">Nama</span></span></p>\r\n\t\t\t</td>\r\n\t\t\t<td>\r\n\t\t\t<p><span style=\"font-size:16px\"><span style=\"font-family:Times New Roman,Times,serif\">:</span></span></p>\r\n\t\t\t</td>\r\n\t\t\t<td>\r\n\t\t\t<p><span style=\"font-size:16px\"><span style=\"font-family:Times New Roman,Times,serif\">&nbsp;Marniwati, S.Ab</span></span></p>\r\n\t\t\t</td>\r\n\t\t</tr>\r\n\t\t<tr>\r\n\t\t\t<td>\r\n\t\t\t<p><span style=\"font-size:16px\"><span style=\"font-family:Times New Roman,Times,serif\">Tempat dan tanggal lahir</span></span></p>\r\n\t\t\t</td>\r\n\t\t\t<td>\r\n\t\t\t<p><span style=\"font-size:16px\"><span style=\"font-family:Times New Roman,Times,serif\">:</span></span></p>\r\n\t\t\t</td>\r\n\t\t\t<td>\r\n\t\t\t<p><span style=\"font-size:16px\"><span style=\"font-family:Times New Roman,Times,serif\">&nbsp;Selat, 16 Mei 1978</span></span></p>\r\n\t\t\t</td>\r\n\t\t</tr>\r\n\t\t<tr>\r\n\t\t\t<td>\r\n\t\t\t<p><span style=\"font-size:16px\"><span style=\"font-family:Times New Roman,Times,serif\">Nip</span></span></p>\r\n\t\t\t</td>\r\n\t\t\t<td>\r\n\t\t\t<p><span style=\"font-size:16px\"><span style=\"font-family:Times New Roman,Times,serif\">:</span></span></p>\r\n\t\t\t</td>\r\n\t\t\t<td>\r\n\t\t\t<p><span style=\"font-size:16px\"><span style=\"font-family:Times New Roman,Times,serif\">197805162007012025</span></span></p>\r\n\t\t\t</td>\r\n\t\t</tr>\r\n\t\t<tr>\r\n\t\t\t<td>\r\n\t\t\t<p><span style=\"font-size:16px\"><span style=\"font-family:Times New Roman,Times,serif\">Pangkat</span></span></p>\r\n\t\t\t</td>\r\n\t\t\t<td>\r\n\t\t\t<p><span style=\"font-size:16px\"><span style=\"font-family:Times New Roman,Times,serif\">:</span></span></p>\r\n\t\t\t</td>\r\n\t\t\t<td>\r\n\t\t\t<p><span style=\"font-size:16px\"><span style=\"font-family:Times New Roman,Times,serif\">&nbsp;Penata Muda Tingkat I</span></span></p>\r\n\t\t\t</td>\r\n\t\t</tr>\r\n\t\t<tr>\r\n\t\t\t<td>\r\n\t\t\t<p><span style=\"font-size:16px\"><span style=\"font-family:Times New Roman,Times,serif\">Golongan</span></span></p>\r\n\t\t\t</td>\r\n\t\t\t<td>\r\n\t\t\t<p><span style=\"font-size:16px\"><span style=\"font-family:Times New Roman,Times,serif\">:</span></span></p>\r\n\t\t\t</td>\r\n\t\t\t<td>\r\n\t\t\t<p><span style=\"font-size:16px\"><span style=\"font-family:Times New Roman,Times,serif\">&nbsp;III/b</span></span></p>\r\n\t\t\t</td>\r\n\t\t</tr>\r\n\t\t<tr>\r\n\t\t\t<td>\r\n\t\t\t<p><span style=\"font-size:16px\"><span style=\"font-family:Times New Roman,Times,serif\">Agama</span></span></p>\r\n\t\t\t</td>\r\n\t\t\t<td>\r\n\t\t\t<p><span style=\"font-size:16px\"><span style=\"font-family:Times New Roman,Times,serif\">:</span></span></p>\r\n\t\t\t</td>\r\n\t\t\t<td>\r\n\t\t\t<p><span style=\"font-size:16px\"><span style=\"font-family:Times New Roman,Times,serif\">&nbsp;Islam</span></span></p>\r\n\t\t\t</td>\r\n\t\t</tr>\r\n\t\t<tr>\r\n\t\t\t<td>\r\n\t\t\t<p><span style=\"font-size:16px\"><span style=\"font-family:Times New Roman,Times,serif\">Status</span></span></p>\r\n\t\t\t</td>\r\n\t\t\t<td>\r\n\t\t\t<p><span style=\"font-size:16px\"><span style=\"font-family:Times New Roman,Times,serif\">:</span></span></p>\r\n\t\t\t</td>\r\n\t\t\t<td>\r\n\t\t\t<p><span style=\"font-size:16px\"><span style=\"font-family:Times New Roman,Times,serif\">&nbsp;Menikah</span></span></p>\r\n\t\t\t</td>\r\n\t\t</tr>\r\n\t</tbody>\r\n</table>\r\n\r\n<p>&nbsp;</p>\r\n\r\n<p><span style=\"font-size:16px\"><span style=\"font-family:Times New Roman,Times,serif\">RIWAYAT JABATAN STRUKTURAL TERAKHIR</span></span></p>\r\n\r\n<table border=\"0\" cellpadding=\"0\" cellspacing=\"0\">\r\n\t<tbody>\r\n\t\t<tr>\r\n\t\t\t<td>\r\n\t\t\t<p><span style=\"font-size:16px\"><span style=\"font-family:Times New Roman,Times,serif\">Nomer SK</span></span></p>\r\n\r\n\t\t\t<p><span style=\"font-size:16px\"><span style=\"font-family:Times New Roman,Times,serif\">Eselon</span></span></p>\r\n\r\n\t\t\t<p><span style=\"font-size:16px\"><span style=\"font-family:Times New Roman,Times,serif\">Jabatan</span></span></p>\r\n\r\n\t\t\t<p><span style=\"font-size:16px\"><span style=\"font-family:Times New Roman,Times,serif\">Unit Kerja</span></span></p>\r\n\t\t\t</td>\r\n\t\t\t<td>\r\n\t\t\t<p><span style=\"font-size:16px\"><span style=\"font-family:Times New Roman,Times,serif\">&nbsp;:</span></span></p>\r\n\r\n\t\t\t<p><span style=\"font-size:16px\"><span style=\"font-family:Times New Roman,Times,serif\">:&nbsp;</span></span></p>\r\n\r\n\t\t\t<p><span style=\"font-size:16px\"><span style=\"font-family:Times New Roman,Times,serif\">:</span></span></p>\r\n\r\n\t\t\t<p><span style=\"font-size:16px\"><span style=\"font-family:Times New Roman,Times,serif\">:</span></span></p>\r\n\t\t\t</td>\r\n\t\t\t<td>\r\n\t\t\t<p><span style=\"font-size:16px\"><span style=\"font-family:Times New Roman,Times,serif\">&nbsp;29 Juli 2020</span></span></p>\r\n\r\n\t\t\t<p><span style=\"font-size:16px\"><span style=\"font-family:Times New Roman,Times,serif\">&nbsp;III/b</span></span></p>\r\n\r\n\t\t\t<p><span style=\"font-size:16px\"><span style=\"font-family:Times New Roman,Times,serif\">&nbsp;Kasubag Tata Usaha</span></span></p>\r\n\r\n\t\t\t<p><span style=\"font-size:16px\"><span style=\"font-family:Times New Roman,Times,serif\">UPT Puskesmas Lingsar</span></span></p>\r\n\t\t\t</td>\r\n\t\t</tr>\r\n\t</tbody>\r\n</table>", "view_count": 313, "menu_id": 46, "admin_id": 74, "created_at": "2022-03-13T04:24:01.417Z", "updated_at": "2024-07-11T23:49:56.135Z", "is_edited": true}, "m2m": {"photo": [4673]}}, {"condition": {"id": 3152}, "defaults": {"site_id": 56, "judul": "Rekognisi", "isi_halaman": "<p>Piagam Penghargaan Juara III Kategori Instansi /TNI/POLRI</p>\r\n\r\n<p><img alt=\"\" src=\"/media/uploads/puskesmaslingsarlobar/2022/08/24/whatsapp-image-2022-08-24-at-122409.jpeg\" style=\"height:113px; width:150px\" /></p>\r\n\r\n<p>&nbsp;</p>\r\n\r\n<p>&nbsp;</p>\r\n\r\n<p>Surat Keterangan telah mengikuti telah mengikuti kegiatan penanganan tenggap Darurat Bencana Gempa Bumi&nbsp;</p>\r\n\r\n<p><img alt=\"\" src=\"/media/uploads/puskesmaslingsarlobar/2022/08/24/whatsapp-image-2022-08-24-at-122410.jpeg\" style=\"height:113px; width:150px\" /></p>", "view_count": 189, "menu_id": 104, "admin_id": 74, "created_at": "2022-03-13T05:20:21.491Z", "updated_at": "2024-07-10T03:16:59.652Z", "is_edited": true}, "m2m": {"photo": [4669]}}, {"condition": {"id": 3153}, "defaults": {"site_id": 56, "judul": "VISI, MISI DAN MOTTO PUSKESMAS LINGSAR", "isi_halaman": "<p>visi, misi dan motto puskesmas</p>", "view_count": 96, "menu_id": 97, "admin_id": 74, "created_at": "2022-03-13T05:22:10.744Z", "updated_at": "2024-07-07T20:07:20.129Z", "is_edited": true}, "m2m": {"photo": [3830]}}, {"condition": {"id": 3154}, "defaults": {"site_id": 56, "judul": "SOSIAL MEDIA", "isi_halaman": "<p><img alt=\"\" src=\"/media/uploads/puskesmaslingsarlobar/2022/08/08/screenshot_13.jpg\" style=\"height:539px; width:620px\" /></p>", "view_count": 73, "menu_id": 41, "admin_id": 74, "created_at": "2022-03-13T05:29:50.834Z", "updated_at": "2024-07-10T06:30:33.576Z", "is_edited": true}, "m2m": {"photo": [3840]}}, {"condition": {"id": 3157}, "defaults": {"site_id": 56, "judul": "INDEKS KEPUASAN MASYARAKAT", "isi_halaman": "", "view_count": 242, "menu_id": 100, "admin_id": 74, "created_at": "2022-03-13T05:33:44.466Z", "updated_at": "2024-07-12T01:20:33.939Z", "is_edited": true}, "m2m": {"photo": [4569]}}, {"condition": {"id": 3299}, "defaults": {"site_id": 56, "judul": "JENIS-JENIS PELAYANAN", "isi_halaman": "<p>Jenis-jenis pelayanan di puskesmas lingsar</p>", "view_count": 131, "menu_id": 502, "admin_id": 74, "created_at": "2022-06-26T07:34:34.301Z", "updated_at": "2024-07-12T00:06:45.125Z", "is_edited": true}, "m2m": {"photo": [2529]}}, {"condition": {"id": 4290}, "defaults": {"site_id": 56, "judul": "ATRIBUT", "isi_halaman": "<p><span style=\"font-family:Times New Roman,Times,serif\"><span style=\"font-size:18px\">Kelengkapan atribut pegawai sehingga mudah dikenali&nbsp;</span></span></p>\r\n\r\n<p><img alt=\"\" src=\"/media/uploads/puskesmaslingsarlobar/2022/08/24/whatsapp-image-2022-08-24-at-131756.jpeg\" style=\"height:200px; width:150px\" /></p>", "view_count": 289, "menu_id": 101, "admin_id": 74, "created_at": "2022-07-09T19:28:43.561Z", "updated_at": "2024-07-10T06:31:56.110Z", "is_edited": true}, "m2m": {"photo": [4680]}}, {"condition": {"id": 4311}, "defaults": {"site_id": 56, "judul": "PELAYANAN KHUSUS", "isi_halaman": "<p><img alt=\"\" src=\"/media/uploads/puskesmaslingsarlobar/2022/08/24/whatsapp-image-2022-07-08-at-103929.jpeg\" style=\"height:113px; width:150px\" /></p>\r\n\r\n<p>Ruang Khusus TBC&nbsp;</p>\r\n\r\n<p>&nbsp;</p>\r\n\r\n<p><img alt=\"\" src=\"/media/uploads/puskesmaslingsarlobar/2022/08/24/toilet-tb.jpeg\" style=\"height:113px; width:150px\" /></p>\r\n\r\n<p>Toilet Khusus TBC</p>\r\n\r\n<p>&nbsp;</p>\r\n\r\n<p><img alt=\"\" src=\"/media/uploads/puskesmaslingsarlobar/2022/08/24/whatsapp-image-2022-07-08-at-104004-1.jpeg\" style=\"height:200px; width:150px\" /></p>\r\n\r\n<p>Kursi roda khusus disabilitas</p>\r\n\r\n<p>&nbsp;</p>\r\n\r\n<p><img alt=\"\" src=\"/media/uploads/puskesmaslingsarlobar/2022/08/24/whatsapp-image-2022-08-24-at-113229.jpeg\" style=\"height:113px; width:150px\" /></p>\r\n\r\n<p>Toilet khusus disabilitas</p>", "view_count": 274, "menu_id": 99, "admin_id": 74, "created_at": "2022-07-10T20:54:55.491Z", "updated_at": "2024-07-07T15:51:51.737Z", "is_edited": true}, "m2m": {"photo": [4658]}}, {"condition": {"id": 4312}, "defaults": {"site_id": 56, "judul": "PELAYANAN TERPADU", "isi_halaman": "<p><span style=\"font-family:Georgia,serif\"><span style=\"font-size:18px\">ALUR PELAYANAN TERPADU</span></span></p>\r\n\r\n<p><span style=\"font-family:Georgia,serif\"><span style=\"font-size:18px\"><img alt=\"\" src=\"/media/uploads/puskesmaslingsarlobar/2022/08/24/sanitasi.jpeg\" style=\"height:200px; width:150px\" /></span></span></p>", "view_count": 332, "menu_id": 103, "admin_id": 74, "created_at": "2022-07-10T22:51:11.576Z", "updated_at": "2024-07-11T20:10:43.467Z", "is_edited": true}, "m2m": {"photo": [4674]}}, {"condition": {"id": 4459}, "defaults": {"site_id": 56, "judul": "SARANA DAN PRASARANA", "isi_halaman": "<p><span style=\"font-size:18px\"><span style=\"font-family:Times New Roman,Times,serif\">Gedung tampak depan</span></span></p>\r\n\r\n<p>&nbsp;</p>\r\n\r\n<p><span style=\"font-size:18px\"><span style=\"font-family:Times New Roman,Times,serif\"><img alt=\"\" src=\"/media/uploads/puskesmaslingsarlobar/2022/08/04/whatsapp-image-2022-08-04-at-102418-1.jpeg\" style=\"height:333px; width:250px\" /></span></span></p>\r\n\r\n<p><span style=\"font-size:18px\"><span style=\"font-family:Times New Roman,Times,serif\">Pos Satpam</span></span></p>\r\n\r\n<p>&nbsp;</p>\r\n\r\n<p><span style=\"font-size:18px\"><span style=\"font-family:Times New Roman,Times,serif\"><img alt=\"\" src=\"/media/uploads/puskesmaslingsarlobar/2022/08/04/whatsapp-image-2022-07-08-at-104005.jpeg\" style=\"width:250px\" /></span></span></p>\r\n\r\n<p><span style=\"font-size:18px\"><span style=\"font-family:Times New Roman,Times,serif\">Ambulance Puskesmas Lingsar</span></span></p>\r\n\r\n<p>&nbsp;</p>\r\n\r\n<p><span style=\"font-size:18px\"><span style=\"font-family:Times New Roman,Times,serif\"><img alt=\"\" src=\"/media/uploads/puskesmaslingsarlobar/2022/08/04/whatsapp-image-2022-08-04-at-104026.jpeg\" style=\"height:333px; width:250px\" /></span></span></p>\r\n\r\n<p><span style=\"font-size:18px\"><span style=\"font-family:Times New Roman,Times,serif\">IGD tampak depan</span></span></p>\r\n\r\n<p>&nbsp;</p>\r\n\r\n<p><span style=\"font-size:18px\"><span style=\"font-family:Times New Roman,Times,serif\"><img alt=\"\" src=\"/media/uploads/puskesmaslingsarlobar/2022/08/04/whatsapp-image-2022-08-04-at-102418.jpeg\" style=\"height:143px; width:250px\" /></span></span></p>\r\n\r\n<p><span style=\"font-size:18px\"><span style=\"font-family:Times New Roman,Times,serif\">IGD tampak dalam</span></span></p>\r\n\r\n<p>&nbsp;</p>\r\n\r\n<p><span style=\"font-size:18px\"><span style=\"font-family:Times New Roman,Times,serif\"><img alt=\"\" src=\"/media/uploads/puskesmaslingsarlobar/2022/08/04/whatsapp-image-2022-08-04-at-102417-1.jpeg\" style=\"height:333px; width:250px\" /></span></span></p>\r\n\r\n<p><span style=\"font-size:18px\"><span style=\"font-family:Times New Roman,Times,serif\">Ruang bersalin</span></span></p>\r\n\r\n<p>&nbsp;</p>\r\n\r\n<p><span style=\"font-size:18px\"><span style=\"font-family:Times New Roman,Times,serif\"><img alt=\"\" src=\"/media/uploads/puskesmaslingsarlobar/2022/08/04/whatsapp-image-2022-07-08-at-104003-1.jpeg\" style=\"height:333px; width:250px\" /></span></span></p>\r\n\r\n<p><span style=\"font-size:18px\"><span style=\"font-family:Times New Roman,Times,serif\">Mesin antrian</span></span></p>\r\n\r\n<p>&nbsp;</p>\r\n\r\n<p><span style=\"font-size:18px\"><span style=\"font-family:Times New Roman,Times,serif\"><img alt=\"\" src=\"/media/uploads/puskesmaslingsarlobar/2022/08/04/whatsapp-image-2022-06-27-at-091006.jpeg\" style=\"height:188px; width:250px\" /></span></span></p>\r\n\r\n<p><span style=\"font-size:18px\"><span style=\"font-family:Times New Roman,Times,serif\">Loby antrian pengunjung</span></span></p>\r\n\r\n<p>&nbsp;</p>\r\n\r\n<p><img alt=\"\" src=\"/media/uploads/puskesmaslingsarlobar/2022/08/04/whatsapp-image-2022-08-04-at-115946.jpeg\" style=\"height:188px; width:250px\" /></p>\r\n\r\n<p><span style=\"font-size:18px\"><span style=\"font-family:Times New Roman,Times,serif\">Loket pendaftaran pasien</span></span></p>\r\n\r\n<p>&nbsp;</p>\r\n\r\n<p><span style=\"font-size:18px\"><span style=\"font-family:Times New Roman,Times,serif\"><img alt=\"\" src=\"/media/uploads/puskesmaslingsarlobar/2022/08/04/whatsapp-image-2022-08-04-at-110408.jpeg\" style=\"height:333px; width:250px\" /></span></span></p>\r\n\r\n<p><span style=\"font-size:18px\"><span style=\"font-family:Times New Roman,Times,serif\">Alur Pendaftara</span></span></p>\r\n\r\n<p>&nbsp;</p>\r\n\r\n<p><span style=\"font-size:18px\"><span style=\"font-family:Times New Roman,Times,serif\"><img alt=\"\" src=\"/media/uploads/puskesmaslingsarlobar/2022/08/04/whatsapp-image-2022-07-08-at-104004-1.jpeg\" style=\"height:333px; width:250px\" /></span></span></p>\r\n\r\n<p><span style=\"font-size:18px\"><span style=\"font-family:Times New Roman,Times,serif\">Kursi roda khusus difable</span></span></p>\r\n\r\n<p>&nbsp;</p>\r\n\r\n<p><span style=\"font-size:18px\"><span style=\"font-family:Times New Roman,Times,serif\"><img alt=\"\" src=\"/media/uploads/puskesmaslingsarlobar/2022/08/04/whatsapp-image-2022-07-08-at-104002-1.jpeg\" style=\"height:333px; width:250px\" /></span></span></p>\r\n\r\n<p><span style=\"font-size:18px\"><span style=\"font-family:Times New Roman,Times,serif\">Apotik&nbsp; pengambilan obat pasien</span></span></p>\r\n\r\n<p>&nbsp;</p>\r\n\r\n<p>&nbsp;</p>\r\n\r\n<p><span style=\"font-size:18px\"><span style=\"font-family:Times New Roman,Times,serif\"><img alt=\"\" src=\"/media/uploads/puskesmaslingsarlobar/2022/08/04/whatsapp-image-2022-08-04-at-110408-1.jpeg\" style=\"height:188px; width:250px\" /></span></span></p>\r\n\r\n<p><span style=\"font-size:18px\"><span style=\"font-family:Times New Roman,Times,serif\">Papan Informasi dan Pengaduan</span></span></p>\r\n\r\n<p>&nbsp;</p>\r\n\r\n<p><span style=\"font-size:18px\"><span style=\"font-family:Times New Roman,Times,serif\"><img alt=\"\" src=\"/media/uploads/puskesmaslingsarlobar/2022/08/04/whatsapp-image-2022-08-04-at-110407.jpeg\" style=\"height:333px; width:250px\" /></span></span></p>\r\n\r\n<p><span style=\"font-size:18px\"><span style=\"font-family:Times New Roman,Times,serif\">Alur pengaduan pelayanan dan kotak saran</span></span></p>\r\n\r\n<p>&nbsp;</p>\r\n\r\n<p><span style=\"font-size:18px\"><span style=\"font-family:Times New Roman,Times,serif\"><img alt=\"\" src=\"/media/uploads/puskesmaslingsarlobar/2022/08/04/whatsapp-image-2022-07-08-at-103955.jpeg\" style=\"height:188px; width:250px\" /></span></span></p>\r\n\r\n<p><span style=\"font-size:18px\"><span style=\"font-family:Times New Roman,Times,serif\">Lorong ruang/poli</span></span></p>\r\n\r\n<p>&nbsp;</p>\r\n\r\n<p><span style=\"font-size:18px\"><span style=\"font-family:Times New Roman,Times,serif\"><img alt=\"\" src=\"/media/uploads/puskesmaslingsarlobar/2022/08/04/whatsapp-image-2022-06-27-at-090959.jpeg\" style=\"height:188px; width:250px\" /></span></span></p>\r\n\r\n<p><span style=\"font-size:18px\"><span style=\"font-family:Times New Roman,Times,serif\">Toilet umum untuk pengunjung</span></span></p>\r\n\r\n<p>&nbsp;</p>\r\n\r\n<p><span style=\"font-size:18px\"><span style=\"font-family:Times New Roman,Times,serif\"><img alt=\"\" src=\"/media/uploads/puskesmaslingsarlobar/2022/08/04/gigi.jpeg\" style=\"height:333px; width:250px\" /></span></span></p>\r\n\r\n<p><span style=\"font-size:18px\"><span style=\"font-family:Times New Roman,Times,serif\">Ruang kesehatan gigi dan mulut beserta alur pelayanan</span></span></p>\r\n\r\n<p>&nbsp;</p>\r\n\r\n<p><span style=\"font-size:18px\"><span style=\"font-family:Times New Roman,Times,serif\"><img alt=\"\" src=\"/media/uploads/puskesmaslingsarlobar/2022/08/04/umum.jpeg\" style=\"height:333px; width:250px\" /></span></span></p>\r\n\r\n<p><span style=\"font-size:18px\"><span style=\"font-family:Times New Roman,Times,serif\">Ruang pemeriksaan umum beserta alur pelayanan</span></span></p>\r\n\r\n<p>&nbsp;</p>\r\n\r\n<p><span style=\"font-size:18px\"><span style=\"font-family:Times New Roman,Times,serif\"><img alt=\"\" src=\"/media/uploads/puskesmaslingsarlobar/2022/08/04/lab.jpeg\" style=\"height:333px; width:250px\" /></span></span></p>\r\n\r\n<p><span style=\"font-size:18px\"><span style=\"font-family:Times New Roman,Times,serif\">Ruang pemeriksaan laboratorium&nbsp;beserta alur pelayanan</span></span></p>\r\n\r\n<p>&nbsp;</p>\r\n\r\n<p><span style=\"font-size:18px\"><span style=\"font-family:Times New Roman,Times,serif\"><img alt=\"\" src=\"/media/uploads/puskesmaslingsarlobar/2022/08/04/anak.jpeg\" style=\"height:333px; width:250px\" /></span></span></p>\r\n\r\n<p><span style=\"font-size:18px\"><span style=\"font-family:Times New Roman,Times,serif\">Ruang pemeriksaan anak</span></span></p>\r\n\r\n<p>&nbsp;</p>\r\n\r\n<p><span style=\"font-size:18px\"><span style=\"font-family:Times New Roman,Times,serif\"><img alt=\"\" src=\"/media/uploads/puskesmaslingsarlobar/2022/08/04/sanitasi.jpeg\" style=\"height:333px; width:250px\" /></span></span></p>\r\n\r\n<p><span style=\"font-size:18px\"><span style=\"font-family:Times New Roman,Times,serif\">Ruang konseling/KIE sanitasi</span></span></p>\r\n\r\n<p>&nbsp;</p>\r\n\r\n<p><span style=\"font-size:18px\"><span style=\"font-family:Times New Roman,Times,serif\"><img alt=\"\" src=\"/media/uploads/puskesmaslingsarlobar/2022/08/04/gudang-obat.jpeg\" style=\"height:333px; width:250px\" /></span></span></p>\r\n\r\n<p><span style=\"font-size:18px\"><span style=\"font-family:Times New Roman,Times,serif\">Giudang obat&nbsp;</span></span></p>\r\n\r\n<p>&nbsp;</p>\r\n\r\n<p><span style=\"font-size:18px\"><span style=\"font-family:Times New Roman,Times,serif\"><img alt=\"\" src=\"/media/uploads/puskesmaslingsarlobar/2022/08/04/farmasi.jpeg\" style=\"height:333px; width:250px\" /></span></span></p>\r\n\r\n<p><span style=\"font-size:18px\"><span style=\"font-family:Times New Roman,Times,serif\">Ruang farmasi</span></span></p>\r\n\r\n<p>&nbsp;</p>\r\n\r\n<p><span style=\"font-size:18px\"><span style=\"font-family:Times New Roman,Times,serif\"><img alt=\"\" src=\"/media/uploads/puskesmaslingsarlobar/2022/08/04/pkpr.jpeg\" style=\"height:188px; width:250px\" /></span></span></p>\r\n\r\n<p><span style=\"font-size:18px\"><span style=\"font-family:Times New Roman,Times,serif\">Ruang PKPR</span></span></p>\r\n\r\n<p>&nbsp;</p>\r\n\r\n<p><span style=\"font-size:18px\"><span style=\"font-family:Times New Roman,Times,serif\"><img alt=\"\" src=\"/media/uploads/puskesmaslingsarlobar/2022/08/04/kia.jpeg\" style=\"height:333px; width:250px\" /></span></span></p>\r\n\r\n<p><span style=\"font-size:18px\"><span style=\"font-family:Times New Roman,Times,serif\">Ruang KIA dan alur pelayanan</span></span></p>\r\n\r\n<p>&nbsp;</p>\r\n\r\n<p><span style=\"font-size:18px\"><span style=\"font-family:Times New Roman,Times,serif\"><img alt=\"\" src=\"/media/uploads/puskesmaslingsarlobar/2022/08/04/whatsapp-image-2022-07-08-at-103929.jpeg\" style=\"height:188px; width:250px\" /></span></span></p>\r\n\r\n<p><span style=\"font-size:18px\"><span style=\"font-family:Times New Roman,Times,serif\">Ruang khusus pasien TB</span></span></p>\r\n\r\n<p>&nbsp;</p>\r\n\r\n<p><span style=\"font-size:18px\"><span style=\"font-family:Times New Roman,Times,serif\"><img alt=\"\" src=\"/media/uploads/puskesmaslingsarlobar/2022/08/04/toilet-tb.jpeg\" style=\"height:188px; width:250px\" /></span></span></p>\r\n\r\n<p><span style=\"font-size:18px\"><span style=\"font-family:Times New Roman,Times,serif\">Toilet khusus pasien TB</span></span></p>\r\n\r\n<p>&nbsp;</p>\r\n\r\n<p><span style=\"font-size:18px\"><span style=\"font-family:Times New Roman,Times,serif\"><img alt=\"\" src=\"/media/uploads/puskesmaslingsarlobar/2022/08/04/whatsapp-image-2022-07-08-at-103928.jpeg\" style=\"height:188px; width:250px\" /></span></span></p>\r\n\r\n<p><span style=\"font-size:18px\"><span style=\"font-family:Times New Roman,Times,serif\">Berugak elen</span></span></p>\r\n\r\n<p>&nbsp;</p>\r\n\r\n<p><span style=\"font-size:18px\"><span style=\"font-family:Times New Roman,Times,serif\"><img alt=\"\" src=\"/media/uploads/puskesmaslingsarlobar/2022/08/04/whatsapp-image-2022-07-08-at-103954.jpeg\" style=\"height:188px; width:250px\" /></span></span></p>\r\n\r\n<p><span style=\"font-size:18px\"><span style=\"font-family:Times New Roman,Times,serif\">Halaman titik kumpul keadaan darurat</span></span></p>\r\n\r\n<p>&nbsp;</p>\r\n\r\n<p><span style=\"font-size:18px\"><span style=\"font-family:Times New Roman,Times,serif\"><img alt=\"\" src=\"/media/uploads/puskesmaslingsarlobar/2022/08/04/rumah-dinas.jpeg\" style=\"height:159px; width:250px\" /></span></span></p>\r\n\r\n<p><span style=\"font-size:18px\"><span style=\"font-family:Times New Roman,Times,serif\">Rumah dinas puskesmas lingsar ceria</span></span></p>\r\n\r\n<p>&nbsp;</p>\r\n\r\n<p><span style=\"font-size:18px\"><span style=\"font-family:Times New Roman,Times,serif\"><img alt=\"\" src=\"/media/uploads/puskesmaslingsarlobar/2022/08/04/whatsapp-image-2022-08-04-at-115519.jpeg\" style=\"height:218px; width:250px\" /></span></span></p>\r\n\r\n<p><span style=\"font-size:18px\"><span style=\"font-family:Times New Roman,Times,serif\">Tampak dalam menuju ruang pemeriksaan dan halaman belakang</span></span></p>", "view_count": 859, "menu_id": 102, "admin_id": 74, "created_at": "2022-08-04T11:57:50.954Z", "updated_at": "2024-07-11T20:11:13.848Z", "is_edited": true}, "m2m": {"photo": [3824]}}, {"condition": {"id": 4460}, "defaults": {"site_id": 56, "judul": "MAKLUMAT PELAYANAN", "isi_halaman": "<center><p style=\"text-align:center\"><strong><span style=\"font-family:Times New Roman,Times,serif\"><span style=\"font-size:18px\">UPT PUSKESMAS LINGSAR</span></span></strong></p></center>\r\n\r\n<p style=\"text-align:center\"><strong><span style=\"font-family:Times New Roman,Times,serif\"><span style=\"font-size:18px\">MAKLUMAT PELAYANAN</span></span></strong></p>\r\n\r\n<p style=\"text-align:center\">&nbsp;</p>\r\n\r\n<p style=\"text-align:center\"><span style=\"font-size:18px\"><span style=\"font-family:Times New Roman,Times,serif\">Dengan ini kami Unit Pelayanan Tehnis (UPT) Puskesmas Lingsar</span></span></p>\r\n\r\n<p style=\"text-align:center\"><span style=\"font-size:18px\"><span style=\"font-family:Times New Roman,Times,serif\">Kecamata Lingsar Kabupaten Lombok Barat </span></span><span style=\"font-size:18px\"><span style=\"font-family:Times New Roman,Times,serif\">menyatakan</span></span></p>\r\n\r\n<p style=\"text-align:center\"><span style=\"font-size:18px\"><span style=\"font-family:Times New Roman,Times,serif\">&quot;Kesanggupan untuk menyelenggarakan Pelayanan Kesehatan sesuai standar pelayanan yang telah ditetapkan dan untuk dapat memberikan jaminan pelayanan yang lebih kuat&quot;</span></span></p>", "view_count": 331, "menu_id": 96, "admin_id": 74, "created_at": "2022-08-04T12:12:16.398Z", "updated_at": "2024-07-10T21:07:14.412Z", "is_edited": true}, "m2m": {"photo": [3831]}}, {"condition": {"id": 4461}, "defaults": {"site_id": 56, "judul": "VISI DAN MISI PUSKESMAS LINGSAR", "isi_halaman": "<p style=\"text-align:center\"><strong><u><span style=\"font-family:Comic Sans MS,cursive\"><span style=\"font-size:16px\">VISI</span></span></u></strong></p>\r\n\r\n<p style=\"text-align:center\"><span style=\"font-family:Comic Sans MS,cursive\"><span style=\"font-size:16px\">&quot;Terwujudnya Pelayanan Yang Optimal Menuju Masyarakat Lingsar Yang Mandiri Untuk Hidup Sehat&quot;</span></span></p>\r\n\r\n<p style=\"text-align:center\">&nbsp;</p>\r\n\r\n<p style=\"text-align:center\"><strong><u><span style=\"font-family:Comic Sans MS,cursive\"><span style=\"font-size:16px\">MISI</span></span></u></strong></p>\r\n\r\n<ol>\r\n\t<li style=\"text-align: justify;\"><span style=\"font-family:Comic Sans MS,cursive\"><span style=\"font-size:16px\">Mendorong kemandirian masyarakat Lingsar dalam bidang kesehatan melalui desaa siaga</span></span></li>\r\n\t<li style=\"text-align: justify;\"><span style=\"font-family:Comic Sans MS,cursive\"><span style=\"font-size:16px\">menyelenggarakan pelayanan kesehatan yang berkualitas, adil, merata dan terjangkau oleh masyarakat</span></span></li>\r\n\t<li style=\"text-align: justify;\"><span style=\"font-family:Comic Sans MS,cursive\"><span style=\"font-size:16px\">Meningkatkan derajat kesehatan, baik kesehatan Individu, Keluarga dan Masyarakat</span></span></li>\r\n\t<li style=\"text-align: justify;\"><span style=\"font-family:Comic Sans MS,cursive\"><span style=\"font-size:16px\">menciptakan tata kelola dan manajemen yang baik</span></span></li>\r\n</ol>\r\n", "view_count": 298, "menu_id": 43, "admin_id": 74, "created_at": "2022-08-04T13:46:01.149Z", "updated_at": "2024-07-06T14:46:15.646Z", "is_edited": true}, "m2m": {"photo": [3844]}}, {"condition": {"id": 4479}, "defaults": {"site_id": 56, "judul": "JAM PELAYANAN UPT PUSKESMAS LINGSAR", "isi_halaman": "<p><img alt=\"\" src=\"/media/uploads/puskesmaslingsarlobar/2022/08/09/camscanner-08-09-2022-1037.jpg\" style=\"height:787px; width:250px\" /></p>", "view_count": 12, "menu_id": 636, "admin_id": 74, "created_at": "2022-08-09T10:43:08.128Z", "updated_at": "2024-07-08T19:18:32.177Z", "is_edited": true}, "m2m": {"photo": [4040]}}, {"condition": {"id": 4509}, "defaults": {"site_id": 56, "judul": "LAYANAN PENGADUAN", "isi_halaman": "<p><span style=\"font-size:18px\"><span style=\"font-family:Times New Roman,Times,serif\"><img alt=\"\" src=\"/media/uploads/puskesmaslingsarlobar/2022/08/24/whatsapp-image-2022-08-24-at-120112.jpeg\" style=\"height:196px; width:150px\" /></span></span></p>\r\n\r\n<p><span style=\"font-size:18px\"><span style=\"font-family:Times New Roman,Times,serif\">Alur pengaduan</span></span></p>\r\n\r\n<p>&nbsp;</p>\r\n\r\n<p>&nbsp;</p>\r\n\r\n<p><span style=\"font-size:18px\"><span style=\"font-family:Times New Roman,Times,serif\"><img alt=\"\" src=\"/media/uploads/puskesmaslingsarlobar/2022/08/24/whatsapp-image-2022-08-24-at-120601.jpeg\" style=\"height:113px; width:150px\" /></span></span></p>\r\n\r\n<p><span style=\"font-size:18px\"><span style=\"font-family:Times New Roman,Times,serif\">Kotak saran dan <em>Call center</em> Pengaduan</span></span></p>\r\n", "view_count": 0, "menu_id": 98, "admin_id": 74, "created_at": "2022-08-24T12:07:08.297Z", "updated_at": "2022-08-24T12:07:08.297Z", "is_edited": true}, "m2m": {"photo": [4660]}}, {"condition": {"id": 4510}, "defaults": {"site_id": 56, "judul": "MEKANISME PENGADUAN OFFLINE DAN ONLINE", "isi_halaman": "<p><img alt=\"\" src=\"/media/uploads/puskesmaslingsarlobar/2022/08/24/whatsapp-image-2022-08-24-at-120601_hQwbDsC.jpeg\" style=\"height:113px; width:150px\" /></p>\r\n\r\n<p><span style=\"font-family:Times New Roman,Times,serif\"><span style=\"font-size:16px\">Pengaduan Offline bisa melalui Kotas Saran yang sudah tersedia di Puskesmas Lingsar</span></span></p>\r\n\r\n<p>&nbsp;</p>\r\n\r\n<p>&nbsp;</p>\r\n\r\n<p><span style=\"font-family:Times New Roman,Times,serif\"><span style=\"font-size:16px\"><img alt=\"\" src=\"/media/uploads/puskesmaslingsarlobar/2022/08/24/call-center-page0001.jpg\" style=\"height:95px; width:150px\" /></span></span></p>\r\n\r\n<p><span style=\"font-family:Times New Roman,Times,serif\"><span style=\"font-size:16px\">Pengaduan Online bisa melalui <em>Call Center</em> Pengaduan</span></span></p>\r\n", "view_count": 78, "menu_id": 644, "admin_id": 74, "created_at": "2022-08-24T12:18:53.082Z", "updated_at": "2024-07-03T21:46:05.993Z", "is_edited": true}, "m2m": {"photo": [4666]}}, {"condition": {"id": 4511}, "defaults": {"site_id": 56, "judul": "ALUR PENGADUAN", "isi_halaman": "<p><img alt=\"\" src=\"/media/uploads/puskesmaslingsarlobar/2022/08/24/whatsapp-image-2022-08-24-at-120112_YoHsofF.jpeg\" style=\"height:196px; width:150px\" /></p>\r\n", "view_count": 72, "menu_id": 643, "admin_id": 74, "created_at": "2022-08-24T12:20:39.012Z", "updated_at": "2024-07-07T19:42:29.783Z", "is_edited": true}, "m2m": {"photo": [4668]}}, {"condition": {"id": 4512}, "defaults": {"site_id": 56, "judul": "LAYANAN", "isi_halaman": "<p style=\"text-align:justify\"><span style=\"font-size:18px\"><span style=\"font-family:Times New Roman,Times,serif\"><strong>Puskesmas (Pusat Kesehatan Masyarakat) merupakan fasilitas terdepan dalam memberikan pelayanan kesehatan kepada masyarakat Indonesia. Jika Anda merasa sakit, jangan ragu mendatangi Puskesmas untuk berobat.</strong></span></span></p>\r\n\r\n<p style=\"text-align:justify\"><span style=\"font-size:18px\"><span style=\"font-family:Times New Roman,Times,serif\">Puskesmas didirikan di tiap kecamatan di Indonesia. Tiap kecamatan biasanya memiliki satu Puskesmas. Namun, jika jumlah penduduk dan kebutuhan akan pelayanan kesehatan terbilang besar, maka dapat didirikan lebih dari satu Puskesmas dalam satu kecamatan.</span></span></p>\r\n\r\n<p style=\"text-align:justify\"><span style=\"font-size:18px\"><span style=\"font-family:Times New Roman,Times,serif\">Puskesmas memberikan pelayanan pencegahan penyakit, konsultasi, dan saran pengobatan pada pasien yang tidak membutuhkan rawat inap.</span></span></p>\r\n\r\n<p style=\"text-align:justify\"><span style=\"font-size:18px\"><span style=\"font-family:Times New Roman,Times,serif\">Pelayanan rawat jalan yang disediakan oleh Puskesmas antara lain:</span></span></p>\r\n\r\n<ul>\r\n\t<li style=\"text-align: justify;\"><span style=\"font-size:18px\"><span style=\"font-family:Times New Roman,Times,serif\">Promosi, penyuluhan, dan pelayanan kesehatan fisik, kesehatan jiwa, kesehatan gigi, kesehatan reproduksi (termasuk deteksi dini Kanker serviks, napza,<u> </u>pola makan, kesehatan lansia, serta kesehatan kerja dan olahraga</span></span></li>\r\n\t<li style=\"text-align: justify;\"><span style=\"font-size:18px\"><span style=\"font-family:Times New Roman,Times,serif\">Pelayanan kesehatan lingkungan dengan memantau tempat-tempat umum, pengelolaan makanan, dan sumber air bersih</span></span></li>\r\n\t<li style=\"text-align: justify;\"><span style=\"font-size:18px\"><span style=\"font-family:Times New Roman,Times,serif\">Pelayanan kesehatan ibu, anak, dan keluarga berencana, seperti pemeriksaan kondisi ibu hamil, membantu persalinan, perawatan masa nifas, program keluarga berencana,&nbsp;pemberian imunisasi dasar bagi bayi dan anak, serta konseling menyususi dan makanan pendamping ASI.&nbsp;</span></span></li>\r\n\t<li style=\"text-align: justify;\"><span style=\"font-size:18px\"><span style=\"font-family:Times New Roman,Times,serif\">Pelayanan gizi dengan melakukan deteksi dini kasus gizi di masyarakat dan melakukan asuhan keperawatan pada kasus gizi</span></span></li>\r\n\t<li style=\"text-align: justify;\"><span style=\"font-size:18px\"><span style=\"font-family:Times New Roman,Times,serif\">Pelayanan pencegahan dan pengendalian penyakit, baik penyakit menular&nbsp;maupun tidak menular</span></span></li>\r\n\t<li style=\"text-align: justify;\"><span style=\"font-size:18px\"><span style=\"font-family:Times New Roman,Times,serif\">Pelayanan skrining kesehatan untuk pasien dengan risiko penyakit kronis, seperti diabetes tipe 2&nbsp;dan hipertensi&nbsp;</span></span></li>\r\n\t<li style=\"text-align: justify;\"><span style=\"font-size:18px\"><span style=\"font-family:Times New Roman,Times,serif\">Pengobatan tradisional, komplementer, dan alternatif dengan pemanfaatan tanaman obat keluarga</span></span></li>\r\n</ul>\r\n\r\n<p style=\"text-align:justify\"><span style=\"font-size:18px\"><span style=\"font-family:Times New Roman,Times,serif\">Di Puskesmas Lingsar juga sudah menjalin MOU dengan BPJS, sehingga masyarakat yang berobat ke Puskesmas lingsar dan yang memiliki BPJS bdapat menggunakan BPJS nya sesuai faskes puskesmas lingsar.</span></span></p>\r\n\r\n<p style=\"text-align:justify\">&nbsp;</p>\r\n\r\n<p style=\"text-align:justify\"><span style=\"font-size:18px\"><span style=\"font-family:Times New Roman,Times,serif\">Berikut merupakan jenis pelayanan yang tersedia di Puskesmas Lingsar :</span></span></p>\r\n\r\n<p><img alt=\"\" src=\"/media/uploads/puskesmaslingsarlobar/2022/08/24/camscanner-08-09-2022-1037.jpg\" style=\"height:472px; width:150px\" /></p>", "view_count": 511, "menu_id": 161, "admin_id": 74, "created_at": "2022-08-24T13:36:43.059Z", "updated_at": "2024-07-10T06:30:26.646Z", "is_edited": true}, "m2m": {"photo": [4681]}}, {"condition": {"id": 4516}, "defaults": {"site_id": 56, "judul": "PUSTU DAN POSKESDES", "isi_halaman": "<p><span style=\"font-family:Times New Roman,Times,serif\"><span style=\"font-size:18px\">Ada 3 Puskesmas Pembantu di wilayah kerja UPT Puskesmas Lingsar, berikut pustu dan penanggung jawabnya :</span></span></p>\r\n\r\n<p><span style=\"font-family:Times New Roman,Times,serif\"><span style=\"font-size:18px\">Pustu Lingsar&nbsp;&nbsp;&nbsp;&nbsp;&nbsp;&nbsp;&nbsp;&nbsp;&nbsp;&nbsp;&nbsp;&nbsp;&nbsp; &nbsp;&nbsp;&nbsp;&nbsp;&nbsp;&nbsp;&nbsp;&nbsp;&nbsp;&nbsp;&nbsp;&nbsp;&nbsp;&nbsp;&nbsp;&nbsp;&nbsp;&nbsp;&nbsp;&nbsp;&nbsp;&nbsp;&nbsp;&nbsp;&nbsp;&nbsp;&nbsp;&nbsp;&nbsp;&nbsp;&nbsp;&nbsp;&nbsp;&nbsp;&nbsp;&nbsp;&nbsp;&nbsp;&nbsp;&nbsp;&nbsp;&nbsp;&nbsp;&nbsp;&nbsp;&nbsp;&nbsp; : Maulana Yogitha, Amd. Kep</span></span></p>\r\n\r\n<p><span style=\"font-family:Times New Roman,Times,serif\"><span style=\"font-size:18px\">Pustu Punikan&nbsp;&nbsp;&nbsp;&nbsp;&nbsp;&nbsp;&nbsp;&nbsp;&nbsp;&nbsp;&nbsp;&nbsp; &nbsp;&nbsp;&nbsp;&nbsp;&nbsp;&nbsp;&nbsp;&nbsp;&nbsp;&nbsp;&nbsp;&nbsp;&nbsp;&nbsp;&nbsp;&nbsp;&nbsp;&nbsp;&nbsp;&nbsp;&nbsp;&nbsp;&nbsp;&nbsp;&nbsp;&nbsp;&nbsp;&nbsp;&nbsp;&nbsp;&nbsp;&nbsp;&nbsp;&nbsp;&nbsp;&nbsp;&nbsp;&nbsp;&nbsp;&nbsp;&nbsp;&nbsp;&nbsp;&nbsp;&nbsp;&nbsp;&nbsp; : Muji Harianto, Amd. Kep</span></span></p>\r\n\r\n<p><span style=\"font-family:Times New Roman,Times,serif\"><span style=\"font-size:18px\">Pustu Peteluan Indah&nbsp;&nbsp;&nbsp;&nbsp;&nbsp;&nbsp;&nbsp;&nbsp;&nbsp;&nbsp;&nbsp;&nbsp;&nbsp;&nbsp;&nbsp;&nbsp;&nbsp;&nbsp;&nbsp;&nbsp;&nbsp;&nbsp;&nbsp;&nbsp;&nbsp;&nbsp;&nbsp;&nbsp;&nbsp;&nbsp;&nbsp;&nbsp;&nbsp;&nbsp;&nbsp;&nbsp;&nbsp;&nbsp;&nbsp;&nbsp;&nbsp;&nbsp;&nbsp;&nbsp;&nbsp;&nbsp;&nbsp;&nbsp;&nbsp; : Munadi, Amd. Kep.</span></span></p>\r\n\r\n<p>&nbsp;</p>\r\n\r\n<p><span style=\"font-family:Times New Roman,Times,serif\"><span style=\"font-size:18px\">Ada 8 Poskesdes di wilayah kerja UPT Puskesmas Lingsar, berikut polindes dan penanggung jawabnya :</span></span></p>\r\n\r\n<p><span style=\"font-family:Times New Roman,Times,serif\"><span style=\"font-size:18px\">Poskesdes Lingsar&nbsp;&nbsp;&nbsp;&nbsp;&nbsp; &nbsp;&nbsp;&nbsp;&nbsp;&nbsp;&nbsp;&nbsp;&nbsp;&nbsp;&nbsp;&nbsp;&nbsp;&nbsp;&nbsp;&nbsp;&nbsp;&nbsp;&nbsp;&nbsp;&nbsp;&nbsp;&nbsp;&nbsp;&nbsp;&nbsp;&nbsp;&nbsp;&nbsp;&nbsp;&nbsp;&nbsp;&nbsp;&nbsp;&nbsp;&nbsp;&nbsp;&nbsp;&nbsp;&nbsp;&nbsp;&nbsp;&nbsp;&nbsp;&nbsp;&nbsp;&nbsp;&nbsp; : Nova Astina, Amd.Keb</span></span></p>\r\n\r\n<p><span style=\"font-family:Times New Roman,Times,serif\"><span style=\"font-size:18px\">Poskesdes Batu Kumbung&nbsp;&nbsp;&nbsp;&nbsp;&nbsp;&nbsp;&nbsp;&nbsp;&nbsp;&nbsp;&nbsp;&nbsp;&nbsp;&nbsp;&nbsp;&nbsp;&nbsp;&nbsp;&nbsp;&nbsp;&nbsp;&nbsp;&nbsp;&nbsp;&nbsp;&nbsp;&nbsp;&nbsp;&nbsp;&nbsp;&nbsp;&nbsp;&nbsp;&nbsp;&nbsp;&nbsp;&nbsp;&nbsp;&nbsp;&nbsp;&nbsp; : Rina Khaerunnisa, Amd. Keb.</span></span></p>\r\n\r\n<p><span style=\"font-family:Times New Roman,Times,serif\"><span style=\"font-size:18px\">Poskesdes Batu Mekar&nbsp;&nbsp;&nbsp;&nbsp;&nbsp;&nbsp;&nbsp;&nbsp;&nbsp;&nbsp;&nbsp;&nbsp;&nbsp;&nbsp;&nbsp;&nbsp;&nbsp;&nbsp;&nbsp;&nbsp;&nbsp;&nbsp;&nbsp;&nbsp;&nbsp;&nbsp;&nbsp;&nbsp;&nbsp;&nbsp;&nbsp;&nbsp;&nbsp;&nbsp;&nbsp;&nbsp;&nbsp;&nbsp;&nbsp;&nbsp;&nbsp;&nbsp;&nbsp;&nbsp;&nbsp;&nbsp; : Yuliana Zaen ,Amd. Keb.</span></span></p>\r\n\r\n<p><span style=\"font-family:Times New Roman,Times,serif\"><span style=\"font-size:18px\">Poskesdes Gontoran&nbsp;&nbsp;&nbsp;&nbsp;&nbsp;&nbsp;&nbsp;&nbsp;&nbsp;&nbsp;&nbsp;&nbsp;&nbsp;&nbsp;&nbsp;&nbsp;&nbsp;&nbsp;&nbsp;&nbsp;&nbsp;&nbsp;&nbsp;&nbsp;&nbsp;&nbsp;&nbsp;&nbsp;&nbsp;&nbsp;&nbsp;&nbsp;&nbsp;&nbsp;&nbsp;&nbsp;&nbsp;&nbsp;&nbsp;&nbsp;&nbsp;&nbsp;&nbsp;&nbsp;&nbsp;&nbsp;&nbsp;&nbsp;&nbsp;&nbsp; : Ely Hermawati, Amd. Keb.</span></span></p>\r\n\r\n<p><span style=\"font-family:Times New Roman,Times,serif\"><span style=\"font-size:18px\">Poskesdes Gegelang&nbsp;&nbsp;&nbsp;&nbsp;&nbsp;&nbsp;&nbsp;&nbsp;&nbsp;&nbsp;&nbsp;&nbsp;&nbsp;&nbsp; &nbsp;&nbsp;&nbsp;&nbsp;&nbsp;&nbsp;&nbsp;&nbsp;&nbsp;&nbsp;&nbsp;&nbsp;&nbsp;&nbsp;&nbsp;&nbsp;&nbsp;&nbsp;&nbsp;&nbsp;&nbsp;&nbsp;&nbsp;&nbsp;&nbsp;&nbsp;&nbsp;&nbsp;&nbsp;&nbsp;&nbsp;&nbsp;&nbsp;&nbsp;&nbsp; : Ida Ayu Ketut A, Amd. Keb.&nbsp;</span></span></p>\r\n\r\n<p><span style=\"font-family:Times New Roman,Times,serif\"><span style=\"font-size:18px\">Poskesdes Saribaya&nbsp;&nbsp;&nbsp;&nbsp;&nbsp;&nbsp;&nbsp;&nbsp;&nbsp;&nbsp;&nbsp;&nbsp;&nbsp;&nbsp;&nbsp; &nbsp;&nbsp;&nbsp;&nbsp;&nbsp;&nbsp;&nbsp;&nbsp;&nbsp;&nbsp;&nbsp;&nbsp;&nbsp;&nbsp;&nbsp;&nbsp;&nbsp;&nbsp;&nbsp;&nbsp;&nbsp;&nbsp;&nbsp;&nbsp;&nbsp;&nbsp;&nbsp;&nbsp;&nbsp;&nbsp;&nbsp;&nbsp;&nbsp;&nbsp;&nbsp; : Wahyuni, Amd. Keb.</span></span></p>\r\n\r\n<p><span style=\"font-family:Times New Roman,Times,serif\"><span style=\"font-size:18px\">Poskesdes Peteluan &nbsp;Indah&nbsp;&nbsp;&nbsp;&nbsp; &nbsp;&nbsp;&nbsp;&nbsp;&nbsp;&nbsp;&nbsp;&nbsp;&nbsp;&nbsp;&nbsp; &nbsp; &nbsp;&nbsp;&nbsp;&nbsp;&nbsp;&nbsp;&nbsp;&nbsp;&nbsp;&nbsp;&nbsp;&nbsp;&nbsp;&nbsp;&nbsp;&nbsp;&nbsp;&nbsp;&nbsp;&nbsp;&nbsp; : Sri Melina, Amd. Keb</span></span></p>\r\n\r\n<p><span style=\"font-family:Times New Roman,Times,serif\"><span style=\"font-size:18px\">Poskesdes Bug-bug&nbsp; &nbsp; &nbsp; &nbsp; &nbsp; &nbsp; &nbsp; &nbsp; &nbsp; &nbsp; &nbsp; &nbsp; &nbsp; &nbsp; &nbsp; &nbsp; &nbsp; &nbsp; &nbsp; &nbsp; &nbsp; &nbsp; &nbsp; &nbsp; &nbsp; &nbsp; :&nbsp;Sonnya Zulaekha, Amd. Keb.</span></span></p>\r\n", "view_count": 106, "menu_id": 645, "admin_id": 74, "created_at": "2022-08-25T10:15:17.025Z", "updated_at": "2024-07-05T16:14:37.277Z", "is_edited": true}, "m2m": {"photo": [4691]}}, {"condition": {"id": 4517}, "defaults": {"site_id": 56, "judul": "HAK DAN KEWAJIBAN PASIEN", "isi_halaman": "<ol style=\"list-style-type:upper-alpha\">\r\n\t<li style=\"text-align: justify;\"><span style=\"font-size:12pt\"><span style=\"font-family:&quot;Times New Roman&quot;,&quot;serif&quot;\"><strong><span style=\"color:black\">HAK PASIEN</span></strong></span></span></li>\r\n</ol>\r\n\r\n<ol>\r\n\t<li style=\"text-align: justify;\"><span style=\"font-size:12pt\"><span style=\"font-family:&quot;Times New Roman&quot;,&quot;serif&quot;\"><span style=\"color:black\">Memperoleh layanan yang manusiawi, adil, jujur dan tanpa diskriminasi</span></span></span></li>\r\n\t<li style=\"text-align: justify;\"><span style=\"font-size:12pt\"><span style=\"font-family:&quot;Times New Roman&quot;,&quot;serif&quot;\"><span style=\"color:black\">Memperoleh pelayanan kesehatan yang bermutu sesuai dengan standar profesi dan standar operasional prosedur</span></span></span></li>\r\n\t<li style=\"text-align: justify;\"><span style=\"font-size:12pt\"><span style=\"font-family:&quot;Times New Roman&quot;,&quot;serif&quot;\"><span style=\"color:black\">Memperoleh pelayanan yang efektif dan efisien sehingga pasien terhindar dari kerugian fisik dan materi</span></span></span></li>\r\n\t<li style=\"text-align: justify;\"><span style=\"font-size:12pt\"><span style=\"font-family:&quot;Times New Roman&quot;,&quot;serif&quot;\"><span style=\"color:black\">Memilih dokter dan dokter gigi serta kelas perawatan sesuai dengan keinginannya dan peraturan yang berlaku di puskesmas.</span></span></span></li>\r\n\t<li style=\"text-align: justify;\"><span style=\"font-size:12pt\"><span style=\"font-family:&quot;Times New Roman&quot;,&quot;serif&quot;\"><span style=\"color:black\">Meminta konsultasi tentang penyakit yang dideritanya kepada dokter dan dokter gigi lain yang mempunyai surat ijin praktik (SIP) baik dalam maupun di luar Puskesmas.</span></span></span></li>\r\n\t<li style=\"text-align: justify;\"><span style=\"font-size:12pt\"><span style=\"font-family:&quot;Times New Roman&quot;,&quot;serif&quot;\"><span style=\"color:black\">Mendapatkan privasi dan kerahasiaan penyakit yang diderita termasuk data-data medisnya.</span></span></span></li>\r\n\t<li style=\"text-align: justify;\"><span style=\"font-size:12pt\"><span style=\"font-family:&quot;Times New Roman&quot;,&quot;serif&quot;\"><span style=\"color:black\">Mendapatkan informasi yang meliputi diagnosis dan tata cara tindakan medis, tujuan tindakan medis, alternatif tindakan, resiko dan komplikasi yang mungkin terjadi, dan prognosis terhadap tindakan yang dilakukan serta perkiraan biaya pengobatan.</span></span></span></li>\r\n\t<li style=\"text-align: justify;\"><span style=\"font-size:12pt\"><span style=\"font-family:&quot;Times New Roman&quot;,&quot;serif&quot;\"><span style=\"color:black\">Memberikan persetujuan atau menola atas tindakan yang akan dilaukan oleh tenaga kesehatan terhadap penyakit yang dideritanya.</span></span></span></li>\r\n\t<li style=\"text-align: justify;\"><span style=\"font-size:12pt\"><span style=\"font-family:&quot;Times New Roman&quot;,&quot;serif&quot;\"><span style=\"color:black\">Didampingi oleh keluarganya dalam keadaan kritis</span></span></span></li>\r\n\t<li style=\"text-align: justify;\"><span style=\"font-size:12pt\"><span style=\"font-family:&quot;Times New Roman&quot;,&quot;serif&quot;\"><span style=\"color:black\">Menjalankan ibadah sesuai agama atau kepercayaan yang dianutnya selama hal itu tidak mengganggu pasien lainnya</span></span></span></li>\r\n\t<li style=\"text-align: justify;\"><span style=\"font-size:12pt\"><span style=\"font-family:&quot;Times New Roman&quot;,&quot;serif&quot;\"><span style=\"color:black\">Memperoleh keamanan dan keselamatan dirinya selama dalam perawatan di Puskesmas</span></span></span></li>\r\n\t<li style=\"text-align: justify;\"><span style=\"font-size:12pt\"><span style=\"font-family:&quot;Times New Roman&quot;,&quot;serif&quot;\"><span style=\"color:black\">Mengajukan usul, saran, perbaikan atas perlakuan Puskesmas terhadap dirinya</span></span></span></li>\r\n\t<li style=\"text-align: justify;\"><span style=\"font-size:12pt\"><span style=\"font-family:&quot;Times New Roman&quot;,&quot;serif&quot;\"><span style=\"color:black\">Menolak pelayanan bimbingan rohani yang tidak sesuai dengan agama dan kepercayaan yang dianut</span></span></span></li>\r\n\t<li style=\"text-align: justify;\"><span style=\"font-size:12pt\"><span style=\"font-family:&quot;Times New Roman&quot;,&quot;serif&quot;\"><span style=\"color:black\">Mendapatkan perlindungan atas rahasia kedokteran termasuk kerahasiaan rekam medis</span></span></span></li>\r\n\t<li style=\"text-align: justify;\"><span style=\"font-size:12pt\"><span style=\"font-family:&quot;Times New Roman&quot;,&quot;serif&quot;\"><span style=\"color:black\">Mendapat akses terhadap isi rekam medis </span></span></span></li>\r\n\t<li style=\"text-align: justify;\"><span style=\"font-size:12pt\"><span style=\"font-family:&quot;Times New Roman&quot;,&quot;serif&quot;\"><span style=\"color:black\">Memberikan persetuan atau menola untuk menjadi bagian dalam suatu penelitian kesehatan.</span></span></span></li>\r\n\t<li style=\"text-align: justify;\"><span style=\"font-size:12pt\"><span style=\"font-family:&quot;Times New Roman&quot;,&quot;serif&quot;\"><span style=\"color:black\">Menyampaikan keluhan atau pengaduan atas pelayanan yang diterima </span></span></span></li>\r\n\t<li style=\"text-align: justify;\"><span style=\"font-size:12pt\"><span style=\"font-family:&quot;Times New Roman&quot;,&quot;serif&quot;\"><span style=\"color:black\">Mengeluhkan pelayanan Puskesmas yang tidak sesuai dengan standar pelayanan melalui media cetak dan media elektronik sesuai dengan ketentuan peraturan perundang-undangan</span></span></span></li>\r\n\t<li style=\"text-align: justify;\"><span style=\"font-size:12pt\"><span style=\"font-family:&quot;Times New Roman&quot;,&quot;serif&quot;\"><span style=\"color:black\">Menggugat dan atau menuntut puskesmas apabila puskesmas diduga memberikan pelayanan yang tida sesuai dengan standar baik secara perdata atupun pidana</span></span></span></li>\r\n</ol>\r\n\r\n<p style=\"margin-left:66px; text-align:justify\">&nbsp;</p>\r\n\r\n<ol start=\"2\" style=\"list-style-type:upper-alpha\">\r\n\t<li style=\"text-align: justify;\"><span style=\"font-size:12pt\"><span style=\"font-family:&quot;Times New Roman&quot;,&quot;serif&quot;\"><strong><span style=\"color:black\">KEWAJIBAN PASIEN</span></strong></span></span></li>\r\n</ol>\r\n\r\n<ol>\r\n\t<li style=\"text-align: justify;\"><span style=\"font-size:12pt\"><span style=\"font-family:&quot;Times New Roman&quot;,&quot;serif&quot;\"><span style=\"color:black\">M</span><span style=\"color:black\">ematuhi peraturan yang berlaku di puskesmas </span></span></span></li>\r\n\t<li style=\"text-align: justify;\"><span style=\"font-size:12pt\"><span style=\"font-family:&quot;Times New Roman&quot;,&quot;serif&quot;\"><span style=\"color:black\">Menggunakan Protokol Kesehatan dan alat Pelindung diri</span></span></span></li>\r\n\t<li style=\"text-align: justify;\"><span style=\"font-size:12pt\"><span style=\"font-family:&quot;Times New Roman&quot;,&quot;serif&quot;\"><span style=\"color:black\">Menggunakan fasilitas puskesmas secara bertanggungjawab</span></span></span></li>\r\n\t<li style=\"text-align: justify;\"><span style=\"font-size:12pt\"><span style=\"font-family:&quot;Times New Roman&quot;,&quot;serif&quot;\"><span style=\"color:black\">Menghormati hak-hak pasien lain, pengunjung dan hak tenaga kesehatan serta petugas lainnya yang bekerja di puskesmas </span></span></span></li>\r\n\t<li style=\"text-align: justify;\"><span style=\"font-size:12pt\"><span style=\"font-family:&quot;Times New Roman&quot;,&quot;serif&quot;\"><span style=\"color:black\">Memberi informasi yang jujur, lengkap dan akurat sesuai kemampuan dan pengetahuannya tentang masalah kesehatannya</span></span></span></li>\r\n\t<li style=\"text-align: justify;\"><span style=\"font-size:12pt\"><span style=\"font-family:&quot;Times New Roman&quot;,&quot;serif&quot;\"><span style=\"color:black\">Memberikan informasi mengenai kemampuan finansial dan jaminan kesehatan yang dimilikinya </span></span></span></li>\r\n\t<li style=\"text-align: justify;\"><span style=\"font-size:12pt\"><span style=\"font-family:&quot;Times New Roman&quot;,&quot;serif&quot;\"><span style=\"color:black\">Mengetahui rencana terapi yang direkomendasikan oleh tenaga kesehatan di puskesmas dan disetujui oleh pasien yang bersangkutan setelah mendapatkan penjelasan sesuai ketentuan peraturan perundang-undangan menerima segala konsekuensi atas keputusan pribadinya untuk menolak rencana terapi yang direkomendasikan oleh tenaga kesehatan dan atau tidak mematuhi petunjuk yang diberikan oleh tenaga kesehatan dalamrangka menyembuhkan penyakit atau masalah kesehatannya.</span></span></span></li>\r\n\t<li style=\"text-align: justify;\"><span style=\"font-size:12pt\"><span style=\"font-family:&quot;Times New Roman&quot;,&quot;serif&quot;\"><span style=\"color:black\">Memberikan imbalan jasa atas pelayanan yang diterima. </span></span></span></li>\r\n\t<li style=\"text-align: justify;\"><span style=\"font-size:12pt\"><span style=\"font-family:&quot;Times New Roman&quot;,&quot;serif&quot;\"><span style=\"color:black\">Mematuhi ketentuan yang berlaku di Puskesmas</span></span></span></li>\r\n\t<li style=\"text-align: justify;\"><span style=\"font-size:12pt\"><span style=\"font-family:&quot;Times New Roman&quot;,&quot;serif&quot;\"><span style=\"color:black\">Memberi imbalan dan jasa atas pelayanan yang diterimanya</span></span></span></li>\r\n</ol>\r\n", "view_count": 259, "menu_id": 646, "admin_id": 74, "created_at": "2022-08-25T10:19:28.455Z", "updated_at": "2024-07-02T21:41:27.036Z", "is_edited": true}, "m2m": {"photo": [4692]}}, {"condition": {"id": 4518}, "defaults": {"site_id": 56, "judul": "HAK DAN KEWAJIBAN PASIEN", "isi_halaman": "<p style=\"text-align:justify\">&nbsp;</p>\r\n\r\n<ol style=\"list-style-type:upper-alpha\">\r\n\t<li style=\"text-align:justify\"><span style=\"font-size:12pt\"><span style=\"font-family:&quot;Times New Roman&quot;,&quot;serif&quot;\"><strong><span style=\"color:black\">HAK PASIEN</span></strong></span></span></li>\r\n</ol>\r\n\r\n<ol>\r\n\t<li style=\"text-align:justify\"><span style=\"font-size:12pt\"><span style=\"font-family:&quot;Times New Roman&quot;,&quot;serif&quot;\"><span style=\"color:black\">Memperoleh layanan yang manusiawi, adil, jujur dan tanpa diskriminasi</span></span></span></li>\r\n\t<li style=\"text-align:justify\"><span style=\"font-size:12pt\"><span style=\"font-family:&quot;Times New Roman&quot;,&quot;serif&quot;\"><span style=\"color:black\">Memperoleh pelayanan kesehatan yang bermutu sesuai dengan standar profesi dan standar operasional prosedur</span></span></span></li>\r\n\t<li style=\"text-align:justify\"><span style=\"font-size:12pt\"><span style=\"font-family:&quot;Times New Roman&quot;,&quot;serif&quot;\"><span style=\"color:black\">Memperoleh pelayanan yang efektif dan efisien sehingga pasien terhindar dari kerugian fisik dan materi</span></span></span></li>\r\n\t<li style=\"text-align:justify\"><span style=\"font-size:12pt\"><span style=\"font-family:&quot;Times New Roman&quot;,&quot;serif&quot;\"><span style=\"color:black\">Memilih dokter dan dokter gigi serta kelas perawatan sesuai dengan keinginannya dan peraturan yang berlaku di puskesmas.</span></span></span></li>\r\n\t<li style=\"text-align:justify\"><span style=\"font-size:12pt\"><span style=\"font-family:&quot;Times New Roman&quot;,&quot;serif&quot;\"><span style=\"color:black\">Meminta konsultasi tentang penyakit yang dideritanya kepada dokter dan dokter gigi lain yang mempunyai surat ijin praktik (SIP) baik dalam maupun di luar Puskesmas.</span></span></span></li>\r\n\t<li style=\"text-align:justify\"><span style=\"font-size:12pt\"><span style=\"font-family:&quot;Times New Roman&quot;,&quot;serif&quot;\"><span style=\"color:black\">Mendapatkan privasi dan kerahasiaan penyakit yang diderita termasuk data-data medisnya.</span></span></span></li>\r\n\t<li style=\"text-align:justify\"><span style=\"font-size:12pt\"><span style=\"font-family:&quot;Times New Roman&quot;,&quot;serif&quot;\"><span style=\"color:black\">Mendapatkan informasi yang meliputi diagnosis dan tata cara tindakan medis, tujuan tindakan medis, alternatif tindakan, resiko dan komplikasi yang mungkin terjadi, dan prognosis terhadap tindakan yang dilakukan serta perkiraan biaya pengobatan.</span></span></span></li>\r\n\t<li style=\"text-align:justify\"><span style=\"font-size:12pt\"><span style=\"font-family:&quot;Times New Roman&quot;,&quot;serif&quot;\"><span style=\"color:black\">Memberikan persetujuan atau menola atas tindakan yang akan dilaukan oleh tenaga kesehatan terhadap penyakit yang dideritanya.</span></span></span></li>\r\n\t<li style=\"text-align:justify\"><span style=\"font-size:12pt\"><span style=\"font-family:&quot;Times New Roman&quot;,&quot;serif&quot;\"><span style=\"color:black\">Didampingi oleh keluarganya dalam keadaan kritis</span></span></span></li>\r\n\t<li style=\"text-align:justify\"><span style=\"font-size:12pt\"><span style=\"font-family:&quot;Times New Roman&quot;,&quot;serif&quot;\"><span style=\"color:black\">Menjalankan ibadah sesuai agama atau kepercayaan yang dianutnya selama hal itu tidak mengganggu pasien lainnya</span></span></span></li>\r\n\t<li style=\"text-align:justify\"><span style=\"font-size:12pt\"><span style=\"font-family:&quot;Times New Roman&quot;,&quot;serif&quot;\"><span style=\"color:black\">Memperoleh keamanan dan keselamatan dirinya selama dalam perawatan di Puskesmas</span></span></span></li>\r\n\t<li style=\"text-align:justify\"><span style=\"font-size:12pt\"><span style=\"font-family:&quot;Times New Roman&quot;,&quot;serif&quot;\"><span style=\"color:black\">Mengajukan usul, saran, perbaikan atas perlakuan Puskesmas terhadap dirinya</span></span></span></li>\r\n\t<li style=\"text-align:justify\"><span style=\"font-size:12pt\"><span style=\"font-family:&quot;Times New Roman&quot;,&quot;serif&quot;\"><span style=\"color:black\">Menolak pelayanan bimbingan rohani yang tidak sesuai dengan agama dan kepercayaan yang dianut</span></span></span></li>\r\n\t<li style=\"text-align:justify\"><span style=\"font-size:12pt\"><span style=\"font-family:&quot;Times New Roman&quot;,&quot;serif&quot;\"><span style=\"color:black\">Mendapatkan perlindungan atas rahasia kedokteran termasuk kerahasiaan rekam medis</span></span></span></li>\r\n\t<li style=\"text-align:justify\"><span style=\"font-size:12pt\"><span style=\"font-family:&quot;Times New Roman&quot;,&quot;serif&quot;\"><span style=\"color:black\">Mendapat akses terhadap isi rekam medis </span></span></span></li>\r\n\t<li style=\"text-align:justify\"><span style=\"font-size:12pt\"><span style=\"font-family:&quot;Times New Roman&quot;,&quot;serif&quot;\"><span style=\"color:black\">Memberikan persetuan atau menola untuk menjadi bagian dalam suatu penelitian kesehatan.</span></span></span></li>\r\n\t<li style=\"text-align:justify\"><span style=\"font-size:12pt\"><span style=\"font-family:&quot;Times New Roman&quot;,&quot;serif&quot;\"><span style=\"color:black\">Menyampaikan keluhan atau pengaduan atas pelayanan yang diterima </span></span></span></li>\r\n\t<li style=\"text-align:justify\"><span style=\"font-size:12pt\"><span style=\"font-family:&quot;Times New Roman&quot;,&quot;serif&quot;\"><span style=\"color:black\">Mengeluhkan pelayanan Puskesmas yang tidak sesuai dengan standar pelayanan melalui media cetak dan media elektronik sesuai dengan ketentuan peraturan perundang-undangan</span></span></span></li>\r\n\t<li style=\"text-align:justify\"><span style=\"font-size:12pt\"><span style=\"font-family:&quot;Times New Roman&quot;,&quot;serif&quot;\"><span style=\"color:black\">Menggugat dan atau menuntut puskesmas apabila puskesmas diduga memberikan pelayanan yang tida sesuai dengan standar baik secara perdata atupun pidana</span></span></span></li>\r\n</ol>\r\n\r\n<p style=\"margin-left:66px; text-align:justify\">&nbsp;</p>\r\n\r\n<ol start=\"2\" style=\"list-style-type:upper-alpha\">\r\n\t<li style=\"text-align:justify\"><span style=\"font-size:12pt\"><span style=\"font-family:&quot;Times New Roman&quot;,&quot;serif&quot;\"><strong><span style=\"color:black\">KEWAJIBAN PASIEN</span></strong></span></span></li>\r\n</ol>\r\n\r\n<ol>\r\n\t<li style=\"text-align:justify\"><span style=\"font-size:12pt\"><span style=\"font-family:&quot;Times New Roman&quot;,&quot;serif&quot;\"><span style=\"color:black\">M</span><span style=\"color:black\">ematuhi peraturan yang berlaku di puskesmas </span></span></span></li>\r\n\t<li style=\"text-align:justify\"><span style=\"font-size:12pt\"><span style=\"font-family:&quot;Times New Roman&quot;,&quot;serif&quot;\"><span style=\"color:black\">Menggunakan Protokol Kesehatan dan alat Pelindung diri</span></span></span></li>\r\n\t<li style=\"text-align:justify\"><span style=\"font-size:12pt\"><span style=\"font-family:&quot;Times New Roman&quot;,&quot;serif&quot;\"><span style=\"color:black\">Menggunakan fasilitas puskesmas secara bertanggungjawab</span></span></span></li>\r\n\t<li style=\"text-align:justify\"><span style=\"font-size:12pt\"><span style=\"font-family:&quot;Times New Roman&quot;,&quot;serif&quot;\"><span style=\"color:black\">Menghormati hak-hak pasien lain, pengunjung dan hak tenaga kesehatan serta petugas lainnya yang bekerja di puskesmas </span></span></span></li>\r\n\t<li style=\"text-align:justify\"><span style=\"font-size:12pt\"><span style=\"font-family:&quot;Times New Roman&quot;,&quot;serif&quot;\"><span style=\"color:black\">Memberi informasi yang jujur, lengkap dan akurat sesuai kemampuan dan pengetahuannya tentang masalah kesehatannya</span></span></span></li>\r\n\t<li style=\"text-align:justify\"><span style=\"font-size:12pt\"><span style=\"font-family:&quot;Times New Roman&quot;,&quot;serif&quot;\"><span style=\"color:black\">Memberikan informasi mengenai kemampuan finansial dan jaminan kesehatan yang dimilikinya </span></span></span></li>\r\n\t<li style=\"text-align:justify\"><span style=\"font-size:12pt\"><span style=\"font-family:&quot;Times New Roman&quot;,&quot;serif&quot;\"><span style=\"color:black\">Mengetahui rencana terapi yang direkomendasikan oleh tenaga kesehatan di puskesmas dan disetujui oleh pasien yang bersangkutan setelah mendapatkan penjelasan sesuai ketentuan peraturan perundang-undangan menerima segala konsekuensi atas keputusan pribadinya untuk menolak rencana terapi yang direkomendasikan oleh tenaga kesehatan dan atau tidak mematuhi petunjuk yang diberikan oleh tenaga kesehatan dalamrangka menyembuhkan penyakit atau masalah kesehatannya.</span></span></span></li>\r\n\t<li style=\"text-align:justify\"><span style=\"font-size:12pt\"><span style=\"font-family:&quot;Times New Roman&quot;,&quot;serif&quot;\"><span style=\"color:black\">Memberikan imbalan jasa atas pelayanan yang diterima. </span></span></span></li>\r\n\t<li style=\"text-align:justify\"><span style=\"font-size:12pt\"><span style=\"font-family:&quot;Times New Roman&quot;,&quot;serif&quot;\"><span style=\"color:black\">Mematuhi ketentuan yang berlaku di Puskesmas</span></span></span></li>\r\n\t<li style=\"text-align:justify\"><span style=\"font-size:12pt\"><span style=\"font-family:&quot;Times New Roman&quot;,&quot;serif&quot;\"><span style=\"color:black\">Memberi imbalan dan jasa atas pelayanan yang diterimanya</span></span></span></li>\r\n</ol>\r\n\r\n<p>&nbsp;</p>\r\n", "view_count": 0, "menu_id": 648, "admin_id": 74, "created_at": "2022-08-25T10:30:49.087Z", "updated_at": "2022-08-25T10:30:49.087Z", "is_edited": true}, "m2m": {"photo": [4694]}}, {"condition": {"id": 4532}, "defaults": {"site_id": 56, "judul": "JADWAL PELAYANAN VAKSIN COVID-19 DI UPT PUSKESMAS LINGSAR", "isi_halaman": "<p><em><img alt=\"\" src=\"/media/uploads/puskesmaslingsarlobar/2022/08/27/20220810_131829_0000.png\" style=\"height:200px; width:200px\" /></em></p>\r\n", "view_count": 86, "menu_id": 647, "admin_id": 74, "created_at": "2022-08-27T09:04:53.695Z", "updated_at": "2024-07-10T13:54:19.093Z", "is_edited": true}, "m2m": {"photo": [4799]}}, {"condition": {"id": 50161}, "defaults": {"site_id": 56, "judul": "Mekanisme Pengaduan Online/Offline", "isi_halaman": "Informasi tentang \"Mekanisme Pengaduan Online/Offline\". Silahkan update di halaman <a target=\"_blank\" href=\"/dashboard/halaman-statis/\">Dashboard.<a><br><br><br><br>\"Halaman ini dibuat otomatis oleh sistem, karena halaman statis untuk menu ini belum dibuat. <br>Silahkan lakukan update di halaman statis.\"", "view_count": 1, "menu_id": 115, "admin_id": null, "created_at": "2024-06-12T07:40:19.601Z", "updated_at": "2024-06-12T07:40:20.193Z", "is_edited": false}, "m2m": {"photo": []}}, {"condition": {"id": 50870}, "defaults": {"site_id": 56, "judul": "SK PENUNJUKAN PETUGAS PENGELOLA PENGADUAN", "isi_halaman": "Informasi tentang \"SK PENUNJUKAN PETUGAS PENGELOLA PENGADUAN\". Silahkan update di halaman <a target=\"_blank\" href=\"/dashboard/halaman-statis/\">Dashboard.<a><br><br><br><br>\"Halaman ini dibuat otomatis oleh sistem, karena halaman statis untuk menu ini belum dibuat. <br>Silahkan lakukan update di halaman statis.\"", "view_count": 6, "menu_id": 575, "admin_id": null, "created_at": "2024-06-22T10:14:55.166Z", "updated_at": "2024-07-08T19:22:11.727Z", "is_edited": false}, "m2m": {"photo": []}}, {"condition": {"id": 50960}, "defaults": {"site_id": 56, "judul": "Rekomendasi Surat Izin Toko Obat (SITO)", "isi_halaman": "Informasi tentang \"Rekomendasi Surat Izin Toko Obat (SITO)\". Silahkan update di halaman <a target=\"_blank\" href=\"/dashboard/halaman-statis/\">Dashboard.<a><br><br><br><br>\"Halaman ini dibuat otomatis oleh sistem, karena halaman statis untuk menu ini belum dibuat. <br>Silahkan lakukan update di halaman statis.\"", "view_count": 1, "menu_id": 780, "admin_id": null, "created_at": "2024-06-25T00:52:06.583Z", "updated_at": "2024-06-25T00:52:07.195Z", "is_edited": false}, "m2m": {"photo": []}}, {"condition": {"id": 51045}, "defaults": {"site_id": 56, "judul": "SP Rekomendasi Izin Pembuangan Air Limbah ke Air atau Sumber Air", "isi_halaman": "Informasi tentang \"SP Rekomendasi Izin Pembuangan Air Limbah ke Air atau Sumber Air\". Silahkan update di halaman <a target=\"_blank\" href=\"/dashboard/halaman-statis/\">Dashboard.<a><br><br><br><br>\"Halaman ini dibuat otomatis oleh sistem, karena halaman statis untuk menu ini belum dibuat. <br>Silahkan lakukan update di halaman statis.\"", "view_count": 1, "menu_id": 287, "admin_id": null, "created_at": "2024-06-27T02:18:44.196Z", "updated_at": "2024-06-27T02:18:44.605Z", "is_edited": false}, "m2m": {"photo": []}}, {"condition": {"id": 51153}, "defaults": {"site_id": 56, "judul": "Nama Petugas Pengelola Pengaduan", "isi_halaman": "Informasi tentang \"Nama Petugas Pengelola Pengaduan\". Silahkan update di halaman <a target=\"_blank\" href=\"/dashboard/halaman-statis/\">Dashboard.<a><br><br><br><br>\"Halaman ini dibuat otomatis oleh sistem, karena halaman statis untuk menu ini belum dibuat. <br>Silahkan lakukan update di halaman statis.\"", "view_count": 1, "menu_id": 927, "admin_id": null, "created_at": "2024-07-03T01:01:20.573Z", "updated_at": "2024-07-03T01:01:21.300Z", "is_edited": false}, "m2m": {"photo": []}}, {"condition": {"id": 51160}, "defaults": {"site_id": 56, "judul": "Standar Pelayanan Puskesmas", "isi_halaman": "Informasi tentang \"Standar Pelayanan Puskesmas\". Silahkan update di halaman <a target=\"_blank\" href=\"/dashboard/halaman-statis/\">Dashboard.<a><br><br><br><br>\"Halaman ini dibuat otomatis oleh sistem, karena halaman statis untuk menu ini belum dibuat. <br>Silahkan lakukan update di halaman statis.\"", "view_count": 1, "menu_id": 599, "admin_id": null, "created_at": "2024-07-03T12:12:06.394Z", "updated_at": "2024-07-03T12:12:07.725Z", "is_edited": false}, "m2m": {"photo": []}}, {"condition": {"id": 51269}, "defaults": {"site_id": 56, "judul": "Rekomendasi Surat Izin Toko Obat", "isi_halaman": "Informasi tentang \"Rekomendasi Surat Izin Toko Obat\". Silahkan update di halaman <a target=\"_blank\" href=\"/dashboard/halaman-statis/\">Dashboard.<a><br><br><br><br>\"Halaman ini dibuat otomatis oleh sistem, karena halaman statis untuk menu ini belum dibuat. <br>Silahkan lakukan update di halaman statis.\"", "view_count": 1, "menu_id": 249, "admin_id": null, "created_at": "2024-07-08T21:39:05.714Z", "updated_at": "2024-07-08T21:39:06.022Z", "is_edited": false}, "m2m": {"photo": []}}]