[{"condition": {"id": 9110}, "defaults": {"site_id": 82, "judul": "Visi dan Misi", "isi_halaman": "<p><strong>Visi :</strong><br>Terwujudnya masyarakat Lombok Barat yang Amanah, Sejahtera dan Berprestasi dengan Dilandasi Nilai Patut Patuh Patju (Lobar Mantap)</p><p><strong>Misi :&nbsp;</strong><br>1. &nbsp;Mewujudkan tata kelola pemerintahan yang profesional, melayani serta berbasis transparansi, akuntabilitas yang efesien dan memiliki integritas.<br>2. &nbsp;Mewujudkan &nbsp;konektivitas prekonomian &nbsp;antar pelaku usaha dan mendorong pertumbuhan ekonomi dan investasi yang &nbsp;kondusif dan keberpihakan pada masyarakat<br>3. Meningkatkan dan memantapkan kualitas sumber daya manusia yang sehat, cerdas dan berbudaya serta berdaya saing</p><p><strong>Tujuan :</strong><br>1. &nbsp;Meningkatkan kualitas pelayanan publik.<br>2. &nbsp;Meningkatnya kualitas pengelolaan keuangan daerah<br>3. &nbsp;Meningkatnya Akuntabilitas Kinerja<br>4. &nbsp;Meningkatkan kemandirian ekonomi masyarakat<br>5. &nbsp;Meningkatkan derajat kesehatan masyarakat / kualitas hidup masyarakat</p><p><br><strong>Moto Pelayanan :</strong><br>\" <i>Melayani dengan Sepenuh Hati</i> \"</p><p><strong>Nilai Dasar :</strong><br>Menonjolkan diri sebagai pribadi yang \u201c Sopan, Ikhlas dan Profesional ( SIP ) \u201c</p>", "view_count": 88, "menu_id": 1013, "admin_id": 112, "created_at": "2023-08-25T02:48:45.178Z", "updated_at": "2024-07-11T11:04:46.720Z", "is_edited": true}, "m2m": {"photo": []}}, {"condition": {"id": 9114}, "defaults": {"site_id": 82, "judul": "Profil RSUD Patut Patuh Patju", "isi_halaman": "<figure class=\"table\"><table><tbody><tr><td style=\"background-color:#A8D08D;border-bottom-color:#A8D08D;border-bottom-width:1.5pt;border-left-color:#C5E0B3;border-left-width:1.0pt;border-right-color:#C5E0B3;border-right-width:1.0pt;border-style:solid;border-top-color:#C5E0B3;border-top-width:1.0pt;height:15.5pt;padding:0cm 5.4pt;width:462.1pt;\" colspan=\"2\"><p style=\"text-align:center;\"><span style=\"color:hsl(0,0%,0%);\"><strong>RSUD PATUT PATUH PATJU</strong></span></p></td></tr><tr><td style=\"border-bottom-style:solid;border-color:#C5E0B3;border-left-style:solid;border-right-style:solid;border-top-style:none;border-width:1.0pt;height:20.8pt;padding:0cm 5.4pt;vertical-align:top;width:189.7pt;\"><span style=\"color:hsl(0,0%,0%);\">Nomor Kode Rumah Sakit</span></td><td style=\"border-bottom:1.0pt solid #C5E0B3;border-left-style:none;border-right:1.0pt solid #C5E0B3;border-top-style:none;height:20.8pt;padding:0cm 5.4pt;vertical-align:top;width:272.4pt;\"><span style=\"color:hsl(0,0%,0%);\"><strong>5201010</strong></span></td></tr><tr><td style=\"border-bottom-style:solid;border-color:#C5E0B3;border-left-style:solid;border-right-style:solid;border-top-style:none;border-width:1.0pt;height:20.8pt;padding:0cm 5.4pt;vertical-align:top;width:189.7pt;\"><span style=\"color:hsl(0,0%,0%);\">Nama Rumah Sakit</span></td><td style=\"border-bottom:1.0pt solid #C5E0B3;border-left-style:none;border-right:1.0pt solid #C5E0B3;border-top-style:none;height:20.8pt;padding:0cm 5.4pt;vertical-align:top;width:272.4pt;\"><span style=\"color:hsl(0,0%,0%);\"><strong>RSUD Patut Patuh Patju</strong></span></td></tr><tr><td style=\"border-bottom-style:solid;border-color:#C5E0B3;border-left-style:solid;border-right-style:solid;border-top-style:none;border-width:1.0pt;height:20.8pt;padding:0cm 5.4pt;vertical-align:top;width:189.7pt;\"><span style=\"color:hsl(0,0%,0%);\">Nama Direktur</span></td><td style=\"border-bottom:1.0pt solid #C5E0B3;border-left-style:none;border-right:1.0pt solid #C5E0B3;border-top-style:none;height:20.8pt;padding:0cm 5.4pt;vertical-align:top;width:272.4pt;\"><span style=\"color:hsl(0,0%,0%);\"><strong>dr. H. Suriyadi Sp. An</strong></span></td></tr><tr><td style=\"border-bottom-style:solid;border-color:#C5E0B3;border-left-style:solid;border-right-style:solid;border-top-style:none;border-width:1.0pt;height:20.8pt;padding:0cm 5.4pt;vertical-align:top;width:189.7pt;\"><span style=\"color:hsl(0,0%,0%);\">Alamat</span></td><td style=\"border-bottom:1.0pt solid #C5E0B3;border-left-style:none;border-right:1.0pt solid #C5E0B3;border-top-style:none;height:20.8pt;padding:0cm 5.4pt;vertical-align:top;width:272.4pt;\"><span style=\"color:hsl(0,0%,0%);\"><strong>Jl. H. Lalu Anggarat BA No. 2, Gerung - 83363</strong></span></td></tr><tr><td style=\"border-bottom-style:solid;border-color:#C5E0B3;border-left-style:solid;border-right-style:solid;border-top-style:none;border-width:1.0pt;height:20.8pt;padding:0cm 5.4pt;vertical-align:top;width:189.7pt;\"><span style=\"color:hsl(0,0%,0%);\">Kelurahan</span></td><td style=\"border-bottom:1.0pt solid #C5E0B3;border-left-style:none;border-right:1.0pt solid #C5E0B3;border-top-style:none;height:20.8pt;padding:0cm 5.4pt;vertical-align:top;width:272.4pt;\"><span style=\"color:hsl(0,0%,0%);\"><strong>Gerung Utara</strong></span></td></tr><tr><td style=\"border-bottom-style:solid;border-color:#C5E0B3;border-left-style:solid;border-right-style:solid;border-top-style:none;border-width:1.0pt;height:20.8pt;padding:0cm 5.4pt;vertical-align:top;width:189.7pt;\"><span style=\"color:hsl(0,0%,0%);\">Kecamatan</span></td><td style=\"border-bottom:1.0pt solid #C5E0B3;border-left-style:none;border-right:1.0pt solid #C5E0B3;border-top-style:none;height:20.8pt;padding:0cm 5.4pt;vertical-align:top;width:272.4pt;\"><span style=\"color:hsl(0,0%,0%);\"><strong>Gerung</strong></span></td></tr><tr><td style=\"border-bottom-style:solid;border-color:#C5E0B3;border-left-style:solid;border-right-style:solid;border-top-style:none;border-width:1.0pt;height:20.8pt;padding:0cm 5.4pt;vertical-align:top;width:189.7pt;\"><span style=\"color:hsl(0,0%,0%);\">Kabupaten</span></td><td style=\"border-bottom:1.0pt solid #C5E0B3;border-left-style:none;border-right:1.0pt solid #C5E0B3;border-top-style:none;height:20.8pt;padding:0cm 5.4pt;vertical-align:top;width:272.4pt;\"><span style=\"color:hsl(0,0%,0%);\"><strong>Lombok Barat</strong></span></td></tr><tr><td style=\"border-bottom-style:solid;border-color:#C5E0B3;border-left-style:solid;border-right-style:solid;border-top-style:none;border-width:1.0pt;height:20.8pt;padding:0cm 5.4pt;vertical-align:top;width:189.7pt;\"><span style=\"color:hsl(0,0%,0%);\">Provinsi</span></td><td style=\"border-bottom:1.0pt solid #C5E0B3;border-left-style:none;border-right:1.0pt solid #C5E0B3;border-top-style:none;height:20.8pt;padding:0cm 5.4pt;vertical-align:top;width:272.4pt;\"><span style=\"color:hsl(0,0%,0%);\"><strong>Nusa Tenggara Barat</strong></span></td></tr><tr><td style=\"border-bottom-style:solid;border-color:#C5E0B3;border-left-style:solid;border-right-style:solid;border-top-style:none;border-width:1.0pt;height:20.8pt;padding:0cm 5.4pt;vertical-align:top;width:189.7pt;\"><span style=\"color:hsl(0,0%,0%);\">Telepon</span></td><td style=\"border-bottom:1.0pt solid #C5E0B3;border-left-style:none;border-right:1.0pt solid #C5E0B3;border-top-style:none;height:20.8pt;padding:0cm 5.4pt;vertical-align:top;width:272.4pt;\"><a href=\"https://www.google.com/search?client=firefox-b-d&amp;q=rsud+patut+patuh+patju\"><span style=\"color:hsl(0,0%,0%);\"><strong>(0370) 681321</strong></span></a></td></tr><tr><td style=\"border-bottom-style:solid;border-color:#C5E0B3;border-left-style:solid;border-right-style:solid;border-top-style:none;border-width:1.0pt;height:20.8pt;padding:0cm 5.4pt;vertical-align:top;width:189.7pt;\"><span style=\"color:hsl(0,0%,0%);\">E-mail</span></td><td style=\"border-bottom:1.0pt solid #C5E0B3;border-left-style:none;border-right:1.0pt solid #C5E0B3;border-top-style:none;height:20.8pt;padding:0cm 5.4pt;vertical-align:top;width:272.4pt;\"><span style=\"color:hsl(0,0%,0%);\"><strong>rsud@lombokbaratkab.go.id</strong></span></td></tr><tr><td style=\"border-bottom-style:solid;border-color:#C5E0B3;border-left-style:solid;border-right-style:solid;border-top-style:none;border-width:1.0pt;height:20.8pt;padding:0cm 5.4pt;vertical-align:top;width:189.7pt;\"><span style=\"color:hsl(0,0%,0%);\">Kelas Rumah Sakit</span></td><td style=\"border-bottom:1.0pt solid #C5E0B3;border-left-style:none;border-right:1.0pt solid #C5E0B3;border-top-style:none;height:20.8pt;padding:0cm 5.4pt;vertical-align:top;width:272.4pt;\"><span style=\"color:hsl(0,0%,0%);\"><strong>Kelas B</strong></span></td></tr><tr><td style=\"border-bottom-style:solid;border-color:#C5E0B3;border-left-style:solid;border-right-style:solid;border-top-style:none;border-width:1.0pt;height:20.8pt;padding:0cm 5.4pt;vertical-align:top;width:189.7pt;\"><span style=\"color:hsl(0,0%,0%);\">Status Penggunaan</span></td><td style=\"border-bottom:1.0pt solid #C5E0B3;border-left-style:none;border-right:1.0pt solid #C5E0B3;border-top-style:none;height:20.8pt;padding:0cm 5.4pt;vertical-align:top;width:272.4pt;\"><span style=\"color:hsl(0,0%,0%);\"><strong>Rumah Sakit Umum Daerah</strong></span></td></tr><tr><td style=\"border-bottom-style:solid;border-color:#C5E0B3;border-left-style:solid;border-right-style:solid;border-top-style:none;border-width:1.0pt;height:20.8pt;padding:0cm 5.4pt;vertical-align:top;width:189.7pt;\"><span style=\"color:hsl(0,0%,0%);\">Pemilik / Pengelola</span></td><td style=\"border-bottom:1.0pt solid #C5E0B3;border-left-style:none;border-right:1.0pt solid #C5E0B3;border-top-style:none;height:20.8pt;padding:0cm 5.4pt;vertical-align:top;width:272.4pt;\"><span style=\"color:hsl(0,0%,0%);\"><strong>Pemerintah Kabupaten Lombok Barat</strong></span></td></tr><tr><td style=\"border-bottom-style:solid;border-color:#C5E0B3;border-left-style:solid;border-right-style:solid;border-top-style:none;border-width:1.0pt;height:20.8pt;padding:0cm 5.4pt;vertical-align:top;width:189.7pt;\"><span style=\"color:hsl(0,0%,0%);\">Jumlah Tempat Tidur</span></td><td style=\"border-bottom:1.0pt solid #C5E0B3;border-left-style:none;border-right:1.0pt solid #C5E0B3;border-top-style:none;height:20.8pt;padding:0cm 5.4pt;vertical-align:top;width:272.4pt;\"><span style=\"color:hsl(0,0%,0%);\"><strong>229 Tempat Tidur</strong></span></td></tr><tr><td style=\"border-bottom-style:solid;border-color:#C5E0B3;border-left-style:solid;border-right-style:solid;border-top-style:none;border-width:1.0pt;height:20.8pt;padding:0cm 5.4pt;vertical-align:top;width:189.7pt;\"><span style=\"color:hsl(0,0%,0%);\">Akreditasi</span></td><td style=\"border-bottom:1.0pt solid #C5E0B3;border-left-style:none;border-right:1.0pt solid #C5E0B3;border-top-style:none;height:20.8pt;padding:0cm 5.4pt;vertical-align:top;width:272.4pt;\"><span style=\"color:hsl(0,0%,0%);\"><strong>Paripurna (LARS-DHP)</strong></span></td></tr><tr><td><span style=\"color:hsl(0,0%,0%);\">Jumlah Sumber Daya Manusi (Tahun 2022)</span></td><td><span style=\"color:hsl(0,0%,0%);\"><strong>589 Orang</strong></span></td></tr></tbody></table></figure>", "view_count": 132, "menu_id": 981, "admin_id": 112, "created_at": "2023-08-25T08:37:55.988Z", "updated_at": "2024-07-10T22:16:56.286Z", "is_edited": true}, "m2m": {"photo": []}}, {"condition": {"id": 9115}, "defaults": {"site_id": 82, "judul": "Struktur Organisasi", "isi_halaman": "<p>&nbsp;</p><p>&nbsp;</p><figure class=\"table\"><table><tbody><tr><td style=\"background-color:#A8D08D;border-bottom-color:#A8D08D;border-bottom-width:1.5pt;border-left-color:#C5E0B3;border-left-width:1.0pt;border-right-color:#C5E0B3;border-right-width:1.0pt;border-style:solid;border-top-color:#C5E0B3;border-top-width:1.0pt;height:20.8pt;padding:0cm 5.4pt;vertical-align:top;width:450.8pt;\" colspan=\"2\"><p style=\"text-align:center;\"><span class=\"text-big\" style=\"color:black;\">Struktur Organisasi RSUD Patut Patuh Patju</span></p></td></tr><tr><td style=\"border-bottom-style:solid;border-color:#C5E0B3;border-left-style:solid;border-right-style:solid;border-top-style:none;border-width:1.0pt;height:20.8pt;padding:0cm 5.4pt;vertical-align:top;width:225.4pt;\"><span style=\"color:hsl(0,0%,0%);\">Direktur</span></td><td style=\"border-bottom:1.0pt solid #C5E0B3;border-left-style:none;border-right:1.0pt solid #C5E0B3;border-top-style:none;height:20.8pt;padding:0cm 5.4pt;vertical-align:top;width:225.4pt;\"><span style=\"color:hsl(0,0%,0%);\">dr. H. Suriyadi Sp. An</span></td></tr><tr><td style=\"border-bottom-style:solid;border-color:#C5E0B3;border-left-style:solid;border-right-style:solid;border-top-style:none;border-width:1.0pt;height:20.8pt;padding:0cm 5.4pt;vertical-align:top;width:225.4pt;\"><span style=\"color:hsl(0,0%,0%);\">Wakil Direktur Pelayanan</span></td><td style=\"border-bottom:1.0pt solid #C5E0B3;border-left-style:none;border-right:1.0pt solid #C5E0B3;border-top-style:none;height:20.8pt;padding:0cm 5.4pt;vertical-align:top;width:225.4pt;\"><span style=\"color:hsl(0,0%,0%);\">dr. H. Kaspan, Sp. OG.,Mh.Kes., CMC</span></td></tr><tr><td style=\"border-bottom-style:solid;border-color:#C5E0B3;border-left-style:solid;border-right-style:solid;border-top-style:none;border-width:1.0pt;height:20.8pt;padding:0cm 5.4pt;vertical-align:top;width:225.4pt;\"><span style=\"color:hsl(0,0%,0%);\">Wakil Direktur Umum, Keuangan &amp; SDM</span></td><td style=\"border-bottom:1.0pt solid #C5E0B3;border-left-style:none;border-right:1.0pt solid #C5E0B3;border-top-style:none;height:20.8pt;padding:0cm 5.4pt;vertical-align:top;width:225.4pt;\"><span style=\"color:hsl(0,0%,0%);\">Atmayadi, S.Pd.,M.Kes</span></td></tr><tr><td style=\"border-bottom-style:solid;border-color:#C5E0B3;border-left-style:solid;border-right-style:solid;border-top-style:none;border-width:1.0pt;height:20.8pt;padding:0cm 5.4pt;vertical-align:top;width:225.4pt;\"><span style=\"color:hsl(0,0%,0%);\">Kabid Pelayanan Medik</span></td><td style=\"border-bottom:1.0pt solid #C5E0B3;border-left-style:none;border-right:1.0pt solid #C5E0B3;border-top-style:none;height:20.8pt;padding:0cm 5.4pt;vertical-align:top;width:225.4pt;\"><span style=\"color:hsl(0,0%,0%);\">drg. I Nyoman Adnyana Putra</span></td></tr><tr><td style=\"border-bottom-style:solid;border-color:#C5E0B3;border-left-style:solid;border-right-style:solid;border-top-style:none;border-width:1.0pt;height:20.8pt;padding:0cm 5.4pt;vertical-align:top;width:225.4pt;\"><span style=\"color:hsl(0,0%,0%);\">Kabid Pelayanan Penunjang</span></td><td style=\"border-bottom:1.0pt solid #C5E0B3;border-left-style:none;border-right:1.0pt solid #C5E0B3;border-top-style:none;height:20.8pt;padding:0cm 5.4pt;vertical-align:top;width:225.4pt;\"><span style=\"color:hsl(0,0%,0%);\">Ns. H. Mujiburrahman, S.Kep.,MM</span></td></tr><tr><td style=\"border-bottom-style:solid;border-color:#C5E0B3;border-left-style:solid;border-right-style:solid;border-top-style:none;border-width:1.0pt;height:20.8pt;padding:0cm 5.4pt;vertical-align:top;width:225.4pt;\"><span style=\"color:hsl(0,0%,0%);\">Kabid Keperawatan &amp; Kebidanan</span></td><td style=\"border-bottom:1.0pt solid #C5E0B3;border-left-style:none;border-right:1.0pt solid #C5E0B3;border-top-style:none;height:20.8pt;padding:0cm 5.4pt;vertical-align:top;width:225.4pt;\">dr. Ahmad Taufiq Fathoni</td></tr><tr><td style=\"border-bottom-style:solid;border-color:#C5E0B3;border-left-style:solid;border-right-style:solid;border-top-style:none;border-width:1.0pt;height:20.8pt;padding:0cm 5.4pt;vertical-align:top;width:225.4pt;\"><span style=\"color:hsl(0,0%,0%);\">Kabag Umum &amp; Humas</span></td><td style=\"border-bottom:1.0pt solid #C5E0B3;border-left-style:none;border-right:1.0pt solid #C5E0B3;border-top-style:none;height:20.8pt;padding:0cm 5.4pt;vertical-align:top;width:225.4pt;\"><span style=\"color:hsl(0,0%,0%);\">Ulul Azmi S B, S. Psi</span></td></tr><tr><td style=\"border-bottom-style:solid;border-color:#C5E0B3;border-left-style:solid;border-right-style:solid;border-top-style:none;border-width:1.0pt;height:20.8pt;padding:0cm 5.4pt;vertical-align:top;width:225.4pt;\"><span style=\"color:hsl(0,0%,0%);\">Kabag Perencanaan &amp; Keuangan</span></td><td style=\"border-bottom:1.0pt solid #C5E0B3;border-left-style:none;border-right:1.0pt solid #C5E0B3;border-top-style:none;height:20.8pt;padding:0cm 5.4pt;vertical-align:top;width:225.4pt;\"><span style=\"color:hsl(0,0%,0%);\">L. Taufan. H.P, S.E</span></td></tr><tr><td style=\"border-bottom-style:solid;border-color:#C5E0B3;border-left-style:solid;border-right-style:solid;border-top-style:none;border-width:1.0pt;height:20.8pt;padding:0cm 5.4pt;vertical-align:top;width:225.4pt;\"><span style=\"color:hsl(0,0%,0%);\">Kabag Pendidikan, Penelitian &amp; SDM</span></td><td style=\"border-bottom:1.0pt solid #C5E0B3;border-left-style:none;border-right:1.0pt solid #C5E0B3;border-top-style:none;height:20.8pt;padding:0cm 5.4pt;vertical-align:top;width:225.4pt;\"><span style=\"color:hsl(0,0%,0%);\">Bq. Endang Suprihartini, M.Si.,Apt</span></td></tr><tr><td style=\"border-bottom-style:solid;border-color:#C5E0B3;border-left-style:solid;border-right-style:solid;border-top-style:none;border-width:1.0pt;height:20.8pt;padding:0cm 5.4pt;vertical-align:top;width:225.4pt;\"><span style=\"color:hsl(0,0%,0%);\">Kasie Pelayanan Medik Rawat Inap</span></td><td style=\"border-bottom:1.0pt solid #C5E0B3;border-left-style:none;border-right:1.0pt solid #C5E0B3;border-top-style:none;height:20.8pt;padding:0cm 5.4pt;vertical-align:top;width:225.4pt;\"><span style=\"color:hsl(0,0%,0%);\">dr. Bq. Yulia Handayani</span></td></tr><tr><td style=\"border-bottom-style:solid;border-color:#C5E0B3;border-left-style:solid;border-right-style:solid;border-top-style:none;border-width:1.0pt;height:20.8pt;padding:0cm 5.4pt;vertical-align:top;width:225.4pt;\"><span style=\"color:hsl(0,0%,0%);\">Kasie Pelayanan Medik Rawat Jalan &amp; Khusus</span></td><td style=\"border-bottom:1.0pt solid #C5E0B3;border-left-style:none;border-right:1.0pt solid #C5E0B3;border-top-style:none;height:20.8pt;padding:0cm 5.4pt;vertical-align:top;width:225.4pt;\"><span style=\"color:hsl(0,0%,0%);\">dr. Eka Rahma Setiawati</span></td></tr><tr><td style=\"border-bottom-style:solid;border-color:#C5E0B3;border-left-style:solid;border-right-style:solid;border-top-style:none;border-width:1.0pt;height:20.8pt;padding:0cm 5.4pt;vertical-align:top;width:225.4pt;\"><span style=\"color:hsl(0,0%,0%);\">Kasie Pelayanan Penunjang Non Medik</span></td><td style=\"border-bottom:1.0pt solid #C5E0B3;border-left-style:none;border-right:1.0pt solid #C5E0B3;border-top-style:none;height:20.8pt;padding:0cm 5.4pt;vertical-align:top;width:225.4pt;\"><span style=\"color:hsl(0,0%,0%);\">Hermina Komalasari, S.T</span></td></tr><tr><td style=\"border-bottom-style:solid;border-color:#C5E0B3;border-left-style:solid;border-right-style:solid;border-top-style:none;border-width:1.0pt;height:20.8pt;padding:0cm 5.4pt;vertical-align:top;width:225.4pt;\"><span style=\"color:hsl(0,0%,0%);\">Kasie Pelayanan&nbsp; Penunjang Medik</span></td><td style=\"border-bottom:1.0pt solid #C5E0B3;border-left-style:none;border-right:1.0pt solid #C5E0B3;border-top-style:none;height:20.8pt;padding:0cm 5.4pt;vertical-align:top;width:225.4pt;\"><span style=\"color:hsl(0,0%,0%);\">Kismawati, M.Si. Apt. M.Sc</span></td></tr><tr><td style=\"border-bottom-style:solid;border-color:#C5E0B3;border-left-style:solid;border-right-style:solid;border-top-style:none;border-width:1.0pt;height:20.8pt;padding:0cm 5.4pt;vertical-align:top;width:225.4pt;\"><span style=\"color:hsl(0,0%,0%);\">Kasie Keperawatan &amp; Kebidanan Ranap</span></td><td style=\"border-bottom:1.0pt solid #C5E0B3;border-left-style:none;border-right:1.0pt solid #C5E0B3;border-top-style:none;height:20.8pt;padding:0cm 5.4pt;vertical-align:top;width:225.4pt;\"><span style=\"color:hsl(0,0%,0%);\">Sri Hartati, S.Kep.,Ners</span></td></tr><tr><td style=\"border-bottom-style:solid;border-color:#C5E0B3;border-left-style:solid;border-right-style:solid;border-top-style:none;border-width:1.0pt;height:20.8pt;padding:0cm 5.4pt;vertical-align:top;width:225.4pt;\"><span style=\"color:hsl(0,0%,0%);\">Kasie Keperawatan &amp; Kebidanan Rajal &amp; Khusus</span></td><td style=\"border-bottom:1.0pt solid #C5E0B3;border-left-style:none;border-right:1.0pt solid #C5E0B3;border-top-style:none;height:20.8pt;padding:0cm 5.4pt;vertical-align:top;width:225.4pt;\"><span style=\"color:hsl(0,0%,0%);\">M. Ramli, S.KM,.M.Kes</span></td></tr><tr><td style=\"border-bottom-style:solid;border-color:#C5E0B3;border-left-style:solid;border-right-style:solid;border-top-style:none;border-width:1.0pt;height:20.8pt;padding:0cm 5.4pt;vertical-align:top;width:225.4pt;\"><span style=\"color:hsl(0,0%,0%);\">Kasubag Perlengkapan &amp; Aset</span></td><td style=\"border-bottom:1.0pt solid #C5E0B3;border-left-style:none;border-right:1.0pt solid #C5E0B3;border-top-style:none;height:20.8pt;padding:0cm 5.4pt;vertical-align:top;width:225.4pt;\"><span style=\"color:hsl(0,0%,0%);\">Sri Nuriani S.T</span></td></tr><tr><td style=\"border-bottom-style:solid;border-color:#C5E0B3;border-left-style:solid;border-right-style:solid;border-top-style:none;border-width:1.0pt;height:20.8pt;padding:0cm 5.4pt;vertical-align:top;width:225.4pt;\"><span style=\"color:hsl(0,0%,0%);\">Kasubag Humas &amp; Hukum</span></td><td style=\"border-bottom:1.0pt solid #C5E0B3;border-left-style:none;border-right:1.0pt solid #C5E0B3;border-top-style:none;height:20.8pt;padding:0cm 5.4pt;vertical-align:top;width:225.4pt;\"><span style=\"color:hsl(0,0%,0%);\">Ns. Bq. Dewi Septemi A, S.Kep</span></td></tr><tr><td style=\"border-bottom-style:solid;border-color:#C5E0B3;border-left-style:solid;border-right-style:solid;border-top-style:none;border-width:1.0pt;height:20.8pt;padding:0cm 5.4pt;vertical-align:top;width:225.4pt;\"><span style=\"color:hsl(0,0%,0%);\">Kasubag Tata Usaha &amp; Rumah Tangga</span></td><td style=\"border-bottom:1.0pt solid #C5E0B3;border-left-style:none;border-right:1.0pt solid #C5E0B3;border-top-style:none;height:20.8pt;padding:0cm 5.4pt;vertical-align:top;width:225.4pt;\"><span style=\"color:hsl(0,0%,0%);\">Baiq Wahidah S.KM</span></td></tr><tr><td style=\"border-bottom-style:solid;border-color:#C5E0B3;border-left-style:solid;border-right-style:solid;border-top-style:none;border-width:1.0pt;height:20.8pt;padding:0cm 5.4pt;vertical-align:top;width:225.4pt;\"><span style=\"color:hsl(0,0%,0%);\">Kasubag Perencanaan &amp; Program</span></td><td style=\"border-bottom:1.0pt solid #C5E0B3;border-left-style:none;border-right:1.0pt solid #C5E0B3;border-top-style:none;height:20.8pt;padding:0cm 5.4pt;vertical-align:top;width:225.4pt;\"><span style=\"color:hsl(0,0%,0%);\">Hairi Setiawan, S.KM</span></td></tr><tr><td style=\"border-bottom-style:solid;border-color:#C5E0B3;border-left-style:solid;border-right-style:solid;border-top-style:none;border-width:1.0pt;height:20.8pt;padding:0cm 5.4pt;vertical-align:top;width:225.4pt;\"><span style=\"color:hsl(0,0%,0%);\">Kasubag Akutansi &amp; Verifikasi</span></td><td style=\"border-bottom:1.0pt solid #C5E0B3;border-left-style:none;border-right:1.0pt solid #C5E0B3;border-top-style:none;height:20.8pt;padding:0cm 5.4pt;vertical-align:top;width:225.4pt;\"><span style=\"color:hsl(0,0%,0%);\">Ana Mariana, S.E</span></td></tr><tr><td style=\"border-bottom-style:solid;border-color:#C5E0B3;border-left-style:solid;border-right-style:solid;border-top-style:none;border-width:1.0pt;height:20.8pt;padding:0cm 5.4pt;vertical-align:top;width:225.4pt;\"><span style=\"color:hsl(0,0%,0%);\">Kasubag Perbendaharaan &amp; Pendapatan</span></td><td style=\"border-bottom:1.0pt solid #C5E0B3;border-left-style:none;border-right:1.0pt solid #C5E0B3;border-top-style:none;height:20.8pt;padding:0cm 5.4pt;vertical-align:top;width:225.4pt;\"><span style=\"color:hsl(0,0%,0%);\">Awaludin, S.Pd</span></td></tr><tr><td style=\"border-bottom-style:solid;border-color:#C5E0B3;border-left-style:solid;border-right-style:solid;border-top-style:none;border-width:1.0pt;height:20.8pt;padding:0cm 5.4pt;vertical-align:top;width:225.4pt;\"><span style=\"color:hsl(0,0%,0%);\">Kasubag Penelitian &amp; Pengembangan</span></td><td style=\"border-bottom:1.0pt solid #C5E0B3;border-left-style:none;border-right:1.0pt solid #C5E0B3;border-top-style:none;height:20.8pt;padding:0cm 5.4pt;vertical-align:top;width:225.4pt;\"><span style=\"color:hsl(0,0%,0%);\">dr. Sri Wardani</span></td></tr><tr><td style=\"border-bottom-style:solid;border-color:#C5E0B3;border-left-style:solid;border-right-style:solid;border-top-style:none;border-width:1.0pt;height:20.8pt;padding:0cm 5.4pt;vertical-align:top;width:225.4pt;\"><span style=\"color:hsl(0,0%,0%);\">Kasubag Pendidikan &amp; Pelatihan</span></td><td style=\"border-bottom:1.0pt solid #C5E0B3;border-left-style:none;border-right:1.0pt solid #C5E0B3;border-top-style:none;height:20.8pt;padding:0cm 5.4pt;vertical-align:top;width:225.4pt;\"><span style=\"color:hsl(0,0%,0%);\">drg. Evi Maria Rahmat</span></td></tr><tr><td style=\"border-bottom-style:solid;border-color:#C5E0B3;border-left-style:solid;border-right-style:solid;border-top-style:none;border-width:1.0pt;height:20.8pt;padding:0cm 5.4pt;vertical-align:top;width:225.4pt;\"><span style=\"color:hsl(0,0%,0%);\">Kasubag Sumber Daya Manusia</span></td><td style=\"border-bottom:1.0pt solid #C5E0B3;border-left-style:none;border-right:1.0pt solid #C5E0B3;border-top-style:none;height:20.8pt;padding:0cm 5.4pt;vertical-align:top;width:225.4pt;\">I Gusti Agung Dina Megawardani, S.E</td></tr></tbody></table></figure>", "view_count": 149, "menu_id": 45, "admin_id": 112, "created_at": "2023-08-25T09:42:19.960Z", "updated_at": "2024-07-10T18:27:45.219Z", "is_edited": true}, "m2m": {"photo": [13037]}}, {"condition": {"id": 9127}, "defaults": {"site_id": 82, "judul": "Standar Pelayanan", "isi_halaman": "<p>Standar Pelayanan adalah tolak ukur &nbsp;yang dipergunakan sebagai pedoman penyelenggaraan pelayanan dan acuan penilaian kualitas pelayanan sebagai kewajiban dan janji penyelenggara kepada masyarakat dalam rangka pelayanan yang berkualitas, cepat, mudah, terjangkau dan terukur. Berikut beberapa Standar Pelayanan Publik yang ada di RSUD Patut Patuh Patju Kab. Lombok Barat.</p><figure class=\"table\"><table><tbody><tr><td style=\"height:22.5pt;width:19pt;\"><p style=\"text-align:center;\"><strong>No</strong></p></td><td style=\"width:197pt;\"><p style=\"text-align:center;\"><strong>Standar Pelayanan</strong></p></td><td style=\"width:83pt;\"><p style=\"text-align:center;\"><strong>File</strong></p></td></tr><tr><td style=\"height:21.75pt;\"><p style=\"text-align:center;\">1</p></td><td>Rawat Inap</td><td><a href=\"https://drive.google.com/file/d/1hZhZ1h7g05WVuEdyQxOf5ssa3leLnWV9/view?usp=sharing\">Download</a></td></tr><tr><td style=\"height:21.75pt;\"><p style=\"text-align:center;\">2</p></td><td>Instalasi Gawat Darurat (IGD)</td><td><a href=\"https://drive.google.com/file/d/1IJwuY5QD-czqapombRLWtlcAGz-eH9Sj/view?usp=sharing\">Download</a></td></tr><tr><td style=\"height:21.75pt;\"><p style=\"text-align:center;\">3</p></td><td>Laboratoirum Patologi Klinik</td><td><a href=\"https://drive.google.com/file/d/1tk_V7Sh0jfi_iab7vJ2xJyGuty7hsf4U/view?usp=sharing\">Download</a></td></tr><tr><td style=\"height:21.75pt;\"><p style=\"text-align:center;\">4</p></td><td>Instalasi Radiologi</td><td><a href=\"https://drive.google.com/file/d/1xmNY7up2r9nLLF_v_4dsVywgGH7rHapP/view?usp=sharing\">Download</a></td></tr><tr><td style=\"height:21.75pt;\"><p style=\"text-align:center;\">5</p></td><td>Instalasi Farmasi</td><td><a href=\"https://drive.google.com/file/d/1Ge4-rZdh5wqjL0z-UmZphQA3Cm4wgYhd/view?usp=sharing\">Download</a></td></tr><tr><td style=\"height:21.75pt;\"><p style=\"text-align:center;\">6</p></td><td>Instalasi Ibu &amp; Bayi (Nifas)</td><td><a href=\"https://drive.google.com/file/d/1A7siuKRYYhaZz1BALWnxjqmonjILsSZA/view?usp=sharing\">Download</a></td></tr><tr><td style=\"height:21.75pt;\"><p style=\"text-align:center;\">7</p></td><td>Admision</td><td><a href=\"https://drive.google.com/file/d/1JCcw6mJJK5A711eIhseac-x_xIUMgU3F/view?usp=sharing\">Download</a></td></tr><tr><td style=\"height:21.75pt;\"><p style=\"text-align:center;\">8</p></td><td>Poliklinik</td><td><a href=\"https://drive.google.com/file/d/1GX5ID9xtIxMya7srUNeuN9OCLQZN1W0m/view?usp=sharing\">Download</a></td></tr><tr><td style=\"height:21.75pt;\"><p style=\"text-align:center;\">9</p></td><td>Loket</td><td><a href=\"https://drive.google.com/file/d/1XXS3OqCQ6yJ5Okk8AblA-HXC-deO1tUW/view?usp=sharing\">Download</a></td></tr><tr><td style=\"height:21.75pt;\"><p style=\"text-align:center;\">10</p></td><td>Rujukan</td><td><a href=\"https://drive.google.com/file/d/1zzkRuvNbiK5go9opW_3aIn6OwOpDspVl/view?usp=sharing\">Download</a></td></tr><tr><td style=\"height:21.75pt;\"><p style=\"text-align:center;\">11</p></td><td>Intensive Care Unit (ICU)</td><td><a href=\"https://drive.google.com/file/d/1rOTmusWP4gSU1yF1lo0JioXZW-9QC7uW/view?usp=sharing\">Download</a></td></tr><tr><td style=\"height:21.75pt;\"><p style=\"text-align:center;\">12</p></td><td>Maternal Neonatal Emergancy (MNE)</td><td><a href=\"https://drive.google.com/file/d/11umNr9RpVVigSG8bRMVxM8NC64IPNkVq/view?usp=sharing\">Download</a></td></tr><tr><td style=\"height:21.75pt;\"><p style=\"text-align:center;\">13</p></td><td>Unit Tranfusi Darah Rumah Sakit (UTDRS)</td><td><a href=\"https://drive.google.com/file/d/1fg9MQi4NI5-TLleEnl8AWZCAUuC8DJGC/view?usp=sharing\">Download</a></td></tr><tr><td style=\"height:21.75pt;\"><p style=\"text-align:center;\">14</p></td><td>Laboratorium Patologi Anatomi</td><td><a href=\"https://drive.google.com/file/d/1Y0LgBJBqd3EtNOSGpt-MJZMUw77C6nDc/view?usp=sharing\">Download</a></td></tr><tr><td style=\"height:21.75pt;\"><p style=\"text-align:center;\">15</p></td><td>Instalasi Bedah Sentral IBS</td><td><a href=\"https://drive.google.com/file/d/1lopha_yvaa9JXnF0Bfi_N1PZroJ96lxA/view?usp=sharing\">Download</a></td></tr><tr><td style=\"height:21.75pt;\"><p style=\"text-align:center;\">16</p></td><td>Instalasi Gizi</td><td><a href=\"https://drive.google.com/file/d/1OMH33piwi0VnF2HGXuSjrf_A0Svg4UuH/view?usp=sharing\">Download</a></td></tr><tr><td style=\"height:21.75pt;\"><p style=\"text-align:center;\">17</p></td><td>Instlasi Laundry</td><td><a href=\"https://drive.google.com/file/d/1w1H9NshrvEdCXEav8qGGrHZpJBIQHqIm/view?usp=sharing\">Download</a></td></tr><tr><td style=\"height:21.75pt;\"><p style=\"text-align:center;\">18</p></td><td>Pemulasaran Jenazah</td><td><a href=\"https://drive.google.com/file/d/1SlzDFpmxGkaacpdtxB2Vq3-JuAbjHO4y/view?usp=sharing\">Download</a></td></tr><tr><td style=\"height:21.75pt;\"><p style=\"text-align:center;\">19</p></td><td>Mobil Ambulance</td><td><a href=\"https://drive.google.com/file/d/1CFT1ECSPM6ImKhMNVXOxG-Opr_uT4P-D/view?usp=sharing\">Download</a></td></tr><tr><td style=\"height:21.75pt;\"><p style=\"text-align:center;\">20</p></td><td>Pengawas Pencegah Infeksi (PPI)</td><td><a href=\"https://drive.google.com/file/d/1vJg2SAS0iL_8sqINoiWHvnZ6h4-b_iq3/view?usp=sharing\">Download</a></td></tr><tr><td style=\"height:21.75pt;\"><p style=\"text-align:center;\">21</p></td><td>Hemodialisis</td><td><a href=\"https://drive.google.com/file/d/1AfqxtFORdcA-p8gtrRYkoqM1OR55RzQJ/view?usp=sharing\">Download</a></td></tr></tbody></table></figure>", "view_count": 77, "menu_id": 1008, "admin_id": 112, "created_at": "2023-08-27T07:35:11.847Z", "updated_at": "2024-07-11T09:16:17.909Z", "is_edited": true}, "m2m": {"photo": []}}, {"condition": {"id": 9128}, "defaults": {"site_id": 82, "judul": "Standar Pelayanan Rumah Sakit", "isi_halaman": "<p>Standar Pelayanan adalah tolak ukur &nbsp;yang dipergunakan sebagai pedoman penyelenggaraan pelayanan dan acuan penilaian kualitas pelayanan sebagai kewajiban dan janji penyelenggara kepada masyarakat dalam rangka pelayanan yang berkualitas, cepat, mudah, terjangkau dan terukur. Berikut beberapa Standar Pelayanan Publik yang ada di RSUD Patut Patuh Patju Kab. Lombok Barat.</p><figure class=\"table\"><table><tbody><tr><td style=\"height:22.5pt;width:19pt;\"><p style=\"text-align:center;\"><strong>No</strong></p></td><td style=\"width:197pt;\"><p style=\"text-align:center;\"><strong>Standar Pelayanan</strong></p></td><td style=\"width:83pt;\"><p style=\"text-align:center;\"><strong>File</strong></p></td></tr><tr><td style=\"height:21.75pt;\"><p style=\"text-align:center;\">1</p></td><td>Rawat Inap</td><td><a href=\"https://drive.google.com/file/d/1hZhZ1h7g05WVuEdyQxOf5ssa3leLnWV9/view?usp=sharing\">Download</a></td></tr><tr><td style=\"height:21.75pt;\"><p style=\"text-align:center;\">2</p></td><td>Instalasi Gawat Darurat (IGD)</td><td><a href=\"https://drive.google.com/file/d/1IJwuY5QD-czqapombRLWtlcAGz-eH9Sj/view?usp=sharing\">Download</a></td></tr><tr><td style=\"height:21.75pt;\"><p style=\"text-align:center;\">3</p></td><td>Laboratoirum Patologi Klinik</td><td><a href=\"https://drive.google.com/file/d/1tk_V7Sh0jfi_iab7vJ2xJyGuty7hsf4U/view?usp=sharing\">Download</a></td></tr><tr><td style=\"height:21.75pt;\"><p style=\"text-align:center;\">4</p></td><td>Instalasi Radiologi</td><td><a href=\"https://drive.google.com/file/d/1xmNY7up2r9nLLF_v_4dsVywgGH7rHapP/view?usp=sharing\">Download</a></td></tr><tr><td style=\"height:21.75pt;\"><p style=\"text-align:center;\">5</p></td><td>Instalasi Farmasi</td><td><a href=\"https://drive.google.com/file/d/1Ge4-rZdh5wqjL0z-UmZphQA3Cm4wgYhd/view?usp=sharing\">Download</a></td></tr><tr><td style=\"height:21.75pt;\"><p style=\"text-align:center;\">6</p></td><td>Instalasi Ibu &amp; Bayi (Nifas)</td><td><a href=\"https://drive.google.com/file/d/1A7siuKRYYhaZz1BALWnxjqmonjILsSZA/view?usp=sharing\">Download</a></td></tr><tr><td style=\"height:21.75pt;\"><p style=\"text-align:center;\">7</p></td><td>Admision</td><td><a href=\"https://drive.google.com/file/d/1JCcw6mJJK5A711eIhseac-x_xIUMgU3F/view?usp=sharing\">Download</a></td></tr><tr><td style=\"height:21.75pt;\"><p style=\"text-align:center;\">8</p></td><td>Poliklinik</td><td><a href=\"https://drive.google.com/file/d/1GX5ID9xtIxMya7srUNeuN9OCLQZN1W0m/view?usp=sharing\">Download</a></td></tr><tr><td style=\"height:21.75pt;\"><p style=\"text-align:center;\">9</p></td><td>Loket</td><td><a href=\"https://drive.google.com/file/d/1XXS3OqCQ6yJ5Okk8AblA-HXC-deO1tUW/view?usp=sharing\">Download</a></td></tr><tr><td style=\"height:21.75pt;\"><p style=\"text-align:center;\">10</p></td><td>Rujukan</td><td><a href=\"https://drive.google.com/file/d/1zzkRuvNbiK5go9opW_3aIn6OwOpDspVl/view?usp=sharing\">Download</a></td></tr><tr><td style=\"height:21.75pt;\"><p style=\"text-align:center;\">11</p></td><td>Intensive Care Unit (ICU)</td><td><a href=\"https://drive.google.com/file/d/1rOTmusWP4gSU1yF1lo0JioXZW-9QC7uW/view?usp=sharing\">Download</a></td></tr><tr><td style=\"height:21.75pt;\"><p style=\"text-align:center;\">12</p></td><td>Maternal Neonatal Emergancy (MNE)</td><td><a href=\"https://drive.google.com/file/d/11umNr9RpVVigSG8bRMVxM8NC64IPNkVq/view?usp=sharing\">Download</a></td></tr><tr><td style=\"height:21.75pt;\"><p style=\"text-align:center;\">13</p></td><td>Unit Tranfusi Darah Rumah Sakit (UTDRS)</td><td><a href=\"https://drive.google.com/file/d/1fg9MQi4NI5-TLleEnl8AWZCAUuC8DJGC/view?usp=sharing\">Download</a></td></tr><tr><td style=\"height:21.75pt;\"><p style=\"text-align:center;\">14</p></td><td>Laboratorium Patologi Anatomi</td><td><a href=\"https://drive.google.com/file/d/1Y0LgBJBqd3EtNOSGpt-MJZMUw77C6nDc/view?usp=sharing\">Download</a></td></tr><tr><td style=\"height:21.75pt;\"><p style=\"text-align:center;\">15</p></td><td>Instalasi Bedah Sentral IBS</td><td><a href=\"https://drive.google.com/file/d/1lopha_yvaa9JXnF0Bfi_N1PZroJ96lxA/view?usp=sharing\">Download</a></td></tr><tr><td style=\"height:21.75pt;\"><p style=\"text-align:center;\">16</p></td><td>Instalasi Gizi</td><td><a href=\"https://drive.google.com/file/d/1OMH33piwi0VnF2HGXuSjrf_A0Svg4UuH/view?usp=sharing\">Download</a></td></tr><tr><td style=\"height:21.75pt;\"><p style=\"text-align:center;\">17</p></td><td>Instlasi Laundry</td><td><a href=\"https://drive.google.com/file/d/1w1H9NshrvEdCXEav8qGGrHZpJBIQHqIm/view?usp=sharing\">Download</a></td></tr><tr><td style=\"height:21.75pt;\"><p style=\"text-align:center;\">18</p></td><td>Pemulasaran Jenazah</td><td><a href=\"https://drive.google.com/file/d/1SlzDFpmxGkaacpdtxB2Vq3-JuAbjHO4y/view?usp=sharing\">Download</a></td></tr><tr><td style=\"height:21.75pt;\"><p style=\"text-align:center;\">19</p></td><td>Mobil Ambulance</td><td><a href=\"https://drive.google.com/file/d/1CFT1ECSPM6ImKhMNVXOxG-Opr_uT4P-D/view?usp=sharing\">Download</a></td></tr><tr><td style=\"height:21.75pt;\"><p style=\"text-align:center;\">20</p></td><td>Pengawas Pencegah Infeksi (PPI)</td><td><a href=\"https://drive.google.com/file/d/1vJg2SAS0iL_8sqINoiWHvnZ6h4-b_iq3/view?usp=sharing\">Download</a></td></tr><tr><td style=\"height:21.75pt;\"><p style=\"text-align:center;\">21</p></td><td>Hemodialisis</td><td><a href=\"https://drive.google.com/file/d/1AfqxtFORdcA-p8gtrRYkoqM1OR55RzQJ/view?usp=sharing\">Download</a></td></tr></tbody></table></figure>", "view_count": 81, "menu_id": 1009, "admin_id": 112, "created_at": "2023-08-27T07:35:26.808Z", "updated_at": "2024-07-07T22:54:42.573Z", "is_edited": true}, "m2m": {"photo": []}}, {"condition": {"id": 9129}, "defaults": {"site_id": 82, "judul": "Maklumat Pelayanan Rumah Sakit", "isi_halaman": "", "view_count": 59, "menu_id": 1010, "admin_id": 112, "created_at": "2023-08-27T09:15:57.526Z", "updated_at": "2024-07-07T22:38:45.985Z", "is_edited": true}, "m2m": {"photo": [13036]}}, {"condition": {"id": 9130}, "defaults": {"site_id": 82, "judul": "Sejarah Singkat RSUD Patut Patuh Patju", "isi_halaman": "<p style=\"margin-left:40px;\"><img class=\"image-style-align-left image_resized\" style=\"width:18.42%;\" src=\"/media/image_umd00YP.png\">Rumah Sakit adalah institusi pelayanan kesehatan bagi masyarakat dengan karateristik tersendiri, yang dipengaruhi oleh perkembangan ilmu pengetahuan kesehatan, kemajuan teknologi dan kehidupan sosial ekonomi masyarakat. Rumah Sakit juga harus mampu meningkatkan pelayanan yang lebih bermutu dan terjangkau oleh masyarakat agar terwujudnya derajat kesehatan yang setinggi-tingginya.&nbsp;<br>Keinginan untuk mendirikan Rumah Sakit di Kabupaten Lombok Barat telah muncul sejak tahun 1997. Ketika itu Kepala Dinas Kabupaten Lombok Barat, dr.H.Sagaf Umar telah menyusun proposal untuk meningkatkan fungsi Puskesmas Perawatan Gerung menjadi fungsi Rumah Sakit dengan pelayanan kunjungan dokter spesialis secara periodik.<br>Pada tahun itu juga dilakukan studi banding ke beberapa puskesmas yang telah ditingkatkan fungsinya menjadi fungsi Rumah Sakit, yaitu Puskesmas Genteng di Kabupaten Banyuwangi dan Puskesmas Kepanjen di Kabupaten Malang. Kegiatan studi banding tersebut diikuti oleh Jajaran Pemerintah Daerah Kabupaten Lombok Barat, unsur Dinas Kesehatan Kabupaten Lombok Barat dan unsur DPRD Kabupaten Lombok Barat.<br>Tahun 1999 dibuat \u201dsiteplan\u201d Rumah Sakit yang kemudian pada tahun 2000 dilakukan penyempurnaan dan disusun rencana pembangunannya, pada tahun 2001 telah dilakukan pembangunan rehabilitasi fisik Puskesmas Perawatan Gerung untuk mendukung operasionalisasi fungsi puskesmas tersebut menjadi fungsi Rumah Sakit serta ditunjang dengan pengadaan beberapa peralatan medis esensial pada tahun 2002.<br>Tanggal 2 Agustus 2002 dikeluarkan Surat Keputusan Bupati Lombok Barat No: 23 tentang status Rumah Sakit Persiapan Daerah Kabupaten Lombok Barat sebagai Unit Pelaksana Teknis Daerah (UPTD) Dinas Kesehatan Masyarakat Kabupaten Lombok Barat dengan dr.H.L.Sekarningrat sebagai Pelaksana Teknis Direktur. Menindak lanjuti Surat Keputusan Bupati Lombok Barat, pada tanggal 30 Oktober 2002 dilakukan kunjungan ke Pusksmas Perawatan Gerung dan meminta untuk segera mengoperasikan Rumah Sakit Persiapan Daerah Kabupaten Lombok Barat.<br>Tanggal 2 Nopember 2002 Rumah Sakit Persiapan Daerah Kabupaten Lombok Barat secara resmi mulai dioperasikan dengan penambahan pelayanan pada Puskesmas Perawatan dengan pelayanan masih bergabung dengan pelayanan Puskesmas.<br>Sejak tanggal 1 Januari 2004 dengan berpindahnya Puskesmas Perawatan Gerung untuk menempati tempat yang baru, maka jenis pelayanan di Rumah Sakit Persiapan Daerah Kabapaten Lombok Barat lebih ditingkatkan yang semula hanya melakukan pelayanan Rawat Inap, Ruang Bersalin, dan IGD, ditingkatkan menjadi pelayanan IGD 24 jam, Rawat Inap terpisah antara pelayanan publik dengan pelayanan mandiri, Rawat Jalan (Poli Umum dan Poli Gigi), Farmasi, Apotek, KB, Ambulance serta Kunjungan Dokter Spesialis Penyakit dalam 2 (dua) kali seminggu.<br>Untuk meningkatkan kinerja Rumah Sakit Persiapan Daerah Kabupaten Lombok Barat serta untuk dapat memenuhi persyaratan sebagai Rumah Sakit Tipe C secara bertahap Rumah Sakit Persiapan Daerah Kabupaten Lombok Barat juga berganti kepemimpinan Plt. Direktur Rumah Sakit Persiapan Daerah Kabupaten Lombok Barat dari dr.H. Lalu Sekarningrat kepada drg.H.Lalu Duarna Suparlan, sesuai dengan surat perintah Bupati Lombok Barat nomor : 800 / 42 / Kepeg / 2004. Kemudian pada tanggal 3 Januari 2005 telah dikeluarkan surat keputusan Kepala Dinas Kesehatan nomor : 045 / 019 / I / 2005 tentang penunjukkan penanggung jawab harian di lingkungan Rumah Sakit Umum Daerah Kabupaten Lombok Barat dengan dr.H.R.Asmono sebagai Penanggungjawab Harian Direktur.<br>Pada tanggal 28 April 2005 gedung Rumah Sakit Umum Daerah Kabupaten Lombok Barat diresmikan penggunaannya oleh Bupati Kabupaten Lombok Barat dan secara resmi Rumah Sakit Umum Daerah Kabupaten Lombok Barat dioperasikan serta berganti nama menjadi Rumah Sakit Umum Daerah Patut Patuh Patju Kabupaten Lombok Barat.<br>Tahun 2006 RSUD Patut Patuh Patuh ditetapkan sebagai Satuan Kerja Perangkat Daerah (SKPD) Pemda Kabupaten Lombok Barat, dengan dikeluarkannya Peraturan Daerah Nomor 3 Tahun 2006 tentang Pembentukan Rumah Sakit dan Struktur Organisasi Rumah Sakit Daerah Patut Patuh Patju dan ditindak lanjuti dengan pelantikan drg. Ni Made Ambaryati, M.Kes. pada tanggal 26 Februari 2007 oleh Bupati Lombok Barat sebagai pejabat Direktur RSUD Patut Patuh Patju yang telah digantikan oleh drg.Arbain Ishak,MM sejak tanggal 9 Juni 2017 hingga 7 April 2022.<br>Selama terjadinya kekosongan Direktur RSUD Patut Patuh Patju Kabupaten Lombok Barat, diangkatnya Kepala Bagian Tata Usaha, Atmayadi,S.Pd,.M.Kes. menjadi plt. Direktur sejak tanggal 8 April 2022 hingga 27 September 2022 yang selanjutnya diangkatnya secara definitif dr.Suriyadi,Sp.An. sebagai Direktur RSUD Patut Patuh Patju Kabuapten Lombok Barat sejak tanggal 28 September 2022 hingga saat ini.<br>Rumah Sakit Umum Daerah (RSUD) Patut Patuh Patju Kabupaten Lombok Barat adalah Rumah Sakit milik Pemerintah Daerah Kabupaten Lombok Barat. RSUD Patut Patuh Patju Kabupaten Lombok Barat menjadi fasilitas unggulan Pemerintah Kabupaten Lombok Barat dalam hal pemberian layanan kesehatan kepada penduduk Kabupaten Lombok Barat dan penduduk wilayah kabupaten sekitar. Untuk memberikan pelayanan terbaik kepada pasien dan sekaligus memberikan sumbangan pendapatan pada Pemerintah Daerah Kabupaten Lombok Barat, RSUD Patut Patuh Patju senantiasa mengembangkan diri dalam hal inovasi layanan, peningkatan mutu layanan, peningkatan mutu pengelolaan keuangan dan lain sebagainya.<br>RSUD Patut Patuh Patju Kabupaten Lombok Barat berdiri diatas lahan seluas 40.000 m2 ( 4 Ha ), dengan luas bangunan sampai saat ini 24.975,18 m2, yang terletak di Jalan H.L. Anggrat BA No.2, Kecamatan Gerung, Kabupaten Lombok Barat, Propinsi Nusa Tenggara Barat, Telepon (0370)-681321, 681561, Fax. (0370)-681341, email : rsud@lombokbaratkab.go.id Kode Pos 83363. Website : www.rsud-tripat.go.id.&nbsp;<br>RSUD Patut Patuh Patju Kabupaten Lombok Barat, sesuai dengan Keputusan Menteri Kesehatan Republik Indonesia Nomor 660 / Menkes / SK / IV / 2005 tentang RSUD Patut Patuh Patju adalah milik Pemerintah Kabupaten Lombok Barat dan berkedudukan sebagai Rumah Sakit tipe C dan kemudian telah naik kelas menjadi kelas B pada tanggal 31 Maret 2022 yang telah diterbitkan oleh Gubernur Nusa Tenggara Barat melalui Dinas Penanaman Modal dan Pelayanan Terpadu Satu Pintu (DPMPTSP) merupakan lembaga penyelenggara pelayanan perizinan terpadu<br>RSUD Patut Patuh Patju Kabupaten Lombok Barat telah dinyatakan PPK - BLUD PENUH sesuai dengan SK Bupati No &nbsp;01 A/001.b/RSUD/2012 tanggal 1 Januari 2012. Pada tanggal 30 Desember 2015 RSUD Patut Patuh Patju telah terakreditasi Tingkat Perdana sesuai dengan Sertifikat Akreditasi Rumah Sakit Nomor : KARS-SERT / 30 / XII / 2015 yang telah dikeluarkan oleh Komisi Akreditasi Rumah Sakit (KARS) tahun 2015 dan berlaku mulai tanggal 27 Nopember 2015 sampai dengan 26 Nopember 2018 dan sudah terakreditasi dengan status predikat PARIPURNA sesuai dengan Srtifikat Akreditasi Rumah Sakit No : KARS-SERT / 1103 / 2018. Pada tanggal 27 Oktober 2021 telah ditetapkan oleh Komisi Akreditasi Rumah Sakit (KARS) Sertifikat Akreditasi Rumah Sakit Nomor: KARS-SERT / 2356 / X / 2021 dengan status tingkat kelulusan PARIPIRNA yang berlaku hingga 13 Maret 2022. Pencapaian terkini dengan status predikat PARIPURNA telah dikeluarkan oleh Lembaga Akreditasi Rumah Sakit Damar Husada Paripurna (LARS DHP) di Jakarta tanggal 9 Februari 2023 yang berlaku hingga 8 Februari 2027.</p>", "view_count": 122, "menu_id": 1011, "admin_id": 112, "created_at": "2023-08-27T10:00:25.438Z", "updated_at": "2024-07-12T02:05:29.863Z", "is_edited": true}, "m2m": {"photo": []}}, {"condition": {"id": 23533}, "defaults": {"site_id": 82, "judul": "Tarif Paket Pelayanan Medical Check Up RSUD Patut Patuh Patju", "isi_halaman": "", "view_count": 78, "menu_id": 1046, "admin_id": 112, "created_at": "2024-02-03T02:08:06.770Z", "updated_at": "2024-07-11T03:30:18.130Z", "is_edited": true}, "m2m": {"photo": [15751, 15752, 15753]}}, {"condition": {"id": 28324}, "defaults": {"site_id": 82, "judul": "Prestasi", "isi_halaman": "<p style=\"margin-left:0cm;text-align:justify;\">Rumah sakit adalah pilar utama dalam pelayanan kesehatan, dan prestasi kerja mereka tidak hanya mencerminkan standar klinis tinggi tetapi juga dedikasi terhadap kesejahteraan masyarakat. Seiring waktu, RSUD Patut Patuh Patju Kabupaten Lombok Barat telah menorehkan sejumlah prestasi yang membedakannya dalam peta pelayanan kesehatan rujukan di Kabupaten Lombok Barat.</p><p style=\"margin-left:0cm;text-align:justify;\">Salah satu pencapaian utama kami adalah mengintegrasikan upaya peningkatan mutu pelayanan kesehatan RSUD Patut Patuh Patju Kabupaten Lombok Barat memanfaatkan sistem informasi dan pendekatan kepada pasien untuk mempercepat proses diagnosis, merampingkan administrasi, dan memastikan keterjangkauan layanan. Inovasi ini tidak hanya meningkatkan efisiensi tetapi juga memberikan pengalaman pasien yang lebih baik.</p><p style=\"margin-left:0cm;text-align:justify;\">Komitmen terhadap pendidikan dan penelitian juga menjadi sorotan dalam menunjang prestasi. RSUD Patut Patuh Patju Kabupaten Lombok Barat telah berperan aktif dalam menyelenggarakan pelatihan bagi profesional kesehatan dan mendukung penelitian yang berkontribusi pada perkembangan ilmiah. Hasilnya, RSUD Patut Patuh Patju Kabupaten Lombok Barat telah menjadi pusat unggulan dalam menghadirkan perawatan kesehatan terdepan.</p><p>Prestasi ini tidak hanya muncul dari kerja keras tim medis, tetapi juga dari dukungan penuh dari seluruh staf dan manajemen. Semua ini menciptakan lingkungan kerja yang mendukung kolaborasi, inovasi, dan pemberdayaan setiap anggota tim. RSUD Patut Patuh Patju Kabupaten Lombok Barat terus berkomitmen untuk terus meningkatkan mutu pelayanan Kesehatan rujukan, menghadirkan inovasi, dan menjadi pionir dalam mencapai keunggulan dalam perawatan kesehatan.</p><p>Berikut ini adalah beberapa prestasi RSUD Patut Patuh Patju Kabupaten Lombok Barat diraih dan diserahkan pada tahun 2022 :</p><ol><li>Piagam Penghargaan Pemilihan tenaga Kesehatan Teladan Tingkat Propinsi Nusa Tenggara Barat tentang PENYULUHAN YANG DILAKUKAN DI INSTALASI FARMASI RAWAT JALAN DALAM PENGGUNAAN OBAT, TERUTAMA BAGI PASIEN DM YANG AKAN MENDAPATKAN TERAPI INSULIN dengan judul penelitian KUMIS PAK RADEN ( Kamis Manis Minum Obat dengan Benar)<br>&nbsp;</li><li>Piagam Penghargaan Pemilihan tenaga Kesehatan Teladan Tingkat Nasional yang mewakili RSUD Patut Patuh Patju Kabupaten Lombok Barat tentang OBSERVASI POST OPERASI SECTIO CAESAREA TERINTEGRASI dengan judul penelitian SIPOP CETAR yang cukup efektif dan efesien serta dapat meningkatkan kepuasan pasien dan meningkatkan kinerja staf<br>&nbsp;</li><li>Piagam Penghargaan Pemilihan tenaga Kesehatan Teladan Tingkat Nasional yang mewakili RSUD Patut Patuh Patju Kabupaten Lombok Barat tentang LEAN MANAGEMENT (Lebih Efisien Aliran dan Nilai Mutu Dalam Kegiatan Pelayanan Pasien di Instalasi Bedah Sentral RSUD Patut Patuh Patju)&nbsp;<br>&nbsp;</li><li style=\"text-align:center;\">Piagam Penghargaan pencapaian 100% Pelaporan SPT Tahunan PPh OP bagi pegawai RSUD Patut Patuh Patju Kabupaten Lombok Barat yang diterbitkan oleh Kepala KPP Pratama Mataram Timur&nbsp;<br><br><img class=\"image_resized\" style=\"width:30.87%;\" src=\"https://cdn.lombokbaratkab.go.id/media/image_ArYCR10.png\"> &nbsp;&nbsp;<img class=\"image_resized\" style=\"width:21.49%;\" src=\"https://cdn.lombokbaratkab.go.id/media/image_UiiBO8b.png\"> &nbsp;<img class=\"image_resized\" style=\"width:24.18%;\" src=\"https://cdn.lombokbaratkab.go.id/media/image_gOKKx26.png\"><img class=\"image_resized\" style=\"width:65.63%;\" src=\"https://cdn.lombokbaratkab.go.id/media/image_U3MnmVS.png\"></li></ol><p>&nbsp;</p>", "view_count": 86, "menu_id": 1045, "admin_id": 112, "created_at": "2024-02-15T01:36:46.448Z", "updated_at": "2024-07-12T01:31:51.071Z", "is_edited": true}, "m2m": {"photo": []}}, {"condition": {"id": 48874}, "defaults": {"site_id": 82, "judul": "MANFAAT BERHENTI MEROKOK", "isi_halaman": "<p>Yuk, mulailah berhenti merokok karena banyak manfaatnya, loh!</p>", "view_count": 26, "menu_id": 1031, "admin_id": 112, "created_at": "2024-06-05T11:12:06.251Z", "updated_at": "2024-07-09T14:41:18.562Z", "is_edited": true}, "m2m": {"photo": [19427]}}, {"condition": {"id": 50135}, "defaults": {"site_id": 82, "judul": "Neonatal Intensive Care Unit (NICU)", "isi_halaman": "Informasi tentang \"Neonatal Intensive Care Unit (NICU)\". Silahkan update di halaman <a target=\"_blank\" href=\"/dashboard/halaman-statis/\">Dashboard.<a><br><br><br><br>\"Halaman ini dibuat otomatis oleh sistem, karena halaman statis untuk menu ini belum dibuat. <br>Silahkan lakukan update di halaman statis.\"", "view_count": 7, "menu_id": 994, "admin_id": null, "created_at": "2024-06-12T07:28:54.211Z", "updated_at": "2024-07-11T12:06:43.009Z", "is_edited": false}, "m2m": {"photo": []}}, {"condition": {"id": 50179}, "defaults": {"site_id": 82, "judul": "Informasi", "isi_halaman": "Informasi tentang \"Informasi\". Silahkan update di halaman <a target=\"_blank\" href=\"/dashboard/halaman-statis/\">Dashboard.<a><br><br><br><br>\"Halaman ini dibuat otomatis oleh sistem, karena halaman statis untuk menu ini belum dibuat. <br>Silahkan lakukan update di halaman statis.\"", "view_count": 14, "menu_id": 1015, "admin_id": null, "created_at": "2024-06-13T12:24:35.105Z", "updated_at": "2024-07-09T01:13:08.241Z", "is_edited": false}, "m2m": {"photo": []}}, {"condition": {"id": 50180}, "defaults": {"site_id": 82, "judul": "Layanan", "isi_halaman": "Informasi tentang \"Layanan\". Silahkan update di halaman <a target=\"_blank\" href=\"/dashboard/halaman-statis/\">Dashboard.<a><br><br><br><br>\"Halaman ini dibuat otomatis oleh sistem, karena halaman statis untuk menu ini belum dibuat. <br>Silahkan lakukan update di halaman statis.\"", "view_count": 20, "menu_id": 983, "admin_id": null, "created_at": "2024-06-13T12:24:42.095Z", "updated_at": "2024-07-11T03:05:35.299Z", "is_edited": false}, "m2m": {"photo": []}}, {"condition": {"id": 50252}, "defaults": {"site_id": 82, "judul": "Penunjang Medik", "isi_halaman": "Informasi tentang \"Penunjang Medik\". Silahkan update di halaman <a target=\"_blank\" href=\"/dashboard/halaman-statis/\">Dashboard.<a><br><br><br><br>\"Halaman ini dibuat otomatis oleh sistem, karena halaman statis untuk menu ini belum dibuat. <br>Silahkan lakukan update di halaman statis.\"", "view_count": 8, "menu_id": 985, "admin_id": null, "created_at": "2024-06-13T20:24:31.486Z", "updated_at": "2024-07-09T16:58:01.269Z", "is_edited": false}, "m2m": {"photo": []}}, {"condition": {"id": 50282}, "defaults": {"site_id": 82, "judul": "RAWAT INAP", "isi_halaman": "Informasi tentang \"RAWAT INAP\". Silahkan update di halaman <a target=\"_blank\" href=\"/dashboard/halaman-statis/\">Dashboard.<a><br><br><br><br>\"Halaman ini dibuat otomatis oleh sistem, karena halaman statis untuk menu ini belum dibuat. <br>Silahkan lakukan update di halaman statis.\"", "view_count": 7, "menu_id": 1074, "admin_id": null, "created_at": "2024-06-13T23:48:04.999Z", "updated_at": "2024-07-07T23:01:52.090Z", "is_edited": false}, "m2m": {"photo": []}}, {"condition": {"id": 50283}, "defaults": {"site_id": 82, "judul": "Rawat Jalan", "isi_halaman": "Informasi tentang \"Rawat Jalan\". Silahkan update di halaman <a target=\"_blank\" href=\"/dashboard/halaman-statis/\">Dashboard.<a><br><br><br><br>\"Halaman ini dibuat otomatis oleh sistem, karena halaman statis untuk menu ini belum dibuat. <br>Silahkan lakukan update di halaman statis.\"", "view_count": 20, "menu_id": 987, "admin_id": null, "created_at": "2024-06-13T23:48:18.557Z", "updated_at": "2024-07-07T22:55:42.146Z", "is_edited": false}, "m2m": {"photo": []}}, {"condition": {"id": 50308}, "defaults": {"site_id": 82, "judul": "Instalasi Gawat Darurat (IGD)", "isi_halaman": "Informasi tentang \"Instalasi Gawat Darurat (IGD)\". Silahkan update di halaman <a target=\"_blank\" href=\"/dashboard/halaman-statis/\">Dashboard.<a><br><br><br><br>\"Halaman ini dibuat otomatis oleh sistem, karena halaman statis untuk menu ini belum dibuat. <br>Silahkan lakukan update di halaman statis.\"", "view_count": 8, "menu_id": 991, "admin_id": null, "created_at": "2024-06-14T03:18:22.095Z", "updated_at": "2024-07-07T22:59:13.686Z", "is_edited": false}, "m2m": {"photo": []}}, {"condition": {"id": 50313}, "defaults": {"site_id": 82, "judul": "Poliklinik Rehab Medik", "isi_halaman": "Informasi tentang \"Poliklinik Rehab Medik\". Silahkan update di halaman <a target=\"_blank\" href=\"/dashboard/halaman-statis/\">Dashboard.<a><br><br><br><br>\"Halaman ini dibuat otomatis oleh sistem, karena halaman statis untuk menu ini belum dibuat. <br>Silahkan lakukan update di halaman statis.\"", "view_count": 11, "menu_id": 1004, "admin_id": null, "created_at": "2024-06-14T04:10:15.826Z", "updated_at": "2024-07-07T23:07:00.592Z", "is_edited": false}, "m2m": {"photo": []}}, {"condition": {"id": 50348}, "defaults": {"site_id": 82, "judul": "Unit Tranfusi Darah", "isi_halaman": "Informasi tentang \"Unit Tranfusi Darah\". Silahkan update di halaman <a target=\"_blank\" href=\"/dashboard/halaman-statis/\">Dashboard.<a><br><br><br><br>\"Halaman ini dibuat otomatis oleh sistem, karena halaman statis untuk menu ini belum dibuat. <br>Silahkan lakukan update di halaman statis.\"", "view_count": 10, "menu_id": 1000, "admin_id": null, "created_at": "2024-06-14T09:47:36.558Z", "updated_at": "2024-07-11T01:41:28.441Z", "is_edited": false}, "m2m": {"photo": []}}, {"condition": {"id": 50383}, "defaults": {"site_id": 82, "judul": "Instalasi Gizi", "isi_halaman": "Informasi tentang \"Instalasi Gizi\". Silahkan update di halaman <a target=\"_blank\" href=\"/dashboard/halaman-statis/\">Dashboard.<a><br><br><br><br>\"Halaman ini dibuat otomatis oleh sistem, karena halaman statis untuk menu ini belum dibuat. <br>Silahkan lakukan update di halaman statis.\"", "view_count": 7, "menu_id": 1001, "admin_id": null, "created_at": "2024-06-14T15:22:16.079Z", "updated_at": "2024-07-07T22:38:57.566Z", "is_edited": false}, "m2m": {"photo": []}}, {"condition": {"id": 50389}, "defaults": {"site_id": 82, "judul": "Instalasi Farmasi", "isi_halaman": "Informasi tentang \"Instalasi Farmasi\". Silahkan update di halaman <a target=\"_blank\" href=\"/dashboard/halaman-statis/\">Dashboard.<a><br><br><br><br>\"Halaman ini dibuat otomatis oleh sistem, karena halaman statis untuk menu ini belum dibuat. <br>Silahkan lakukan update di halaman statis.\"", "view_count": 17, "menu_id": 999, "admin_id": null, "created_at": "2024-06-14T16:27:48.113Z", "updated_at": "2024-07-11T15:07:50.877Z", "is_edited": false}, "m2m": {"photo": []}}, {"condition": {"id": 50399}, "defaults": {"site_id": 82, "judul": "Instalasi Radiologi", "isi_halaman": "Informasi tentang \"Instalasi Radiologi\". Silahkan update di halaman <a target=\"_blank\" href=\"/dashboard/halaman-statis/\">Dashboard.<a><br><br><br><br>\"Halaman ini dibuat otomatis oleh sistem, karena halaman statis untuk menu ini belum dibuat. <br>Silahkan lakukan update di halaman statis.\"", "view_count": 10, "menu_id": 998, "admin_id": null, "created_at": "2024-06-14T18:52:13.573Z", "updated_at": "2024-07-07T23:05:33.194Z", "is_edited": false}, "m2m": {"photo": []}}, {"condition": {"id": 50408}, "defaults": {"site_id": 82, "judul": "Flayer", "isi_halaman": "Informasi tentang \"Flayer\". Silahkan update di halaman <a target=\"_blank\" href=\"/dashboard/halaman-statis/\">Dashboard.<a><br><br><br><br>\"Halaman ini dibuat otomatis oleh sistem, karena halaman statis untuk menu ini belum dibuat. <br>Silahkan lakukan update di halaman statis.\"", "view_count": 14, "menu_id": 1032, "admin_id": null, "created_at": "2024-06-14T21:29:01.059Z", "updated_at": "2024-07-10T23:31:35.968Z", "is_edited": false}, "m2m": {"photo": []}}, {"condition": {"id": 50449}, "defaults": {"site_id": 82, "judul": "Instalasi CSSD", "isi_halaman": "Informasi tentang \"Instalasi CSSD\". Silahkan update di halaman <a target=\"_blank\" href=\"/dashboard/halaman-statis/\">Dashboard.<a><br><br><br><br>\"Halaman ini dibuat otomatis oleh sistem, karena halaman statis untuk menu ini belum dibuat. <br>Silahkan lakukan update di halaman statis.\"", "view_count": 10, "menu_id": 1002, "admin_id": null, "created_at": "2024-06-15T02:20:02.160Z", "updated_at": "2024-07-09T14:23:35.089Z", "is_edited": false}, "m2m": {"photo": []}}, {"condition": {"id": 50450}, "defaults": {"site_id": 82, "judul": "Pengaduan", "isi_halaman": "<figure class=\"image image-style-align-center image_resized\" style=\"width:48.02%;\"><img src=\"https://cdn.lombokbaratkab.go.id/media/SIPPN_9TEXhcy.jpg\" alt=\"SIPPN\"></figure><p style=\"margin-left:40px;text-align:center;\"><a href=\"https://sippn.menpan.go.id/instansi/154884/pemerintah-kab-lombok-barat/rsud-patut-patuh-patju\"><span class=\"text-huge\" style=\"background-color:hsl(0,79%,66%);color:hsl(0,0%,100%);\"><strong>SIPP</strong></span></a></p><p style=\"margin-left:40px;text-align:center;\">&nbsp;</p><figure class=\"image image-style-align-center image_resized\" style=\"width:52.58%;\"><img src=\"https://cdn.lombokbaratkab.go.id/media/span-scaled_VneKKe9.jpg\"></figure><p style=\"text-align:center;\"><a href=\"https://www.lapor.go.id/\"><span class=\"text-huge\" style=\"background-color:hsl(11,100%,50%);color:hsl(0,0%,100%);\"><strong>SP4N LAPOR</strong></span></a></p>", "view_count": 21, "menu_id": 1083, "admin_id": 112, "created_at": "2024-06-15T02:20:34.455Z", "updated_at": "2024-07-11T03:09:39.047Z", "is_edited": true}, "m2m": {"photo": []}}, {"condition": {"id": 50463}, "defaults": {"site_id": 82, "judul": "Profil Direktur", "isi_halaman": "Informasi tentang \"Profil Direktur\". Silahkan update di halaman <a target=\"_blank\" href=\"/dashboard/halaman-statis/\">Dashboard.<a><br><br><br><br>\"Halaman ini dibuat otomatis oleh sistem, karena halaman statis untuk menu ini belum dibuat. <br>Silahkan lakukan update di halaman statis.\"", "view_count": 22, "menu_id": 982, "admin_id": null, "created_at": "2024-06-15T04:04:10.047Z", "updated_at": "2024-07-10T18:30:29.145Z", "is_edited": false}, "m2m": {"photo": []}}, {"condition": {"id": 50472}, "defaults": {"site_id": 82, "judul": "Pelayanan Medik", "isi_halaman": "Informasi tentang \"Pelayanan Medik\". Silahkan update di halaman <a target=\"_blank\" href=\"/dashboard/halaman-statis/\">Dashboard.<a><br><br><br><br>\"Halaman ini dibuat otomatis oleh sistem, karena halaman statis untuk menu ini belum dibuat. <br>Silahkan lakukan update di halaman statis.\"", "view_count": 7, "menu_id": 984, "admin_id": null, "created_at": "2024-06-15T05:01:57.049Z", "updated_at": "2024-07-10T18:36:18.802Z", "is_edited": false}, "m2m": {"photo": []}}, {"condition": {"id": 50476}, "defaults": {"site_id": 82, "judul": "Dokter Spesialis", "isi_halaman": "<h3><strong>Dokter Spesialis RSUD Patut Patuh Patju Kabupaten Lombok Barat :</strong></h3><figure class=\"table\"><table><tbody><tr><td><figure class=\"image\"><img src=\"https://cdn.lombokbaratkab.go.id/media/Dokter%20Spesialis%20Akupunktur%20(Website)_s4072Pf.jpg\"></figure></td><td><figure class=\"image\"><img src=\"https://cdn.lombokbaratkab.go.id/media/Dokter%20Spesialis%20Anestesi%201%20(Website)_2M46E0l.jpg\"></figure></td></tr></tbody></table></figure><figure class=\"table\"><table><tbody><tr><td><figure class=\"image\"><img src=\"https://cdn.lombokbaratkab.go.id/media/Dokter%20Spesialis%20Anak%201%20(Website)_c1t0ZJj.jpg\"></figure></td><td><figure class=\"image\"><img src=\"https://cdn.lombokbaratkab.go.id/media/Dokter%20Spesialis%20Anestesi%202%20(Website)_5LnbnrD.jpg\"></figure></td></tr></tbody></table></figure><figure class=\"table\"><table><tbody><tr><td><figure class=\"image\"><img src=\"https://cdn.lombokbaratkab.go.id/media/Dokter%20Spesialis%20Anestesi%203%20(Website)_tvFhFyW.jpg\"></figure></td><td><figure class=\"image\"><img src=\"https://cdn.lombokbaratkab.go.id/media/Dokter%20Spesialis%20Anestesi%204%20(Website)_6kmaf8X.jpg\"></figure></td></tr></tbody></table></figure><figure class=\"table\"><table><tbody><tr><td><figure class=\"image\"><img src=\"https://cdn.lombokbaratkab.go.id/media/Dokter%20Spesialis%20Bedah%201%20(Website)_CAKkUVk.jpg\"></figure></td><td><figure class=\"image\"><img src=\"https://cdn.lombokbaratkab.go.id/media/Dokter%20Spesialis%20Bedah%202%20(Website)_LshQIMW.jpg\"></figure></td></tr></tbody></table></figure><figure class=\"table\"><table><tbody><tr><td><figure class=\"image\"><img src=\"https://cdn.lombokbaratkab.go.id/media/Dokter%20Spesialis%20Bedah%203%20(Website)_xsXJbBj.jpg\"></figure></td><td><figure class=\"image\"><img src=\"https://cdn.lombokbaratkab.go.id/media/Dokter%20Spesialis%20Bedah%20Mulut%20(Website)_7NWV3tH.jpg\"></figure></td></tr></tbody></table></figure><figure class=\"table\"><table><tbody><tr><td><figure class=\"image\"><img src=\"https://cdn.lombokbaratkab.go.id/media/Dokter%20Spesialis%20Bedah%20Saraf%20(Website)_7pdMrvK.jpg\"></figure></td><td><figure class=\"image\"><img src=\"https://cdn.lombokbaratkab.go.id/media/Dokter%20Spesialis%20Bedah%20Tulang%20(Website)_EaicOqG.jpg\"></figure></td></tr></tbody></table></figure><figure class=\"table\"><table><tbody><tr><td><figure class=\"image\"><img src=\"https://cdn.lombokbaratkab.go.id/media/Dokter%20Spesialis%20Haji-Umroh%20(Website)_z2JT6V3.jpg\"></figure></td><td><figure class=\"image\"><img src=\"https://cdn.lombokbaratkab.go.id/media/Dokter%20Spesialis%20Jantung%20(Website)_heYhizA.jpg\"></figure></td></tr></tbody></table></figure><figure class=\"table\"><table><tbody><tr><td><figure class=\"image\"><img src=\"https://cdn.lombokbaratkab.go.id/media/Dokter%20Spesialis%20Konservasi%20Gigi%20(Website)_MwXv3MK.jpg\"></figure></td><td><figure class=\"image\"><img src=\"https://cdn.lombokbaratkab.go.id/media/Dokter%20Spesialis%20Kulit%20%26%20Kelamin%20(Website)_UbbK3rw.jpg\"></figure></td></tr></tbody></table></figure><figure class=\"table\"><table><tbody><tr><td><figure class=\"image\"><img src=\"https://cdn.lombokbaratkab.go.id/media/Dokter%20Spesialis%20Mata%201%20(Website)_DCQRatY.jpg\"></figure></td><td><figure class=\"image\"><img src=\"https://cdn.lombokbaratkab.go.id/media/Dokter%20Spesialis%20Mata%202%20(Website)_St8BKed.jpg\"></figure></td></tr></tbody></table></figure><figure class=\"table\"><table><tbody><tr><td><figure class=\"image\"><img src=\"https://cdn.lombokbaratkab.go.id/media/Dokter%20Spesialis%20Obgyn%201%20(Website)_taRRw4Z.jpg\"></figure></td><td><figure class=\"image\"><img src=\"https://cdn.lombokbaratkab.go.id/media/Dokter%20Spesialis%20Obgyn%202%20(Website)_Q4FjkYa.jpg\"></figure></td></tr></tbody></table></figure><figure class=\"table\"><table><tbody><tr><td><figure class=\"image\"><img src=\"https://cdn.lombokbaratkab.go.id/media/Dokter%20Spesialis%20Obgyn%203%20(Website)_2f4W63C.jpg\"></figure></td><td><figure class=\"image\"><img src=\"https://cdn.lombokbaratkab.go.id/media/Dokter%20Spesialis%20Orthodontis%20(Website)_eYmdYtD.jpg\"></figure></td></tr></tbody></table></figure><figure class=\"table\"><table><tbody><tr><td><figure class=\"image\"><img src=\"https://cdn.lombokbaratkab.go.id/media/Dokter%20Spesialis%20Paru%20(Website)_0RpNpgZ.jpg\"></figure></td><td><figure class=\"image\"><img src=\"https://cdn.lombokbaratkab.go.id/media/Dokter%20Spesialis%20Patologi%20Anatomi%20(Website)_5QCOGjS.jpg\"></figure></td></tr></tbody></table></figure><figure class=\"table\"><table><tbody><tr><td><figure class=\"image\"><img src=\"https://cdn.lombokbaratkab.go.id/media/Dokter%20Spesialis%20Pedodontis%20(Website)_Vc4IWl3.jpg\"></figure></td><td><figure class=\"image\"><img src=\"https://cdn.lombokbaratkab.go.id/media/Dokter%20Spesialis%20Penyakit%20Dalam%201%20(Website)_3qIZfJy.jpg\"></figure></td></tr></tbody></table></figure><figure class=\"table\"><table><tbody><tr><td><figure class=\"image\"><img src=\"https://cdn.lombokbaratkab.go.id/media/Dokter%20Spesialis%20Penyakit%20Dalam%202%20(Website)_mXKCvmQ.jpg\"></figure></td><td><figure class=\"image\"><img src=\"https://cdn.lombokbaratkab.go.id/media/Dokter%20Spesialis%20Penyakit%20Dalam%203%20(Website)_EYOSlkr.jpg\"></figure></td></tr></tbody></table></figure><figure class=\"table\"><table><tbody><tr><td><figure class=\"image\"><img src=\"https://cdn.lombokbaratkab.go.id/media/Dokter%20Spesialis%20Psikiatri%201%20(Website)_ruhTV1y.jpg\"></figure></td><td><figure class=\"image\"><img src=\"https://cdn.lombokbaratkab.go.id/media/Dokter%20Spesialis%20Psikiatri%202%20(Website)_fsc7sZT.jpg\"></figure></td></tr></tbody></table></figure><figure class=\"table\"><table><tbody><tr><td><figure class=\"image\"><img src=\"https://cdn.lombokbaratkab.go.id/media/Dokter%20Spesialis%20Radiologi%20(Website)_cgXst2k.jpg\"></figure></td><td><figure class=\"image\"><img src=\"https://cdn.lombokbaratkab.go.id/media/Dokter%20Spesialis%20Rehabilitasi%20Medik%20(Website)_givv50M.jpg\"></figure></td></tr></tbody></table></figure><figure class=\"table\"><table><tbody><tr><td><figure class=\"image\"><img src=\"https://cdn.lombokbaratkab.go.id/media/Dokter%20Spesialis%20Saraf%201%20(Website)_YnkqOju.jpg\"></figure></td><td><figure class=\"image\"><img src=\"https://cdn.lombokbaratkab.go.id/media/Dokter%20Spesialis%20Saraf%202%20(Website)_Qi2tF0k.jpg\"></figure></td></tr></tbody></table></figure><figure class=\"table\"><table><tbody><tr><td><figure class=\"image\"><img src=\"https://cdn.lombokbaratkab.go.id/media/Dokter%20Spesialis%20THT%20(Website)_W6VSx8K.jpg\"></figure></td><td><figure class=\"image\"><img src=\"https://cdn.lombokbaratkab.go.id/media/Dokter%20Spesialis%20Urologi%20(Website)_NIU1UNS.jpg\"></figure></td></tr></tbody></table></figure><p>&nbsp;</p><p>&nbsp;</p>", "view_count": 27, "menu_id": 1012, "admin_id": 112, "created_at": "2024-06-15T06:18:24.041Z", "updated_at": "2024-07-11T22:20:09.403Z", "is_edited": true}, "m2m": {"photo": []}}, {"condition": {"id": 50545}, "defaults": {"site_id": 82, "judul": "Patologi Anatomi", "isi_halaman": "Informasi tentang \"Patologi Anatomi\". Silahkan update di halaman <a target=\"_blank\" href=\"/dashboard/halaman-statis/\">Dashboard.<a><br><br><br><br>\"Halaman ini dibuat otomatis oleh sistem, karena halaman statis untuk menu ini belum dibuat. <br>Silahkan lakukan update di halaman statis.\"", "view_count": 18, "menu_id": 1007, "admin_id": null, "created_at": "2024-06-16T10:40:38.206Z", "updated_at": "2024-07-10T18:12:14.453Z", "is_edited": false}, "m2m": {"photo": []}}, {"condition": {"id": 50546}, "defaults": {"site_id": 82, "judul": "Intensive Care Unit (ICU)", "isi_halaman": "Informasi tentang \"Intensive Care Unit (ICU)\". Silahkan update di halaman <a target=\"_blank\" href=\"/dashboard/halaman-statis/\">Dashboard.<a><br><br><br><br>\"Halaman ini dibuat otomatis oleh sistem, karena halaman statis untuk menu ini belum dibuat. <br>Silahkan lakukan update di halaman statis.\"", "view_count": 5, "menu_id": 992, "admin_id": null, "created_at": "2024-06-16T12:28:06.988Z", "updated_at": "2024-07-07T23:06:12.024Z", "is_edited": false}, "m2m": {"photo": []}}, {"condition": {"id": 50552}, "defaults": {"site_id": 82, "judul": "Humas", "isi_halaman": "Informasi tentang \"Humas\". Silahkan update di halaman <a target=\"_blank\" href=\"/dashboard/halaman-statis/\">Dashboard.<a><br><br><br><br>\"Halaman ini dibuat otomatis oleh sistem, karena halaman statis untuk menu ini belum dibuat. <br>Silahkan lakukan update di halaman statis.\"", "view_count": 2, "menu_id": 1082, "admin_id": null, "created_at": "2024-06-16T15:55:09.111Z", "updated_at": "2024-07-07T20:58:22.496Z", "is_edited": false}, "m2m": {"photo": []}}, {"condition": {"id": 50611}, "defaults": {"site_id": 82, "judul": "Instalasi Laboratorium", "isi_halaman": "Informasi tentang \"Instalasi Laboratorium\". Silahkan update di halaman <a target=\"_blank\" href=\"/dashboard/halaman-statis/\">Dashboard.<a><br><br><br><br>\"Halaman ini dibuat otomatis oleh sistem, karena halaman statis untuk menu ini belum dibuat. <br>Silahkan lakukan update di halaman statis.\"", "view_count": 11, "menu_id": 997, "admin_id": null, "created_at": "2024-06-17T18:38:21.100Z", "updated_at": "2024-07-09T22:07:31.175Z", "is_edited": false}, "m2m": {"photo": []}}, {"condition": {"id": 50649}, "defaults": {"site_id": 82, "judul": "Instalasi Kesling & Laundry", "isi_halaman": "Informasi tentang \"Instalasi Kesling & Laundry\". Silahkan update di halaman <a target=\"_blank\" href=\"/dashboard/halaman-statis/\">Dashboard.<a><br><br><br><br>\"Halaman ini dibuat otomatis oleh sistem, karena halaman statis untuk menu ini belum dibuat. <br>Silahkan lakukan update di halaman statis.\"", "view_count": 8, "menu_id": 1003, "admin_id": null, "created_at": "2024-06-18T22:20:33.003Z", "updated_at": "2024-07-10T21:00:43.954Z", "is_edited": false}, "m2m": {"photo": []}}, {"condition": {"id": 50729}, "defaults": {"site_id": 82, "judul": "Patologi Klinik", "isi_halaman": "Informasi tentang \"Patologi Klinik\". Silahkan update di halaman <a target=\"_blank\" href=\"/dashboard/halaman-statis/\">Dashboard.<a><br><br><br><br>\"Halaman ini dibuat otomatis oleh sistem, karena halaman statis untuk menu ini belum dibuat. <br>Silahkan lakukan update di halaman statis.\"", "view_count": 5, "menu_id": 1006, "admin_id": null, "created_at": "2024-06-20T20:57:58.868Z", "updated_at": "2024-07-07T22:41:07.896Z", "is_edited": false}, "m2m": {"photo": []}}, {"condition": {"id": 50731}, "defaults": {"site_id": 82, "judul": "Rekam Medis", "isi_halaman": "Informasi tentang \"Rekam Medis\". Silahkan update di halaman <a target=\"_blank\" href=\"/dashboard/halaman-statis/\">Dashboard.<a><br><br><br><br>\"Halaman ini dibuat otomatis oleh sistem, karena halaman statis untuk menu ini belum dibuat. <br>Silahkan lakukan update di halaman statis.\"", "view_count": 5, "menu_id": 1014, "admin_id": null, "created_at": "2024-06-20T22:07:52.724Z", "updated_at": "2024-07-07T22:56:41.428Z", "is_edited": false}, "m2m": {"photo": []}}, {"condition": {"id": 50733}, "defaults": {"site_id": 82, "judul": "Maternal Neonatal Emergency (MNE)", "isi_halaman": "Informasi tentang \"Maternal Neonatal Emergency (MNE)\". Silahkan update di halaman <a target=\"_blank\" href=\"/dashboard/halaman-statis/\">Dashboard.<a><br><br><br><br>\"Halaman ini dibuat otomatis oleh sistem, karena halaman statis untuk menu ini belum dibuat. <br>Silahkan lakukan update di halaman statis.\"", "view_count": 6, "menu_id": 995, "admin_id": null, "created_at": "2024-06-20T22:35:08.659Z", "updated_at": "2024-07-07T23:00:16.760Z", "is_edited": false}, "m2m": {"photo": []}}, {"condition": {"id": 50734}, "defaults": {"site_id": 82, "judul": "Leaflet", "isi_halaman": "Informasi tentang \"Leaflet\". Silahkan update di halaman <a target=\"_blank\" href=\"/dashboard/halaman-statis/\">Dashboard.<a><br><br><br><br>\"Halaman ini dibuat otomatis oleh sistem, karena halaman statis untuk menu ini belum dibuat. <br>Silahkan lakukan update di halaman statis.\"", "view_count": 7, "menu_id": 1035, "admin_id": null, "created_at": "2024-06-20T22:41:11.114Z", "updated_at": "2024-07-11T06:28:02.844Z", "is_edited": false}, "m2m": {"photo": []}}, {"condition": {"id": 50739}, "defaults": {"site_id": 82, "judul": "Instalasi Bedah Sentral (IBS)", "isi_halaman": "Informasi tentang \"Instalasi Bedah Sentral (IBS)\". Silahkan update di halaman <a target=\"_blank\" href=\"/dashboard/halaman-statis/\">Dashboard.<a><br><br><br><br>\"Halaman ini dibuat otomatis oleh sistem, karena halaman statis untuk menu ini belum dibuat. <br>Silahkan lakukan update di halaman statis.\"", "view_count": 7, "menu_id": 996, "admin_id": null, "created_at": "2024-06-21T00:49:13.081Z", "updated_at": "2024-07-07T22:44:40.503Z", "is_edited": false}, "m2m": {"photo": []}}, {"condition": {"id": 51230}, "defaults": {"site_id": 82, "judul": "YUK, KELOLA STRES DENGAN BAIK!", "isi_halaman": "<p style=\"text-align:justify;\"><span style=\"color:#212121;\">Stres tidak dapat dihilangkan, tapi bisa diredakan. Cara meredakan stres yang paling efektif adalah mengelolanya dengan baik. Berikut adalah Tips yang bisa lakukan untuk mengelola stres.&nbsp;</span></p><p style=\"text-align:justify;\"><span style=\"color:#212121;\"><strong>&nbsp; &nbsp; &nbsp; &nbsp; &nbsp; &nbsp;</strong></span><strong>1. Konseling atau Curhat</strong></p><p style=\"margin-left:.5in;text-align:justify;\"><span style=\"color:#212121;\">Ungkapkan beban pikiran dan perasaan Anda kepada orang terdekat atau orang yang Anda percaya. Anda pun bisa melakukan konseling dan meminta bantuan kepada tenaga kesehatan dan psikiater.</span></p><p style=\"margin-left:.5in;text-align:justify;\"><span style=\"color:#212121;\"><strong>2. </strong></span><strong>Mengonsumsi Makanan Sehat</strong></p><p style=\"margin-left:.5in;text-align:justify;\"><span style=\"color:#212121;\">Cara lain meredakan stres adalah dengan menjaga kesehatan dan mencukupi kebutuhan nutrisi dengan makanan bergizi. Hindari makanan dan minuman yang dapat memicu stres, seperti alkohol, gula, makanan dan minuman yang tinggi kadar garam dan kafein.</span><br><span style=\"color:#212121;\">Perbanyak ikan, buah-buahan, sayuran, biji-bijian dan kacang-kacangan, khususnya yang kaya akan vitamin B dan magnesium, yang berperan dalam mengatur suasana hati.&nbsp;</span></p><p style=\"margin-left:.5in;text-align:justify;\"><span style=\"color:#212121;\"><strong>3. </strong></span><strong>Berolahraga dan Beraktivitas Fisik</strong></p><p style=\"margin-left:.5in;text-align:justify;\"><span style=\"color:#212121;\">Saat berolahraga dan bergerak, tubuh mengeluarkan hormon endorfin yang dapat membuat tubuh lebih rileks dan membuat suasana hati lebih baik.&nbsp;Berolahraga juga dapat mengalihkan pikiran Anda dari hal-hal yang selama ini mengganggu.</span><br><span style=\"color:#212121;\">Lakukan olahraga atau aktivitas fisik secara rutin minimal 30 menit selama 5 kali dalam seminggu. Beberapa jenis olahraga yang bisa dilakukan antara lain jalan santai, jogging, bersepeda, atau berenang. Anda pun bisa melakukan kegiatan rumah tangga, seperti membersihkan rumah atau berkebun.</span></p><p style=\"margin-left:.5in;text-align:justify;\"><span style=\"color:#212121;\"><strong>4. </strong></span><strong>Lakukan Kegiatan yang Anda Minati</strong></p><p style=\"margin-left:.5in;text-align:justify;\"><span style=\"color:#212121;\">Melakukan kegiatan menyenangkan sesuai hobi, seperti membaca buku, memasak, bermain musik, melukis, menyanyi dan menari, atau bermain dengan binatang peliharaan dapat memicu keluarnya hormon dopamin. Hormon dopamin adalah hormon bahagia yang dapat membuat tubuh lebih rileks dan pikiran tenang.</span></p><p style=\"margin-left:.5in;text-align:justify;\"><span style=\"color:#212121;\"><strong>5. </strong></span><strong>Berpikir Positif dan Tenang</strong></p><p style=\"margin-left:.5in;text-align:justify;\"><span style=\"color:#212121;\">Selalu berusaha dan mencoba mencari hal-hal positif dari kejadian atau tantangan yang Anda alami. Meditasi dapat membantu Anda untuk fokus pada pikiran positif dan menenangkan diri. Saat melakukan meditasi, hormon kortisol dalam tubuh akan menurun, sehingga Anda menjadi lebih rileks dan tenang.</span></p><p style=\"margin-left:.5in;text-align:justify;\"><span style=\"color:#212121;\"><strong>6. </strong></span><strong>Tidur Cukup</strong></p><p style=\"margin-left:.5in;text-align:justify;\"><span style=\"color:#212121;\">Kurangnya waktu dan kualitas tidur dapat menurunkan suasana hati, energi dan konsentrasi. Saat tidur otak dan tubuh beristirahat. Buatlah rutinitas tidur yang baik, seperti meredupkan lampu, menghindari pemakaian gadget minimal satu jam sebelum tidur, dan tidur pada waktu yang sama secara konsisten.&nbsp;Anda pun dapat memasang aromaterapi dengan aroma menenangkan untuk membantu Anda terlelap.</span><br><span style=\"color:#212121;\">Segera ke fasilitas pelayanan kesehatan untuk konsultasi jika Anda mengalami kesulitan tidur atau penurunan kualitas tidur.</span></p><p style=\"margin-left:.5in;text-align:justify;\"><span style=\"color:#212121;\"><strong>7. </strong></span><strong>Beribadah dan Mendekatkan Diri pada Tuhan</strong></p><p style=\"margin-left:.5in;text-align:justify;\"><span style=\"color:#212121;\">Meningkatkan ibadah dan mendekatkan diri pada Yang Maha Kuasa diyakini bisa meningkatkan keimanan, serta membantu Anda lebih tenang dan tabah, jauh dari pikiran-pikiran negatif.</span></p><p style=\"text-align:justify;\">&nbsp;</p>", "view_count": 10, "menu_id": 1027, "admin_id": 112, "created_at": "2024-07-08T01:10:24.305Z", "updated_at": "2024-07-11T01:55:16.963Z", "is_edited": true}, "m2m": {"photo": [20031, 20032]}}, {"condition": {"id": 51272}, "defaults": {"site_id": 82, "judul": "Flyer", "isi_halaman": "Informasi tentang \"Flyer\". Silahkan update di halaman <a target=\"_blank\" href=\"/dashboard/halaman-statis/\">Dashboard.<a><br><br><br><br>\"Halaman ini dibuat otomatis oleh sistem, karena halaman statis untuk menu ini belum dibuat. <br>Silahkan lakukan update di halaman statis.\"", "view_count": 1, "menu_id": 1092, "admin_id": 112, "created_at": "2024-07-09T02:15:40.536Z", "updated_at": "2024-07-09T02:16:53.422Z", "is_edited": false}, "m2m": {"photo": []}}, {"condition": {"id": 51274}, "defaults": {"site_id": 82, "judul": "Flyer", "isi_halaman": "Informasi tentang \"Flyer\". Silahkan update di halaman <a target=\"_blank\" href=\"/dashboard/halaman-statis/\">Dashboard.<a><br><br><br><br>\"Halaman ini dibuat otomatis oleh sistem, karena halaman statis untuk menu ini belum dibuat. <br>Silahkan lakukan update di halaman statis.\"", "view_count": 2, "menu_id": 1096, "admin_id": 112, "created_at": "2024-07-09T03:52:54.362Z", "updated_at": "2024-07-09T10:55:47.220Z", "is_edited": false}, "m2m": {"photo": []}}, {"condition": {"id": 51292}, "defaults": {"site_id": 82, "judul": "Hubungi Kami", "isi_halaman": "Informasi tentang \"Hubungi Kami\". Silahkan update di halaman <a target=\"_blank\" href=\"/dashboard/halaman-statis/\">Dashboard.<a><br><br><br><br>\"Halaman ini dibuat otomatis oleh sistem, karena halaman statis untuk menu ini belum dibuat. <br>Silahkan lakukan update di halaman statis.\"", "view_count": 2, "menu_id": 41, "admin_id": 112, "created_at": "2024-07-11T02:54:50.730Z", "updated_at": "2024-07-11T03:29:19.407Z", "is_edited": false}, "m2m": {"photo": []}}, {"condition": {"id": 51293}, "defaults": {"site_id": 82, "judul": "Pelayanan Khusus", "isi_halaman": "Informasi tentang \"Pelayanan Khusus\". Silahkan update di halaman <a target=\"_blank\" href=\"/dashboard/halaman-statis/\">Dashboard.<a><br><br><br><br>\"Halaman ini dibuat otomatis oleh sistem, karena halaman statis untuk menu ini belum dibuat. <br>Silahkan lakukan update di halaman statis.\"", "view_count": 2, "menu_id": 834, "admin_id": 112, "created_at": "2024-07-11T02:56:07.266Z", "updated_at": "2024-07-11T18:25:57.863Z", "is_edited": false}, "m2m": {"photo": []}}, {"condition": {"id": 51294}, "defaults": {"site_id": 82, "judul": "Rekognisi", "isi_halaman": "Informasi tentang \"Rekognisi\". Silahkan update di halaman <a target=\"_blank\" href=\"/dashboard/halaman-statis/\">Dashboard.<a><br><br><br><br>\"Halaman ini dibuat otomatis oleh sistem, karena halaman statis untuk menu ini belum dibuat. <br>Silahkan lakukan update di halaman statis.\"", "view_count": 1, "menu_id": 839, "admin_id": null, "created_at": "2024-07-11T03:22:52.258Z", "updated_at": "2024-07-11T03:22:52.592Z", "is_edited": false}, "m2m": {"photo": []}}, {"condition": {"id": 51298}, "defaults": {"site_id": 82, "judul": "Sarana dan Prasarana Fasilitas", "isi_halaman": "Informasi tentang \"Sarana dan Prasarana Fasilitas\". Silahkan update di halaman <a target=\"_blank\" href=\"/dashboard/halaman-statis/\">Dashboard.<a><br><br><br><br>\"Halaman ini dibuat otomatis oleh sistem, karena halaman statis untuk menu ini belum dibuat. <br>Silahkan lakukan update di halaman statis.\"", "view_count": 1, "menu_id": 837, "admin_id": null, "created_at": "2024-07-11T10:20:57.869Z", "updated_at": "2024-07-11T10:20:58.522Z", "is_edited": false}, "m2m": {"photo": []}}, {"condition": {"id": 51301}, "defaults": {"site_id": 82, "judul": "Tugas dan Fungsi", "isi_halaman": "Informasi tentang \"Tugas dan Fungsi\". Silahkan update di halaman <a target=\"_blank\" href=\"/dashboard/halaman-statis/\">Dashboard.<a><br><br><br><br>\"Halaman ini dibuat otomatis oleh sistem, karena halaman statis untuk menu ini belum dibuat. <br>Silahkan lakukan update di halaman statis.\"", "view_count": 1, "menu_id": 812, "admin_id": null, "created_at": "2024-07-11T15:19:07.277Z", "updated_at": "2024-07-11T15:19:07.659Z", "is_edited": false}, "m2m": {"photo": []}}, {"condition": {"id": 51303}, "defaults": {"site_id": 82, "judul": "Penilaian kinerja", "isi_halaman": "Informasi tentang \"Penilaian kinerja\". Silahkan update di halaman <a target=\"_blank\" href=\"/dashboard/halaman-statis/\">Dashboard.<a><br><br><br><br>\"Halaman ini dibuat otomatis oleh sistem, karena halaman statis untuk menu ini belum dibuat. <br>Silahkan lakukan update di halaman statis.\"", "view_count": 1, "menu_id": 1086, "admin_id": null, "created_at": "2024-07-11T16:52:21.860Z", "updated_at": "2024-07-11T16:52:22.243Z", "is_edited": false}, "m2m": {"photo": []}}, {"condition": {"id": 51304}, "defaults": {"site_id": 82, "judul": "Maklumat Pelayanan", "isi_halaman": "Informasi tentang \"Maklumat Pelayanan\". Silahkan update di halaman <a target=\"_blank\" href=\"/dashboard/halaman-statis/\">Dashboard.<a><br><br><br><br>\"Halaman ini dibuat otomatis oleh sistem, karena halaman statis untuk menu ini belum dibuat. <br>Silahkan lakukan update di halaman statis.\"", "view_count": 1, "menu_id": 831, "admin_id": null, "created_at": "2024-07-11T17:22:09.183Z", "updated_at": "2024-07-11T17:22:09.817Z", "is_edited": false}, "m2m": {"photo": []}}, {"condition": {"id": 51305}, "defaults": {"site_id": 82, "judul": "Profil Pejabat Struktural", "isi_halaman": "Informasi tentang \"Profil Pejabat Struktural\". Silahkan update di halaman <a target=\"_blank\" href=\"/dashboard/halaman-statis/\">Dashboard.<a><br><br><br><br>\"Halaman ini dibuat otomatis oleh sistem, karena halaman statis untuk menu ini belum dibuat. <br>Silahkan lakukan update di halaman statis.\"", "view_count": 1, "menu_id": 1043, "admin_id": null, "created_at": "2024-07-11T17:59:03.533Z", "updated_at": "2024-07-11T17:59:03.923Z", "is_edited": false}, "m2m": {"photo": []}}, {"condition": {"id": 51306}, "defaults": {"site_id": 82, "judul": "TENTANG", "isi_halaman": "Informasi tentang \"TENTANG\". Silahkan update di halaman <a target=\"_blank\" href=\"/dashboard/halaman-statis/\">Dashboard.<a><br><br><br><br>\"Halaman ini dibuat otomatis oleh sistem, karena halaman statis untuk menu ini belum dibuat. <br>Silahkan lakukan update di halaman statis.\"", "view_count": 1, "menu_id": 527, "admin_id": null, "created_at": "2024-07-11T18:41:34.066Z", "updated_at": "2024-07-11T18:41:34.422Z", "is_edited": false}, "m2m": {"photo": []}}, {"condition": {"id": 51307}, "defaults": {"site_id": 82, "judul": "Pelayanan Terpadu", "isi_halaman": "Informasi tentang \"Pelayanan Terpadu\". Silahkan update di halaman <a target=\"_blank\" href=\"/dashboard/halaman-statis/\">Dashboard.<a><br><br><br><br>\"Halaman ini dibuat otomatis oleh sistem, karena halaman statis untuk menu ini belum dibuat. <br>Silahkan lakukan update di halaman statis.\"", "view_count": 1, "menu_id": 838, "admin_id": null, "created_at": "2024-07-11T19:47:16.508Z", "updated_at": "2024-07-11T19:47:17.178Z", "is_edited": false}, "m2m": {"photo": []}}, {"condition": {"id": 51308}, "defaults": {"site_id": 82, "judul": "Atribut", "isi_halaman": "Informasi tentang \"Atribut\". Silahkan update di halaman <a target=\"_blank\" href=\"/dashboard/halaman-statis/\">Dashboard.<a><br><br><br><br>\"Halaman ini dibuat otomatis oleh sistem, karena halaman statis untuk menu ini belum dibuat. <br>Silahkan lakukan update di halaman statis.\"", "view_count": 1, "menu_id": 836, "admin_id": null, "created_at": "2024-07-11T20:27:36.979Z", "updated_at": "2024-07-11T20:27:37.270Z", "is_edited": false}, "m2m": {"photo": []}}, {"condition": {"id": 51309}, "defaults": {"site_id": 82, "judul": "Jenis Layanan", "isi_halaman": "Informasi tentang \"Jenis Layanan\". Silahkan update di halaman <a target=\"_blank\" href=\"/dashboard/halaman-statis/\">Dashboard.<a><br><br><br><br>\"Halaman ini dibuat otomatis oleh sistem, karena halaman statis untuk menu ini belum dibuat. <br>Silahkan lakukan update di halaman statis.\"", "view_count": 1, "menu_id": 898, "admin_id": null, "created_at": "2024-07-11T21:33:52.820Z", "updated_at": "2024-07-11T21:33:53.313Z", "is_edited": false}, "m2m": {"photo": []}}, {"condition": {"id": 51310}, "defaults": {"site_id": 82, "judul": "SK PENUNJUKAN PETUGAS PENGELOLA PENGADUAN", "isi_halaman": "Informasi tentang \"SK PENUNJUKAN PETUGAS PENGELOLA PENGADUAN\". Silahkan update di halaman <a target=\"_blank\" href=\"/dashboard/halaman-statis/\">Dashboard.<a><br><br><br><br>\"Halaman ini dibuat otomatis oleh sistem, karena halaman statis untuk menu ini belum dibuat. <br>Silahkan lakukan update di halaman statis.\"", "view_count": 1, "menu_id": 575, "admin_id": null, "created_at": "2024-07-12T00:13:11.432Z", "updated_at": "2024-07-12T00:13:12.041Z", "is_edited": false}, "m2m": {"photo": []}}]