[{"condition": {"id": 234}, "defaults": {"site_id": 47, "judul": "TENTANG RSUD AWET MUDA NARMADA", "isi_halaman": "<p style=\"text-align:justify;\">RSUD Awet Muda Narmada Kabupaten Lombok Barat terletak kurang lebih lima kilometer dari pusat Kota Mataram, tepatnya di jalan negara yang menghubungkan antara Kota Mataram dengan Kabupaten Lombok Tengah dan Kabupaten Lombok Timur dengan luas lahan 34.500 m dan luas bangunan 3.655&nbsp; m . Lokasi ini sangat strategis, selain mudah dijangkau juga terletak di jalur wisata dan juga alur lalu lintas Kabupaten yang menghubungkan beberapa kabupaten bahkan dua pulau besar di Provinsi Nusa Tenggara Barat.</p><p style=\"text-align:justify;\">RSUD Awet Muda Narmada dibangun untuk menjawab kebutuhan masyarakat&nbsp; akan pelayanan kesehatan rujukan bagi masyarakat khususnya masyarakat di Kabupaten Lombok Barat yang terpecah oleh lingkungan geografis yaitu bagian utara dan bagian selatan.</p><p style=\"text-align:justify;\">Pada tanggal 27 Desember 2016 Rumah Sakit Umum Daerah Awet Muda Narmada Kabupaten Lombok Barat di lakukan Soft Opening yang di buka oleh&nbsp; Bupati Kabupaten Lombok Barat H. Fauzan Khalid, S.Ag., M.Si dan secara resmi Rumah Sakit Umum daerah Awet Muda Narmada di operasionalkan</p><p style=\"text-align:justify;\">RSUD Awet Muda Narmada Kabupaten Lombok Barat bergerak di bidang pelayanan kesehatan yang meliputi pelayanan rawat jalan umum dan rawat jalan spesialis, pelayanan gawat darurat, pelayanan pembedahan, pelayanan rawat inap dan pelayanan penunjang medis seperti Laboratorium, radiologi, farmasi, instalasi gizi, pemulasaran jenazah, unit ambulance dan laundry rumah sakit.</p><p style=\"text-align:justify;\">Dalam rangka peningkatan status Rumah Sakit Umum Daerah Awet Muda Narmada menjadi Pola Pengelolaan Kuangan Badan Layanan Umum Daerah (PPK-BLUD). Rumah Sakit Umum Daerah Awet Muda Narmada Kabupaten Lombok Barat telah dilaksanakan penilaian oleh tim penilai yang berasala dari jajaran SETDA LOBAR antara lain Sekda Kab. Lombok Barat, Kabag. Ortal, Asisten I &amp; III Kab. Lobmbok Barat, Kepala BAPEDA, Inspetur Inspektorat Ka. Lombok Barat, Kabid Akuntansi, Kabag. Hukum dan Kabag. Humas Kab. Lombok Barat. Untuk diberikan eksibilitas yang berkaitan dengan pengelolaan dana, pengelolaan barang, pengelolaan piutang, pemgelolaan investasi, pengelolaan utang, pemgadaan barang dan/atau jasa. serta perumusan standar, kebijakan, sistem &amp; prosedur pengelolaan keuangan.</p><p style=\"text-align:justify;\">Pada tanggal 16 November 2018 ditetapkan keputusan Bupati Lombok Barat tentang penetapan status Pola Pengelolaan Keuangan Badan Layanan Umum daerah pada Rumah Sakit Awet Muda Narmada Kabupaten Lombok Barat.&nbsp;</p><p style=\"text-align:justify;\">Pada tanggal 28 Maret 2017 Rumah Sakit Umum Daerah Pratama Awet Muda Narmada Grand Openingnya di resmikan oleh Menteri Kesehatan&nbsp; RI, Prof. dr. Nila Farid Moeloek, Sp.M</p><p style=\"text-align:justify;\">Seiring dengan berjalanya operasional RSUD Pratama Awet Muda Narmada selama 1 tahun&nbsp; 2 bulan, dan pada tanggal 18 mei 2018 Rumah Sakit Umum Daerah Pratama Awet Muda Narmada naik kelas menjadi rumah sakit Umum Daerah Awet Muda Narmada Tipe D.</p><p style=\"text-align:justify;\">Bahwa dalam rangka peningkatan status Rumah Sakit Umum Daerah Awet Muda Narmada menjadi Pola Pengelolaan Kuangan Badan Layanan Umum Daerah (PPK-BLUD). Rumah Sakit Umum Daerah Awet Muda Narmada Kabupaten Lombok Barat telah dilaksanakan penilaian oleh tim penilai yang berasal dari jajaran SETDA LOBAR antara lain Sekda Kab. Lombok Barat, Kabag. Ortal, Asisten I &amp; III Kab. Lombok Barat, Kepala BAPPEDA, Inspektur Inspektorat Kab. Lombok Barat, Kabid Akuntansi, Kabag. Hukum dan Kabag. Humas Kab. Lombok Barat. Untuk diberikan fleksibilitas yang berkaitan dengan pengelolaan dana, pengelolaan barang, pengelolaan piutang, pengelolaan investasi, pengelolaan utang, pengadaan barang dan/atau jasa. serta perumusan standar, kebijakan, sistem &amp; prosedur pengelolaan keuangan</p><p style=\"text-align:justify;\">Pada tanggal 16 November 2018 ditetapkan keputusan Bupati Lombok Barat tentang penetapan status Pola Pengelolaan Keuangan Badan Layanan Umum Daerah pada Rumah Sakit Awet Muda Narmada Kabupaten Lombok Barat.</p><p style=\"text-align:justify;\">RSUD Awet Muda Narmada meningkatkan tipe kelas rumah sakit menjadi Tipe C pada tanggal 11 April 2022 dengan ketetapan Bupati Lombok Barat yang dikeluarkan Kepala Dinas Penanaman Modan dan Pelayanan Terpadu Satu Pintu (DPMPTSP) Kabupaten Lombok Barat. RSUD Awet Muda Narmada telah melakukan Akreditasi untuk kedua kalinya yang pelaksanaan survey pada tanggal 28 s/d 30 November 2022 dan berhasil mendapatkan Predikat \"PARIPURNA\".</p><p style=\"text-align:justify;\">Pelayanan Rumah Sakit Umum Daerah Awet Muda Narmada meliputi :</p><ol><li style=\"text-align:justify;\">Pelayanan Medik Dasar : Pelayanan Medik Umum, Pelayanan Medik Gigi Dasar dan Pelayanan KIA/KB</li><li style=\"text-align:justify;\">Pelayanan Gawat Darurat</li><li style=\"text-align:justify;\">Pelayanan Spesialis Dasar : Pelayanan Spesialis Penyakit Dalam, Pelayanan Spesialis Anak, Pelayanan Spesialis Bedah dan Pelayanan Spesialis Obstetri &amp; Ginekologi</li><li style=\"text-align:justify;\">Pelayanan Spesialis Penunjang : Pelayanan Anestesiologi, Pelayanan Spesialis Radiologi, Pelayanan Spesialis Laboratorium dan Patologi Klinis.</li><li style=\"text-align:justify;\">Pelayanan Spesialis Lain : Pelayanan Spesialis Mata, Pelayanan Spesialis Paru dan Pelayanan Spesialis Neurologi (Saraf), Pelayanan Spesialis Konservasi Gigi</li><li style=\"text-align:justify;\">Pelayanan Penunjang Klinik : Perawatan Intensive, Pelayanan Gizi, Pelayanan Farmasi, Pelayanan Sterilisasi Instrumen dan Rekam Medik</li><li style=\"text-align:justify;\">Pelayanan Penunjang Non Klinik : Laundry/Linen, Pelayanan Jasa Boga/Dapur, Pelayanan Teknik dan Pemeliharaan Fasilitas, Pengelolaan Limbah, Gudang, Transportasi (Ambulance), Komunikasi, dan kamar Jenazah</li><li style=\"text-align:justify;\">Pelayanan Administrasi : Informasi dan Penerimaan Pasien, Keuangan, Personalia, Keamanan, dan Sistem Informasi Rumah Sakit.</li></ol><p style=\"text-align:justify;\">Rumah Sakit Umum Daerah Awet Muda Narmada saat ini sedang dalam tahap pengembangan diri dengan melakukan perbaikan-perbaikan internal dan eksternal. Dalam pengembangan pelayanan yang ada saat ini diharapkan Rumah Sakit Umum Daerah Awet Muda Narmada menjadi lebih mampu bersaing, unggul, modern dan terdepan di masa yang akan datang serta mampu memfokuskan diri pada pelayanan unggulannya yang pada akhirnya akan memberikan manfaat yang maksimal kepada masyarakat pengguna jasa rumah sakit.</p><p style=\"text-align:justify;\"><img class=\"image_resized\" style=\"width:584px;\" src=\"/media/uploads/rsudnarmadalobar/2022/12/01/20221130141427_img_0728.JPG\" alt=\"\"></p>", "view_count": 1686, "menu_id": 42, "admin_id": 51, "created_at": "2021-06-07T10:33:40.408Z", "updated_at": "2024-07-11T19:08:37.219Z", "is_edited": true}, "m2m": {"photo": [342]}}, {"condition": {"id": 297}, "defaults": {"site_id": 47, "judul": "Maklumat Pelayanan", "isi_halaman": "<p>Maklumat Pelayanan</p>\r\n", "view_count": 23, "menu_id": 96, "admin_id": 51, "created_at": "2021-06-07T11:33:20.310Z", "updated_at": "2023-05-23T17:40:22.147Z", "is_edited": true}, "m2m": {"photo": []}}, {"condition": {"id": 298}, "defaults": {"site_id": 47, "judul": "VISI, MISI DAN  MOTO PELAYANAN", "isi_halaman": "", "view_count": 575, "menu_id": 97, "admin_id": 51, "created_at": "2021-06-07T11:33:31.422Z", "updated_at": "2024-07-06T15:23:53.105Z", "is_edited": true}, "m2m": {"photo": [11264]}}, {"condition": {"id": 299}, "defaults": {"site_id": 47, "judul": "Layanan Pengaduan", "isi_halaman": "<p>Layanan Pengaduan</p>\r\n", "view_count": 0, "menu_id": 98, "admin_id": 51, "created_at": "2021-06-07T11:33:42.273Z", "updated_at": "2021-06-07T11:33:42.519Z", "is_edited": true}, "m2m": {"photo": []}}, {"condition": {"id": 300}, "defaults": {"site_id": 47, "judul": "Mekanisme Pengaduan Online/Offline", "isi_halaman": "<p>Mekanisme Pengaduan Online/Offline</p>\r\n", "view_count": 245, "menu_id": 115, "admin_id": 51, "created_at": "2021-06-07T11:33:56.257Z", "updated_at": "2023-01-22T17:39:50.576Z", "is_edited": true}, "m2m": {"photo": []}}, {"condition": {"id": 301}, "defaults": {"site_id": 47, "judul": "Jangka Waktu Respon Pengaduan", "isi_halaman": "<p><strong><span style=\"font-size:20px\"><span style=\"font-family:Georgia,serif\">Jangka Waktu Respon Pengaduan&nbsp;</span></span></strong></p>\r\n\r\n<p><strong><span style=\"font-size:20px\"><span style=\"font-family:Georgia,serif\">2x 24 Jam&nbsp;</span></span></strong></p>", "view_count": 239, "menu_id": 116, "admin_id": 51, "created_at": "2021-06-07T11:34:07.873Z", "updated_at": "2024-07-08T11:04:37.680Z", "is_edited": true}, "m2m": {"photo": []}}, {"condition": {"id": 302}, "defaults": {"site_id": 47, "judul": "Nama Petugas Pengelola Pengaduan", "isi_halaman": "<p>Nama Petugas Pengelola Pengaduan</p>\r\n", "view_count": 21, "menu_id": 117, "admin_id": 51, "created_at": "2021-06-07T11:34:19.629Z", "updated_at": "2023-05-30T06:14:03.178Z", "is_edited": true}, "m2m": {"photo": []}}, {"condition": {"id": 303}, "defaults": {"site_id": 47, "judul": "SK Penunjukan Petugas Pengelola Pengaduan", "isi_halaman": "<p><span style=\"font-size:20px\"><span style=\"font-family:Georgia,serif\">SK Penunjukan Petugas Pengelola Pengaduan</span></span></p>\r\n\r\n<p><span style=\"font-size:20px\"><span style=\"font-family:Georgia,serif\">Sedang Proses</span></span></p>", "view_count": 213, "menu_id": 118, "admin_id": 51, "created_at": "2021-06-07T11:34:31.078Z", "updated_at": "2024-07-07T21:43:17.541Z", "is_edited": true}, "m2m": {"photo": []}}, {"condition": {"id": 305}, "defaults": {"site_id": 47, "judul": " Penilaian Kinerja", "isi_halaman": "<p><br />\r\nPenilaian Kinerja</p>\r\n", "view_count": 36, "menu_id": 100, "admin_id": 51, "created_at": "2021-06-07T11:34:55.384Z", "updated_at": "2024-05-22T13:45:07.748Z", "is_edited": true}, "m2m": {"photo": []}}, {"condition": {"id": 306}, "defaults": {"site_id": 47, "judul": "Atribut", "isi_halaman": "<p>Atribut</p>\r\n", "view_count": 21, "menu_id": 101, "admin_id": 51, "created_at": "2021-06-07T11:35:04.728Z", "updated_at": "2024-05-22T15:33:08.241Z", "is_edited": true}, "m2m": {"photo": []}}, {"condition": {"id": 307}, "defaults": {"site_id": 47, "judul": "Sarana dan Prasarana Fasilitas", "isi_halaman": "<p>Sarana dan Prasarana Fasilitas</p>\r\n", "view_count": 28, "menu_id": 102, "admin_id": 51, "created_at": "2021-06-07T11:35:16.331Z", "updated_at": "2024-07-01T17:43:37.154Z", "is_edited": true}, "m2m": {"photo": []}}, {"condition": {"id": 308}, "defaults": {"site_id": 47, "judul": " Pelayanan Terpadu", "isi_halaman": "<p><br />\r\nPelayanan Terpadu</p>\r\n", "view_count": 27, "menu_id": 103, "admin_id": 51, "created_at": "2021-06-07T11:35:27.372Z", "updated_at": "2024-05-22T07:39:44.182Z", "is_edited": true}, "m2m": {"photo": []}}, {"condition": {"id": 309}, "defaults": {"site_id": 47, "judul": "Rekognisi", "isi_halaman": "<p>Rekognisi</p>\r\n", "view_count": 47, "menu_id": 104, "admin_id": 51, "created_at": "2021-06-07T11:35:40.668Z", "updated_at": "2024-05-28T06:44:18.427Z", "is_edited": true}, "m2m": {"photo": []}}, {"condition": {"id": 339}, "defaults": {"site_id": 47, "judul": "Zona Integritas", "isi_halaman": "", "view_count": 213, "menu_id": 351, "admin_id": 51, "created_at": "2021-06-07T23:35:16.547Z", "updated_at": "2024-07-12T01:42:04.120Z", "is_edited": true}, "m2m": {"photo": [328, 19590]}}, {"condition": {"id": 1079}, "defaults": {"site_id": 47, "judul": "Visi dan Misi", "isi_halaman": "", "view_count": 424, "menu_id": 43, "admin_id": 51, "created_at": "2021-06-12T15:56:54.844Z", "updated_at": "2024-07-09T02:57:44.257Z", "is_edited": true}, "m2m": {"photo": [11263]}}, {"condition": {"id": 1081}, "defaults": {"site_id": 47, "judul": "STRUKTUR ORGANISASI RSUD AWET MUDA NARMADA", "isi_halaman": "<p><img src=\"/media/uploads/rsudnarmadalobar/2022/10/20/whatsapp-image-2022-10-20-at-170820.jpeg\" style=\"height:960px; width:1600px\" /></p>", "view_count": 471, "menu_id": 327, "admin_id": 51, "created_at": "2021-06-12T15:56:56.234Z", "updated_at": "2023-01-23T08:16:35.612Z", "is_edited": true}, "m2m": {"photo": [807]}}, {"condition": {"id": 2262}, "defaults": {"site_id": 47, "judul": "Tugas dan Fungsi", "isi_halaman": "", "view_count": 355, "menu_id": 44, "admin_id": 51, "created_at": "2021-08-17T23:34:24.921Z", "updated_at": "2024-07-10T06:00:58.363Z", "is_edited": true}, "m2m": {"photo": [10663]}}, {"condition": {"id": 2373}, "defaults": {"site_id": 47, "judul": "Profil Pejabat Struktural", "isi_halaman": "", "view_count": 424, "menu_id": 46, "admin_id": 51, "created_at": "2021-08-19T19:28:20.420Z", "updated_at": "2024-07-11T11:38:25.791Z", "is_edited": true}, "m2m": {"photo": [10658]}}, {"condition": {"id": 2470}, "defaults": {"site_id": 47, "judul": "Video Gallery - RSUD Awet Muda Narmada", "isi_halaman": "<p><iframe frameborder=\"0\" height=\"315\" src=\"https://www.youtube.com/embed/videoseries?controls=0&amp;list=PLpCkwWux6VlzG27KOZR5CgW9HD7xEzdOE\" title=\"YouTube video player\" width=\"560\"></iframe></p>\r\n\r\n<table align=\"center\" border=\"1\" cellpadding=\"0\" cellspacing=\"0\" style=\"width:500px\">\r\n\t<tbody>\r\n\t\t<tr>\r\n\t\t\t<td><iframe width=\"260\" height=\"150\" src=\"https://www.youtube.com/embed/WgnmOWr-MLo?controls=0\" title=\"YouTube video player\" frameborder=\"0\" allow=\"accelerometer; autoplay; clipboard-write; encrypted-media; gyroscope; picture-in-picture\" allowfullscreen></iframe></td>\r\n\t\t\t<td><iframe frameborder=\"0\" height=\"150\" src=\"https://www.youtube.com/embed/Df68kM91y1M\" title=\"YouTube video player\" width=\"260\"></iframe></td>\r\n\t\t\t<td><iframe frameborder=\"0\" height=\"150\" src=\"https://www.youtube.com/embed/al8NWVM6z48\" title=\"YouTube video player\" width=\"260\"></iframe></td>\r\n\t\t</tr>\r\n\t\t<tr>\r\n\t\t\t<td><iframe frameborder=\"0\" height=\"150\" src=\"https://www.youtube.com/embed/N-EGhigVWMo\" title=\"YouTube video player\" width=\"260\"></iframe></td>\r\n\t\t\t<td><iframe frameborder=\"0\" height=\"150\" src=\"https://www.youtube.com/embed/oCC10QUtQGE\" title=\"YouTube video player\" width=\"260\"></iframe></td>\r\n\t\t\t<td><iframe frameborder=\"0\" height=\"150\" src=\"https://www.youtube.com/embed/z73Gs0yqosM\" title=\"YouTube video player\" width=\"260\"></iframe></td>\r\n\t\t</tr>\r\n\t\t<tr>\r\n\t\t\t<td>&nbsp;</td>\r\n\t\t\t<td>&nbsp;</td>\r\n\t\t\t<td>&nbsp;</td>\r\n\t\t</tr>\r\n\t</tbody>\r\n</table>\r\n\r\n<p>&nbsp;</p>", "view_count": 81, "menu_id": 360, "admin_id": 51, "created_at": "2021-08-27T11:25:08.547Z", "updated_at": "2024-07-10T08:53:58.868Z", "is_edited": true}, "m2m": {"photo": []}}, {"condition": {"id": 2748}, "defaults": {"site_id": 47, "judul": "Nama Petugas Pengelola Pengaduan", "isi_halaman": "<p><strong><span style=\"font-size:20px\"><span style=\"font-family:Georgia,serif\">Petugas PIPP RSUD Awet Muda Narmada&nbsp;</span></span></strong></p>\r\n\r\n<p><strong><span style=\"font-size:20px\"><span style=\"font-family:Georgia,serif\">Ni Luh Putu Eka Deviyanti - No Telp : 0859-5445-0094</span></span></strong></p>\r\n\r\n<p><strong><span style=\"font-size:20px\"><span style=\"font-family:Georgia,serif\">dr. Dyah Ayu Pangestiwi - No Tlp : 0859-5445-4172 (Khusus Telp)</span></span></strong></p>\r\n\r\n<p><strong><span style=\"font-size:20px\"><span style=\"font-family:Georgia,serif\">dr. Dyah Ayu Pangestiwi -&nbsp;No Tlp : 087778122055 ( Khusus WhatsApp)</span></span></strong></p>", "view_count": 282, "menu_id": 117, "admin_id": 51, "created_at": "2021-09-30T18:56:46.146Z", "updated_at": "2024-07-07T12:06:39.791Z", "is_edited": true}, "m2m": {"photo": []}}, {"condition": {"id": 3475}, "defaults": {"site_id": 47, "judul": "Layanan Penunjang Laboratorium", "isi_halaman": "", "view_count": 208, "menu_id": 930, "admin_id": 51, "created_at": "2022-07-05T17:41:17.868Z", "updated_at": "2024-07-07T21:45:31.166Z", "is_edited": true}, "m2m": {"photo": [11261]}}, {"condition": {"id": 4920}, "defaults": {"site_id": 47, "judul": "Struktur Organisasi RSUD Awet Muda Narmada", "isi_halaman": "", "view_count": 83, "menu_id": 327, "admin_id": 51, "created_at": "2023-02-14T19:25:13.253Z", "updated_at": "2023-06-12T02:24:42.891Z", "is_edited": true}, "m2m": {"photo": [10659]}}, {"condition": {"id": 6072}, "defaults": {"site_id": 47, "judul": "MAKLUMAT PELAYANAN", "isi_halaman": "<p><br />\r\n<br />\r\n<br />\r\n<br />\r\n&nbsp;</p>", "view_count": 376, "menu_id": 96, "admin_id": 51, "created_at": "2023-02-17T06:32:22.096Z", "updated_at": "2024-07-11T11:39:04.305Z", "is_edited": true}, "m2m": {"photo": [10038]}}, {"condition": {"id": 6073}, "defaults": {"site_id": 47, "judul": "Mekanisme Pengaduan Online/Offline", "isi_halaman": "<p><br />\r\n<br />\r\n<br />\r\n&nbsp;</p>", "view_count": 349, "menu_id": 115, "admin_id": 51, "created_at": "2023-02-17T06:32:24.982Z", "updated_at": "2024-07-11T02:40:46.890Z", "is_edited": true}, "m2m": {"photo": [10310]}}, {"condition": {"id": 7049}, "defaults": {"site_id": 47, "judul": "Motto", "isi_halaman": "", "view_count": 24, "menu_id": 97, "admin_id": 51, "created_at": "2023-04-19T09:48:14.390Z", "updated_at": "2023-06-27T01:38:05.474Z", "is_edited": true}, "m2m": {"photo": [10661]}}, {"condition": {"id": 7368}, "defaults": {"site_id": 47, "judul": "Struktur Organisasi", "isi_halaman": "", "view_count": 498, "menu_id": 327, "admin_id": 51, "created_at": "2023-05-28T00:26:41.123Z", "updated_at": "2024-07-11T23:26:33.670Z", "is_edited": true}, "m2m": {"photo": [10662]}}, {"condition": {"id": 8067}, "defaults": {"site_id": 47, "judul": "Jadwal Jam Pelayanan Rawat Jalan", "isi_halaman": "<figure class=\"image\"><img src=\"/media/image_WL6p3pP.png\"></figure><p>&nbsp;</p>", "view_count": 249, "menu_id": 882, "admin_id": 51, "created_at": "2023-06-12T02:29:45.821Z", "updated_at": "2024-07-08T03:40:58.189Z", "is_edited": true}, "m2m": {"photo": []}}, {"condition": {"id": 8068}, "defaults": {"site_id": 47, "judul": "Jadwal Dokter Spesialis", "isi_halaman": "<figure class=\"image\"><img src=\"https://cdn.lombokbaratkab.go.id/media/jadwal%20dokter%20jan.jpg\"></figure>", "view_count": 549, "menu_id": 881, "admin_id": 51, "created_at": "2023-06-12T02:41:02.342Z", "updated_at": "2024-07-08T02:21:36.479Z", "is_edited": true}, "m2m": {"photo": []}}, {"condition": {"id": 8585}, "defaults": {"site_id": 47, "judul": "BDRS (Bank Darah Rumah Sakit)", "isi_halaman": "<figure class=\"image image_resized\" style=\"width:31.94%;\"><img src=\"/media/WhatsApp%20Image%202023-07-04%20at%2009.46.11.jpg\"></figure>", "view_count": 202, "menu_id": 931, "admin_id": 51, "created_at": "2023-06-27T02:43:13.745Z", "updated_at": "2024-07-07T21:45:32.809Z", "is_edited": true}, "m2m": {"photo": [11444]}}, {"condition": {"id": 8587}, "defaults": {"site_id": 47, "judul": "Layanan Penunjang Radiologi", "isi_halaman": "", "view_count": 217, "menu_id": 929, "admin_id": 51, "created_at": "2023-06-27T03:11:08.420Z", "updated_at": "2024-07-11T00:48:53.773Z", "is_edited": true}, "m2m": {"photo": [11262]}}, {"condition": {"id": 8588}, "defaults": {"site_id": 47, "judul": "Poliklinik Flamboyan/Poli VCT", "isi_halaman": "", "view_count": 190, "menu_id": 932, "admin_id": 51, "created_at": "2023-06-27T03:32:26.376Z", "updated_at": "2024-07-07T21:39:25.675Z", "is_edited": true}, "m2m": {"photo": [11266]}}, {"condition": {"id": 50121}, "defaults": {"site_id": 47, "judul": "Hubungi Kami", "isi_halaman": "Informasi tentang \"Hubungi Kami\". Silahkan update di halaman <a target=\"_blank\" href=\"/dashboard/halaman-statis/\">Dashboard.<a><br><br><br><br>\"Halaman ini dibuat otomatis oleh sistem, karena halaman statis untuk menu ini belum dibuat. <br>Silahkan lakukan update di halaman statis.\"", "view_count": 37, "menu_id": 41, "admin_id": null, "created_at": "2024-06-12T07:09:14.705Z", "updated_at": "2024-07-11T12:00:27.087Z", "is_edited": false}, "m2m": {"photo": []}}, {"condition": {"id": 50177}, "defaults": {"site_id": 47, "judul": "Hubungi Kami", "isi_halaman": "Informasi tentang \"Hubungi Kami\". Silahkan update di halaman <a target=\"_blank\" href=\"/dashboard/halaman-statis/\">Dashboard.<a><br><br><br><br>\"Halaman ini dibuat otomatis oleh sistem, karena halaman statis untuk menu ini belum dibuat. <br>Silahkan lakukan update di halaman statis.\"", "view_count": 4, "menu_id": 846, "admin_id": null, "created_at": "2024-06-13T10:35:02.796Z", "updated_at": "2024-07-04T06:50:15.756Z", "is_edited": false}, "m2m": {"photo": []}}, {"condition": {"id": 50477}, "defaults": {"site_id": 47, "judul": "RAWAT INAP", "isi_halaman": "Informasi tentang \"RAWAT INAP\". Silahkan update di halaman <a target=\"_blank\" href=\"/dashboard/halaman-statis/\">Dashboard.<a><br><br><br><br>\"Halaman ini dibuat otomatis oleh sistem, karena halaman statis untuk menu ini belum dibuat. <br>Silahkan lakukan update di halaman statis.\"", "view_count": 1, "menu_id": 1074, "admin_id": null, "created_at": "2024-06-15T06:35:01.604Z", "updated_at": "2024-06-15T06:35:01.960Z", "is_edited": false}, "m2m": {"photo": []}}, {"condition": {"id": 50530}, "defaults": {"site_id": 47, "judul": "Photos", "isi_halaman": "Informasi tentang \"Photos\". Silahkan update di halaman <a target=\"_blank\" href=\"/dashboard/halaman-statis/\">Dashboard.<a><br><br><br><br>\"Halaman ini dibuat otomatis oleh sistem, karena halaman statis untuk menu ini belum dibuat. <br>Silahkan lakukan update di halaman statis.\"", "view_count": 16, "menu_id": 359, "admin_id": null, "created_at": "2024-06-16T01:38:47.120Z", "updated_at": "2024-07-09T18:53:39.734Z", "is_edited": false}, "m2m": {"photo": []}}, {"condition": {"id": 50571}, "defaults": {"site_id": 47, "judul": "Gallery", "isi_halaman": "Informasi tentang \"Gallery\". Silahkan update di halaman <a target=\"_blank\" href=\"/dashboard/halaman-statis/\">Dashboard.<a><br><br><br><br>\"Halaman ini dibuat otomatis oleh sistem, karena halaman statis untuk menu ini belum dibuat. <br>Silahkan lakukan update di halaman statis.\"", "view_count": 11, "menu_id": 524, "admin_id": null, "created_at": "2024-06-17T04:52:34.289Z", "updated_at": "2024-07-08T09:48:04.753Z", "is_edited": false}, "m2m": {"photo": []}}, {"condition": {"id": 50575}, "defaults": {"site_id": 47, "judul": "Jenis Layanan", "isi_halaman": "Informasi tentang \"Jenis Layanan\". Silahkan update di halaman <a target=\"_blank\" href=\"/dashboard/halaman-statis/\">Dashboard.<a><br><br><br><br>\"Halaman ini dibuat otomatis oleh sistem, karena halaman statis untuk menu ini belum dibuat. <br>Silahkan lakukan update di halaman statis.\"", "view_count": 25, "menu_id": 898, "admin_id": null, "created_at": "2024-06-17T06:27:06.325Z", "updated_at": "2024-07-11T14:50:17.800Z", "is_edited": false}, "m2m": {"photo": []}}, {"condition": {"id": 50577}, "defaults": {"site_id": 47, "judul": "UKM", "isi_halaman": "Informasi tentang \"UKM\". Silahkan update di halaman <a target=\"_blank\" href=\"/dashboard/halaman-statis/\">Dashboard.<a><br><br><br><br>\"Halaman ini dibuat otomatis oleh sistem, karena halaman statis untuk menu ini belum dibuat. <br>Silahkan lakukan update di halaman statis.\"", "view_count": 1, "menu_id": 567, "admin_id": null, "created_at": "2024-06-17T07:19:16.219Z", "updated_at": "2024-06-17T07:19:16.728Z", "is_edited": false}, "m2m": {"photo": []}}, {"condition": {"id": 50579}, "defaults": {"site_id": 47, "judul": "Struktur Organisasi", "isi_halaman": "Informasi tentang \"Struktur Organisasi\". Silahkan update di halaman <a target=\"_blank\" href=\"/dashboard/halaman-statis/\">Dashboard.<a><br><br><br><br>\"Halaman ini dibuat otomatis oleh sistem, karena halaman statis untuk menu ini belum dibuat. <br>Silahkan lakukan update di halaman statis.\"", "view_count": 15, "menu_id": 813, "admin_id": null, "created_at": "2024-06-17T11:02:00.421Z", "updated_at": "2024-07-09T06:36:03.325Z", "is_edited": false}, "m2m": {"photo": []}}, {"condition": {"id": 50616}, "defaults": {"site_id": 47, "judul": "Anjungan Pasien Mandiri", "isi_halaman": "Informasi tentang \"Anjungan Pasien Mandiri\". Silahkan update di halaman <a target=\"_blank\" href=\"/dashboard/halaman-statis/\">Dashboard.<a><br><br><br><br>\"Halaman ini dibuat otomatis oleh sistem, karena halaman statis untuk menu ini belum dibuat. <br>Silahkan lakukan update di halaman statis.\"", "view_count": 6, "menu_id": 198, "admin_id": null, "created_at": "2024-06-17T18:49:12.294Z", "updated_at": "2024-07-10T05:58:53.823Z", "is_edited": false}, "m2m": {"photo": []}}, {"condition": {"id": 50625}, "defaults": {"site_id": 47, "judul": "Ketersediaan Tempat Tidur", "isi_halaman": "Informasi tentang \"Ketersediaan Tempat Tidur\". Silahkan update di halaman <a target=\"_blank\" href=\"/dashboard/halaman-statis/\">Dashboard.<a><br><br><br><br>\"Halaman ini dibuat otomatis oleh sistem, karena halaman statis untuk menu ini belum dibuat. <br>Silahkan lakukan update di halaman statis.\"", "view_count": 1, "menu_id": 206, "admin_id": null, "created_at": "2024-06-18T03:09:42.112Z", "updated_at": "2024-06-18T03:09:42.827Z", "is_edited": false}, "m2m": {"photo": []}}, {"condition": {"id": 50626}, "defaults": {"site_id": 47, "judul": "Pelayanan Khusus", "isi_halaman": "Informasi tentang \"Pelayanan Khusus\". Silahkan update di halaman <a target=\"_blank\" href=\"/dashboard/halaman-statis/\">Dashboard.<a><br><br><br><br>\"Halaman ini dibuat otomatis oleh sistem, karena halaman statis untuk menu ini belum dibuat. <br>Silahkan lakukan update di halaman statis.\"", "view_count": 9, "menu_id": 834, "admin_id": null, "created_at": "2024-06-18T03:09:42.900Z", "updated_at": "2024-06-28T05:15:09.334Z", "is_edited": false}, "m2m": {"photo": []}}, {"condition": {"id": 50706}, "defaults": {"site_id": 47, "judul": "E-Pasien", "isi_halaman": "Informasi tentang \"E-Pasien\". Silahkan update di halaman <a target=\"_blank\" href=\"/dashboard/halaman-statis/\">Dashboard.<a><br><br><br><br>\"Halaman ini dibuat otomatis oleh sistem, karena halaman statis untuk menu ini belum dibuat. <br>Silahkan lakukan update di halaman statis.\"", "view_count": 5, "menu_id": 330, "admin_id": null, "created_at": "2024-06-20T05:57:08.930Z", "updated_at": "2024-07-08T11:36:11.628Z", "is_edited": false}, "m2m": {"photo": []}}, {"condition": {"id": 50735}, "defaults": {"site_id": 47, "judul": "SAIFUL RAHMAN, SIP, MAP", "isi_halaman": "Informasi tentang \"SAIFUL RAHMAN, SIP, MAP\". Silahkan update di halaman <a target=\"_blank\" href=\"/dashboard/halaman-statis/\">Dashboard.<a><br><br><br><br>\"Halaman ini dibuat otomatis oleh sistem, karena halaman statis untuk menu ini belum dibuat. <br>Silahkan lakukan update di halaman statis.\"", "view_count": 1, "menu_id": 727, "admin_id": null, "created_at": "2024-06-20T22:56:20.406Z", "updated_at": "2024-06-20T22:56:21.277Z", "is_edited": false}, "m2m": {"photo": []}}, {"condition": {"id": 50903}, "defaults": {"site_id": 47, "judul": "Analis Hukum Ahli muda", "isi_halaman": "Informasi tentang \"Analis Hukum Ahli muda\". Silahkan update di halaman <a target=\"_blank\" href=\"/dashboard/halaman-statis/\">Dashboard.<a><br><br><br><br>\"Halaman ini dibuat otomatis oleh sistem, karena halaman statis untuk menu ini belum dibuat. <br>Silahkan lakukan update di halaman statis.\"", "view_count": 1, "menu_id": 743, "admin_id": null, "created_at": "2024-06-22T21:53:17.046Z", "updated_at": "2024-06-22T21:53:17.524Z", "is_edited": false}, "m2m": {"photo": []}}, {"condition": {"id": 50958}, "defaults": {"site_id": 47, "judul": "Survey", "isi_halaman": "Informasi tentang \"Survey\". Silahkan update di halaman <a target=\"_blank\" href=\"/dashboard/halaman-statis/\">Dashboard.<a><br><br><br><br>\"Halaman ini dibuat otomatis oleh sistem, karena halaman statis untuk menu ini belum dibuat. <br>Silahkan lakukan update di halaman statis.\"", "view_count": 1, "menu_id": 581, "admin_id": null, "created_at": "2024-06-24T23:11:32.582Z", "updated_at": "2024-06-24T23:11:33.068Z", "is_edited": false}, "m2m": {"photo": []}}, {"condition": {"id": 51043}, "defaults": {"site_id": 47, "judul": "Motto", "isi_halaman": "Informasi tentang \"Motto\". Silahkan update di halaman <a target=\"_blank\" href=\"/dashboard/halaman-statis/\">Dashboard.<a><br><br><br><br>\"Halaman ini dibuat otomatis oleh sistem, karena halaman statis untuk menu ini belum dibuat. <br>Silahkan lakukan update di halaman statis.\"", "view_count": 1, "menu_id": 967, "admin_id": null, "created_at": "2024-06-27T00:32:56.508Z", "updated_at": "2024-06-27T00:32:56.964Z", "is_edited": false}, "m2m": {"photo": []}}, {"condition": {"id": 51044}, "defaults": {"site_id": 47, "judul": "Perancang Peraturan Perundang-undangan", "isi_halaman": "Informasi tentang \"Perancang Peraturan Perundang-undangan\". Silahkan update di halaman <a target=\"_blank\" href=\"/dashboard/halaman-statis/\">Dashboard.<a><br><br><br><br>\"Halaman ini dibuat otomatis oleh sistem, karena halaman statis untuk menu ini belum dibuat. <br>Silahkan lakukan update di halaman statis.\"", "view_count": 1, "menu_id": 741, "admin_id": null, "created_at": "2024-06-27T01:13:42.571Z", "updated_at": "2024-06-27T01:13:43.423Z", "is_edited": false}, "m2m": {"photo": []}}, {"condition": {"id": 51111}, "defaults": {"site_id": 47, "judul": "Jadwal Dan Jam Pelayanan", "isi_halaman": "Informasi tentang \"Jadwal Dan Jam Pelayanan\". Silahkan update di halaman <a target=\"_blank\" href=\"/dashboard/halaman-statis/\">Dashboard.<a><br><br><br><br>\"Halaman ini dibuat otomatis oleh sistem, karena halaman statis untuk menu ini belum dibuat. <br>Silahkan lakukan update di halaman statis.\"", "view_count": 1, "menu_id": 917, "admin_id": null, "created_at": "2024-06-30T03:05:44.503Z", "updated_at": "2024-06-30T03:05:44.846Z", "is_edited": false}, "m2m": {"photo": []}}, {"condition": {"id": 51291}, "defaults": {"site_id": 47, "judul": "VISI MISI DAN MOTTO", "isi_halaman": "Informasi tentang \"VISI MISI DAN MOTTO\". Silahkan update di halaman <a target=\"_blank\" href=\"/dashboard/halaman-statis/\">Dashboard.<a><br><br><br><br>\"Halaman ini dibuat otomatis oleh sistem, karena halaman statis untuk menu ini belum dibuat. <br>Silahkan lakukan update di halaman statis.\"", "view_count": 1, "menu_id": 556, "admin_id": null, "created_at": "2024-07-11T02:07:17.943Z", "updated_at": "2024-07-11T02:07:18.440Z", "is_edited": false}, "m2m": {"photo": []}}]