[{"condition": {"id": 1635}, "defaults": {"site_id": 55, "judul": "Kontak", "isi_halaman": "<p style=\"text-align:justify !important\">1. Email puskesmas : pusk.kuripan@gmail.com&nbsp;oleh Roni Hamzah,Amd.KL</p>\r\n\r\n<p style=\"text-align:justify !important\">2. Melalui sms pengaduan pada nomor :</p>\r\n\r\n<p style=\"text-align:justify !important\">a. Tata Usaha Unit Pelakasana Teknis Badan Layanan Umum&nbsp; Daerah Puskesmas Kuripan AN : Hj. Fathariaty, SKM No. Hp : 087765813868</p>\r\n\r\n<p style=\"text-align:justify !important\">b. Bidan Koordinator Unit Pelakasana Teknis Badan Layanan Umum Daerah Puskesmas Kuripan oleh Sri Mulyani, Amd,Keb. No.&nbsp;HP.<u>087865843047</u></p>\r\n\r\n<p style=\"text-align:justify !important\">c. Koordinator Unit Gawat Darurat&nbsp; oleh Ns. Bq. Susmariana, S.Kep. No Hp: 08175716290</p>\r\n\r\n<p style=\"text-align:justify !important\"><span style=\"font-family:arial,helvetica,sans-serif\">3.&nbsp;melaluai Fanspage Facebook:&nbsp;</span>https://www.facebook.com/puskesmas.kuripan.75</p>\r\n\r\n<p>&nbsp;</p>", "view_count": 258, "menu_id": 41, "admin_id": 73, "created_at": "2021-07-23T03:26:20.780Z", "updated_at": "2024-07-11T11:49:29.256Z", "is_edited": true}, "m2m": {"photo": []}}, {"condition": {"id": 2023}, "defaults": {"site_id": 55, "judul": "Jenis - Jenis Layanan", "isi_halaman": "", "view_count": 220, "menu_id": 161, "admin_id": 73, "created_at": "2021-08-14T14:39:06.802Z", "updated_at": "2024-07-11T21:26:26.262Z", "is_edited": true}, "m2m": {"photo": []}}, {"condition": {"id": 2159}, "defaults": {"site_id": 55, "judul": "Visi-Misi dan Motto Pelayanan", "isi_halaman": "<ol>\r\n\t<li style=\"text-align:justify\"><span style=\"font-size:12pt\"><span style=\"font-family:&quot;Times New Roman&quot;,serif\"><span style=\"color:black\">VISI&nbsp;&nbsp;&nbsp;&nbsp;&nbsp;&nbsp;&nbsp;&nbsp;&nbsp;&nbsp;&nbsp; :&nbsp; Terwujudnya Masyarakat Kecamatan Kuripan yang Mandiri untuk hidup Sehat &nbsp;&nbsp;&nbsp;&nbsp;&nbsp;&nbsp;&nbsp;&nbsp;&nbsp;&nbsp; &nbsp;&nbsp;&nbsp;&nbsp;&nbsp;&nbsp;&nbsp;&nbsp;&nbsp;&nbsp;&nbsp;&nbsp;&nbsp;&nbsp;&nbsp;dengan dilandasi nilai-nilai Patut Patuh Patju</span></span></span></li>\r\n\t<li style=\"text-align:justify\"><span style=\"font-size:12pt\"><span style=\"font-family:&quot;Times New Roman&quot;,serif\"><span style=\"color:black\">MISI&nbsp;&nbsp;&nbsp;&nbsp;&nbsp;&nbsp;&nbsp;&nbsp;&nbsp;&nbsp; : </span></span></span></li>\r\n</ol>\r\n\r\n<ol style=\"list-style-type:lower-alpha\">\r\n\t<li style=\"text-align:justify\"><span style=\"font-size:12pt\"><span style=\"font-family:&quot;Times New Roman&quot;,serif\"><span style=\"color:black\">Mendorong dan meningkatkan kemandirian masyarakat dalam bidang kesehatan serta berprilaku hidup sehat</span></span></span></li>\r\n\t<li style=\"text-align:justify\"><span style=\"font-size:12pt\"><span style=\"font-family:&quot;Times New Roman&quot;,serif\"><span style=\"color:black\">Menggerakkan dan meningkatkan peran serta masyarakat dan lintas sektor dalam rangka mendukung pembangunan berwawasan kesehatan</span></span></span></li>\r\n\t<li style=\"text-align:justify\"><span style=\"font-size:12pt\"><span style=\"font-family:&quot;Times New Roman&quot;,serif\"><span style=\"color:black\">Memelihara dan meningkatkan pelayanan kesehatan yang berkualitas adil merata dan terjangkau oleh oleh seluruh lapisan masyarakat</span></span></span></li>\r\n\t<li style=\"text-align:justify\"><span style=\"font-size:12pt\"><span style=\"font-family:&quot;Times New Roman&quot;,serif\"><span style=\"color:black\">Memelihara dan meningkatkan derajat kesehatan individu keluarga dan masyarakat beserta lingkungannya.</span></span></span></li>\r\n</ol>\r\n\r\n<ol start=\"3\">\r\n\t<li style=\"text-align:justify\"><span style=\"font-size:12pt\"><span style=\"font-family:&quot;Times New Roman&quot;,serif\"><span style=\"color:black\">MOTTO PUSKESMAS&nbsp;&nbsp;&nbsp;&nbsp; : &ldquo;PRIMA&rdquo;</span></span></span></li>\r\n</ol>\r\n\r\n<p style=\"margin-left:52px; text-align:justify\"><span style=\"font-size:12pt\"><span style=\"font-family:&quot;Times New Roman&quot;,serif\"><span style=\"color:black\">&nbsp;&nbsp;&nbsp;&nbsp;&nbsp;&nbsp;&nbsp;&nbsp;&nbsp;&nbsp;&nbsp;&nbsp;&nbsp;&nbsp;&nbsp;&nbsp;&nbsp;&nbsp;&nbsp;&nbsp;&nbsp;&nbsp;&nbsp;&nbsp;&nbsp;&nbsp;&nbsp;&nbsp;&nbsp;&nbsp;&nbsp;&nbsp;&nbsp;&nbsp;&nbsp;&nbsp;&nbsp;&nbsp;&nbsp;&nbsp;&nbsp;&nbsp;&nbsp;&nbsp;&nbsp;&nbsp;&nbsp; P: Peduli</span></span></span></p>\r\n\r\n<p style=\"margin-left:52px; text-align:justify\"><span style=\"font-size:12pt\"><span style=\"font-family:&quot;Times New Roman&quot;,serif\"><span style=\"color:black\">&nbsp;&nbsp;&nbsp;&nbsp;&nbsp;&nbsp;&nbsp;&nbsp;&nbsp;&nbsp;&nbsp;&nbsp;&nbsp;&nbsp;&nbsp;&nbsp;&nbsp;&nbsp;&nbsp;&nbsp;&nbsp;&nbsp;&nbsp;&nbsp;&nbsp;&nbsp;&nbsp;&nbsp;&nbsp;&nbsp;&nbsp;&nbsp;&nbsp;&nbsp;&nbsp;&nbsp;&nbsp;&nbsp;&nbsp;&nbsp;&nbsp;&nbsp;&nbsp;&nbsp;&nbsp;&nbsp;&nbsp; R: Ramah</span></span></span></p>\r\n\r\n<p style=\"margin-left:52px; text-align:justify\"><span style=\"font-size:12pt\"><span style=\"font-family:&quot;Times New Roman&quot;,serif\"><span style=\"color:black\">&nbsp;&nbsp;&nbsp;&nbsp;&nbsp;&nbsp;&nbsp;&nbsp;&nbsp;&nbsp;&nbsp;&nbsp;&nbsp;&nbsp;&nbsp;&nbsp;&nbsp;&nbsp;&nbsp;&nbsp;&nbsp;&nbsp;&nbsp;&nbsp;&nbsp;&nbsp;&nbsp;&nbsp;&nbsp;&nbsp;&nbsp;&nbsp;&nbsp;&nbsp;&nbsp; &nbsp;&nbsp;&nbsp;&nbsp;&nbsp;&nbsp;&nbsp;&nbsp;&nbsp;&nbsp;&nbsp; I:&nbsp; Ikhlas</span></span></span></p>\r\n\r\n<p style=\"margin-left:52px; text-align:justify\"><span style=\"font-size:12pt\"><span style=\"font-family:&quot;Times New Roman&quot;,serif\"><span style=\"color:black\">&nbsp;&nbsp;&nbsp;&nbsp;&nbsp;&nbsp;&nbsp;&nbsp;&nbsp;&nbsp;&nbsp;&nbsp;&nbsp;&nbsp;&nbsp;&nbsp;&nbsp;&nbsp;&nbsp;&nbsp;&nbsp;&nbsp;&nbsp;&nbsp;&nbsp;&nbsp;&nbsp;&nbsp;&nbsp;&nbsp;&nbsp;&nbsp;&nbsp;&nbsp;&nbsp;&nbsp;&nbsp;&nbsp;&nbsp;&nbsp;&nbsp;&nbsp;&nbsp;&nbsp;&nbsp;&nbsp;&nbsp; M: Mandiri</span></span></span></p>\r\n\r\n<p style=\"margin-left:52px; text-align:justify\"><span style=\"font-size:12pt\"><span style=\"font-family:&quot;Times New Roman&quot;,serif\"><span style=\"color:black\">&nbsp;&nbsp;&nbsp;&nbsp;&nbsp;&nbsp;&nbsp;&nbsp;&nbsp;&nbsp;&nbsp;&nbsp;&nbsp;&nbsp;&nbsp;&nbsp;&nbsp;&nbsp;&nbsp;&nbsp;&nbsp;&nbsp;&nbsp;&nbsp;&nbsp;&nbsp;&nbsp;&nbsp;&nbsp;&nbsp;&nbsp;&nbsp;&nbsp;&nbsp;&nbsp;&nbsp;&nbsp;&nbsp;&nbsp;&nbsp;&nbsp;&nbsp;&nbsp;&nbsp;&nbsp;&nbsp;&nbsp; A:&nbsp; Aktif</span></span></span></p>\r\n\r\n<ol start=\"4\">\r\n\t<li style=\"text-align:justify\"><span style=\"font-size:12pt\"><span style=\"font-family:&quot;Times New Roman&quot;,serif\"><span style=\"color:black\">FALSAFAH PUSKESMAS</span></span></span></li>\r\n</ol>\r\n\r\n<ul>\r\n\t<li style=\"text-align:justify\"><span style=\"font-size:12pt\"><span style=\"font-family:&quot;Times New Roman&quot;,serif\"><span style=\"color:black\">Peduli terhadap keluhan pasien</span></span></span></li>\r\n\t<li style=\"text-align:justify\"><span style=\"font-size:12pt\"><span style=\"font-family:&quot;Times New Roman&quot;,serif\"><span style=\"color:black\">Ramah, sabar dan empati dalam melaksanakan pelayanan kesehatan</span></span></span></li>\r\n\t<li style=\"text-align:justify\"><span style=\"font-size:12pt\"><span style=\"font-family:&quot;Times New Roman&quot;,serif\"><span style=\"color:black\">Ikhlas, jujur, disiplin dan tanggung jawab dalam menjalankan tugas</span></span></span></li>\r\n\t<li style=\"text-align:justify\"><span style=\"font-size:12pt\"><span style=\"font-family:&quot;Times New Roman&quot;,serif\"><span style=\"color:black\">Mandiri dengan sikap profesianal dalam tugas, bekerja jujur, tertib, cermat dan bersemangat, bersikap sopan, dalam memberikan pelayanan dan tidak menyalagunakan wewenang, serta tidak melakukan pungutan yang tidak syah dalam melaksanakan tugas.</span></span></span></li>\r\n\t<li style=\"text-align:justify\"><span style=\"font-size:12pt\"><span style=\"font-family:&quot;Times New Roman&quot;,serif\"><span style=\"color:black\">Aktif berinovasi kreatif, dan bekerja sama secara professional</span></span></span></li>\r\n</ul>\r\n\r\n<ol start=\"5\">\r\n\t<li style=\"text-align:justify\"><span style=\"font-size:12pt\"><span style=\"font-family:&quot;Times New Roman&quot;,serif\"><span style=\"color:black\">NILAI-NILAI DASAR PUSKESMAS</span></span></span></li>\r\n</ol>\r\n\r\n<ul>\r\n\t<li style=\"text-align:justify\"><span style=\"font-size:12pt\"><span style=\"font-family:&quot;Times New Roman&quot;,serif\"><span style=\"color:black\">Bertindak cepat dan tepat</span></span></span></li>\r\n\t<li style=\"text-align:justify\"><span style=\"font-size:12pt\"><span style=\"font-family:&quot;Times New Roman&quot;,serif\"><span style=\"color:black\">Berpihak kepada masyarakat</span></span></span></li>\r\n\t<li style=\"text-align:justify\"><span style=\"font-size:12pt\"><span style=\"font-family:&quot;Times New Roman&quot;,serif\"><span style=\"color:black\">Menegakkan kedisiplinan</span></span></span></li>\r\n\t<li style=\"text-align:justify\"><span style=\"font-size:12pt\"><span style=\"font-family:&quot;Times New Roman&quot;,serif\"><span style=\"color:black\">Menunjukkan transparansi</span></span></span></li>\r\n\t<li style=\"text-align:justify\"><span style=\"font-size:12pt\"><span style=\"font-family:&quot;Times New Roman&quot;,serif\"><span style=\"color:black\">Mewujudkan akuntabilitas</span></span></span></li>\r\n</ul>\r\n\r\n<ul>\r\n\t<li style=\"text-align:justify\"><span style=\"font-size:12pt\"><span style=\"font-family:&quot;Times New Roman&quot;,serif\"><span style=\"color:black\">BERTINDAK CEPAT DAN TEPAT :</span></span></span></li>\r\n</ul>\r\n\r\n<ul>\r\n\t<li style=\"text-align:justify\"><span style=\"font-size:12pt\"><span style=\"font-family:&quot;Times New Roman&quot;,serif\"><span style=\"color:black\">Cepat mengambil keputusan dalam memberikan pelayanan atau tindakan kesehatan, terhadap kasus/masalah yang bias bersifat mendadak (emergency) maupun mendesak (urgency)</span></span></span></li>\r\n\t<li style=\"text-align:justify\"><span style=\"font-size:12pt\"><span style=\"font-family:&quot;Times New Roman&quot;,serif\"><span style=\"color:black\">Tepat dalam melaksanakan proses pelayanan kesehatan sesuai prosedur tetap atau protap atau standard operasional prosedur (SOP) yang telah ditentukan</span></span></span></li>\r\n</ul>\r\n\r\n<ul>\r\n\t<li style=\"text-align:justify\"><span style=\"font-size:12pt\"><span style=\"font-family:&quot;Times New Roman&quot;,serif\"><span style=\"color:black\">BERPIHAK KEPADA MASYARAKAT</span></span></span></li>\r\n</ul>\r\n\r\n<ul>\r\n\t<li style=\"text-align:justify\"><span style=\"font-size:12pt\"><span style=\"font-family:&quot;Times New Roman&quot;,serif\"><span style=\"color:black\">Masyarakat sebagai subyek pelayanan, berhak menentukan jenis pelayanan kesehatan yang terbaik sesuai masalah yang dihadapinya</span></span></span></li>\r\n\t<li style=\"text-align:justify\"><span style=\"font-size:12pt\"><span style=\"font-family:&quot;Times New Roman&quot;,serif\"><span style=\"color:black\">Masyarakat sebagai obyek pelayanan, wajib diberikan pelayanan kesehatan yang bermutu agar mencapai derajat kesehatan yang optimal</span></span></span></li>\r\n</ul>\r\n\r\n<p style=\"text-align:justify\">&nbsp;</p>\r\n\r\n<ul>\r\n\t<li style=\"text-align:justify\"><span style=\"font-size:12pt\"><span style=\"font-family:&quot;Times New Roman&quot;,serif\"><span style=\"color:black\">MENEGAKKAN KEDISIPLINAN :</span></span></span></li>\r\n</ul>\r\n\r\n<ul>\r\n\t<li style=\"text-align:justify\"><span style=\"font-size:12pt\"><span style=\"font-family:&quot;Times New Roman&quot;,serif\"><span style=\"color:black\">Disiplin kerja : menegakkan semangat kerja dalam memberikan pelayanan yang terbaik kepada masyarakat atau sasaran pelayanan</span></span></span></li>\r\n\t<li style=\"text-align:justify\"><span style=\"font-size:12pt\"><span style=\"font-family:&quot;Times New Roman&quot;,serif\"><span style=\"color:black\">Disiplin administrasi : melakukan pencatatan dan pelaporan hasil kegiatan pelayanan secara tertib, teratur, terarah, terbuka dan terukur.</span></span></span></li>\r\n</ul>\r\n\r\n<ul>\r\n\t<li style=\"text-align:justify\"><span style=\"font-size:12pt\"><span style=\"font-family:&quot;Times New Roman&quot;,serif\"><span style=\"color:black\">MENUNJUKKAN TRANSPARANSI :</span></span></span></li>\r\n</ul>\r\n\r\n<ul>\r\n\t<li style=\"text-align:justify\"><span style=\"font-size:12pt\"><span style=\"font-family:&quot;Times New Roman&quot;,serif\"><span style=\"color:black\">Menunjukkan keterbukaan pelayanan, dengan aturan kerja yang jelas, ringkas dan tuntas, sehingga bias dipahami oleh sasaran pelayanan</span></span></span></li>\r\n\t<li style=\"text-align:justify\"><span style=\"font-size:12pt\"><span style=\"font-family:&quot;Times New Roman&quot;,serif\"><span style=\"color:black\">Menunjukkan keterbukaan anggaran, sesuai tata hokum dan peraturan yang berlaku dalam lingkup pelayanan kesehatan</span></span></span></li>\r\n</ul>\r\n\r\n<ul>\r\n\t<li style=\"text-align:justify\"><span style=\"font-size:12pt\"><span style=\"font-family:&quot;Times New Roman&quot;,serif\"><span style=\"color:black\">MEWUJUDKAN AKUNTABILITAS :</span></span></span></li>\r\n</ul>\r\n\r\n<ul>\r\n\t<li style=\"text-align:justify\"><span style=\"font-size:12pt\"><span style=\"font-family:&quot;Times New Roman&quot;,serif\"><span style=\"color:black\">Hasil kegiatan pelayanan diarahkan secara bertanggung jawab terhadap institusi internal didalam lingkup pelayanan kesehatan dan kepada institusi eksternal diluar lingkungan pelayanan kesehatan.</span></span></span></li>\r\n\t<li style=\"text-align:justify\"><span style=\"font-size:12pt\"><span style=\"font-family:&quot;Times New Roman&quot;,serif\"><span style=\"color:black\">Tanggung jawab terhadap masyarakat, sangat penting sekali karena menyangkut upaya peningkatan pemberdayaan derajat kesehatan masyarakat secara holistik.</span></span></span></li>\r\n</ul>\r\n\r\n<p>&nbsp;</p>", "view_count": 225, "menu_id": 97, "admin_id": 73, "created_at": "2021-08-16T07:33:04.347Z", "updated_at": "2024-07-11T06:52:05.613Z", "is_edited": true}, "m2m": {"photo": [2880]}}, {"condition": {"id": 50136}, "defaults": {"site_id": 55, "judul": "Profil Pejabat Struktural", "isi_halaman": "Informasi tentang \"Profil Pejabat Struktural\". Silahkan update di halaman <a target=\"_blank\" href=\"/dashboard/halaman-statis/\">Dashboard.<a><br><br><br><br>\"Halaman ini dibuat otomatis oleh sistem, karena halaman statis untuk menu ini belum dibuat. <br>Silahkan lakukan update di halaman statis.\"", "view_count": 22, "menu_id": 1043, "admin_id": null, "created_at": "2024-06-12T07:29:06.860Z", "updated_at": "2024-07-10T06:52:11.949Z", "is_edited": false}, "m2m": {"photo": []}}, {"condition": {"id": 50765}, "defaults": {"site_id": 55, "judul": "Sarana dan Prasarana Fasilitas", "isi_halaman": "Informasi tentang \"Sarana dan Prasarana Fasilitas\". Silahkan update di halaman <a target=\"_blank\" href=\"/dashboard/halaman-statis/\">Dashboard.<a><br><br><br><br>\"Halaman ini dibuat otomatis oleh sistem, karena halaman statis untuk menu ini belum dibuat. <br>Silahkan lakukan update di halaman statis.\"", "view_count": 18, "menu_id": 837, "admin_id": null, "created_at": "2024-06-21T09:17:16.755Z", "updated_at": "2024-07-11T07:20:28.568Z", "is_edited": false}, "m2m": {"photo": []}}, {"condition": {"id": 50816}, "defaults": {"site_id": 55, "judul": "Penilaian Kinerja", "isi_halaman": "Informasi tentang \"Penilaian Kinerja\". Silahkan update di halaman <a target=\"_blank\" href=\"/dashboard/halaman-statis/\">Dashboard.<a><br><br><br><br>\"Halaman ini dibuat otomatis oleh sistem, karena halaman statis untuk menu ini belum dibuat. <br>Silahkan lakukan update di halaman statis.\"", "view_count": 3, "menu_id": 835, "admin_id": null, "created_at": "2024-06-22T03:19:33.867Z", "updated_at": "2024-06-24T11:37:58.287Z", "is_edited": false}, "m2m": {"photo": []}}, {"condition": {"id": 50833}, "defaults": {"site_id": 55, "judul": "Atribut", "isi_halaman": "Informasi tentang \"Atribut\". Silahkan update di halaman <a target=\"_blank\" href=\"/dashboard/halaman-statis/\">Dashboard.<a><br><br><br><br>\"Halaman ini dibuat otomatis oleh sistem, karena halaman statis untuk menu ini belum dibuat. <br>Silahkan lakukan update di halaman statis.\"", "view_count": 22, "menu_id": 836, "admin_id": null, "created_at": "2024-06-22T07:43:50.985Z", "updated_at": "2024-07-11T17:37:44.802Z", "is_edited": false}, "m2m": {"photo": []}}, {"condition": {"id": 50873}, "defaults": {"site_id": 55, "judul": "SK PENUNJUKAN PETUGAS PENGELOLA PENGADUAN", "isi_halaman": "Informasi tentang \"SK PENUNJUKAN PETUGAS PENGELOLA PENGADUAN\". Silahkan update di halaman <a target=\"_blank\" href=\"/dashboard/halaman-statis/\">Dashboard.<a><br><br><br><br>\"Halaman ini dibuat otomatis oleh sistem, karena halaman statis untuk menu ini belum dibuat. <br>Silahkan lakukan update di halaman statis.\"", "view_count": 17, "menu_id": 575, "admin_id": null, "created_at": "2024-06-22T10:48:34.089Z", "updated_at": "2024-07-10T06:52:38.536Z", "is_edited": false}, "m2m": {"photo": []}}, {"condition": {"id": 50887}, "defaults": {"site_id": 55, "judul": "Pelayanan Khusus", "isi_halaman": "Informasi tentang \"Pelayanan Khusus\". Silahkan update di halaman <a target=\"_blank\" href=\"/dashboard/halaman-statis/\">Dashboard.<a><br><br><br><br>\"Halaman ini dibuat otomatis oleh sistem, karena halaman statis untuk menu ini belum dibuat. <br>Silahkan lakukan update di halaman statis.\"", "view_count": 13, "menu_id": 834, "admin_id": null, "created_at": "2024-06-22T14:23:55.468Z", "updated_at": "2024-07-10T15:34:50.890Z", "is_edited": false}, "m2m": {"photo": []}}, {"condition": {"id": 50914}, "defaults": {"site_id": 55, "judul": "Rekognisi", "isi_halaman": "Informasi tentang \"Rekognisi\". Silahkan update di halaman <a target=\"_blank\" href=\"/dashboard/halaman-statis/\">Dashboard.<a><br><br><br><br>\"Halaman ini dibuat otomatis oleh sistem, karena halaman statis untuk menu ini belum dibuat. <br>Silahkan lakukan update di halaman statis.\"", "view_count": 22, "menu_id": 839, "admin_id": null, "created_at": "2024-06-23T04:15:26.036Z", "updated_at": "2024-07-11T17:29:45.887Z", "is_edited": false}, "m2m": {"photo": []}}, {"condition": {"id": 50918}, "defaults": {"site_id": 55, "judul": "Pelayanan Terpadu", "isi_halaman": "Informasi tentang \"Pelayanan Terpadu\". Silahkan update di halaman <a target=\"_blank\" href=\"/dashboard/halaman-statis/\">Dashboard.<a><br><br><br><br>\"Halaman ini dibuat otomatis oleh sistem, karena halaman statis untuk menu ini belum dibuat. <br>Silahkan lakukan update di halaman statis.\"", "view_count": 20, "menu_id": 838, "admin_id": null, "created_at": "2024-06-23T04:57:34.721Z", "updated_at": "2024-07-10T06:53:35.673Z", "is_edited": false}, "m2m": {"photo": []}}, {"condition": {"id": 50924}, "defaults": {"site_id": 55, "judul": "Maklumat Pelayanan", "isi_halaman": "Informasi tentang \"Maklumat Pelayanan\". Silahkan update di halaman <a target=\"_blank\" href=\"/dashboard/halaman-statis/\">Dashboard.<a><br><br><br><br>\"Halaman ini dibuat otomatis oleh sistem, karena halaman statis untuk menu ini belum dibuat. <br>Silahkan lakukan update di halaman statis.\"", "view_count": 13, "menu_id": 831, "admin_id": null, "created_at": "2024-06-23T08:19:59.131Z", "updated_at": "2024-07-06T11:51:39.448Z", "is_edited": false}, "m2m": {"photo": []}}, {"condition": {"id": 50934}, "defaults": {"site_id": 55, "judul": "TENTANG", "isi_halaman": "Informasi tentang \"TENTANG\". Silahkan update di halaman <a target=\"_blank\" href=\"/dashboard/halaman-statis/\">Dashboard.<a><br><br><br><br>\"Halaman ini dibuat otomatis oleh sistem, karena halaman statis untuk menu ini belum dibuat. <br>Silahkan lakukan update di halaman statis.\"", "view_count": 21, "menu_id": 527, "admin_id": null, "created_at": "2024-06-23T15:09:09.015Z", "updated_at": "2024-07-11T09:26:29.547Z", "is_edited": false}, "m2m": {"photo": []}}, {"condition": {"id": 50975}, "defaults": {"site_id": 55, "judul": "Tugas dan Fungsi", "isi_halaman": "Informasi tentang \"Tugas dan Fungsi\". Silahkan update di halaman <a target=\"_blank\" href=\"/dashboard/halaman-statis/\">Dashboard.<a><br><br><br><br>\"Halaman ini dibuat otomatis oleh sistem, karena halaman statis untuk menu ini belum dibuat. <br>Silahkan lakukan update di halaman statis.\"", "view_count": 15, "menu_id": 812, "admin_id": null, "created_at": "2024-06-25T06:41:18.901Z", "updated_at": "2024-07-10T18:54:09.537Z", "is_edited": false}, "m2m": {"photo": []}}, {"condition": {"id": 51017}, "defaults": {"site_id": 55, "judul": "Penilaian kinerja", "isi_halaman": "Informasi tentang \"Penilaian kinerja\". Silahkan update di halaman <a target=\"_blank\" href=\"/dashboard/halaman-statis/\">Dashboard.<a><br><br><br><br>\"Halaman ini dibuat otomatis oleh sistem, karena halaman statis untuk menu ini belum dibuat. <br>Silahkan lakukan update di halaman statis.\"", "view_count": 9, "menu_id": 1086, "admin_id": null, "created_at": "2024-06-26T00:26:37.194Z", "updated_at": "2024-07-06T14:19:48.488Z", "is_edited": false}, "m2m": {"photo": []}}, {"condition": {"id": 51018}, "defaults": {"site_id": 55, "judul": "Visi dan Misi", "isi_halaman": "Informasi tentang \"Visi dan Misi\". Silahkan update di halaman <a target=\"_blank\" href=\"/dashboard/halaman-statis/\">Dashboard.<a><br><br><br><br>\"Halaman ini dibuat otomatis oleh sistem, karena halaman statis untuk menu ini belum dibuat. <br>Silahkan lakukan update di halaman statis.\"", "view_count": 23, "menu_id": 1013, "admin_id": null, "created_at": "2024-06-26T00:36:37.853Z", "updated_at": "2024-07-12T01:12:41.994Z", "is_edited": false}, "m2m": {"photo": []}}, {"condition": {"id": 51025}, "defaults": {"site_id": 55, "judul": "Struktur Organisasi", "isi_halaman": "Informasi tentang \"Struktur Organisasi\". Silahkan update di halaman <a target=\"_blank\" href=\"/dashboard/halaman-statis/\">Dashboard.<a><br><br><br><br>\"Halaman ini dibuat otomatis oleh sistem, karena halaman statis untuk menu ini belum dibuat. <br>Silahkan lakukan update di halaman statis.\"", "view_count": 26, "menu_id": 813, "admin_id": null, "created_at": "2024-06-26T05:21:13.411Z", "updated_at": "2024-07-11T20:35:31.011Z", "is_edited": false}, "m2m": {"photo": []}}]