[{"condition": {"id": 4346}, "defaults": {"site_id": 60, "judul": "TENTANG", "isi_halaman": "<p>Tentang Puskesmas Perampuan</p>\r\n\r\n<p>&nbsp;</p>\r\n\r\n<p>https://puskesmasperampuan-dikes.lombokbaratkab.go.id/media/pdf_20220413_104951_0000_1.pdf</p>\r\n\r\n<p>&nbsp;</p>\r\n\r\n<p>&nbsp;</p>\r\n\r\n<div class=\"embed-responsive embed-responsive-1by1\"><iframe class=\"embed-responsive-item\" frameborder=\"0\" src=\"https://docs.google.com/gview?url=https://puskesmasperampuan-dikes.lombokbaratkab.go.id/media/pdf_20220413_104951_0000_1.pdf&amp;embedded=true\"></iframe></div>", "view_count": 517, "menu_id": 42, "admin_id": 78, "created_at": "2022-07-14T10:14:17.183Z", "updated_at": "2024-07-12T01:29:19.491Z", "is_edited": true}, "m2m": {"photo": []}}, {"condition": {"id": 4347}, "defaults": {"site_id": 60, "judul": "VISI MISI", "isi_halaman": "<p>VISI MISI&nbsp; PKM Perampuan</p>\r\n\r\n<p>&nbsp;</p>\r\n\r\n<p><img alt=\"\" src=\"/media/uploads/puskesmasperampuanlobar/2022/07/14/screenshot-from-2022-07-07-11-21-12.png\" style=\"height:281px; margin:20px; width:500px\" /></p>", "view_count": 283, "menu_id": 43, "admin_id": 78, "created_at": "2022-07-14T10:16:45.373Z", "updated_at": "2024-07-11T18:23:14.507Z", "is_edited": true}, "m2m": {"photo": []}}, {"condition": {"id": 4348}, "defaults": {"site_id": 60, "judul": "SUb Menu Profil", "isi_halaman": "<p>ISI sub menu profil</p>", "view_count": 1, "menu_id": 606, "admin_id": 78, "created_at": "2022-07-14T10:19:46.724Z", "updated_at": "2022-07-14T10:20:35.469Z", "is_edited": true}, "m2m": {"photo": []}}, {"condition": {"id": 50127}, "defaults": {"site_id": 60, "judul": "Pelayanan Khusus", "isi_halaman": "Informasi tentang \"Pelayanan Khusus\". Silahkan update di halaman <a target=\"_blank\" href=\"/dashboard/halaman-statis/\">Dashboard.<a><br><br><br><br>\"Halaman ini dibuat otomatis oleh sistem, karena halaman statis untuk menu ini belum dibuat. <br>Silahkan lakukan update di halaman statis.\"", "view_count": 6, "menu_id": 834, "admin_id": null, "created_at": "2024-06-12T07:15:26.975Z", "updated_at": "2024-07-12T00:52:29.257Z", "is_edited": false}, "m2m": {"photo": []}}, {"condition": {"id": 50769}, "defaults": {"site_id": 60, "judul": "Rekognisi", "isi_halaman": "Informasi tentang \"Rekognisi\". Silahkan update di halaman <a target=\"_blank\" href=\"/dashboard/halaman-statis/\">Dashboard.<a><br><br><br><br>\"Halaman ini dibuat otomatis oleh sistem, karena halaman statis untuk menu ini belum dibuat. <br>Silahkan lakukan update di halaman statis.\"", "view_count": 8, "menu_id": 839, "admin_id": null, "created_at": "2024-06-21T09:35:38.553Z", "updated_at": "2024-07-11T19:36:25.825Z", "is_edited": false}, "m2m": {"photo": []}}, {"condition": {"id": 50782}, "defaults": {"site_id": 60, "judul": "Atribut", "isi_halaman": "Informasi tentang \"Atribut\". Silahkan update di halaman <a target=\"_blank\" href=\"/dashboard/halaman-statis/\">Dashboard.<a><br><br><br><br>\"Halaman ini dibuat otomatis oleh sistem, karena halaman statis untuk menu ini belum dibuat. <br>Silahkan lakukan update di halaman statis.\"", "view_count": 7, "menu_id": 836, "admin_id": null, "created_at": "2024-06-21T18:39:02.434Z", "updated_at": "2024-07-11T18:23:03.891Z", "is_edited": false}, "m2m": {"photo": []}}, {"condition": {"id": 50799}, "defaults": {"site_id": 60, "judul": "SK PENUNJUKAN PETUGAS PENGELOLA PENGADUAN", "isi_halaman": "Informasi tentang \"SK PENUNJUKAN PETUGAS PENGELOLA PENGADUAN\". Silahkan update di halaman <a target=\"_blank\" href=\"/dashboard/halaman-statis/\">Dashboard.<a><br><br><br><br>\"Halaman ini dibuat otomatis oleh sistem, karena halaman statis untuk menu ini belum dibuat. <br>Silahkan lakukan update di halaman statis.\"", "view_count": 6, "menu_id": 575, "admin_id": null, "created_at": "2024-06-21T23:13:59.297Z", "updated_at": "2024-07-11T18:23:03.989Z", "is_edited": false}, "m2m": {"photo": []}}, {"condition": {"id": 50824}, "defaults": {"site_id": 60, "judul": "Penilaian Kinerja", "isi_halaman": "Informasi tentang \"Penilaian Kinerja\". Silahkan update di halaman <a target=\"_blank\" href=\"/dashboard/halaman-statis/\">Dashboard.<a><br><br><br><br>\"Halaman ini dibuat otomatis oleh sistem, karena halaman statis untuk menu ini belum dibuat. <br>Silahkan lakukan update di halaman statis.\"", "view_count": 3, "menu_id": 835, "admin_id": null, "created_at": "2024-06-22T05:40:25.335Z", "updated_at": "2024-06-23T13:17:48.836Z", "is_edited": false}, "m2m": {"photo": []}}, {"condition": {"id": 50842}, "defaults": {"site_id": 60, "judul": "Maklumat Pelayanan", "isi_halaman": "Informasi tentang \"Maklumat Pelayanan\". Silahkan update di halaman <a target=\"_blank\" href=\"/dashboard/halaman-statis/\">Dashboard.<a><br><br><br><br>\"Halaman ini dibuat otomatis oleh sistem, karena halaman statis untuk menu ini belum dibuat. <br>Silahkan lakukan update di halaman statis.\"", "view_count": 11, "menu_id": 831, "admin_id": null, "created_at": "2024-06-22T09:31:44.978Z", "updated_at": "2024-07-11T18:23:03.664Z", "is_edited": false}, "m2m": {"photo": []}}, {"condition": {"id": 50844}, "defaults": {"site_id": 60, "judul": "Profil Pejabat Struktural", "isi_halaman": "Informasi tentang \"Profil Pejabat Struktural\". Silahkan update di halaman <a target=\"_blank\" href=\"/dashboard/halaman-statis/\">Dashboard.<a><br><br><br><br>\"Halaman ini dibuat otomatis oleh sistem, karena halaman statis untuk menu ini belum dibuat. <br>Silahkan lakukan update di halaman statis.\"", "view_count": 9, "menu_id": 1043, "admin_id": null, "created_at": "2024-06-22T09:34:03.507Z", "updated_at": "2024-07-11T18:23:14.511Z", "is_edited": false}, "m2m": {"photo": []}}, {"condition": {"id": 50846}, "defaults": {"site_id": 60, "judul": "Jenis Layanan", "isi_halaman": "Informasi tentang \"Jenis Layanan\". Silahkan update di halaman <a target=\"_blank\" href=\"/dashboard/halaman-statis/\">Dashboard.<a><br><br><br><br>\"Halaman ini dibuat otomatis oleh sistem, karena halaman statis untuk menu ini belum dibuat. <br>Silahkan lakukan update di halaman statis.\"", "view_count": 12, "menu_id": 898, "admin_id": null, "created_at": "2024-06-22T09:35:44.271Z", "updated_at": "2024-07-11T18:23:14.521Z", "is_edited": false}, "m2m": {"photo": []}}, {"condition": {"id": 50848}, "defaults": {"site_id": 60, "judul": "Hubungi Kami", "isi_halaman": "Informasi tentang \"Hubungi Kami\". Silahkan update di halaman <a target=\"_blank\" href=\"/dashboard/halaman-statis/\">Dashboard.<a><br><br><br><br>\"Halaman ini dibuat otomatis oleh sistem, karena halaman statis untuk menu ini belum dibuat. <br>Silahkan lakukan update di halaman statis.\"", "view_count": 9, "menu_id": 41, "admin_id": null, "created_at": "2024-06-22T09:37:31.970Z", "updated_at": "2024-07-11T18:22:54.393Z", "is_edited": false}, "m2m": {"photo": []}}, {"condition": {"id": 50849}, "defaults": {"site_id": 60, "judul": "Pelayanan Terpadu", "isi_halaman": "Informasi tentang \"Pelayanan Terpadu\". Silahkan update di halaman <a target=\"_blank\" href=\"/dashboard/halaman-statis/\">Dashboard.<a><br><br><br><br>\"Halaman ini dibuat otomatis oleh sistem, karena halaman statis untuk menu ini belum dibuat. <br>Silahkan lakukan update di halaman statis.\"", "view_count": 14, "menu_id": 838, "admin_id": null, "created_at": "2024-06-22T09:39:11.141Z", "updated_at": "2024-07-11T18:23:03.892Z", "is_edited": false}, "m2m": {"photo": []}}, {"condition": {"id": 50851}, "defaults": {"site_id": 60, "judul": "Visi-Misi dan Motto Pelayanan", "isi_halaman": "Informasi tentang \"Visi-Misi dan Motto Pelayanan\". Silahkan update di halaman <a target=\"_blank\" href=\"/dashboard/halaman-statis/\">Dashboard.<a><br><br><br><br>\"Halaman ini dibuat otomatis oleh sistem, karena halaman statis untuk menu ini belum dibuat. <br>Silahkan lakukan update di halaman statis.\"", "view_count": 14, "menu_id": 97, "admin_id": null, "created_at": "2024-06-22T09:39:48.756Z", "updated_at": "2024-07-12T00:52:32.677Z", "is_edited": false}, "m2m": {"photo": []}}, {"condition": {"id": 50862}, "defaults": {"site_id": 60, "judul": "Struktur Organisasi", "isi_halaman": "Informasi tentang \"Struktur Organisasi\". Silahkan update di halaman <a target=\"_blank\" href=\"/dashboard/halaman-statis/\">Dashboard.<a><br><br><br><br>\"Halaman ini dibuat otomatis oleh sistem, karena halaman statis untuk menu ini belum dibuat. <br>Silahkan lakukan update di halaman statis.\"", "view_count": 9, "menu_id": 813, "admin_id": null, "created_at": "2024-06-22T10:01:04.099Z", "updated_at": "2024-07-11T18:23:14.571Z", "is_edited": false}, "m2m": {"photo": []}}, {"condition": {"id": 50864}, "defaults": {"site_id": 60, "judul": "Sarana dan Prasarana Fasilitas", "isi_halaman": "Informasi tentang \"Sarana dan Prasarana Fasilitas\". Silahkan update di halaman <a target=\"_blank\" href=\"/dashboard/halaman-statis/\">Dashboard.<a><br><br><br><br>\"Halaman ini dibuat otomatis oleh sistem, karena halaman statis untuk menu ini belum dibuat. <br>Silahkan lakukan update di halaman statis.\"", "view_count": 7, "menu_id": 837, "admin_id": null, "created_at": "2024-06-22T10:01:48.429Z", "updated_at": "2024-07-11T22:13:13.770Z", "is_edited": false}, "m2m": {"photo": []}}, {"condition": {"id": 50867}, "defaults": {"site_id": 60, "judul": "Tugas dan Fungsi", "isi_halaman": "Informasi tentang \"Tugas dan Fungsi\". Silahkan update di halaman <a target=\"_blank\" href=\"/dashboard/halaman-statis/\">Dashboard.<a><br><br><br><br>\"Halaman ini dibuat otomatis oleh sistem, karena halaman statis untuk menu ini belum dibuat. <br>Silahkan lakukan update di halaman statis.\"", "view_count": 13, "menu_id": 812, "admin_id": null, "created_at": "2024-06-22T10:04:00.072Z", "updated_at": "2024-07-11T18:23:14.439Z", "is_edited": false}, "m2m": {"photo": []}}, {"condition": {"id": 51299}, "defaults": {"site_id": 60, "judul": "Penilaian kinerja", "isi_halaman": "Informasi tentang \"Penilaian kinerja\". Silahkan update di halaman <a target=\"_blank\" href=\"/dashboard/halaman-statis/\">Dashboard.<a><br><br><br><br>\"Halaman ini dibuat otomatis oleh sistem, karena halaman statis untuk menu ini belum dibuat. <br>Silahkan lakukan update di halaman statis.\"", "view_count": 2, "menu_id": 1086, "admin_id": null, "created_at": "2024-07-11T11:32:48.894Z", "updated_at": "2024-07-11T18:23:03.610Z", "is_edited": false}, "m2m": {"photo": []}}]