[{"condition": {"id": 1}, "defaults": {"title": "Bergerak Bersama Memberi Makna untuk Bangsa", "categori": "artikel", "publish_date": "28 Dec 2023 14:03", "author": "", "link": "http://www.kominfo.go.id/content/detail/53826/bergerak-bersama-memberi-makna-untuk-bangsa/0/artikel_gpr", "publish_date_convert": "2023-12-28T06:05:00Z", "created_at": "2023-12-30T07:34:05.554Z", "updated_at": "2024-01-22T05:23:33.868Z"}}, {"condition": {"id": 2}, "defaults": {"title": "Forum Bakohumas Kemenkes 2023: Bersama Gaungkan UU Kesehatan kepada Masyarakat", "categori": "artikel", "publish_date": "28 Dec 2023 10:20", "author": "", "link": "http://www.kominfo.go.id/content/detail/53818/forum-bakohumas-kemenkes-2023-bersama-gaungkan-uu-kesehatan-kepada-masyarakat/0/artikel_gpr", "publish_date_convert": "2023-12-28T02:22:00Z", "created_at": "2023-12-30T07:34:05.563Z", "updated_at": "2024-01-22T05:23:33.870Z"}}, {"condition": {"id": 3}, "defaults": {"title": "Peringatan Hari Ibu, Momentum Pengakuan Eksistensi Perempuan dalam Pembangunan", "categori": "artikel", "publish_date": "22 Dec 2023 09:00", "author": "", "link": "http://www.kominfo.go.id/content/detail/53686/peringatan-hari-ibu-momentum-pengakuan-eksistensi-perempuan-dalam-pembangunan/0/artikel_gpr", "publish_date_convert": "2023-12-22T01:02:00Z", "created_at": "2023-12-30T07:34:05.566Z", "updated_at": "2024-01-22T05:23:33.872Z"}}, {"condition": {"id": 4}, "defaults": {"title": "Pengguna LPG Tabung 3 Kg Wajib Daftar", "categori": "artikel", "publish_date": "19 Dec 2023 13:18", "author": "", "link": "http://www.kominfo.go.id/content/detail/53647/pengguna-lpg-tabung-3-kg-wajib-daftar/0/artikel_gpr", "publish_date_convert": "2023-12-19T05:20:00Z", "created_at": "2023-12-30T07:34:05.569Z", "updated_at": "2024-01-22T05:23:33.874Z"}}, {"condition": {"id": 5}, "defaults": {"title": "Presiden Joko Widodo Luncurkan Sertipikat Tanah Elektronik", "categori": "artikel", "publish_date": "12 Dec 2023 10:27", "author": "", "link": "http://www.kominfo.go.id/content/detail/53523/presiden-joko-widodo-luncurkan-sertipikat-tanah-elektronik/0/artikel_gpr", "publish_date_convert": "2023-12-12T02:29:00Z", "created_at": "2023-12-30T07:34:05.572Z", "updated_at": "2024-01-22T05:23:33.876Z"}}, {"condition": {"id": 6}, "defaults": {"title": "Forum Tematik Bakohumas MPR, Indro Gutomo : MPR Optimalkan Media Sosial Sebagai Strategi Komunikasi Publik", "categori": "artikel", "publish_date": "30 Nov 2023 11:14", "author": "", "link": "http://www.kominfo.go.id/content/detail/53270/forum-tematik-bakohumas-mpr-indro-gutomo-mpr-optimalkan-media-sosial-sebagai-strategi-komunikasi-publik/0/artikel_gpr", "publish_date_convert": "2023-11-30T03:16:00Z", "created_at": "2023-12-30T07:34:05.574Z", "updated_at": "2024-01-22T05:23:33.877Z"}}, {"condition": {"id": 7}, "defaults": {"title": "MPR Gelar Forum Tematik Bakohumas, Siti Fauziah : Perlu Masukan Untuk  Pengembangan Media Sosial MPR", "categori": "artikel", "publish_date": "30 Nov 2023 08:54", "author": "", "link": "http://www.kominfo.go.id/content/detail/53269/mpr-gelar-forum-tematik-bakohumas-siti-fauziah-perlu-masukan-untuk-pengembangan-media-sosial-mpr/0/artikel_gpr", "publish_date_convert": "2023-11-30T00:56:00Z", "created_at": "2023-12-30T07:34:05.577Z", "updated_at": "2024-01-22T05:23:33.879Z"}}, {"condition": {"id": 8}, "defaults": {"title": "Presiden Serahkan DIPA Tahun Anggaran 2024", "categori": "artikel", "publish_date": "29 Nov 2023 17:26", "author": "", "link": "http://www.kominfo.go.id/content/detail/53249/presiden-serahkan-dipa-tahun-anggaran-2024/0/artikel_gpr", "publish_date_convert": "2023-11-29T09:28:00Z", "created_at": "2023-12-30T07:34:05.580Z", "updated_at": "2024-01-22T05:23:33.881Z"}}, {"condition": {"id": 9}, "defaults": {"title": "KASN Ajak Bakohumas Gaungkan Gerakan ASN Pilih Netral", "categori": "artikel", "publish_date": "24 Nov 2023 15:38", "author": "", "link": "http://www.kominfo.go.id/content/detail/53122/kasn-ajak-bakohumas-gaungkan-gerakan-asn-pilih-netral/0/artikel_gpr", "publish_date_convert": "2023-11-24T07:40:00Z", "created_at": "2023-12-30T07:34:05.582Z", "updated_at": "2024-01-22T05:23:33.883Z"}}, {"condition": {"id": 10}, "defaults": {"title": "Menteri Trenggono Ajak Masyarakat Jaga Ekosistem Perikanan Hadapi Ancaman Krisis Pangan", "categori": "artikel", "publish_date": "21 Nov 2023 11:55", "author": "", "link": "http://www.kominfo.go.id/content/detail/53044/menteri-trenggono-ajak-masyarakat-jaga-ekosistem-perikanan-hadapi-ancaman-krisis-pangan/0/artikel_gpr", "publish_date_convert": "2023-11-21T03:57:00Z", "created_at": "2023-12-30T07:34:05.585Z", "updated_at": "2024-01-22T05:23:33.885Z"}}, {"condition": {"id": 11}, "defaults": {"title": "Sub PIN Polio Dilaksanakan Serentak di 3 Wilayah Mulai 15 Januari 2024", "categori": "artikel", "publish_date": "16 Jan 2024 20:50", "author": "", "link": "http://www.kominfo.go.id/content/detail/54183/sub-pin-polio-dilaksanakan-serentak-di-3-wilayah-mulai-15-januari-2024/0/artikel_gpr", "publish_date_convert": "2024-01-16T12:52:00Z", "created_at": "2024-01-16T16:15:27.815Z", "updated_at": "2024-01-22T05:23:33.887Z"}}, {"condition": {"id": 12}, "defaults": {"title": "Pembangunan Ibu Kota Negara Libatkan Masyarakat Lokal hingga Kembangkan Sektor Industri Digital dan Inovasi", "categori": "artikel_gpr", "publish_date": "26 Feb 2020 10:34", "author": "Tim GPR Kominfo", "link": "https://kominfo.go.id/index.php/content/detail/24653/pembangunan-ibu-kota-negara-libatkan-masyarakat-lokal-hingga-kembangkan-sektor-industri-digital-dan-inovasi/0/artikel_gpr", "publish_date_convert": "2020-02-26T02:36:00Z", "created_at": "2024-01-22T05:23:33.830Z", "updated_at": "2024-01-22T05:23:33.830Z"}}, {"condition": {"id": 13}, "defaults": {"title": "Energi Terbarukan Wujudkan Papua Terang", "categori": "artikel_gpr", "publish_date": "24 Jan 2020 13:07", "author": "Tim GPR Kominfo", "link": "https://kominfo.go.id/index.php/content/detail/24009/energi-terbarukan-wujudkan-papua-terang/0/artikel_gpr", "publish_date_convert": "2020-01-24T05:09:00Z", "created_at": "2024-01-22T05:23:33.849Z", "updated_at": "2024-01-22T05:23:33.849Z"}}, {"condition": {"id": 14}, "defaults": {"title": "Program Pengembangan BLK KOMUNITAS Terus Berlanjut dan Semakin Masif", "categori": "artikel_gpr", "publish_date": "30 Dec 2019 15:00", "author": "Tim GPR Kominfo", "link": "https://kominfo.go.id/index.php/content/detail/23528/program-pengembangan-blk-komunitas-terus-berlanjut-dan-semakin-masif/0/artikel_gpr", "publish_date_convert": "2019-12-30T07:02:00Z", "created_at": "2024-01-22T05:23:33.854Z", "updated_at": "2024-01-22T05:23:33.854Z"}}, {"condition": {"id": 15}, "defaults": {"title": "RUU Omnibus Law: Upaya Perkuat Perekonomian Nasional melalui Penciptaan Lapangan Kerja dan Pemberitan Fasilitas Perpajakan", "categori": "artikel_gpr", "publish_date": "26 Dec 2019 12:00", "author": "Tim GPR Kominfo", "link": "https://kominfo.go.id/index.php/content/detail/23438/ruu-omnibus-law-upaya-perkuat-perekonomian-nasional-melalui-penciptaan-lapangan-kerja-dan-pemberitan-fasilitas-perpajakan/0/artikel_gpr", "publish_date_convert": "2019-12-26T04:02:00Z", "created_at": "2024-01-22T05:23:33.859Z", "updated_at": "2024-01-22T05:23:33.859Z"}}, {"condition": {"id": 16}, "defaults": {"title": "Pertama di Dunia, Indonesia Terapkan Biodiesel 30 Persen (B30)", "categori": "artikel_gpr", "publish_date": "23 Dec 2019 15:01", "author": "Tim GPR Kominfo", "link": "https://kominfo.go.id/index.php/content/detail/23437/pertama-di-dunia-indonesia-terapkan-biodiesel-30-persen-b30/0/artikel_gpr", "publish_date_convert": "2019-12-23T07:03:00Z", "created_at": "2024-01-22T05:23:33.864Z", "updated_at": "2024-01-22T05:23:33.864Z"}}]