[{"condition": {"id": 1}, "defaults": {"nama": "--Semua--", "created_at": "2022-09-02T13:49:43.971Z", "updated_at": "2022-09-02T13:49:43.971Z"}}, {"condition": {"id": 2}, "defaults": {"nama": "Dinas", "created_at": "2022-09-02T13:49:50.677Z", "updated_at": "2022-09-02T13:49:50.677Z"}}, {"condition": {"id": 3}, "defaults": {"nama": "Puskesmas", "created_at": "2022-09-02T13:49:56.608Z", "updated_at": "2022-09-02T13:49:56.608Z"}}, {"condition": {"id": 4}, "defaults": {"nama": "Kecamatan", "created_at": "2022-09-02T13:50:05.006Z", "updated_at": "2022-09-02T13:50:05.006Z"}}, {"condition": {"id": 5}, "defaults": {"nama": "Kelurahan", "created_at": "2022-09-02T13:50:10.639Z", "updated_at": "2022-09-02T13:50:10.639Z"}}, {"condition": {"id": 6}, "defaults": {"nama": "Lembaga / Badan", "created_at": "2022-09-02T13:50:20.974Z", "updated_at": "2022-09-02T13:50:20.974Z"}}]