[{"condition": {"id": 2}, "defaults": {"nama": "Ekonomi", "slug": "ekonomi", "count": 0, "created_at": "2021-05-19T15:31:58.064Z", "updated_at": "2021-05-19T15:31:58.064Z"}}, {"condition": {"id": 3}, "defaults": {"nama": "Berita Utama", "slug": "berita-utama", "count": 0, "created_at": "2021-05-31T10:35:28.518Z", "updated_at": "2021-05-31T10:35:28.518Z"}}, {"condition": {"id": 4}, "defaults": {"nama": "BLK", "slug": "blk", "count": 0, "created_at": "2021-05-31T10:36:32.634Z", "updated_at": "2021-05-31T10:36:32.634Z"}}, {"condition": {"id": 5}, "defaults": {"nama": "Layanan Publik", "slug": "layanan-publik", "count": 0, "created_at": "2021-06-03T11:23:58.306Z", "updated_at": "2021-06-03T11:23:58.306Z"}}, {"condition": {"id": 6}, "defaults": {"nama": "UKP", "slug": "ukp", "count": 0, "created_at": "2021-06-08T11:55:24.390Z", "updated_at": "2021-06-08T11:55:24.390Z"}}, {"condition": {"id": 7}, "defaults": {"nama": "UKM", "slug": "ukm", "count": 0, "created_at": "2021-06-08T11:55:32.770Z", "updated_at": "2021-06-08T11:55:32.770Z"}}, {"condition": {"id": 8}, "defaults": {"nama": "LINTAS SEKTOR", "slug": "lintas-sektor", "count": 0, "created_at": "2021-06-08T11:55:40.712Z", "updated_at": "2021-06-08T11:55:40.712Z"}}, {"condition": {"id": 9}, "defaults": {"nama": "Informasi Kesehatan", "slug": "informasi-kesehatan", "count": 0, "created_at": "2021-06-08T13:19:28.542Z", "updated_at": "2021-06-08T13:19:28.542Z"}}, {"condition": {"id": 10}, "defaults": {"nama": "Serba-serbi", "slug": "serba-serbi", "count": 0, "created_at": "2021-06-09T11:14:23.965Z", "updated_at": "2021-06-09T11:14:23.965Z"}}, {"condition": {"id": 11}, "defaults": {"nama": "PPID", "slug": "ppid", "count": 0, "created_at": "2021-08-19T09:26:21.995Z", "updated_at": "2021-08-19T09:26:21.995Z"}}, {"condition": {"id": 12}, "defaults": {"nama": "Puskesmas Pelangan Tangguh", "slug": "puskesmas-pelangan-tangguh", "count": 0, "created_at": "2021-09-30T22:05:44.828Z", "updated_at": "2021-09-30T22:05:44.828Z"}}, {"condition": {"id": 13}, "defaults": {"nama": "Puskesmas Pelangan", "slug": "puskesmas-pelangan", "count": 0, "created_at": "2021-09-30T22:06:16.306Z", "updated_at": "2021-09-30T22:06:16.306Z"}}, {"condition": {"id": 14}, "defaults": {"nama": "UPT BLUD PUSKESMAS PELANGAN", "slug": "upt-blud-puskesmas-pelangan", "count": 0, "created_at": "2021-09-30T22:06:40.302Z", "updated_at": "2021-09-30T22:06:40.302Z"}}, {"condition": {"id": 15}, "defaults": {"nama": "GERMAS", "slug": "germas", "count": 0, "created_at": "2022-03-11T09:19:27.521Z", "updated_at": "2022-03-11T09:19:27.522Z"}}, {"condition": {"id": 16}, "defaults": {"nama": "UKGS", "slug": "ukgs", "count": 0, "created_at": "2022-03-17T09:48:46.586Z", "updated_at": "2022-03-17T09:48:46.586Z"}}, {"condition": {"id": 17}, "defaults": {"nama": "SIPGAR", "slug": "sipgar", "count": 0, "created_at": "2022-03-18T09:50:58.549Z", "updated_at": "2022-03-18T09:50:58.549Z"}}, {"condition": {"id": 18}, "defaults": {"nama": "TESKEBUGARAN", "slug": "teskebugaran", "count": 0, "created_at": "2022-03-18T12:55:33.674Z", "updated_at": "2022-03-18T12:55:33.674Z"}}, {"condition": {"id": 19}, "defaults": {"nama": "DOKUMEN", "slug": "dokumen", "count": 0, "created_at": "2022-03-19T13:22:38.774Z", "updated_at": "2022-03-19T13:22:38.774Z"}}, {"condition": {"id": 20}, "defaults": {"nama": "Media", "slug": "media", "count": 0, "created_at": "2022-03-25T13:50:27.403Z", "updated_at": "2022-03-25T13:50:27.403Z"}}, {"condition": {"id": 21}, "defaults": {"nama": "UPTPUSKESMASLINGSAR", "slug": "uptpuskesmaslingsar", "count": 0, "created_at": "2022-04-18T11:41:19.199Z", "updated_at": "2022-04-18T11:41:19.199Z"}}, {"condition": {"id": 22}, "defaults": {"nama": "VAKSIN COVID-19", "slug": "vaksin-covid-19", "count": 0, "created_at": "2022-04-18T11:44:03.653Z", "updated_at": "2022-04-18T11:44:03.653Z"}}, {"condition": {"id": 23}, "defaults": {"nama": "PHBS", "slug": "phbs", "count": 0, "created_at": "2022-05-31T09:07:20.538Z", "updated_at": "2022-05-31T09:07:20.538Z"}}, {"condition": {"id": 24}, "defaults": {"nama": "BKDPSDM", "slug": "bkdpsdm", "count": 0, "created_at": "2022-06-09T09:05:28.698Z", "updated_at": "2022-06-09T09:05:28.698Z"}}, {"condition": {"id": 25}, "defaults": {"nama": "LOMBA PHBS DAN LBS", "slug": "lomba-phbs-dan-lbs", "count": 0, "created_at": "2022-06-18T09:36:29.375Z", "updated_at": "2022-06-18T09:36:29.375Z"}}, {"condition": {"id": 26}, "defaults": {"nama": "Penagihan", "slug": "penagihan", "count": 0, "created_at": "2022-08-10T17:45:57.950Z", "updated_at": "2022-08-10T17:45:57.950Z"}}, {"condition": {"id": 27}, "defaults": {"nama": "Pelayanan Pajak Daerah", "slug": "pelayanan-pajak-daerah", "count": 0, "created_at": "2022-08-10T17:46:17.709Z", "updated_at": "2022-08-10T17:46:17.709Z"}}, {"condition": {"id": 28}, "defaults": {"nama": "Pendataan Pajak", "slug": "pendataan-pajak", "count": 0, "created_at": "2022-08-10T17:46:49.614Z", "updated_at": "2022-08-10T17:46:49.614Z"}}, {"condition": {"id": 29}, "defaults": {"nama": "Penetapan Pajak", "slug": "penetapan-pajak", "count": 0, "created_at": "2022-08-10T17:47:06.241Z", "updated_at": "2022-08-10T17:47:06.241Z"}}, {"condition": {"id": 30}, "defaults": {"nama": "HUT RI YANG KE-77", "slug": "hut-ri-yang-ke-77", "count": 0, "created_at": "2022-08-15T12:57:53.627Z", "updated_at": "2022-08-15T12:57:53.627Z"}}, {"condition": {"id": 31}, "defaults": {"nama": "Puskesmas Eyat Mayang", "slug": "puskesmas-eyat-mayang", "count": 0, "created_at": "2022-09-15T19:22:55.996Z", "updated_at": "2022-09-15T19:22:55.996Z"}}, {"condition": {"id": 32}, "defaults": {"nama": "Puskesmas Banyumulek", "slug": "puskesmas-banyumulek", "count": 0, "created_at": "2022-09-26T21:40:40.722Z", "updated_at": "2022-09-26T21:40:40.722Z"}}, {"condition": {"id": 33}, "defaults": {"nama": "RSUD Awet Muda Narmada", "slug": "rsud-awet-muda-narmada", "count": 0, "created_at": "2022-10-20T14:39:15.993Z", "updated_at": "2022-10-20T14:39:15.993Z"}}, {"condition": {"id": 34}, "defaults": {"nama": "BIMTEK", "slug": "bimtek", "count": 0, "created_at": "2023-05-12T04:16:33.525Z", "updated_at": "2023-05-12T04:16:33.525Z"}}, {"condition": {"id": 35}, "defaults": {"nama": "BIMTEK SRIKANDI", "slug": "bimtek-srikandi", "count": 0, "created_at": "2023-05-12T04:16:40.664Z", "updated_at": "2023-05-12T04:16:40.664Z"}}, {"condition": {"id": 36}, "defaults": {"nama": "Edukasi Kesehatan", "slug": "edukasi-kesehatan", "count": 0, "created_at": "2023-07-03T04:51:30.342Z", "updated_at": "2023-07-03T04:51:30.342Z"}}, {"condition": {"id": 37}, "defaults": {"nama": "Green Hospital RSUD Patut Patuh Patju", "slug": "green-hospital-rsud-patut-patuh-patju", "count": 0, "created_at": "2023-09-12T03:06:55.554Z", "updated_at": "2023-09-12T03:06:55.554Z"}}, {"condition": {"id": 38}, "defaults": {"nama": "RSUD PATUT PATUH PATJU", "slug": "rsud-patut-patuh-patju", "count": 0, "created_at": "2023-09-12T03:21:44.232Z", "updated_at": "2023-09-12T03:21:44.232Z"}}, {"condition": {"id": 39}, "defaults": {"nama": "UPT Puskesmas Narmada", "slug": "upt-puskesmas-narmada", "count": 0, "created_at": "2024-05-17T14:34:20.465Z", "updated_at": "2024-05-17T14:34:20.465Z"}}, {"condition": {"id": 40}, "defaults": {"nama": "Anti Korupsi", "slug": "anti-korupsi", "count": 0, "created_at": "2024-05-17T14:35:07.543Z", "updated_at": "2024-05-17T14:35:07.543Z"}}]