[{"condition": {"id": 75}, "defaults": {"link": "https://www.bola.net/", "nama": "bola.net", "icon_awesome": null, "created_at": "2023-05-23T06:06:39.634Z", "updated_at": "2023-05-23T06:06:39.634Z"}}, {"condition": {"id": 76}, "defaults": {"link": "https://lombokbaratkab.go.id/", "nama": "KABUPATEN LOMBOK BARAT", "icon_awesome": null, "created_at": "2023-05-23T06:08:31.596Z", "updated_at": "2023-05-23T06:08:31.596Z"}}, {"condition": {"id": 77}, "defaults": {"link": "https://ikm.lombokbaratkab.go.id/", "nama": "Survei Kepuasan Masyarakat Kabupaten Lombok Barat", "icon_awesome": null, "created_at": "2023-05-23T06:30:29.504Z", "updated_at": "2023-05-23T06:30:29.504Z"}}]