[{"condition": {"id": 6}, "defaults": {"link": "https://www.facebook.com/gerungpuskesmas/", "nama": "Official Facebook Puskesmas Gerung", "icon_awesome": null, "created_at": "2021-08-19T09:38:03.317Z", "updated_at": "2021-08-19T09:38:03.317Z"}}, {"condition": {"id": 7}, "defaults": {"link": "https://www.facebook.com/ppidpuskesmasgerung/", "nama": "Official Facebook PPID Puskesmas Gerung", "icon_awesome": null, "created_at": "2021-08-19T09:38:47.035Z", "updated_at": "2021-08-19T09:38:47.035Z"}}, {"condition": {"id": 8}, "defaults": {"link": "https://www.facebook.com/pkmgerung", "nama": "Official Fanpage Puskesmas Gerung", "icon_awesome": null, "created_at": "2021-08-19T09:40:18.270Z", "updated_at": "2022-03-17T15:10:52.280Z"}}, {"condition": {"id": 9}, "defaults": {"link": "https://www.youtube.com/channel/UCpEoxvnJjV-A2uCQ4pTlmaA/videos", "nama": "Official Youtube Puskesmas Gerung", "icon_awesome": null, "created_at": "2021-08-19T09:41:19.995Z", "updated_at": "2022-03-17T15:10:19.359Z"}}, {"condition": {"id": 89}, "defaults": {"link": "https://www.instagram.com/puskesmas.gerung/?hl=id", "nama": "Official Instagram Puskesmas Gerung", "icon_awesome": null, "created_at": "2024-04-06T06:55:18.230Z", "updated_at": "2024-04-06T06:55:18.231Z"}}]