[{"condition": {"id": 61}, "defaults": {"link": "https://www.facebook.com/puskesmas.sekotong.712", "nama": "facebook", "icon_awesome": null, "created_at": "2022-07-20T10:10:06.857Z", "updated_at": "2022-07-20T10:10:06.857Z"}}, {"condition": {"id": 62}, "defaults": {"link": "https://www.youtube.com/channel/UCjKs7VDu-mE4X5SYGGXFKmg", "nama": "YOUTUBE", "icon_awesome": null, "created_at": "2022-07-20T10:11:11.849Z", "updated_at": "2022-07-20T10:11:11.849Z"}}, {"condition": {"id": 63}, "defaults": {"link": "https://www.instagram.com/puskesmas_sekotong/", "nama": "Instagram", "icon_awesome": null, "created_at": "2022-07-20T10:11:52.786Z", "updated_at": "2022-07-20T10:11:52.786Z"}}]