[{"condition": {"id": 56}, "defaults": {"nama": "dr. I Komang Sutrisna Budiyasa", "jabatan": "KEPALA UPT PUSKESMAS SEKOTONG", "jabatan_index": "4", "photo_id": 2768, "admin_id": 60, "is_default": false, "created_at": "2022-07-18T10:27:09.265Z", "updated_at": "2023-05-23T02:55:10.947Z"}}, {"condition": {"id": 120}, "defaults": {"nama": "H. Ilham", "jabatan": "PJ. BUPATI LOMBOK BARAT", "jabatan_index": "1", "photo_id": 17974, "admin_id": 1, "is_default": true, "created_at": "2023-11-13T02:35:32.217Z", "updated_at": "2024-04-24T03:30:26.760Z"}}]