[{"condition": {"id": 55}, "defaults": {"nama": "Ns. Akmal Rosamali, S.Kep. M.Kes", "jabatan": "Kepala UPT Puskesmas Perampuan ", "jabatan_index": "4", "photo_id": 2754, "admin_id": 78, "is_default": false, "created_at": "2022-07-16T22:34:43.537Z", "updated_at": "2023-08-17T05:34:30.378Z"}}, {"condition": {"id": 120}, "defaults": {"nama": "H. Ilham", "jabatan": "PJ. BUPATI LOMBOK BARAT", "jabatan_index": "1", "photo_id": 17974, "admin_id": 1, "is_default": true, "created_at": "2023-11-13T02:35:32.217Z", "updated_at": "2024-04-24T03:30:26.760Z"}}]