[{"condition": {"id": 95}, "defaults": {"nama": "MUJAHID FITRIADI, SKM,. M.Si", "jabatan": "KEPALA UPT PUSKESMAS LINGSAR", "jabatan_index": "4", "photo_id": 9375, "admin_id": 74, "is_default": false, "created_at": "2023-04-18T03:09:54.418Z", "updated_at": "2023-04-18T03:09:54.418Z"}}, {"condition": {"id": 120}, "defaults": {"nama": "H. Ilham", "jabatan": "PJ. BUPATI LOMBOK BARAT", "jabatan_index": "1", "photo_id": 17974, "admin_id": 1, "is_default": true, "created_at": "2023-11-13T02:35:32.217Z", "updated_at": "2024-04-24T03:30:26.760Z"}}]