[{"condition": {"id": 119}, "defaults": {"nama": "dr. H. Suriyadi, Sp. An", "jabatan": "Direktur RSUD Patut Patuh Patju", "jabatan_index": "4", "photo_id": 13014, "admin_id": 112, "is_default": false, "created_at": "2023-08-25T07:35:39.670Z", "updated_at": "2023-08-25T07:35:39.670Z"}}, {"condition": {"id": 120}, "defaults": {"nama": "H. Ilham", "jabatan": "PJ. BUPATI LOMBOK BARAT", "jabatan_index": "1", "photo_id": 17974, "admin_id": 1, "is_default": true, "created_at": "2023-11-13T02:35:32.217Z", "updated_at": "2024-04-24T03:30:26.760Z"}}]