[{"condition": {"id": 12}, "defaults": {"nama": "Dr. I DEWA GEDE NGURAH AGUNG", "jabatan": "KEPALA UPT PUSKESMAS NARMADA", "jabatan_index": "4", "photo_id": 502, "admin_id": 47, "is_default": false, "created_at": "2021-06-09T09:47:28.736Z", "updated_at": "2021-06-16T08:54:39.762Z"}}, {"condition": {"id": 120}, "defaults": {"nama": "H. Ilham", "jabatan": "PJ. BUPATI LOMBOK BARAT", "jabatan_index": "1", "photo_id": 17974, "admin_id": 1, "is_default": true, "created_at": "2023-11-13T02:35:32.217Z", "updated_at": "2024-04-24T03:30:26.760Z"}}]