[{"condition": {"id": 110}, "defaults": {"nama": "Ns.Junaidi,S.Kep", "jabatan": "Kepala UPT Puskesmas Sedau", "jabatan_index": "4", "photo_id": 10135, "admin_id": 79, "is_default": false, "created_at": "2023-05-25T23:00:52.721Z", "updated_at": "2023-05-25T23:00:52.722Z"}}, {"condition": {"id": 120}, "defaults": {"nama": "H. Ilham", "jabatan": "PJ. BUPATI LOMBOK BARAT", "jabatan_index": "1", "photo_id": 17974, "admin_id": 1, "is_default": true, "created_at": "2023-11-13T02:35:32.217Z", "updated_at": "2024-04-24T03:30:26.760Z"}}]