[{"condition": {"id": 84}, "defaults": {"nama": "Ns. Zaenal Abidin, S.Kep", "jabatan": "Kepala UPT Puskesmas Sigerongan", "jabatan_index": "4", "photo_id": 6802, "admin_id": 81, "is_default": false, "created_at": "2022-10-23T00:54:09.700Z", "updated_at": "2023-05-23T06:35:50.884Z"}}, {"condition": {"id": 120}, "defaults": {"nama": "H. Ilham", "jabatan": "PJ. BUPATI LOMBOK BARAT", "jabatan_index": "1", "photo_id": 17974, "admin_id": 1, "is_default": true, "created_at": "2023-11-13T02:35:32.217Z", "updated_at": "2024-04-24T03:30:26.760Z"}}]