[{"condition": {"id": 109}, "defaults": {"nama": "Ns. H. Rusman, S.Kep", "jabatan": "Kepala UPT Puskesmas Meninting", "jabatan_index": "4", "photo_id": 10079, "admin_id": 75, "is_default": false, "created_at": "2023-05-24T15:25:30.107Z", "updated_at": "2023-05-24T15:25:30.107Z"}}, {"condition": {"id": 120}, "defaults": {"nama": "H. Ilham", "jabatan": "PJ. BUPATI LOMBOK BARAT", "jabatan_index": "1", "photo_id": 17974, "admin_id": 1, "is_default": true, "created_at": "2023-11-13T02:35:32.217Z", "updated_at": "2024-04-24T03:30:26.760Z"}}]