[{"condition": {"id": 104}, "defaults": {"nama": "dr. FAIRUZ SYAHFI' IMAM", "jabatan": "Kepala Puskesmas Pelangan", "jabatan_index": "4", "photo_id": 9938, "admin_id": 76, "is_default": false, "created_at": "2023-05-23T01:44:39.417Z", "updated_at": "2023-05-23T01:44:39.417Z"}}, {"condition": {"id": 120}, "defaults": {"nama": "H. Ilham", "jabatan": "PJ. BUPATI LOMBOK BARAT", "jabatan_index": "1", "photo_id": 17974, "admin_id": 1, "is_default": true, "created_at": "2023-11-13T02:35:32.217Z", "updated_at": "2024-04-24T03:30:26.760Z"}}]