[{"condition": {"id": 43}, "defaults": {"nama": "Ns. Iwan Kusmayadi AS, S.kep", "jabatan": "Kepala Puskesmas Jembatan Kembar", "jabatan_index": "4", "photo_id": 2473, "admin_id": 72, "is_default": false, "created_at": "2022-07-06T10:37:35.640Z", "updated_at": "2022-07-06T10:42:16.958Z"}}, {"condition": {"id": 120}, "defaults": {"nama": "H. Ilham", "jabatan": "PJ. BUPATI LOMBOK BARAT", "jabatan_index": "1", "photo_id": 17974, "admin_id": 1, "is_default": true, "created_at": "2023-11-13T02:35:32.217Z", "updated_at": "2024-04-24T03:30:26.760Z"}}]