[{"condition": {"id": 16}, "defaults": {"nama": "Rohayati, S.Si", "jabatan": "Kepala UPT Puskesmas Labuapi", "jabatan_index": "4", "photo_id": 806, "admin_id": 50, "is_default": false, "created_at": "2021-06-16T11:50:27.126Z", "updated_at": "2021-06-16T11:50:27.126Z"}}, {"condition": {"id": 120}, "defaults": {"nama": "H. Ilham", "jabatan": "PJ. BUPATI LOMBOK BARAT", "jabatan_index": "1", "photo_id": 17974, "admin_id": 1, "is_default": true, "created_at": "2023-11-13T02:35:32.217Z", "updated_at": "2024-04-24T03:30:26.760Z"}}]