[{"condition": {"id": 57}, "defaults": {"nama": "Ns. H. Hasmuni Budiawan, S.Kep", "jabatan": "Kepala Puskesmas", "jabatan_index": "4", "photo_id": 2847, "admin_id": 73, "is_default": false, "created_at": "2022-07-19T10:27:43.449Z", "updated_at": "2023-05-23T02:07:30.432Z"}}, {"condition": {"id": 120}, "defaults": {"nama": "H. Ilham", "jabatan": "PJ. BUPATI LOMBOK BARAT", "jabatan_index": "1", "photo_id": 17974, "admin_id": 1, "is_default": true, "created_at": "2023-11-13T02:35:32.217Z", "updated_at": "2024-04-24T03:30:26.760Z"}}]