[{"condition": {"id": 58}, "defaults": {"nama": "Ns. H. Lalu Wirawan Srigede,S.Kep", "jabatan": "Kepala UPT Puskesmas Gunungsari", "jabatan_index": "4", "photo_id": 3065, "admin_id": 71, "is_default": false, "created_at": "2022-07-21T14:38:38.882Z", "updated_at": "2022-07-21T14:38:38.882Z"}}, {"condition": {"id": 120}, "defaults": {"nama": "H. Ilham", "jabatan": "PJ. BUPATI LOMBOK BARAT", "jabatan_index": "1", "photo_id": 17974, "admin_id": 1, "is_default": true, "created_at": "2023-11-13T02:35:32.217Z", "updated_at": "2024-04-24T03:30:26.760Z"}}]