[{"condition": {"id": 120}, "defaults": {"nama": "H. Ilham", "jabatan": "PJ. BUPATI LOMBOK BARAT", "jabatan_index": "1", "photo_id": 17974, "admin_id": 1, "is_default": true, "created_at": "2023-11-13T02:35:32.217Z", "updated_at": "2024-04-24T03:30:26.760Z"}}, {"condition": {"id": 128}, "defaults": {"nama": "JASWADI,SKM", "jabatan": "Kepala Sub Bagian Tata Usaha", "jabatan_index": "4", "photo_id": 17942, "admin_id": 48, "is_default": false, "created_at": "2024-04-23T05:24:14.328Z", "updated_at": "2024-04-23T05:24:14.328Z"}}]