[{"condition": {"id": 79}, "defaults": {"nama": "MARDIANA,S.Si", "jabatan": "Kepala UPT Laboratorium Kesehatan Kab.Lombok Barat", "jabatan_index": "4", "photo_id": 4541, "admin_id": 103, "is_default": false, "created_at": "2022-08-23T08:37:01.632Z", "updated_at": "2022-08-23T08:37:01.632Z"}}, {"condition": {"id": 120}, "defaults": {"nama": "H. Ilham", "jabatan": "PJ. BUPATI LOMBOK BARAT", "jabatan_index": "1", "photo_id": 17974, "admin_id": 1, "is_default": true, "created_at": "2023-11-13T02:35:32.217Z", "updated_at": "2024-04-24T03:30:26.760Z"}}]