[{"condition": {"id": 94}, "defaults": {"nama": "dr. Erick Gunawan", "jabatan": "Direktur RSUD AWET MUDA NARMADA", "jabatan_index": "4", "photo_id": 9141, "admin_id": 51, "is_default": false, "created_at": "2023-04-03T01:53:45.821Z", "updated_at": "2023-04-03T01:53:45.821Z"}}, {"condition": {"id": 120}, "defaults": {"nama": "H. Ilham", "jabatan": "PJ. BUPATI LOMBOK BARAT", "jabatan_index": "1", "photo_id": 17974, "admin_id": 1, "is_default": true, "created_at": "2023-11-13T02:35:32.217Z", "updated_at": "2024-04-24T03:30:26.760Z"}}]