[{"condition": {"id": 48}, "defaults": {"nama": "H. BILLIA MILKAN, S.ST", "jabatan": "KEPALA UPT PUSKESMAS SURANADI", "jabatan_index": "4", "photo_id": 2606, "admin_id": 82, "is_default": false, "created_at": "2022-07-11T15:13:38.202Z", "updated_at": "2022-07-11T15:13:38.202Z"}}, {"condition": {"id": 120}, "defaults": {"nama": "H. Ilham", "jabatan": "PJ. BUPATI LOMBOK BARAT", "jabatan_index": "1", "photo_id": 17974, "admin_id": 1, "is_default": true, "created_at": "2023-11-13T02:35:32.217Z", "updated_at": "2024-04-24T03:30:26.760Z"}}]