[{"condition": {"id": 62}, "defaults": {"nama": "Fauzan Ma'ari,SKM", "jabatan": "Kepala UPT Puskesmas Sesela", "jabatan_index": "4", "photo_id": 3229, "admin_id": 80, "is_default": false, "created_at": "2022-07-25T13:23:13.690Z", "updated_at": "2024-06-22T00:57:34.034Z"}}, {"condition": {"id": 120}, "defaults": {"nama": "H. Ilham", "jabatan": "PJ. BUPATI LOMBOK BARAT", "jabatan_index": "1", "photo_id": 17974, "admin_id": 1, "is_default": true, "created_at": "2023-11-13T02:35:32.217Z", "updated_at": "2024-04-24T03:30:26.760Z"}}]