[{"condition": {"id": 98}, "defaults": {"nama": "Zulhana, SKM., MM.", "jabatan": "Kepala UPT Puskesmas Gerung", "jabatan_index": "4", "photo_id": 9461, "admin_id": 46, "is_default": false, "created_at": "2023-04-28T01:31:14.916Z", "updated_at": "2023-04-28T01:31:14.916Z"}}, {"condition": {"id": 120}, "defaults": {"nama": "H. Ilham", "jabatan": "PJ. BUPATI LOMBOK BARAT", "jabatan_index": "1", "photo_id": 17974, "admin_id": 1, "is_default": true, "created_at": "2023-11-13T02:35:32.217Z", "updated_at": "2024-04-24T03:30:26.760Z"}}]