[{"condition": {"id": 54}, "defaults": {"nama": "dr. Qudusiyah Fahriati", "jabatan": "Kepala Puskesmas Banyumulek", "jabatan_index": "4", "photo_id": 2696, "admin_id": 69, "is_default": false, "created_at": "2022-07-14T13:03:44.709Z", "updated_at": "2022-07-14T13:03:44.709Z"}}, {"condition": {"id": 120}, "defaults": {"nama": "H. Ilham", "jabatan": "PJ. BUPATI LOMBOK BARAT", "jabatan_index": "1", "photo_id": 17974, "admin_id": 1, "is_default": true, "created_at": "2023-11-13T02:35:32.217Z", "updated_at": "2024-04-24T03:30:26.760Z"}}]