[{"condition": {"id": 107}, "defaults": {"nama": "Ns. Akhmad Juaini, S.Kep", "jabatan": "Kepala UPT Puskesmas Penimbung", "jabatan_index": "4", "photo_id": 9950, "admin_id": 77, "is_default": false, "created_at": "2023-05-23T03:33:10.469Z", "updated_at": "2023-12-21T05:57:09.236Z"}}, {"condition": {"id": 120}, "defaults": {"nama": "H. Ilham", "jabatan": "PJ. BUPATI LOMBOK BARAT", "jabatan_index": "1", "photo_id": 17974, "admin_id": 1, "is_default": true, "created_at": "2023-11-13T02:35:32.217Z", "updated_at": "2024-04-24T03:30:26.760Z"}}]