[{"condition": {"id": 162}, "defaults": {"site_id": 59, "admin_id": 77, "judul": "BERSIAP UNTUK BULAN PENGUKURAN DAN VITAMIN A!", "judul_seo": "bersiap-untuk-bulan-pengukuran-dan-vitamin-a", "isi_pengumuman": "<p style=\"text-align:justify\">Halo para ibu-ibu, sudah masuk bulan Agustus tahun 2022 saatnya mengukur tinggi/panjang badan dan memberikan vitamin A pada anak-anak kita. Ingat vitamin A ada 2 macam, yang warna biru untuk anak umur 6-11 bulan dan warna merah untuk anak umur 12-59 bulan.</p>\r\n\r\n<p>JANGAN LUPA UNTUK DATANG KE POSYANDU BULAN INI!</p>\r\n\r\n<p>&nbsp;</p>\r\n\r\n<p>(Promkes Penimbung)</p>\r\n", "view_count": 218, "share_count": 0, "word_count": 45, "status": "published", "created_at": "2022-08-03T14:23:57.572Z", "updated_at": "2024-07-04T19:46:26.008Z"}, "m2m": {"photo": [3774]}}]