[{"condition": {"id": 139}, "defaults": {"site_id": 63, "admin_id": 81, "judul": "vaksinasi covid 19 (vaksinasi BOOSTER)", "judul_seo": "vaksinasi-covid-19-vaksinasi-booster", "isi_pengumuman": "<p>Salam Sehat..</p>\r\n\r\n<p>Bagi warga masyarakat Desa Giri Madia dan sekitarnya yang belum mlaksanakan vaksinansi BOOSTER ataupun vaksin 1 dan 2 besok pagi kantor desa Giri Madia akan dilaksanakan kegiatan vaksinasi covid 19 jam 08.00 wita.&nbsp;</p>\r\n\r\n<p>cukup dengan membawa KTP atau kartu vaksin&nbsp; bagi yang sudah vaksin warga sudah bisa mengikuti kegiatan vaksin.</p>\r\n\r\n<p><img src=\"https://ketik.unpad.ac.id/uploads/images/610/vaksinolog-jelaskan-kebenaran-tentang_201124185604-307.jpg\" />&nbsp;</p>\r\n", "view_count": 83, "share_count": 0, "word_count": 48, "status": "published", "created_at": "2022-07-20T13:34:39.472Z", "updated_at": "2024-05-29T07:08:15.975Z"}, "m2m": {"photo": []}}, {"condition": {"id": 463}, "defaults": {"site_id": 63, "admin_id": 81, "judul": "Cuti bersama Hari Raya Idul Adha 1444 Hijriyah", "judul_seo": "cuti-bersama-hari-raya-idul-adha-1444-hijriyah", "isi_pengumuman": "<p style=\"text-align:center\">Sesuai dengan surat keputusan bersama (SKB) no 327 tahun 2023 tentang hari libur dan cuti bersama dalam rangka perayaan Hari Raya Idul Adha 1444 H dengan ini kmai sampaikan bahwa pelayanan rawat jalan di UPT Puskesmas Sigerongan pada tanggal 28 s/d 30 juni tahun 2023 di tutup.</p>\r\n\r\n<p style=\"text-align:center\">IGD dan Persalinan tetap buka 24 Jam</p>\r\n", "view_count": 106, "share_count": 0, "word_count": 46, "status": "published", "created_at": "2023-06-26T06:03:50.560Z", "updated_at": "2024-05-31T06:32:24.055Z"}, "m2m": {"photo": [11236]}}, {"condition": {"id": 485}, "defaults": {"site_id": 63, "admin_id": 81, "judul": "Jadwal Posyandu Harian", "judul_seo": "jadwal-posyandu-harian", "isi_pengumuman": "<p>Tanggal 4 Juli 2023 pelaksanaan jadwal posyandu di desa :</p>\r\n\r\n<p>1. Desa Sigerongan dusun Sigerongan</p>\r\n\r\n<p>2. Desa Dasan Geria dusun Gegutu Reban</p>\r\n\r\n<p>3. Desa Langko dusun Langko Lauk</p>\r\n\r\n<p>yuk para kader segera informasikan kepada para warga bahwa besok pagi ada pelayanan posyandu keluarga di wilayah masing-masing,,,</p>\r\n", "view_count": 135, "share_count": 0, "word_count": 39, "status": "published", "created_at": "2023-07-03T06:44:07.231Z", "updated_at": "2024-07-03T03:13:16.556Z"}, "m2m": {"photo": []}}, {"condition": {"id": 526}, "defaults": {"site_id": 63, "admin_id": 81, "judul": "Tahun baru Hijriah", "judul_seo": "tahun-baru-hijriah", "isi_pengumuman": "<p>Selamat Tahun Baru Hijriah</p>", "view_count": 964, "share_count": 0, "word_count": 4, "status": "published", "created_at": "2023-07-18T23:55:16.232Z", "updated_at": "2024-07-09T22:26:07.474Z"}, "m2m": {"photo": [11795]}}, {"condition": {"id": 647}, "defaults": {"site_id": 63, "admin_id": 81, "judul": "Dirgahayu Republik Indonesia ke -78", "judul_seo": "dirgahayu-republik-indonesia-ke-78", "isi_pengumuman": "<p>Kami keluarga besar UPT Puskesmas Sigerongan Mengucapkan \" Dirgahayu Republik Indonesia yang ke-78\" Mardeka Bangsaku Mardeka Negriku</p>", "view_count": 221, "share_count": 0, "word_count": 15, "status": "published", "created_at": "2023-08-17T03:42:05.908Z", "updated_at": "2024-07-06T22:24:00.178Z"}, "m2m": {"photo": [12768]}}, {"condition": {"id": 737}, "defaults": {"site_id": 63, "admin_id": 81, "judul": "Pengumuman libur dan cuti bersama perayaan Natal tahun 2023", "judul_seo": "pengumuman-libur-dan-cuti-bersama-perayaan-natal-tahun-2023", "isi_pengumuman": "<p>Berdasarkan Surat Edaran Bupati Lombok Barat<br>Nomor : 100.3.4/BUP/ORG/VI/2023<br>Tentang Perubahan Kedua Hari Libur Nasional dan Cuti Bersama<br>Kabupaten Lombok Barat tahun 2023<br>dengan ini kami sampaikan pelayanan Rawat Jalan&nbsp;<br>UPT Puskesmas Sigerongan tanggal 25-26 Desember</p><p><strong>Tutup</strong><br>dan akan buka kembali pada tanggal 27 Desember 2023</p><p>IGD DAN KIA BERSALIN&nbsp;<br>TETAP BUKA 24 JAM</p>", "view_count": 329, "share_count": 0, "word_count": 40, "status": "published", "created_at": "2023-12-24T07:25:08.561Z", "updated_at": "2024-07-11T07:04:47.896Z"}, "m2m": {"photo": [14580]}}, {"condition": {"id": 749}, "defaults": {"site_id": 63, "admin_id": 81, "judul": "Kini USG Bisa di Puskesmas Sigerongan", "judul_seo": "kini-usg-bisa-di-puskesmas-sigerongan", "isi_pengumuman": "<p>Kabar gembira untuk masyarakat di wilayah kerja UPT Puskesmas Sigerongan, kini USG Kehamilan sudah bisa di lakukan di puskesmas sigerongan. untuk ibu hamil yang ingin melakukan USG Kehamilan bisa langsung datang ke UPT Puskesmas sigerongan di hari selasa dan kamis.</p><p>&nbsp;</p>", "view_count": 677, "share_count": 0, "word_count": 40, "status": "published", "created_at": "2024-01-10T05:52:59.570Z", "updated_at": "2024-07-12T01:11:48.188Z"}, "m2m": {"photo": [14843, 14844, 14845]}}, {"condition": {"id": 750}, "defaults": {"site_id": 63, "admin_id": 81, "judul": "JAdwal USG Kehamilan UPT Puskesmas Sigerongan", "judul_seo": "jadwal-usg-kehamilan-upt-puskesmas-sigerongan", "isi_pengumuman": "<p>Jadwal Pelayanan USG Kehamilan UPT Puskesmas Sigerongan :</p><p>Hari Selasa dan Kamis</p><p>Jam : 08.00 s/d 11.30 Wita</p><p>untuk Pasien umum dikenakan tarif Rp. 50.000&nbsp;</p>", "view_count": 379, "share_count": 0, "word_count": 17, "status": "published", "created_at": "2024-01-10T06:16:57.279Z", "updated_at": "2024-07-11T23:55:42.666Z"}, "m2m": {"photo": [14848]}}, {"condition": {"id": 754}, "defaults": {"site_id": 63, "admin_id": 81, "judul": "Operasi Mata Katarak, Gratis", "judul_seo": "operasi-mata-katarak-gratis", "isi_pengumuman": "<p>Dalam Rangka kegiatan Bakti sosial Dinas Kesehatan Provinsi NUsa Tenggara Barat dan Rumah Sakit Mata Mataram mengadakan kegiatan opersai mata Katarak Gratis pada tanggal 19 Januari 2024 yang akan di laksnakan di Rumah sakit Mata Mataram.</p><p>untuk pendaftaran dan informasi lebih lanjut bisa menghubungi kontak whatsapp : 0823-4006-1952 atas nama Rina Ekayanti, A. Md. Kep Selaku Penanggung Jawab Prog.Kesehatan indra UPT Puskesmas Sigerongan&nbsp;</p><p>Mari bersama-sama menjaga kesehatan mata kita untuk masa depan yang lebih cerah!&nbsp;</p><p>Bagikan informasi ini kepada keluarga, teman, dan tetangga yang membutuhkan.</p><p>&nbsp;</p>", "view_count": 1656, "share_count": 0, "word_count": 77, "status": "published", "created_at": "2024-01-13T06:33:52.288Z", "updated_at": "2024-07-11T12:54:38.620Z"}, "m2m": {"photo": [14951]}}, {"condition": {"id": 765}, "defaults": {"site_id": 63, "admin_id": 81, "judul": "Lomba Kreasi MP ASi dalam rangka memperingati dan menyambut Hari Gizi Nasional yang ke-64", "judul_seo": "lomba-kreasi-mp-asi-dalam-rangka-memperingati-dan-menyambut-hari-gizi-nasional-yang-ke-64", "isi_pengumuman": "<p><span style=\"color:rgb(55,65,81);\">Dalam Rangka Memperingati Hari Gizi Nasional ke-64, UPT Puskesmas sigerongan mengundang kader Posyandu wilayah kerja UPT Puskesmas sigerongan &nbsp;untuk berpartisipasi dalam Lomba Kreasi Makanan Pendamping Air Susu Ibu (MP-ASI) Lokal dengan Kandungan Protein Hewani yang Tinggi.</span></p><figure class=\"image\"><img src=\"https://cdn.lombokbaratkab.go.id/media/image_Hto0GZI.png\"></figure><p>yuk ikut ramaikan da hadiah menarik menantimu...</p><p>jangan lupa daftarkan tim terbaik kalian,,,,,</p>", "view_count": 1823, "share_count": 0, "word_count": 43, "status": "published", "created_at": "2024-01-23T07:23:20.716Z", "updated_at": "2024-07-11T20:20:26.769Z"}, "m2m": {"photo": [15372]}}, {"condition": {"id": 772}, "defaults": {"site_id": 63, "admin_id": 81, "judul": "Awas, Waspada bahaya penyakit Leptospirosis", "judul_seo": "awas-waspada-bahaya-penyakit-leptospirosis", "isi_pengumuman": "<p style=\"margin-left:0px;text-align:center;\"><strong>PENGUMUMAN PENTING:</strong></p><p style=\"margin-left:0px;text-align:center;\"><strong>&nbsp;BAHAYA PENYAKIT LEPTOSPIROSIS</strong></p><p style=\"margin-left:0px;text-align:center;\">Diberitahukan kepada seluruh masyarakat,</p><p style=\"margin-left:0px;text-align:center;\">Kesehatan dan keselamatan kita semua adalah prioritas utama. Saat ini, kami ingin memberi peringatan serius mengenai bahaya penyakit leptospirosis yang dapat membahayakan kesehatan Anda dan orang-orang di sekitar Anda.</p><figure class=\"image\"><img src=\"https://cdn.lombokbaratkab.go.id/media/image_zF4PpdY.png\"></figure><p style=\"text-align:center;\"><span style=\"color:rgb(55,65,81);\">Jika Anda mengalami gejala atau memiliki kekhawatiran tentang kemungkinan terinfeksi leptospirosis, segera konsultasikan diri Anda dengan tim survailence penyakit dan tim dokter yang ada di puskesmas sigerongan.</span></p><p style=\"margin-left:0px;text-align:center;\">Mari bersama-sama menjaga kesehatan kita dan mencegah penyebaran penyakit leptospirosis. Bagikan informasi ini kepada keluarga, teman, dan tetangga Anda.</p><p style=\"margin-left:0px;text-align:center;\">Terima kasih atas perhatian dan kerjasamanya.</p><p style=\"margin-left:0px;text-align:center;\">&nbsp;</p>", "view_count": 647, "share_count": 0, "word_count": 79, "status": "published", "created_at": "2024-02-01T07:30:16.221Z", "updated_at": "2024-07-11T22:56:52.546Z"}, "m2m": {"photo": [15663]}}, {"condition": {"id": 773}, "defaults": {"site_id": 63, "admin_id": 81, "judul": "PENGUMUMAN PENTING: BAHAYA PENYAKIT DEMAM BERDARAH DENGUE (DBD)", "judul_seo": "pengumuman-penting-bahaya-penyakit-demam-berdarah-dengue-dbd", "isi_pengumuman": "<p style=\"margin-left:0px;text-align:center;\"><br><strong>PENGUMUMAN PENTING: BAHAYA PENYAKIT DEMAM BERDARAH DENGUE (DBD)</strong></p><p style=\"margin-left:0px;text-align:center;\">Kepada Seluruh Warga wilayah kerja UPT Puskesmas Sigerongan</p><p style=\"margin-left:0px;text-align:center;\">Dengan ini, kami ingin sampaikan mengenai bahaya penyakit Demam Berdarah Dengue (DBD) yang dapat mengancam kesehatan kita semua. DBD merupakan penyakit yang disebabkan oleh virus dengue yang ditularkan melalui gigitan nyamuk Aedes aegypti,&nbsp;</p><figure class=\"image image_resized\" style=\"width:31.92%;\"><img src=\"https://tse4.mm.bing.net/th?id=OIP.z0qd9kFR9uK6Pr91LnGSxgAAAA&amp;pid=Api&amp;P=0&amp;h=220\"></figure><p style=\"margin-left:0px;text-align:center;\">Jika Anda atau anggota keluarga mengalami gejala DBD, segera konsultasikan dengan tenaga kesehatan kami di PT Puskesmas Sigerongan, &nbsp;Deteksi dini dan penanganan yang cepat dapat mencegah komplikasi serius.</p><p style=\"margin-left:0px;text-align:center;\">Kami mengajak semua warga untuk ikut berperan aktif dalam memutus rantai penyebaran DBD. Mari bersama-sama menjaga kebersihan lingkungan dan memberikan perlindungan terbaik untuk diri sendiri dan sesama.</p><figure class=\"image\"><img src=\"https://i1.wp.com/www.desaintasik.com/wp-content/uploads/2019/04/3-Plus-cegah-demam-berdarah-2.jpg?fit=760%2C1016&amp;ssl=1\"></figure><p style=\"margin-left:0px;text-align:center;\">Terima kasih atas perhatian dan kerjasamanya.</p><p style=\"margin-left:0px;text-align:center;\">Hormat kami,</p><p style=\"margin-left:0px;text-align:center;\">Kepala Puskesmas&nbsp;</p><p style=\"margin-left:0px;text-align:center;\">UPT Puskesmas Sigerongan</p><p style=\"margin-left:0px;text-align:center;\">&nbsp;</p><p style=\"margin-left:0px;text-align:center;\">Ns. Zaenal Abidin, S.Kep</p>", "view_count": 1487, "share_count": 0, "word_count": 108, "status": "published", "created_at": "2024-02-01T07:45:40.461Z", "updated_at": "2024-07-11T17:06:58.313Z"}, "m2m": {"photo": [15664]}}, {"condition": {"id": 779}, "defaults": {"site_id": 63, "admin_id": 81, "judul": "Pengumuman Hari Libur Nasional dan Cuti Bersama", "judul_seo": "pengumuman-hari-libur-nasional-dan-cuti-bersama", "isi_pengumuman": "<figure class=\"image\"><img></figure>", "view_count": 666, "share_count": 0, "word_count": 0, "status": "published", "created_at": "2024-02-07T06:44:10.713Z", "updated_at": "2024-07-10T06:14:55.982Z"}, "m2m": {"photo": [15910]}}, {"condition": {"id": 782}, "defaults": {"site_id": 63, "admin_id": 81, "judul": "Selamat Memperingati Isra dan Mi'raj Nabi Muhammad SAW 1445 Hijriah", "judul_seo": "selamat-memperingati-isra-dan-mi-raj-nabi-muhammad-saw-1445-hijriah", "isi_pengumuman": "<p style=\"text-align:center;\">Kami Keluarga Besar UPT Puskesmas Sigerongan Mengucapkan Selamat Memperingati Isra'dan Mi'raj Nabi Muhammad SAW 1445 Hijriah</p><p style=\"text-align:center;\">\"Tetap Sehat dengan Menteladani SIfat-sifat Rasulullah dalam kehidupan sehari-hari\"</p><figure class=\"image\"><img src=\"https://www.canva.com/design/DAF8QNFHVKo/nAhEgf6kivOxMieGFez3sg/edit?utm_content=DAF8QNFHVKo&amp;utm_campaign=designshare&amp;utm_medium=link2&amp;utm_source=sharebutton\"></figure><p>&nbsp;</p>", "view_count": 1309, "share_count": 0, "word_count": 18, "status": "published", "created_at": "2024-02-09T00:55:51.498Z", "updated_at": "2024-07-11T14:12:31.384Z"}, "m2m": {"photo": [15911]}}, {"condition": {"id": 796}, "defaults": {"site_id": 63, "admin_id": 81, "judul": "PENGUMUMAN PENTING: HARI LIBUR DAN CUTI BERSAMA", "judul_seo": "pengumuman-penting-hari-libur-dan-cuti-bersama", "isi_pengumuman": "<p style=\"text-align:center;\"><strong>Dalam rangka Hari Raya Nyepi Tahun 2024 dan Sesuai denga SKB ( Surat Keputusan Bersama) 3 mentri tentang hari libur Nasional dan Cuti Bersama maka dengan ini kami sampaikan bahwa Pelayanan Rawat Jalan pada tanggal 11 s/d 12 Maret 2024&nbsp;</strong></p><p style=\"text-align:center;\"><strong>TUTUP&nbsp;</strong></p><p style=\"text-align:center;\"><strong>Dan akan buka kembali pada tanggal 13 Maret 2024.</strong></p><p style=\"text-align:center;\"><strong>Untuk pelayanan Gawat Darurat dan Bersalin tetap buka 24 Jam.</strong></p><figure class=\"image\"><img></figure><p style=\"text-align:center;\">&nbsp;</p>", "view_count": 1297, "share_count": 0, "word_count": 49, "status": "published", "created_at": "2024-03-09T07:54:23.411Z", "updated_at": "2024-07-11T21:52:37.758Z"}, "m2m": {"photo": [16922]}}, {"condition": {"id": 797}, "defaults": {"site_id": 63, "admin_id": 81, "judul": "Selamat Hari Raya Galungan Dan Kuningan", "judul_seo": "selamat-hari-raya-galungan-dan-kuningan-1", "isi_pengumuman": "<p style=\"text-align:center;\">KELUARGA BESAR &nbsp;UPT PUSKESMAS SIGERONGAN MENGUCAPKAN&nbsp;</p><p style=\"text-align:center;\">SELAMAT HARI RAYA GALUNGAN DAN KUNINGAN</p><p style=\"text-align:center;\">TAHUN 2024</p><figure class=\"image\"><img src=\"https://cdn.lombokbaratkab.go.id/media/image_tdkFhU2.png\"></figure><p style=\"text-align:center;\">&nbsp;</p>", "view_count": 1047, "share_count": 0, "word_count": 12, "status": "published", "created_at": "2024-03-09T07:59:08.059Z", "updated_at": "2024-07-11T20:27:59.132Z"}, "m2m": {"photo": [16923]}}, {"condition": {"id": 798}, "defaults": {"site_id": 63, "admin_id": 81, "judul": "SELAMAT HARI RAYA NYEPI TAHUN 2024", "judul_seo": "selamat-hari-raya-nyepi-tahun-2024", "isi_pengumuman": "<p style=\"text-align:center;\">KELUARGA BESAR UPT PUSKESMAS SIGERONGAN MENGUCAPKAN SELAMAT HARI RAYA NYEPI TAHUN 2024</p><figure class=\"image\"><img src=\"https://cdn.lombokbaratkab.go.id/media/image_uYL7xZV.png\"></figure>", "view_count": 1510, "share_count": 0, "word_count": 11, "status": "published", "created_at": "2024-03-09T08:01:37.657Z", "updated_at": "2024-07-12T00:56:29.376Z"}, "m2m": {"photo": [16924]}}, {"condition": {"id": 821}, "defaults": {"site_id": 63, "admin_id": 81, "judul": "Penguman Pelayanan Rawat Jalan Selama CUti Bersama Idul Fitri 1445 H tahun 2024", "judul_seo": "penguman-pelayanan-rawat-jalan-selama-cuti-bersama-idul-fitri-1445-h-tahun-2024", "isi_pengumuman": "<p style=\"text-align:center;\">Selama Cuti Bersama Idul Fitri 1445 H tahun 2024 UPT Puskesmas Sigerongan Tetap memberikan pelayanan terbaik, IGD dan KIA Bersalin tetap buka 24 jam</p><p style=\"text-align:center;\">\"Kami &nbsp;Keluarga Besar UPT Puskesmas Sigerongan mngucapkan\"&nbsp;</p><p style=\"text-align:center;\">\"Selamat Hari Raya Idul Fitri 1445 H&nbsp;</p><p style=\"text-align:center;\"><span style=\"background-color:rgb(255,255,255);color:rgb(68,68,68);\">Taqabbalallahu minna wa minkum. Semoga segala amal ibadah Kita diterima oleh Allah SWT\"</span></p>", "view_count": 2573, "share_count": 0, "word_count": 45, "status": "published", "created_at": "2024-04-08T09:38:23.384Z", "updated_at": "2024-07-10T15:24:44.962Z"}, "m2m": {"photo": [17659]}}, {"condition": {"id": 822}, "defaults": {"site_id": 63, "admin_id": 81, "judul": "Selamat Hari Raya Idul Fitri 1445 H tahun 2024", "judul_seo": "selamat-hari-raya-idul-fitri-1445-h-tahun-2024", "isi_pengumuman": "<p style=\"text-align:center;\">\" Kami Keluarga Besar UPT Puskesmas Sigerongan Mengucapkan Selamat Hari Raya Idul Fitri 1445 Hijriah''</p><p style=\"text-align:center;\"><span style=\"background-color:rgb(255,255,255);color:rgb(17,24,39);\">\"Semoga setiap langkah kita selalu menginspirasi dan memberikan manfaat bagi masyarakat dan negara\"</span></p>", "view_count": 2879, "share_count": 0, "word_count": 24, "status": "published", "created_at": "2024-04-08T09:52:28.023Z", "updated_at": "2024-07-12T01:00:20.048Z"}, "m2m": {"photo": [17660]}}, {"condition": {"id": 847}, "defaults": {"site_id": 63, "admin_id": 81, "judul": "Selamat Hari Raya Waisak", "judul_seo": "selamat-hari-raya-waisak", "isi_pengumuman": "<p style=\"text-align:center;\"><strong><u>PENGUMUMAN</u></strong></p><p style=\"text-align:center;\">Sesuai dengan SURAT KEPUTASAN BERSAMA Nomor: 855 Tahun 2023, Nomor: 3 Tahun 2023, dan Nomor: 4 Tahun 2023 tentang Hari Libur Nasional dan Cuti Bersama Tahun 2024. DENGAN INI KAMI SAMPAIKAN BAHWA PELAYANAN RAWAT JALAN DI UPT PUSKESMAS SIGERONGAN PADA TANGGAL 23 &amp; 24 MEI 2024 :</p><p style=\"text-align:center;\">TUTUP</p><p style=\"text-align:center;\">Dan akan kembali buka pada tanggal 25 Mei 2024</p><p style=\"text-align:center;\">UGD &amp;BERSALIN BUKA 24 JAM</p>", "view_count": 86, "share_count": 0, "word_count": 45, "status": "published", "created_at": "2024-05-22T07:08:16.610Z", "updated_at": "2024-06-29T06:16:47.726Z"}, "m2m": {"photo": [18965]}}, {"condition": {"id": 863}, "defaults": {"site_id": 63, "admin_id": 81, "judul": "Pengumuman Libur dan Cuti Bersama Idul Adha 1445 Hijriah", "judul_seo": "pengumuman-libur-dan-cuti-bersama-idul-adha-1445-hijriah", "isi_pengumuman": "<p>Dalam rangka hari raya Idul Adha 1445 Hijriah maka dengan ini kami sampaikan pelayanan rawat jalan di UPT Puskesmas Sigerongan pada tanggal 17 dan 18 Juni 2024 TUTUP</p>", "view_count": 56, "share_count": 0, "word_count": 24, "status": "published", "created_at": "2024-06-22T05:13:55.729Z", "updated_at": "2024-07-11T00:18:12.062Z"}, "m2m": {"photo": [19631]}}, {"condition": {"id": 864}, "defaults": {"site_id": 63, "admin_id": 81, "judul": "Selamat Hari Raya Idul Adha 1445 Hijriah ", "judul_seo": "selamat-hari-raya-idul-adha-1445-hijriah", "isi_pengumuman": "<p>Keluarga Besar UPT Puskesmas Sigerongan Mengucapkan Selamat Hari Raya Idul Adha 1445 Hijriah</p><p>&nbsp;</p>", "view_count": 84, "share_count": 0, "word_count": 12, "status": "published", "created_at": "2024-06-22T05:16:41.729Z", "updated_at": "2024-07-11T21:14:22.796Z"}, "m2m": {"photo": [19632]}}]