[{"condition": {"id": 26}, "defaults": {"site_id": 45, "admin_id": 48, "judul": "SOOP Pengambilan dan Perhitungan Koin", "judul_seo": "soop-pengambilan-dan-perhitungan-koin", "isi_pengumuman": "<p><img alt=\"\" src=\"/media/uploads/puskesmasdasantapenlobar/2022/08/08/soop-pengambilan-dan-perhitungan-koin.png\" style=\"height:1514px; width:973px\" /></p>", "view_count": 88, "share_count": 0, "word_count": 0, "status": "published", "created_at": "2021-06-17T08:42:54.613Z", "updated_at": "2024-07-09T22:34:44.339Z"}, "m2m": {"photo": [845]}}, {"condition": {"id": 27}, "defaults": {"site_id": 45, "admin_id": 48, "judul": "SOP Keluhan dan Umpan Balik Dari Masyarakat, Pengguna Pelayanan", "judul_seo": "sop-keluhan-dan-umpan-balik-dari-masyarakat-pengguna-pelayanan", "isi_pengumuman": "<p><img src=\"/media/uploads/puskesmasdasantapenlobar/2022/08/24/sop-keluhan-dan-umpan-balik-dari-masyarakat-pengguna-pelayanan_page-0001-min_W8lFkrQ.jpg\" style=\"height:1755px; width:1240px\" /><img src=\"/media/uploads/puskesmasdasantapenlobar/2022/08/24/sop-keluhan-dan-umpan-balik-dari-masyarakat-pengguna-pelayanan_page-0002-min_UZskZEb.jpg\" style=\"height:1755px; width:1240px\" /></p>", "view_count": 1065, "share_count": 0, "word_count": 0, "status": "published", "created_at": "2021-06-17T08:55:01.023Z", "updated_at": "2024-06-27T12:12:30.503Z"}, "m2m": {"photo": [844, 4661]}}, {"condition": {"id": 28}, "defaults": {"site_id": 45, "admin_id": 48, "judul": "SOP HAK DAN KEWAJIBAN PASIEN", "judul_seo": "sop-hak-dan-kewajiban-pasien", "isi_pengumuman": "<p><img src=\"/media/uploads/puskesmasdasantapenlobar/2022/08/24/sop-penyampaian-hak-dan-kewajiban-pasien_page-0001-min.jpg\" style=\"height:1755px; width:1240px\" /></p>", "view_count": 1398, "share_count": 0, "word_count": 0, "status": "published", "created_at": "2021-06-17T08:56:02.128Z", "updated_at": "2024-07-10T19:13:02.973Z"}, "m2m": {"photo": [843, 4667]}}, {"condition": {"id": 29}, "defaults": {"site_id": 45, "admin_id": 48, "judul": "SOP ALUR PELAYAYNAN", "judul_seo": "sop-alur-pelayaynan", "isi_pengumuman": "<p>&nbsp;</p>\r\n\r\n<p><img src=\"/media/uploads/puskesmasdasantapenlobar/2022/08/24/sop-alur-pelayanan-pasien_page-0001-min_nq9X0rQ.jpg\" style=\"height:1755px; width:1240px\" /><img src=\"/media/uploads/puskesmasdasantapenlobar/2022/08/24/sop-alur-pelayanan-pasien_page-0002-min_GL1YqdD.jpg\" style=\"height:1755px; width:1240px\" /></p>", "view_count": 543, "share_count": 0, "word_count": 0, "status": "published", "created_at": "2021-06-17T08:58:34.991Z", "updated_at": "2024-07-11T08:54:12.072Z"}, "m2m": {"photo": [842]}}, {"condition": {"id": 30}, "defaults": {"site_id": 45, "admin_id": 48, "judul": "SOP ALUR PENDAFTARAN", "judul_seo": "sop-alur-pendaftaran", "isi_pengumuman": "<p><img src=\"/media/uploads/puskesmasdasantapenlobar/2022/08/24/sop-alur-pelayanan-pasien_page-0001-min_aTgGAHz.jpg\" style=\"height:1755px; width:1240px\" /><img src=\"/media/uploads/puskesmasdasantapenlobar/2022/08/24/sop-alur-pelayanan-pasien_page-0002-min_ifbojZe.jpg\" style=\"height:1755px; width:1240px\" /></p>", "view_count": 505, "share_count": 0, "word_count": 0, "status": "published", "created_at": "2021-06-17T09:00:28.675Z", "updated_at": "2024-07-05T10:51:04.474Z"}, "m2m": {"photo": [841, 4659]}}, {"condition": {"id": 122}, "defaults": {"site_id": 45, "admin_id": 48, "judul": "PENGUMUMAN PEMBERLAKUAN NIK UNTUK MENGAKSES PASILITAS KESEHATAN", "judul_seo": "pengumuman-pemberlakuan-nik-untuk-mengakses-pasilitas-kesehatan", "isi_pengumuman": "<p>assalamu&#39;alaikum warohmatulohi wabarokatuh<br />\r\nsalam sejahtera untuk kita semua</p>\r\n\r\n<p>bapak dan ibu pengunjung UPT puskesmas dasan tapen yang kami hormati&nbsp;mohon izin menyampaikan sedikit sosialisasi tentang pemberlakuan Nomor induk keluarga atau Nik sebagai identitas peserta program jkn-kisuntuk mendukung pemberlakuan nik tersebut sebagai identitas peserta program jkn kis dapat kami sampaikan sebagai berikut</p>\r\n\r\n<p>1. fasilitas kesehatan yang bekerja sama dengan BPJS kesehatan yang berperan sebagai penyedia pelayanan&nbsp;&nbsp;kesehatan bahwa peserta cukup menunjukkan Nik yang tercantum dalam KTP elektronik&nbsp;&nbsp;atau bagi peserta berusia dibawah 17 tahun cukup menunjukkan kartu keluarga atau Kartu Identitas anak&nbsp;serta mengingatkan kembali bahwa peserta tidak memerlukan fotokopi kartu kis/KTP/Kaka/KIA untuk mengakses pelayanan kesehatan&nbsp;</p>\r\n\r\n<p><br />\r\n2. &nbsp;fasilitas kesehatan tingkat pertama fkatp bahwa menggunakan nik sebagai identitas peserta program jkn-kis untuk&nbsp; &nbsp; &nbsp; &nbsp; &nbsp; &nbsp;mengakses pelayanan kesehatan telah diakomodir didalam perjanjian kerja sama&nbsp;&nbsp;dan aplikasi yang digunakan oleh&nbsp; &nbsp; &nbsp; &nbsp;fkatp.&nbsp;demikian kami sampaikan &nbsp; &nbsp;atas perhatian dan kerjasama yang baik diucapkan terimakasih</p>\r\n\r\n<p>wassalamu&#39;alaikum warohmatulohi wabarokatuh</p>\r\n", "view_count": 66, "share_count": 0, "word_count": 141, "status": "published", "created_at": "2022-07-04T12:35:25.619Z", "updated_at": "2024-07-11T22:31:08.816Z"}, "m2m": {"photo": [2390]}}, {"condition": {"id": 188}, "defaults": {"site_id": 45, "admin_id": 48, "judul": "SOP Identifikasi Kebutuhan Masyarakat dan Tanggap Masyarakat Terhadap Mutu Pelayanan", "judul_seo": "sop-identifikasi-kebutuhan-masyarakat-dan-tanggap-masyarakat-terhadap-mutu-pelayanan", "isi_pengumuman": "<p><img src=\"/media/uploads/puskesmasdasantapenlobar/2022/08/27/sop-identifikasi-kebutuhan-masyarakat-dan-tanggap-masyarakat-terhadap-mutu-pelayanan_page-0001-min_4yYQQvv.jpg\" style=\"height:1755px; width:1240px\" /><img src=\"/media/uploads/puskesmasdasantapenlobar/2022/08/27/sop-identifikasi-kebutuhan-masyarakat-dan-tanggap-masyarakat-terhadap-mutu-pelayanan_page-0002-min_1rE6kx1.jpg\" style=\"height:1755px; width:1240px\" /></p>\r\n", "view_count": 290, "share_count": 0, "word_count": 0, "status": "published", "created_at": "2022-08-27T08:28:11.936Z", "updated_at": "2024-07-09T14:44:03.557Z"}, "m2m": {"photo": [4792, 4793]}}, {"condition": {"id": 314}, "defaults": {"site_id": 45, "admin_id": 48, "judul": "PENCEGAHAN DEMAM BERDARAH", "judul_seo": "pencegahan-demam-berdarah", "isi_pengumuman": "", "view_count": 684, "share_count": 0, "word_count": 0, "status": "published", "created_at": "2022-10-27T08:55:42.244Z", "updated_at": "2024-07-09T22:34:40.499Z"}, "m2m": {"photo": [6863]}}, {"condition": {"id": 330}, "defaults": {"site_id": 45, "admin_id": 48, "judul": "PENGHARGAAN PUSKESMAS DASAN TAPEN TERBAIK  DALAM PENCAPAIAN INDEKS NASIONAL MUTU ( INM ) DI KABUPATEN LOMBOK BARAT TAHUN 2022", "judul_seo": "penghargaan-puskesmas-dasan-tapen-terbaik-dalam-pencapaian-indeks-nasional-mutu-inm-di-kabupaten-lombok-barat-tahun-2022", "isi_pengumuman": "<p>Jumat, 16 Desember 2022</p>\r\n\r\n<p>Malam Penganugrahan Kepada puskesmas berprestasi tingkat Kabupaten Lombok Barat</p>\r\n", "view_count": 444, "share_count": 0, "word_count": 11, "status": "published", "created_at": "2022-12-17T10:31:15.144Z", "updated_at": "2024-07-11T16:17:00.888Z"}, "m2m": {"photo": [7908]}}, {"condition": {"id": 331}, "defaults": {"site_id": 45, "admin_id": 48, "judul": "PUSKESMAS DASAN TAPEN SEBAGAI PUSKESMAS TERBAIK  DALAM PENGELOLAAN LABOLATORIUM TERBAIK", "judul_seo": "puskesmas-dasan-tapen-sebagai-puskesmas-terbaik-dalam-pengelolaan-labolatorium-terbaik", "isi_pengumuman": "", "view_count": 626, "share_count": 0, "word_count": 0, "status": "published", "created_at": "2022-12-17T10:35:54.083Z", "updated_at": "2024-07-09T22:34:42.266Z"}, "m2m": {"photo": [7909]}}, {"condition": {"id": 332}, "defaults": {"site_id": 45, "admin_id": 48, "judul": "2 Penyakit Yang Sama Disebabkan Oleh 1 Nyamuk (Demam Berdarah dan Chikungunya)", "judul_seo": "2-penyakit-yang-sama-disebabkan-oleh-1-nyamuk-demam-berdarah-dan-chikungunya-1", "isi_pengumuman": "", "view_count": 843, "share_count": 0, "word_count": 0, "status": "published", "created_at": "2022-12-19T09:56:56.045Z", "updated_at": "2024-07-07T23:19:19.706Z"}, "m2m": {"photo": [7939]}}, {"condition": {"id": 333}, "defaults": {"site_id": 45, "admin_id": 48, "judul": "DEKLARASI ", "judul_seo": "deklarasi", "isi_pengumuman": "", "view_count": 907, "share_count": 0, "word_count": 0, "status": "published", "created_at": "2022-12-19T13:06:29.585Z", "updated_at": "2024-07-10T14:08:51.533Z"}, "m2m": {"photo": [7952]}}, {"condition": {"id": 481}, "defaults": {"site_id": 45, "admin_id": 48, "judul": "Selamat Idul Adha 1444 h", "judul_seo": "selamat-idul-adha-1444-h", "isi_pengumuman": "", "view_count": 299, "share_count": 0, "word_count": 0, "status": "published", "created_at": "2023-07-01T00:12:54.969Z", "updated_at": "2024-07-09T15:08:20.169Z"}, "m2m": {"photo": [11319]}}, {"condition": {"id": 634}, "defaults": {"site_id": 45, "admin_id": 48, "judul": "Alur pelayanan", "judul_seo": "alur-pelayanan", "isi_pengumuman": "", "view_count": 779, "share_count": 0, "word_count": 0, "status": "published", "created_at": "2023-08-15T09:17:20.305Z", "updated_at": "2024-07-12T01:29:00.112Z"}, "m2m": {"photo": [12647]}}, {"condition": {"id": 873}, "defaults": {"site_id": 45, "admin_id": 48, "judul": "LAYANAN SIMPOKES UPT PUSKESMAS DASAN TAPEN", "judul_seo": "layanan-simpokes-upt-puskesmas-dasan-tapen", "isi_pengumuman": "<p>Layanan Sistem Informasi Laporan dan Keluahan Masyarakat</p>", "view_count": 31, "share_count": 0, "word_count": 7, "status": "published", "created_at": "2024-07-12T01:02:02.938Z", "updated_at": "2024-07-12T01:44:17.109Z"}, "m2m": {"photo": [20138]}}]