[{"condition": {"id": 32}, "defaults": {"site_id": 46, "admin_id": 50, "judul": "Pelaksanaan Vaksin Covid-19", "judul_seo": "pelaksanaan-vaksin-covid-19", "isi_pengumuman": "<p>&nbsp;</p>\r\n\r\n<p style=\"text-align:justify !important\">Foto: Kepala-kepala desa se-wilayah kerja Puskesmas Labuapi setelah divaksin Covid-19</p>\r\n\r\n<ul>\r\n\t<li>Vaksin covid-19 dengan<strong>&nbsp;sasaran guru/pengajar&nbsp;</strong>pada pekan ini dilaksanakan pada hari&nbsp;<strong>Sabtu, 19 Juni 2021</strong>&nbsp;pukul 08:00-12:00, di pojok vaskin Covid-19.&nbsp;</li>\r\n\t<li>No. Kontak pendaftaran: 0878-4909-6713 (Ibu Rina)</li>\r\n</ul>\r\n\r\n<p><img alt=\"\" src=\"http://puskesmaslabuapi-dikes.lombokbaratkab.go.id/media/vaksin_kades.png\" style=\"height:192px; width:300px\" /></p>\r\n\r\n<p>Foto: Kepala-kepala desa se-wilayah kerja Puskesmas Labuapi setelah divaksin Covid-19</p>", "view_count": 391, "share_count": 0, "word_count": 34, "status": "published", "created_at": "2021-06-17T13:06:34.131Z", "updated_at": "2024-07-11T13:33:42.146Z"}, "m2m": {"photo": [877]}}, {"condition": {"id": 40}, "defaults": {"site_id": 46, "admin_id": 50, "judul": "Kegiatan Vaksinasi Covid-19 masal untuk Masyarakat Umum", "judul_seo": "kegiatan-vaksinasi-covid-19-masal-untuk-masyarakat-umum", "isi_pengumuman": "Kegiatan Vaksinasi Covid-19 masal untuk Masyarakat Umum yang berusia 18 tahun ke atas mulai dilaksanakan pada hari Sabtu tanggal 26 Juni 2021 dan seterusnya sampai batas waktu yang ditentukan", "view_count": 65, "share_count": 0, "word_count": 25, "status": "published", "created_at": "2021-07-01T10:13:45.097Z", "updated_at": "2024-07-10T16:21:52.828Z"}, "m2m": {"photo": [1018, 1019, 1020]}}, {"condition": {"id": 41}, "defaults": {"site_id": 46, "admin_id": 50, "judul": "Meja Skrining Sekaligus Tempat Pengambilan Nomor Antrian", "judul_seo": "meja-skrining-sekaligus-tempat-pengambilan-nomor-antrian", "isi_pengumuman": "Di meja skrining sebagai tempat pengecekan suhu sekaligus disediakannya handsanitizer untuk pasien dan keluarga pasien sebelum masuk ke loket pendaftaran", "view_count": 38, "share_count": 0, "word_count": 20, "status": "published", "created_at": "2021-07-01T19:17:44.036Z", "updated_at": "2024-07-10T16:21:54.778Z"}, "m2m": {"photo": [1021]}}, {"condition": {"id": 42}, "defaults": {"site_id": 46, "admin_id": 50, "judul": "Ruang Tunggu Umum dan Khusus di UPT Puskesmas Labuapi", "judul_seo": "ruang-tunggu-umum-dan-khusus-di-upt-puskesmas-labuapi", "isi_pengumuman": "Ruang tunggu di UPT Puskesmas Labuapi kini dibagi menjadi dua tempat yaitu ruang tunggu khusus bagi pasien lansia dan disalibitas dan ruang tunggu bagi pasien umum", "view_count": 31, "share_count": 0, "word_count": 26, "status": "published", "created_at": "2021-07-01T20:04:50.200Z", "updated_at": "2024-05-29T07:11:32.594Z"}, "m2m": {"photo": [1025, 1026]}}, {"condition": {"id": 43}, "defaults": {"site_id": 46, "admin_id": 50, "judul": "Loket Pendaftaran", "judul_seo": "loket-pendaftaran", "isi_pengumuman": "Loket pendaftaran di bagi menjadi dua yaitu loket pendaftaran bagi pasien lansia maupun disabilitas dan loket pendaftaran bagi pasien umum", "view_count": 79, "share_count": 0, "word_count": 20, "status": "published", "created_at": "2021-07-01T20:09:47.203Z", "updated_at": "2024-07-10T16:21:53.388Z"}, "m2m": {"photo": [1027, 1028]}}, {"condition": {"id": 44}, "defaults": {"site_id": 46, "admin_id": 50, "judul": "Ruang Pojok ASI UPT Puskesmas Labuapi", "judul_seo": "ruang-pojok-asi-upt-puskesmas-labuapi", "isi_pengumuman": "Ruang Pojok ASI ", "view_count": 134, "share_count": 0, "word_count": 3, "status": "published", "created_at": "2021-07-01T20:35:53.876Z", "updated_at": "2024-07-11T11:13:07.949Z"}, "m2m": {"photo": [1029, 1030]}}, {"condition": {"id": 45}, "defaults": {"site_id": 46, "admin_id": 50, "judul": "Alur Pelayanan di UPT Puskesmas Labuapi", "judul_seo": "alur-pelayanan-di-upt-puskesmas-labuapi", "isi_pengumuman": "Alur Pelayanan di UPT Puskesmas Labuapi", "view_count": 92, "share_count": 0, "word_count": 6, "status": "published", "created_at": "2021-07-01T20:40:30.742Z", "updated_at": "2024-07-10T05:00:49.246Z"}, "m2m": {"photo": [1031, 1032]}}, {"condition": {"id": 46}, "defaults": {"site_id": 46, "admin_id": 50, "judul": "Mekanisme Penanganan Pengaduan Masyarakat ", "judul_seo": "mekanisme-penanganan-pengaduan-masyarakat", "isi_pengumuman": "Mekanisme Penanganan Pengaduan Masyarakat di UPT Puskesmas Labuapi", "view_count": 176, "share_count": 0, "word_count": 8, "status": "published", "created_at": "2021-07-01T20:50:52.024Z", "updated_at": "2024-07-10T16:21:55.057Z"}, "m2m": {"photo": [1033]}}, {"condition": {"id": 47}, "defaults": {"site_id": 46, "admin_id": 50, "judul": "Denah Lokasi UPT Puskesmas Labuapi", "judul_seo": "denah-lokasi-upt-puskesmas-labuapi", "isi_pengumuman": "Denah Lokasi UPT Puskesmas Labuapi Lombok Barat", "view_count": 280, "share_count": 0, "word_count": 7, "status": "published", "created_at": "2021-07-01T20:58:32.021Z", "updated_at": "2024-07-11T09:25:40.390Z"}, "m2m": {"photo": [1034]}}, {"condition": {"id": 48}, "defaults": {"site_id": 46, "admin_id": 50, "judul": "Standar Pelayananan Persalinan Normal di UPT Puskesmas Labuapi", "judul_seo": "standar-pelayananan-persalinan-normal-di-upt-puskesmas-labuapi", "isi_pengumuman": "Standar Pelayananan Persalinan Normal di UPT Puskesmas Labuapi", "view_count": 49, "share_count": 0, "word_count": 8, "status": "published", "created_at": "2021-07-02T08:14:02.815Z", "updated_at": "2024-07-10T16:21:59.857Z"}, "m2m": {"photo": [1035]}}, {"condition": {"id": 49}, "defaults": {"site_id": 46, "admin_id": 50, "judul": "Standar Pelayanan Loket di UPT Puskesmas Labuapi ", "judul_seo": "standar-pelayanan-loket-di-upt-puskesmas-labuapi", "isi_pengumuman": "Standar Pelayanan Loket di UPT Puskesmas Labuapi ", "view_count": 44, "share_count": 0, "word_count": 7, "status": "published", "created_at": "2021-07-02T08:15:19.063Z", "updated_at": "2024-07-10T16:21:59.696Z"}, "m2m": {"photo": [1036]}}, {"condition": {"id": 50}, "defaults": {"site_id": 46, "admin_id": 50, "judul": "Standar Pelayanan Apotek di UPT Puskesmas Labuapi ", "judul_seo": "standar-pelayanan-apotek-di-upt-puskesmas-labuapi", "isi_pengumuman": "Standar Pelayanan Apotek di UPT Puskesmas Labuapi ", "view_count": 28, "share_count": 0, "word_count": 7, "status": "published", "created_at": "2021-07-02T08:18:36.087Z", "updated_at": "2024-07-07T03:29:39.597Z"}, "m2m": {"photo": [1037]}}, {"condition": {"id": 51}, "defaults": {"site_id": 46, "admin_id": 50, "judul": "Standar Pelayanan Laboratorium di UPT Puskesmas Labuapi ", "judul_seo": "standar-pelayanan-laboratorium-di-upt-puskesmas-labuapi", "isi_pengumuman": "Standar Pelayanan Laboratorium di UPT Puskesmas Labuapi ", "view_count": 50, "share_count": 0, "word_count": 7, "status": "published", "created_at": "2021-07-02T08:19:52.042Z", "updated_at": "2024-06-23T16:14:10.528Z"}, "m2m": {"photo": [1038]}}, {"condition": {"id": 52}, "defaults": {"site_id": 46, "admin_id": 50, "judul": "Standar Pelayanan Poli Gigi di UPT Puskesmas Labuapi ", "judul_seo": "standar-pelayanan-poli-gigi-di-upt-puskesmas-labuapi", "isi_pengumuman": "Standar Pelayanan Poli Gigi di UPT Puskesmas Labuapi ", "view_count": 69, "share_count": 0, "word_count": 8, "status": "published", "created_at": "2021-07-02T08:20:38.954Z", "updated_at": "2024-07-05T06:36:30.685Z"}, "m2m": {"photo": [1039]}}, {"condition": {"id": 53}, "defaults": {"site_id": 46, "admin_id": 50, "judul": "Standar Pelayanan Poli Anak di UPT Puskesmas Labuapi ", "judul_seo": "standar-pelayanan-poli-anak-di-upt-puskesmas-labuapi", "isi_pengumuman": "Standar Pelayanan Poli Anak di UPT Puskesmas Labuapi ", "view_count": 209, "share_count": 0, "word_count": 8, "status": "published", "created_at": "2021-07-02T08:21:58.845Z", "updated_at": "2024-07-11T10:30:12.437Z"}, "m2m": {"photo": [1040]}}, {"condition": {"id": 54}, "defaults": {"site_id": 46, "admin_id": 50, "judul": "Standar Pelayanan Pengobatan Umum di UPT Puskesmas Labuapi ", "judul_seo": "standar-pelayanan-pengobatan-umum-di-upt-puskesmas-labuapi", "isi_pengumuman": "Standar Pelayanan Pengobatan Umum di UPT Puskesmas Labuapi ", "view_count": 314, "share_count": 0, "word_count": 8, "status": "published", "created_at": "2021-07-02T08:27:41.951Z", "updated_at": "2024-07-06T11:56:05.618Z"}, "m2m": {"photo": [1017]}}, {"condition": {"id": 55}, "defaults": {"site_id": 46, "admin_id": 50, "judul": "Maklumat Pelayanan di UPT Puskesmas Labuapi", "judul_seo": "maklumat-pelayanan-di-upt-puskesmas-labuapi", "isi_pengumuman": "Maklumat Pelayanan di UPT Puskesmas Labuapi", "view_count": 382, "share_count": 0, "word_count": 6, "status": "published", "created_at": "2021-07-02T08:34:38.126Z", "updated_at": "2024-07-10T18:18:22.114Z"}, "m2m": {"photo": [1041]}}, {"condition": {"id": 60}, "defaults": {"site_id": 46, "admin_id": 50, "judul": "DDTKA (Deteksi Dini Tumbuh Kembang Anak) ", "judul_seo": "ddtka-deteksi-dini-tumbuh-kembang-anak", "isi_pengumuman": "Kegiatan hari ini jumat tanggal 16 Juli 2021 \r\nDDTKA (Deteksi Dini Tumbuh Kembang Anak) ", "view_count": 655, "share_count": 0, "word_count": 12, "status": "published", "created_at": "2021-07-16T09:17:25.520Z", "updated_at": "2024-07-11T15:08:59.478Z"}, "m2m": {"photo": [1104, 1105]}}, {"condition": {"id": 215}, "defaults": {"site_id": 46, "admin_id": 50, "judul": "Kegiatan sosialisasi 5 pilar STBM ", "judul_seo": "kegiatan-sosialisasi-5-pilar-stbm", "isi_pengumuman": "<p>Kegiatam sosialisasi 5 pilar STBM, bertempat di Kantor Desa Bengkel yang dihadiri langsung oleh Kepala UPT puskesmas Labuapi.</p>\r\n\r\n<p>STBM adalah pendekatan untuk&nbsp;mengubah perilaku higienis dan saniter melalui pemberdayaan masyarakat dengan cara pemicuan. Sedangkan Pilar STBM adalah perilaku higienis dan saniter yang digunakan sebagai acuan dalam penyelenggaraan Sanitasi Total Berbasis Masyarakat.</p>\r\n\r\n<p>Dengan adanya sosialisasi 5 pilar STBM ini diharapkan meningkatkan perilaku higienis pada masyarakat.</p>\r\n", "view_count": 545, "share_count": 0, "word_count": 62, "status": "published", "created_at": "2022-09-13T21:14:26.458Z", "updated_at": "2024-07-10T16:21:51.337Z"}, "m2m": {"photo": [5495]}}]