[{"condition": {"id": 296}, "defaults": {"site_id": 52, "admin_id": 70, "judul": "Kementerian Kesehatan Jamin Kesehatan Ibu Melahirkan dengan Program Jampersal", "judul_seo": "kementerian-kesehatan-jamin-kesehatan-ibu-melahirkan-dengan-program-jampersal", "isi_pengumuman": "<p style=\"text-align:justify\"><span style=\"font-size:12pt\"><span style=\"background-color:white\"><span style=\"font-family:Calibri,sans-serif\"><span style=\"font-size:10.5pt\"><span style=\"font-family:&quot;Century Gothic&quot;,sans-serif\"><span style=\"color:black\">Dalam rangka penurunan angka kematian ibu dan bayi baru lahir, Kementerian Kesehatan RI mengupayakan salah satunya dengan peningkatan akses pelayanan kesehatan sesuai standar melalui jaminan persalinan (Jampersal).</span></span></span></span></span></span></p>\r\n\r\n<p style=\"text-align:justify\"><span style=\"font-size:12pt\"><span style=\"background-color:white\"><span style=\"font-family:Calibri,sans-serif\"><span style=\"font-size:10.5pt\"><span style=\"font-family:&quot;Century Gothic&quot;,sans-serif\"><span style=\"color:black\">Plt. Direktur Gizi dan Kesehatan Ibu dan Anak Direktorat Jenderal Kesehatan Masyarakat, Kemenkes dr. Ni Made Diah PLD, MKM Mengatakan klaim pelayanan Jampersal diajukan untuk Ibu paling lama 42 hari pasca persalinan atau Bayi paling lama 28 hari setelah persalinan.</span></span></span></span></span></span></p>\r\n\r\n<p style=\"text-align:justify\"><span style=\"font-size:12pt\"><span style=\"background-color:white\"><span style=\"font-family:Calibri,sans-serif\"><span style=\"font-size:10.5pt\"><span style=\"font-family:&quot;Century Gothic&quot;,sans-serif\"><span style=\"color:black\">&#39;&#39;Penerima manfaat Jampersal dapat dilayani di semua fasilitas pelayanan kesehatan yang bekerja sama dengan BPJS Kesehatan, baik Fasilitas Kesehatan Tingkat Pertama (FKTP) maupun Fasilitas Kesehatan Rujukan Tingkat Lanjut (FKRTL),&#39;&#39; ujar dr. Diah.</span></span></span></span></span></span></p>\r\n\r\n<p style=\"text-align:justify\"><span style=\"font-size:12pt\"><span style=\"background-color:white\"><span style=\"font-family:Calibri,sans-serif\"><span style=\"font-size:10.5pt\"><span style=\"font-family:&quot;Century Gothic&quot;,sans-serif\"><span style=\"color:black\">Untuk pelayanan Jampersal pada praktik mandiri bidan, diperkenankan dengan persyaratan bidan tersebut berjejaring dengan FKTP yang bekerja sama dengan BPJS Kesehatan.</span></span></span></span></span></span></p>\r\n\r\n<p style=\"text-align:justify\"><span style=\"font-size:12pt\"><span style=\"background-color:white\"><span style=\"font-family:Calibri,sans-serif\"><span style=\"font-size:10.5pt\"><span style=\"font-family:&quot;Century Gothic&quot;,sans-serif\"><span style=\"color:black\">Pelayanan Jampersal di FKTP meliputi pelayanan antenatal, persalinan spontan (pervaginam), persalinan normal dengan tindakan emergency dasar, pelayanan ibu dan bayi baru lahir pra rujukan, pelayanan ibu nifas dan bayi baru lahir, pelayanan KB pasca persalinan, pelayanan rawat inap di FKTP, pelayanan di FKTP mengikuti manfaat pelayanan JKN. Pelayanan Jampersal di FKRTL mengacu pada prosedur penjaminan pelayanan Program JKN, yaitu dilakukan sesuai indikasi medis</span></span></span></span></span></span></p>\r\n\r\n<p style=\"text-align:justify\"><span style=\"font-size:12pt\"><span style=\"background-color:white\"><span style=\"font-family:Calibri,sans-serif\"><span style=\"font-size:10.5pt\"><span style=\"font-family:&quot;Century Gothic&quot;,sans-serif\"><span style=\"color:black\">Dikatakan dr. Diah, prosedur pelayanan peserta Jampersal diawali dengan penetapan data peserta Jampersal yang diinput Dinas Kesehatan melalui sistem informasi aplikasi e-kohort. Data peserta akan divalidasi oleh Kemenkes dan BPJS melalui interkoneksi sistem informasi.</span></span></span></span></span></span></p>\r\n\r\n<p style=\"text-align:justify\"><span style=\"font-size:12pt\"><span style=\"background-color:white\"><span style=\"font-family:Calibri,sans-serif\"><span style=\"font-size:10.5pt\"><span style=\"font-family:&quot;Century Gothic&quot;,sans-serif\"><span style=\"color:black\">&#39;&#39;Peserta yang memenuhi syarat akan dilakukan konfirmasi sebagai validasi peserta Jampersal. Peserta Jampersal dapat dilayani di seluruh FKTP maupun FKRTL yang sudah bekerja sama dengan BPJS,&#39;&#39; ungkap dr. Diah.</span></span></span></span></span></span></p>\r\n\r\n<p style=\"text-align:justify\"><span style=\"font-size:12pt\"><span style=\"background-color:white\"><span style=\"font-family:Calibri,sans-serif\"><span style=\"font-size:10.5pt\"><span style=\"font-family:&quot;Century Gothic&quot;,sans-serif\"><span style=\"color:black\">Pelayanan yang diberikan oleh Fasyankes dapat diajukan klaim pembayaran melalui sistem informasi BPJS Kesehatan yang berlaku (PCare/EKlaim). BPJS Kesehatan akan melakukan verifikasi pengajuan klaim, apabila sudah sesuai status klaimnya, maka tagihan pembayaran diteruskan kepada Kemenkes untuk dapat disetujui dibayar oleh Kementerian Kesehatan.</span></span></span></span></span></span></p>\r\n\r\n<p style=\"text-align:justify\"><span style=\"font-size:12pt\"><span style=\"background-color:white\"><span style=\"font-family:Calibri,sans-serif\"><span style=\"font-size:10.5pt\"><span style=\"font-family:&quot;Century Gothic&quot;,sans-serif\"><span style=\"color:black\">Klaim pelayanan yang diberikan antara bulan Juli sampai November diterima sampai tanggal 15 Desember 2022. Klaim Pelayanan bulan Desember ditunggu sampai dengan 60 hari untuk dibayarkan pada tahun anggaran 2023.</span></span></span></span></span></span></p>\r\n\r\n<p style=\"text-align:justify\"><span style=\"font-size:12pt\"><span style=\"background-color:white\"><span style=\"font-family:Calibri,sans-serif\"><span style=\"font-size:10.5pt\"><span style=\"font-family:&quot;Century Gothic&quot;,sans-serif\"><span style=\"color:black\">&#39;&#39;Jadi prinsipnya nanti Fasyankes silahkan saja memberikan pelayanan kepada ibu dan bayi baru lahir yang tidak mampu, yang tidak memiliki JKN nanti akan kami validasi dan otomatis pelayanan yang diberikan itu bisa kami bayarkan langsung ke fasilitas kesehatan,&#39;&#39; ucap dr. Diah.</span></span></span></span></span></span></p>\r\n\r\n<p style=\"text-align:justify\"><span style=\"font-size:12pt\"><span style=\"background-color:white\"><span style=\"font-family:Calibri,sans-serif\"><span style=\"font-size:10.5pt\"><span style=\"font-family:&quot;Century Gothic&quot;,sans-serif\"><span style=\"color:black\">Paralel dengan pelaksanaan program Jampersal, Ibu dan Bayi Baru Lahir peserta Jampersal didaftarkan sebagai peserta PBI melalui Kementerian Sosial. Selanjutnya pada tahun 2023 seluruh sasaran ibu dan bayi baru lahir miskin untuk didaftarkan sebagai peserta PBI.</span></span></span></span></span></span></p>\r\n\r\n<p style=\"text-align:justify\"><span style=\"font-size:12pt\"><span style=\"background-color:white\"><span style=\"font-family:Calibri,sans-serif\"><span style=\"font-size:10.5pt\"><span style=\"font-family:&quot;Century Gothic&quot;,sans-serif\"><span style=\"color:black\">Program Jampersal ini sesuai Instruksi Presiden Republik Indonesia (Inpres) Nomor 5 Tahun 2022 tentang Peningkatan Akses Pelayanan Kesehatan bagi Ibu Hamil, Bersalin, Nifas, dan Bayi Baru Lahir melalui program Jampersal.</span></span></span></span></span></span></p>\r\n\r\n<p style=\"text-align:justify\"><span style=\"font-size:12pt\"><span style=\"background-color:white\"><span style=\"font-family:Calibri,sans-serif\"><span style=\"font-size:10.5pt\"><span style=\"font-family:&quot;Century Gothic&quot;,sans-serif\"><span style=\"color:black\">Tujuan dikeluarkannya Instruksi Presiden Nomor 5 Tahun 2022 adalah untuk meningkatkan akses pelayanan Kesehatan di fasilitas pelayanan Kesehatan kepada ibu hamil, bersalin, nifas, dan bayi baru lahir yang memenuhi kriteria fakir miskin dan orang tidak mampu, serta tidak memiliki jaminan kesehatan sehingga mencegah kematian ibu dan bayi di Indonesia.</span></span></span></span></span></span></p>\r\n\r\n<p style=\"text-align:justify\"><span style=\"font-size:12pt\"><span style=\"background-color:white\"><span style=\"font-family:Calibri,sans-serif\"><span style=\"font-size:10.5pt\"><span style=\"font-family:&quot;Century Gothic&quot;,sans-serif\"><span style=\"color:black\">Inpres ini ditujukan kepada Menteri Koordinator Bidang Pembangunan Manusia dan Kebudayaan (Menko PMK), Menteri Kesehatan (Menkes), Menteri Dalam Negeri (Mendagri), Menteri Sosial (Mensos), para Gubernur, para Bupati/Walikota, serta Direksi Badan Penyelenggara Jaminan Sosial Kesehatan (BPJS Kesehatan).</span></span></span></span></span></span></p>\r\n\r\n<p style=\"text-align:justify\">&nbsp;</p>\r\n\r\n<p style=\"text-align:justify\"><span style=\"font-size:12pt\"><span style=\"background-color:white\"><span style=\"font-family:Calibri,sans-serif\"><span style=\"font-size:10.5pt\"><span style=\"font-family:&quot;Century Gothic&quot;,sans-serif\"><span style=\"color:black\">Langkah Kementerian Kesehatan dalam menindaklanjuti terbitnya Inpres Nomor 5 Tahun 2022 antara lain:</span></span></span></span></span></span></p>\r\n\r\n<ol>\r\n\t<li style=\"text-align: justify;\"><span style=\"font-size:12pt\"><span style=\"background-color:white\"><span style=\"font-family:Calibri,sans-serif\"><span style=\"font-size:10.5pt\"><span style=\"font-family:&quot;Century Gothic&quot;,sans-serif\"><span style=\"color:black\">Mengalokasikan anggaran Jampersal di tahun 2022 sebesar 800 miliar rupiah.</span></span></span></span></span></span></li>\r\n\t<li style=\"text-align: justify;\"><span style=\"font-size:12pt\"><span style=\"background-color:white\"><span style=\"font-family:Calibri,sans-serif\"><span style=\"font-size:10.5pt\"><span style=\"font-family:&quot;Century Gothic&quot;,sans-serif\"><span style=\"color:black\">Menetapkan Keputusan Menteri Kesehatan Nomor HK.01.07/Menkes/1354/2022 tentang Petunjuk Teknis Penggunaan Dana Jaminan Persalinan Tahun Anggaran 2022</span></span></span></span></span></span></li>\r\n\t<li style=\"text-align: justify;\"><span style=\"font-size:12pt\"><span style=\"background-color:white\"><span style=\"font-family:Calibri,sans-serif\"><span style=\"font-size:10.5pt\"><span style=\"font-family:&quot;Century Gothic&quot;,sans-serif\"><span style=\"color:black\">Melakukan pendataan dan menetapkan sasaran ibu hamil, bersalin, nifas, dan bayi baru lahir dalam Program Jampersal berkoordinasi dengan pemerintah daerah</span></span></span></span></span></span></li>\r\n\t<li style=\"text-align: justify;\"><span style=\"font-size:12pt\"><span style=\"background-color:white\"><span style=\"font-family:Calibri,sans-serif\"><span style=\"font-size:10.5pt\"><span style=\"font-family:&quot;Century Gothic&quot;,sans-serif\"><span style=\"color:black\">Melakukan pemetaan dan penetapan fasilitas pelayanan kesehatan pemberi layanan program Jampersal</span></span></span></span></span></span></li>\r\n\t<li style=\"text-align: justify;\"><span style=\"font-size:12pt\"><span style=\"background-color:white\"><span style=\"font-family:Calibri,sans-serif\"><span style=\"font-size:10.5pt\"><span style=\"font-family:&quot;Century Gothic&quot;,sans-serif\"><span style=\"color:black\">Memberikan persetujuan atas hasil verifikasi klaim yang dilakukan oleh Badan Penyelenggara Jaminan Sosial (BPJS) Kesehatan dan melakukan pembayaran klaim pelayanan Jampersal kepada fasilitas pelayanan kesehatan sesuai alokasi yang ditetapkan dan dilaksanakan sesuai dengan ketentuan peraturan perundang-undangan.</span></span></span></span></span></span></li>\r\n\t<li style=\"text-align: justify;\"><span style=\"font-size:12pt\"><span style=\"background-color:white\"><span style=\"font-family:Calibri,sans-serif\"><span style=\"font-size:10.5pt\"><span style=\"font-family:&quot;Century Gothic&quot;,sans-serif\"><span style=\"color:black\">Melakukan sinkronisasi, monitoring, dan evaluasi pelaksanaan Program Jampersal.</span></span></span></span></span></span></li>\r\n\t<li style=\"text-align: justify;\"><span style=\"font-size:12pt\"><span style=\"background-color:white\"><span style=\"font-family:Calibri,sans-serif\"><span style=\"font-size:10.5pt\"><span style=\"font-family:&quot;Century Gothic&quot;,sans-serif\"><span style=\"color:black\">Berkoordinasi dengan Kementerian Sosial untuk mendaftarkan peserta Program Jampersal yang memenuhi kriteria fakir miskin dan orang tidak mampu menjadi peserta Penerima Bantuan Iuran (PBI) Jaminan Kesehatan.</span></span></span></span></span></span></li>\r\n\t<li style=\"text-align: justify;\"><span style=\"font-size:12pt\"><span style=\"background-color:white\"><span style=\"font-family:Calibri,sans-serif\"><span style=\"font-size:10.5pt\"><span style=\"font-family:&quot;Century Gothic&quot;,sans-serif\"><span style=\"color:black\">Melakukan interkoneksi sistem informasi klaim Program Jampersal Kementerian Kesehatan dengan sistem informasi BPJS Kesehatan; dan</span></span></span></span></span></span></li>\r\n\t<li style=\"text-align: justify;\"><span style=\"font-size:12pt\"><span style=\"background-color:white\"><span style=\"font-family:Calibri,sans-serif\"><span style=\"font-size:10.5pt\"><span style=\"font-family:&quot;Century Gothic&quot;,sans-serif\"><span style=\"color:black\">Melaporkan pertanggungjawaban pemanfaatan dan realisasi anggaran Program Jampersal kepada Kementerian Koordinator Bidang Pembangunan Manusia dan Kebudayaan.</span></span></span></span></span></span></li>\r\n</ol>\r\n\r\n<p style=\"text-align:justify\"><span style=\"font-size:12pt\"><span style=\"background-color:white\"><span style=\"font-family:Calibri,sans-serif\"><span style=\"font-size:10.5pt\"><span style=\"font-family:&quot;Century Gothic&quot;,sans-serif\"><span style=\"color:black\">Untuk mendapatkan pelayanan dalam program Jampersal diperlukan syarat agar eligibilitas dapat diterbitkan. Syarat untuk mendapatkan eligibilitas peserta Jampersal sebagai berikut:</span></span></span></span></span></span></p>\r\n\r\n<ol>\r\n\t<li style=\"text-align: justify;\"><span style=\"font-size:12pt\"><span style=\"background-color:white\"><span style=\"font-family:Calibri,sans-serif\"><span style=\"font-size:10.5pt\"><span style=\"font-family:&quot;Century Gothic&quot;,sans-serif\"><span style=\"color:black\">Warga Negara Indonesia berdomisili di wilayah Indonesia;</span></span></span></span></span></span></li>\r\n\t<li style=\"text-align: justify;\"><span style=\"font-size:12pt\"><span style=\"background-color:white\"><span style=\"font-family:Calibri,sans-serif\"><span style=\"font-size:10.5pt\"><span style=\"font-family:&quot;Century Gothic&quot;,sans-serif\"><span style=\"color:black\">Memiliki Nomor Induk Kependudukan (NIK) yang telah divalidasi;</span></span></span></span></span></span></li>\r\n\t<li style=\"text-align: justify;\"><span style=\"font-size:12pt\"><span style=\"background-color:white\"><span style=\"font-family:Calibri,sans-serif\"><span style=\"font-size:10.5pt\"><span style=\"font-family:&quot;Century Gothic&quot;,sans-serif\"><span style=\"color:black\">Tidak dibatasi oleh wilayah kependudukan;</span></span></span></span></span></span></li>\r\n\t<li style=\"text-align: justify;\"><span style=\"font-size:12pt\"><span style=\"background-color:white\"><span style=\"font-family:Calibri,sans-serif\"><span style=\"font-size:10.5pt\"><span style=\"font-family:&quot;Century Gothic&quot;,sans-serif\"><span style=\"color:black\">Belum memiliki kepesertaan Program Jaminan Kesehatan Nasional (JKN) atau kepesertaan JKN sudah tidak aktif (PPUBU yang di PHK lebih dari 6 bulan sesuai dengan ketentuan Peraturan Presiden nomor 82 tahun 2018 pasal 27 ayat 6 dan belum diusulkan menjadi peserta PBI);</span></span></span></span></span></span></li>\r\n\t<li style=\"text-align: justify;\"><span style=\"font-size:12pt\"><span style=\"background-color:white\"><span style=\"font-family:Calibri,sans-serif\"><span style=\"font-size:10.5pt\"><span style=\"font-family:&quot;Century Gothic&quot;,sans-serif\"><span style=\"color:black\">Ibu hamil, ibu bersalin, ibu nifas, dan bayi baru lahir yang miskin dan tidak mampu yang dibuktikan dengan surat keterangan dari pejabat daerah yang berwenang minimal setingkat kepala desa;</span></span></span></span></span></span></li>\r\n\t<li style=\"text-align: justify;\"><span style=\"font-size:12pt\"><span style=\"background-color:white\"><span style=\"font-family:Calibri,sans-serif\"><span style=\"font-size:10.5pt\"><span style=\"font-family:&quot;Century Gothic&quot;,sans-serif\"><span style=\"color:black\">Ibu hamil, bersalin, nifas, dan bayi baru lahir yang memenuhi syarat eligibilitas ditetapkan oleh Kementerian Kesehatan dan/atau pemerintah daerah sesuai dengan kriteria/ketentuan; dan</span></span></span></span></span></span></li>\r\n\t<li style=\"text-align: justify;\"><span style=\"font-size:12pt\"><span style=\"background-color:white\"><span style=\"font-family:Calibri,sans-serif\"><span style=\"font-size:10.5pt\"><span style=\"font-family:&quot;Century Gothic&quot;,sans-serif\"><span style=\"color:black\">Jika tidak memiliki NIK, Dinas Kesehatan atau Dinas Kependudukan dan Catatan Sipil (Dukcapil) untuk membantu dalam pembuatan NIK.</span></span></span></span></span></span></li>\r\n</ol>\r\n\r\n<p>Sumber :&nbsp;<a href=\"https://www.kemkes.go.id/\">https://www.kemkes.go.id/</a></p>\r\n", "view_count": 320, "share_count": 0, "word_count": 805, "status": "published", "created_at": "2022-10-11T16:44:03.123Z", "updated_at": "2024-07-11T07:21:50.239Z"}, "m2m": {"photo": [6571]}}, {"condition": {"id": 304}, "defaults": {"site_id": 52, "admin_id": 70, "judul": "Kemenkes Ajak masyarakat Waspadai Lonjakan DBD", "judul_seo": "kemenkes-ajak-masyarakat-waspadai-lonjakan-dbd", "isi_pengumuman": "<p style=\"text-align:justify\"><span style=\"font-size:12pt\"><span style=\"background-color:white\"><span style=\"font-family:&quot;Times New Roman&quot;,serif\"><span style=\"font-family:&quot;Helvetica Neue&quot;\"><span style=\"color:black\">Memasuki musim hujan, banyak hal yang harus dipersiapkan oleh masyarakat, khususnya bagi masyarakat yang tinggal di wilayah rawan bencana seperti banjir dan tanah longsor. Selain melakukan persiapan menghadapi bencana, masyarakat juga diharapkan melakukan persiapan untuk menghadapi berbagai penyakit penyerta musim hujan seperti Demam Berdarah Dengue (DBD).</span></span></span></span></span></p>\r\n\r\n<p style=\"text-align:justify\"><span style=\"font-size:12pt\"><span style=\"background-color:white\"><span style=\"font-family:&quot;Times New Roman&quot;,serif\"><span style=\"font-family:&quot;Helvetica Neue&quot;\"><span style=\"color:black\">Dalam keterangannya, Maxi Rein Rondonuwu selaku Direktur Jenderal Pencegahan dan Pengendalian Penyakit menyatakan bahwa terdapat tren kenaikan angka kasus DBD,&nbsp; terutama pada beberapa golongan umur, usia 14-44 tahun naik sebanyak 38,96% dan usia 5-14 tahun sebanyak 35,61%.</span></span></span></span></span></p>\r\n\r\n<p style=\"text-align:justify\"><span style=\"font-size:12pt\"><span style=\"background-color:white\"><span style=\"font-family:&quot;Times New Roman&quot;,serif\"><span style=\"font-family:&quot;Helvetica Neue&quot;\"><span style=\"color:black\">Lebih lanjut, Maxi Rein menjelaskan bahwa kasus demam berdarah dI Indonesia yang terjadi, berasal dari 64 kabupaten/kota di 4 provinsi, yang diantaranya adalah Jawa Barat, Jawa Timur, Jawa Tengah dan Kalimantan Timur.</span></span></span></span></span></p>\r\n\r\n<p style=\"text-align:justify\"><span style=\"font-size:12pt\"><span style=\"background-color:white\"><span style=\"font-family:&quot;Times New Roman&quot;,serif\"><span style=\"font-family:&quot;Helvetica Neue&quot;\"><span style=\"color:black\">Melihat data diatas, maka Pada 6 September lalu, Kementerian Kesehatan melalui Direktorat Pencegahan dan Pengendalian Penyakit Menular telah mengirimkan surat kepada seluruh Kepala Daerah di Indonesia mulai dari tingkat Provinsi hingga Kabupaten/Kota, untuk melakukan berbagai macam program pencegahan dbd, diantaranya adalah dengan:</span></span></span></span></span></p>\r\n\r\n<ol>\r\n\t<li style=\"text-align:justify\"><span style=\"font-size:12pt\"><span style=\"background-color:white\"><span style=\"font-family:&quot;Times New Roman&quot;,serif\"><span style=\"font-family:&quot;Helvetica Neue&quot;\"><span style=\"color:black\">Melakukan pencegahan dan pengendalian melalui Gerakan 1 Rumah 1 Jumantik (G1R1J) dengan Pemberantasan Sarang Nyamuk (PSN) 3M Plus di tempat &ndash; tempat umum dan tempat &ndash; tempat institusi untuk mencapai Angka Bebas Jentik &gt; 95 %.</span></span></span></span></span></li>\r\n\t<li style=\"text-align:justify\"><span style=\"font-size:12pt\"><span style=\"background-color:white\"><span style=\"font-family:&quot;Times New Roman&quot;,serif\"><span style=\"font-family:&quot;Helvetica Neue&quot;\"><span style=\"color:black\">Memperkuat surveilans Dengue/DBD yang dapat dimonitor</span></span></span></span></span></li>\r\n\t<li style=\"text-align:justify\"><span style=\"font-size:12pt\"><span style=\"background-color:white\"><span style=\"font-family:&quot;Times New Roman&quot;,serif\"><span style=\"font-family:&quot;Helvetica Neue&quot;\"><span style=\"color:black\">Melakukan pengendalian vektor secara terpadu baik kegiatan program yang dilaksanakan maupun unit atau sektor yang terlibat</span></span></span></span></span></li>\r\n\t<li style=\"text-align:justify\"><span style=\"font-size:12pt\"><span style=\"background-color:white\"><span style=\"font-family:&quot;Times New Roman&quot;,serif\"><span style=\"font-family:&quot;Helvetica Neue&quot;\"><span style=\"color:black\">Meningkatkan deteksi dini infeksi Dengue di puskesmas dengan memeriksa pasien suspek dengue menggunakan Rapid Diagnostic Test (RDT) Antigen Dengue NS1 atau RDT Combo</span></span></span></span></span></li>\r\n\t<li style=\"text-align:justify\"><span style=\"font-size:12pt\"><span style=\"background-color:white\"><span style=\"font-family:&quot;Times New Roman&quot;,serif\"><span style=\"font-family:&quot;Helvetica Neue&quot;\"><span style=\"color:black\">Melakukan Penyelidikan Epidemiologi (PE) terhadap setiap kasus Dengue baik suspek (presumptive) Dengue, probable, confirmed.</span></span></span></span></span></li>\r\n\t<li style=\"text-align:justify\"><span style=\"font-size:12pt\"><span style=\"background-color:white\"><span style=\"font-family:&quot;Times New Roman&quot;,serif\"><span style=\"font-family:&quot;Helvetica Neue&quot;\"><span style=\"color:black\">Membentuk atau merevitalisasi kembali Kelompok Kerja Operasional (POKJANAL) Dengue/DBD di tingkat provinsi, kabupaten/kota, kecamatan dan desa/kelurahan.</span></span></span></span></span></li>\r\n</ol>\r\n\r\n<p style=\"text-align:justify\"><span style=\"font-size:12pt\"><span style=\"background-color:white\"><span style=\"font-family:&quot;Times New Roman&quot;,serif\"><span style=\"font-family:&quot;Helvetica Neue&quot;\"><span style=\"color:black\">Selain penerapan berbagai program pencegahan demam berdarah di atas, diharapkan masyarakat juga turut berpartisipasi aktif untuk menjaga kesehatan dan menerapkan upaya pencegahan seperti penerapan 3M Plus.</span></span></span></span></span></p>\r\n\r\n<p>&nbsp;</p>\r\n", "view_count": 681, "share_count": 0, "word_count": 270, "status": "published", "created_at": "2022-10-15T11:28:30.681Z", "updated_at": "2024-07-11T19:36:39.189Z"}, "m2m": {"photo": [6673]}}]