[{"condition": {"id": 166}, "defaults": {"site_id": 56, "admin_id": 74, "judul": "OBAT CACING CEGAH STUNTING!!", "judul_seo": "obat-cacing-cegah-stunting", "isi_pengumuman": "<p><span style=\"font-family:Comic Sans MS,cursive\"><span style=\"font-size:16px\">Cacingan pada anak dapat menyebabkan terganggunya penyerapan za-zat yang bergizi pada usus halus sehingga anak dapat mengalami gangguan pertumbuhan (<em>stunting</em>).</span></span></p>\r\n\r\n<p><span style=\"font-family:Comic Sans MS,cursive\"><span style=\"font-size:16px\">Oleh karena itu perlu upaya perbaikan meliputi upaya untuk mencegah dan mengurangi&nbsp;gangguan secara langsung (intervensi gizi spesifik) dan upaya untuk mencegah dan mengurangi gangguan secara tidak langsung (intervensi gizi sensitif).</span></span></p>\r\n\r\n<p>&nbsp;</p>\r\n\r\n<p>&nbsp;</p>\r\n\r\n<p><span style=\"font-size:12px\"><span style=\"font-family:Comic Sans MS,cursive\">(admin web pkm lingsar)</span></span></p>", "view_count": 138, "share_count": 0, "word_count": 54, "status": "published", "created_at": "2022-08-05T11:14:48.299Z", "updated_at": "2024-07-01T08:20:23.881Z"}, "m2m": {"photo": [3884]}}, {"condition": {"id": 170}, "defaults": {"site_id": 56, "admin_id": 74, "judul": "Pelaksanaan Vaksinasi Booster", "judul_seo": "pelaksanaan-vaksinasi-booster", "isi_pengumuman": "<p><span style=\"font-size:14px\"><span style=\"font-family:Comic Sans MS,cursive\">PELAKSANAAN VAKSINASI BOOSTER DI UPT PUSKESMAS LINGSAR</span></span></p>\r\n\r\n<p><span style=\"font-size:14px\"><span style=\"font-family:Comic Sans MS,cursive\"><strong>Tempat :</strong> Ruang UKM Puskesmas Lingsar</span></span></p>\r\n\r\n<p><span style=\"font-size:14px\"><span style=\"font-family:Comic Sans MS,cursive\"><strong>Hari/waktu :</strong></span></span></p>\r\n\r\n<ul>\r\n\t<li><span style=\"font-size:14px\"><span style=\"font-family:Comic Sans MS,cursive\"><strong>Selasa</strong>, pukul 11.00 s/d 13.30</span></span></li>\r\n\t<li><span style=\"font-size:14px\"><span style=\"font-family:Comic Sans MS,cursive\"><strong>Jum&#39;at</strong>, pukul 08.30 s/d 11.00</span></span></li>\r\n</ul>\r\n\r\n<p><span style=\"font-size:14px\"><span style=\"font-family:Comic Sans MS,cursive\"><strong>Ketentuan :</strong></span></span></p>\r\n\r\n<ol>\r\n\t<li><span style=\"font-size:14px\"><span style=\"font-family:Comic Sans MS,cursive\">Berbadan sehat (Tidak demam, batuk pilek, nyeri tenggorokan)</span></span></li>\r\n\t<li><span style=\"font-size:14px\"><span style=\"font-family:Comic Sans MS,cursive\">Berusia 18 tahun ke atas untuk vaksin booster dan 12 tahun ke atas untuk vaksin 1 &amp; 2</span></span></li>\r\n\t<li><span style=\"font-size:14px\"><span style=\"font-family:Comic Sans MS,cursive\">Peserta wajib membawa fotokopi KTP / kartu vaksin 1 &amp; 2&nbsp;</span></span></li>\r\n</ol>\r\n\r\n<p>&nbsp;</p>\r\n\r\n<p><span style=\"font-size:14px\"><span style=\"font-family:Comic Sans MS,cursive\">Sekian pengumuman hari ini, kami ucapkan terima kasih...</span></span></p>\r\n", "view_count": 180, "share_count": 0, "word_count": 52, "status": "published", "created_at": "2022-08-10T14:07:37.097Z", "updated_at": "2024-07-04T03:38:00.706Z"}, "m2m": {"photo": [4125]}}, {"condition": {"id": 205}, "defaults": {"site_id": 56, "admin_id": 74, "judul": "SIKAT GIGI MASSAL", "judul_seo": "sikat-gigi-massal", "isi_pengumuman": "<p><strong><span style=\"font-family:Comic Sans MS,cursive\"><span style=\"font-size:18px\">PERHATIAAAN!!!!</span></span></strong></p>\r\n\r\n<p><span style=\"font-family:Comic Sans MS,cursive\"><span style=\"font-size:18px\">Kegiatan&nbsp; &nbsp; &nbsp; &nbsp; : Sikat Gigi Massal</span></span></p>\r\n\r\n<p><span style=\"font-family:Comic Sans MS,cursive\"><span style=\"font-size:18px\">Hari/Tanggal : Senin, 12 September 2022</span></span></p>\r\n\r\n<p><span style=\"font-family:Comic Sans MS,cursive\"><span style=\"font-size:18px\">Pukul&nbsp; &nbsp; &nbsp; &nbsp; &nbsp; &nbsp; &nbsp; : 10.00 Wita s/d Selesai</span></span></p>\r\n\r\n<p><span style=\"font-family:Comic Sans MS,cursive\"><span style=\"font-size:18px\">Lokasi&nbsp; &nbsp; &nbsp; &nbsp; &nbsp; &nbsp; : SDN 1 Batu Kumbung</span></span></p>\r\n", "view_count": 596, "share_count": 0, "word_count": 14, "status": "published", "created_at": "2022-09-12T08:35:02.915Z", "updated_at": "2024-07-07T00:40:54.341Z"}, "m2m": {"photo": [5385]}}, {"condition": {"id": 206}, "defaults": {"site_id": 56, "admin_id": 74, "judul": "GANTI FASKES BPJS, TIDAK PERLU SUSAH-SUSAH KE KANTOR BPJS!!", "judul_seo": "ganti-faskes-bpjs-tidak-perlu-susah-susah-ke-kantor-bpjs", "isi_pengumuman": "<p style=\"text-align:justify\"><span style=\"font-family:Georgia,serif\">Ketika akan berobat menggunakan BPJS Kesehatan, peserta BPJS terlebih dahulu wajib berobat di fasilitas kesehatan (faskes) tingkat pertama. Jika peserta memerlukan penangan lebih serius maka perserta diperbolehkan atau bisa dirujuk ke faskes tingkat selanjutnya yang bisa berikan fasilitas lebih baik.</span></p>\r\n\r\n<p style=\"text-align:justify\"><span style=\"font-family:Georgia,serif\">Faskes sendiri adalah tempat berobat yang diprioritaskan bagi peserta BPJS Kesehatan sesuai dengan pilihan ketika mendaftar program tersebut. Faskes bisa berupa rumah sakit, puskesmas, atau klinik.</span></p>\r\n\r\n<p style=\"text-align:justify\"><span style=\"font-family:Georgia,serif\">Bagi kamu peserta BPJS Kesehatan yang ingin pindah faskes baik untuk mendapatkan penangan lebih serius atau karena pindah domisili sekarang tidak perlu mendatangi langusng kantor BPJS Kesehatan. Karena proses pindah faskes sudah bisa dilakukan secara&nbsp;online&nbsp;yaitu melalui aplikasi Mobile JKN.</span></p>\r\n\r\n<p style=\"text-align:justify\"><span style=\"font-family:Georgia,serif\"><span style=\"font-size:18px\"><strong>Cara Daftar Aplikasi Mobile JKN BPJS Kesehatan</strong></span></span></p>\r\n\r\n<p style=\"text-align:justify\"><span style=\"font-family:Georgia,serif\">Sebelumnya untuk bisa mengganti faskes BPJS Kesehatan secara&nbsp;online&nbsp;melalui aplikasi JKN, kamu harus terlebih dahulu mendownload&nbsp;lalu mendaftarkan data dirimu di aplikasi tersebut. Berikut langkah-langkahnya:</span></p>\r\n\r\n<ul>\r\n\t<li style=\"text-align:justify\"><span style=\"font-family:Georgia,serif\">Download&nbsp;aplikasi BPJS Kesehatan dari Google Play Store atau App Store.</span></li>\r\n\t<li style=\"text-align:justify\"><span style=\"font-family:Georgia,serif\">Setelah aplikasi terpasang kemudian jalankan lalu pilih menu Masuk/Daftar.</span></li>\r\n\t<li style=\"text-align:justify\"><span style=\"font-family:Georgia,serif\">Kemudian kamu akan diminta untuk melakukan verifikasi dengan&nbsp;memasukkan 16 digit NIK KTP dan kode Captcha.</span></li>\r\n\t<li style=\"text-align:justify\"><span style=\"font-family:Georgia,serif\">Setelah itu, klik Daftar.</span></li>\r\n\t<li style=\"text-align:justify\"><span style=\"font-family:Georgia,serif\">Lalu, isi form dengan memasukkan nomor kartu JKN /&nbsp;nomor KTP dan&nbsp;password.</span></li>\r\n\t<li style=\"text-align:justify\"><span style=\"font-family:Georgia,serif\">Lalu klik tombol Daftar.</span></li>\r\n\t<li style=\"text-align:justify\"><span style=\"font-family:Georgia,serif\">Terakhir, lakukan verifikasi melalui SMS atau Email. Jika verifikasi berhasil maka kamu sudah bisa login dengan NIK / nomor kartu&nbsp;JKN dan&nbsp;password&nbsp;yang tadi dibuat.</span></li>\r\n</ul>\r\n\r\n<p style=\"text-align:justify\"><span style=\"font-family:Georgia,serif\"><span style=\"font-size:18px\"><strong>Cara Pindah Faskes&nbsp;Lewat Mobile JKN&nbsp;</strong></span></span></p>\r\n\r\n<p style=\"text-align:justify\"><span style=\"font-family:Georgia,serif\">Setelah terdaftar kamu pun sudah bisa melakukan perpindahan faskes yang diinginkan secara&nbsp;online&nbsp;melalui aplikasi JKN BPJS Kesehatan. Berikut&nbsp;cara mengubah faskes di Mobile JKN.</span></p>\r\n\r\n<ul>\r\n\t<li style=\"text-align:justify\"><span style=\"font-family:Georgia,serif\">Masuk/log in ke aplikasi Mobile JKN BPJS Kesehatanmu.</span></li>\r\n\t<li style=\"text-align:justify\"><span style=\"font-family:Georgia,serif\">Pilih menu&nbsp;Perubahan Data Peserta.</span></li>\r\n\t<li style=\"text-align:justify\"><span style=\"font-family:Georgia,serif\">Scroll&nbsp;ke bawah, sampai kamu menemukan menu Fasilitas Kesehatan Tingkat l. Kemudian, klik menu tersebut.</span></li>\r\n\t<li style=\"text-align:justify\"><span style=\"font-family:Georgia,serif\">Setelah muncul jendela&nbsp;pop up&nbsp;bertuliskan Perubahan Faskes l, isi data sesuai dengan yang ingin diubah.</span></li>\r\n\t<li style=\"text-align:justify\"><span style=\"font-family:Georgia,serif\">Jika berhasil maka akan ada notifikasi bahwa data berhasil diubah serta informasi mulai berlakunya faskes baru.</span></li>\r\n</ul>\r\n\r\n<p style=\"text-align:justify\"><span style=\"font-family:Georgia,serif\">Selain pindah faskes, aplikasi BPJS Kesehatan juga&nbsp;menyediakan fitur-fitur lain dan berikut adalah informasi selengkapnya.</span></p>\r\n\r\n<p style=\"text-align:justify\"><span style=\"font-family:Georgia,serif\"><span style=\"font-size:18px\"><strong>Fitur-fitur yang Bisa Dipakai di Aplikasi Mobile JKN</strong></span></span></p>\r\n\r\n<p style=\"text-align:justify\"><span style=\"font-family:Georgia,serif\">Semakin canggih, aplikasi Mobile JKN BPJS Kesehatan juga menyediakan fitur-fitur&nbsp;di bawah ini:</span></p>\r\n\r\n<ul>\r\n\t<li style=\"text-align:justify\"><span style=\"font-family:Georgia,serif\">Obat ditanggung: Menampilkan daftar obat-obat yang ditanggung BPJS.</span></li>\r\n\t<li style=\"text-align:justify\"><span style=\"font-family:Georgia,serif\">Program relaksasi tunggakan: Fitur pengajuan untuk mendapatkan keringanan dalam membayar iuran bagi peserta yang telah menunggak lebih dari enam bulan.</span></li>\r\n\t<li style=\"text-align:justify\"><span style=\"font-family:Georgia,serif\">Jadwal tindakan operasi: Menampilkan informasi mengenai jadwal tindakan operasi bagi peserta.</span></li>\r\n\t<li style=\"text-align:justify\"><span style=\"font-family:Georgia,serif\">Ketersediaan tempat tidur: Fitur untuk melihat ketersediaan tempat tidur atau ruang rawat inap.</span></li>\r\n\t<li style=\"text-align:justify\"><span style=\"font-family:Georgia,serif\">Konsultasi dokter: Fitur untuk memudahkan peserta melakukan komunikasi ke dokter di tempat fasilitas kesehatan tingkat pertama (FKTP) terdaftar. Fitur ini dikeluarkan untuk mendukung penerapan physical distancing selama pandemi.</span></li>\r\n\t<li style=\"text-align:justify\"><span style=\"font-family:Georgia,serif\">Skrining mandiri Covid-19: Fitur terbaru untuk memberikan panduan bagi peserta dalam memantau kondisi kes ehatannya dengan melihat gejala- gejala penularan Covid-19.</span></li>\r\n</ul>\r\n\r\n<p style=\"text-align:justify\"><span style=\"font-family:Georgia,serif\">Dengan fitur ini, kamu sebagai peserta sudah bisa melakukan banyak hal terkait kesehatan, pengobatan, dan informasi fasilitas kesehatan dalam satu aplikasi dan lebih efektif.</span></p>\r\n\r\n<p style=\"text-align:justify\"><span style=\"font-family:Georgia,serif\"><span style=\"font-size:18px\"><strong>Pengobatan, Perawatan dan Penaganan Darurat jadi Lebih Mudah</strong></span></span></p>\r\n\r\n<p style=\"text-align:justify\"><span style=\"font-family:Georgia,serif\">Dengan berbagai fitur-fitur baru yang telah ditambahakn di aplikasi Mobile JKN, kamu jadi tidak perlu repot-repot mencari-cari informasi lebih detail mengenai pengobatan dan perawatan medis dan kesehatan yang kamu butuhkan.</span></p>\r\n\r\n<p style=\"text-align:justify\"><span style=\"font-family:Georgia,serif\">Cukup buka aplikasi ini saja kamu sudah mendapatkan informasi lengkap mengenai&nbsp;lokasi fasilitas kesehatan sampai pembayaran bulanan BPJS Kesehatan dengan lebih praktis dan efektif.</span></p>\r\n\r\n<p style=\"text-align:justify\"><span style=\"font-family:Georgia,serif\">Karena pandemi masih berlangsung, jangan lupa untuk tidak pernah melepaskan maskermu ketika di luar rumah, perbanyak mengonsumsi makanan sehat, selalu cuci tangan, dan menjaga jarak.</span></p>\r\n\r\n<p style=\"text-align:justify\">&nbsp;</p>\r\n\r\n<p style=\"text-align:justify\"><span style=\"font-family:Georgia,serif\">Sumber:&nbsp;https://www.cermati.com/artikel/ini-cara-pindah-faskes-online-melalui-aplikasi-mobile-jkn-bpjs-kesehatan#:~:text=Masuk%2Flog%20in%20ke%20aplikasi,sesuai%20dengan%20yang%20ingin%20diubah.</span></p>", "view_count": 23822, "share_count": 0, "word_count": 548, "status": "published", "created_at": "2022-09-12T10:23:07.809Z", "updated_at": "2024-07-12T02:13:24.525Z"}, "m2m": {"photo": [5400]}}]