[{"condition": {"id": 34}, "defaults": {"site_id": 47, "admin_id": 51, "judul": "PENGUMUMAN TERBARU", "judul_seo": "pengumuman-terbaru", "isi_pengumuman": "<h1><strong>TELAH DIBUKA :</strong></h1>\r\n\r\n<p>&nbsp;</p>\r\n\r\n<h3><strong>POLIKLINIK MATA</strong></h3>\r\n\r\n<p>Poli&nbsp;mata merupakan suatu instalasi yang memberikan pelayanan mata secara menyeluruh kepada masyarakat secara nyaman dan terpercaya,&nbsp; yang meliputi aspek preventif, kuratif, promotif dan rehabilitatif bedah maupun non bedah dengan harapan dapat menurunkan angka kebutaan di Indonesia.</p>\r\n\r\n<p>Poli mata ini dilengkapi dengan konsultasi mata terpadu meliputi konsultasi, pemeriksaan mata dasar yang didukung oleh kemajuan teknologi dan juga fasilitas bedah dengan rawat inap yang akan melayani masalah kesehatan mata sesuai dengan Pemeriksaan Dengan Slit Lamp Biomikroskopi kebutuhan masyarakat.</p>\r\n\r\n<p>Poli Mata selain didukung oleh peralatan yang canggih juga didukung oleh sumber daya manusia yang mempunyai kompetensi spesialistik di bidang mata.</p>\r\n\r\n<table border=\"1\" cellpadding=\"0\" cellspacing=\"0\" style=\"width:500px\">\r\n\t<tbody>\r\n\t\t<tr>\r\n\t\t\t<td colspan=\"2\" style=\"text-align:center\"><strong>dr. Tina,Sp.M.</strong><br />\r\n\t\t\tJADWAL PRAKTEK</td>\r\n\t\t</tr>\r\n\t\t<tr>\r\n\t\t\t<td style=\"text-align:center\">Senin - Kamis</td>\r\n\t\t\t<td style=\"text-align:center\">08:00 - 12:00 Wita</td>\r\n\t\t</tr>\r\n\t\t<tr>\r\n\t\t\t<td style=\"text-align:center\">Jum&#39;at</td>\r\n\t\t\t<td style=\"text-align:center\">08:00 - 10:00 Wita</td>\r\n\t\t</tr>\r\n\t\t<tr>\r\n\t\t\t<td style=\"text-align:center\">Sabtu</td>\r\n\t\t\t<td style=\"text-align:center\">08:00 - 11:00 Wita</td>\r\n\t\t</tr>\r\n\t</tbody>\r\n</table>\r\n\r\n<p>&nbsp;</p>\r\n\r\n<h3><strong>POLIKLINIK PARU</strong></h3>\r\n\r\n<p>Poli Paru melayani masyarakat yang membutuhkan pelayanan Kesehatan Paru paru yang di tangani oleh DOKTER SPESIALIS PARU yang sudah berpengalaman.</p>\r\n\r\n<table border=\"1\" cellpadding=\"0\" cellspacing=\"0\" style=\"width:500px\">\r\n\t<tbody>\r\n\t\t<tr>\r\n\t\t\t<td colspan=\"2\" style=\"text-align:center\"><strong>dr. Dewi Nurul Makhabah,Sp.P.</strong><br />\r\n\t\t\tJADWAL PRAKTEK</td>\r\n\t\t</tr>\r\n\t\t<tr>\r\n\t\t\t<td style=\"text-align:center\">Senin - Kamis</td>\r\n\t\t\t<td style=\"text-align:center\">08:00 - 12:00 Wita</td>\r\n\t\t</tr>\r\n\t\t<tr>\r\n\t\t\t<td style=\"text-align:center\">Jum&#39;at</td>\r\n\t\t\t<td style=\"text-align:center\">08:00 - 10:00 Wita</td>\r\n\t\t</tr>\r\n\t</tbody>\r\n</table>\r\n\r\n<p>&nbsp;</p>\r\n\r\n<p><object height=\"900px\" width=\"600px\"><embed height=\"900px\" src=\"http://rsudnarmada.lombokbaratkab.go.id/media/POSTER_RSAM_2020.pdf\" type=\"application/pdf\" width=\"600px\"></embed></object></p>\r\n\r\n<p>Download File <img alt=\"\" src=\"/media/uploads/rsudnarmadalobar/2022/08/08/pengumuman-terbaru.png\" style=\"height:50px; width:50px\" /></p>", "view_count": 328, "share_count": 0, "word_count": 144, "status": "published", "created_at": "2021-06-18T16:12:06.736Z", "updated_at": "2024-07-07T21:53:48.557Z"}, "m2m": {"photo": [906, 907, 908]}}, {"condition": {"id": 35}, "defaults": {"site_id": 47, "admin_id": 51, "judul": "Antrian Online dengan Mobile JKN", "judul_seo": "antrian-online-dengan-mobile-jkn", "isi_pengumuman": "<p>RSUD Awet Muda Narmada selalu mengedepankan pelayanan dengan motifasi memudahkan masyarakat dalam mengakses informasi kesehatan. salah satunya Masyarakat bisa mengambil antrian secara online dan mendaftar poli secara online menggunakan aplikasi <strong>Mobile JKN</strong>.</p>\r\n\r\n<p>berikut cara mendaftar online menggunakan <strong>mobile JKN </strong>silahkan disimak videonya sampai selesai..</p>\r\n\r\n<p>&nbsp;</p>\r\n\r\n<p><iframe frameborder=\"0\" height=\"315\" src=\"https://www.youtube.com/embed/wib5rRIHWE4\" title=\"YouTube video player\" width=\"560\"></iframe></p>\r\n", "view_count": 221, "share_count": 0, "word_count": 44, "status": "published", "created_at": "2021-06-21T10:31:46.807Z", "updated_at": "2024-07-11T14:50:49.538Z"}, "m2m": {"photo": [922]}}, {"condition": {"id": 57}, "defaults": {"site_id": 47, "admin_id": 51, "judul": "VAKSINASI RSUD AWET MUDA NARMADA", "judul_seo": "vaksinasi-rsud-awet-muda-narmada", "isi_pengumuman": "<p>RSUD Awet Muda Narmada kini membuka pelayanan vaksinasi untuk publik, syarat dan ketentuan dapat dilihat diatas. Untuk info lebih lanjut silahkan kunjungi lokasi vaksinasi</p>\r\n", "view_count": 166, "share_count": 0, "word_count": 24, "status": "published", "created_at": "2021-07-03T11:18:30.011Z", "updated_at": "2024-07-11T09:34:54.005Z"}, "m2m": {"photo": [1043]}}, {"condition": {"id": 81}, "defaults": {"site_id": 47, "admin_id": 51, "judul": "Aplikasi Pasien dan Antrian Mandiri - RSUD AWET MUDA NARMADA", "judul_seo": "aplikasi-pasien-dan-antrian-mandiri-rsud-awet-muda-narmada", "isi_pengumuman": "<p><strong>Apa itu APAM RSAM/PASIEN RSAM?</strong></p>\r\n\r\n<ul style=\"margin-left:0; margin-right:0\">\r\n\t<li>\r\n\t<div class=\"accordion-item-content\" style=\"-webkit-tap-highlight-color:transparent; font-size:14px; height:auto; overflow:hidden; position:relative; transition-duration:0.3s\">\r\n\t<div class=\"block\" style=\"-webkit-tap-highlight-color:transparent; box-sizing:border-box; color:var(--f7-block-text-color); font-size:var(--f7-block-font-size); margin-bottom:0px; margin-top:0px; padding-bottom:0px; padding-left:calc(var(--f7-block-padding-horizontal) + var(--f7-safe-area-left)); padding-right:calc(var(--f7-block-padding-horizontal) + var(--f7-safe-area-right)); padding-top:0px; position:relative; z-index:1\">\r\n\t<p style=\"margin-left:0; margin-right:0\">APAM RSAM adalah Aplikasi Pasien dan Antrian Masyarakat Kabupaten Lombok Barat khususnya dan masyarakat indonesia pada umumnya yang akan berkunjung untuk berobat ke RSUD AWET MUDA NARMADA. Aplikasi yang diperuntukan bagi pasien yang ingin mendaftar online di Rumah Sakit Umum Daerah Awet Muda Narmada (selanjutnya akan disebut RSUD Narmada). Selain itu ada fitur aduan jika ada keluhan dan ketidakpuasan terhadap layanan di RSUD Narmada.</p>\r\n\t</div>\r\n\t</div>\r\n\t</li>\r\n</ul>\r\n\r\n<p><strong>Siapa yang bisa menggunakannya?</strong></p>\r\n\r\n<ul style=\"margin-left:0; margin-right:0\">\r\n\t<li>\r\n\t<div class=\"accordion-item-content\" style=\"-webkit-tap-highlight-color:transparent; font-size:14px; height:auto; overflow:hidden; position:relative; transition-duration:0.3s\">\r\n\t<div class=\"block\" style=\"-webkit-tap-highlight-color:transparent; box-sizing:border-box; color:var(--f7-block-text-color); font-size:var(--f7-block-font-size); margin-bottom:0px; margin-top:0px; padding-bottom:0px; padding-left:calc(var(--f7-block-padding-horizontal) + var(--f7-safe-area-left)); padding-right:calc(var(--f7-block-padding-horizontal) + var(--f7-safe-area-right)); padding-top:0px; position:relative; z-index:1\">\r\n\t<p style=\"margin-left:0; margin-right:0\">Penggunaan aplikasi sementara ini hanya berlaku bagi Pasien yang telah memiliki No RM di RSUD NARMADA.</p>\r\n\t</div>\r\n\t</div>\r\n\t</li>\r\n</ul>\r\n\r\n<p><strong>Bagaimana Cara Penggunaan?</strong></p>\r\n\r\n<ul style=\"margin-left:0; margin-right:0\">\r\n\t<li>\r\n\t<div class=\"accordion-item-content\" style=\"-webkit-tap-highlight-color:transparent; font-size:14px; height:auto; overflow:hidden; position:relative; transition-duration:0.3s\">\r\n\t<div class=\"block\" style=\"-webkit-tap-highlight-color:transparent; box-sizing:border-box; color:var(--f7-block-text-color); font-size:var(--f7-block-font-size); margin-bottom:0px; margin-top:0px; padding-bottom:0px; padding-left:calc(var(--f7-block-padding-horizontal) + var(--f7-safe-area-left)); padding-right:calc(var(--f7-block-padding-horizontal) + var(--f7-safe-area-right)); padding-top:0px; position:relative; z-index:1\">\r\n\t<p style=\"margin-left:0; margin-right:0\">Jika anda membaca panduan ini, maka anda telah berhasil memasang APAM RSAM di perangkat anda. Selanjutnya silahkan lakukan Sign In ke sistem RSUD NARMADA. [Gambar Landing page] Masukkan nomor kartu berobat anda dan nomor kartu tanda penduduk (NIK) sesuai saat KTP yang anda miliki. Lalu tekan Sign In. [Gambar Login] Jika nomor kartu berobat dan nomor KTP anda ada dalam sistem RSUD NARMADA maka anda akan dibawa kehalaman Beranda. [Gambar Beranda]</p>\r\n\t</div>\r\n\t</div>\r\n\t</li>\r\n</ul>\r\n\r\n<p><strong>Bagaimana melakukan Pendaftaran?</strong></p>\r\n\r\n<ul style=\"margin-left:0; margin-right:0\">\r\n\t<li>\r\n\t<div class=\"accordion-item-content\" style=\"-webkit-tap-highlight-color:transparent; font-size:14px; height:auto; overflow:hidden; position:relative; transition-duration:0.3s\">\r\n\t<div class=\"block\" style=\"-webkit-tap-highlight-color:transparent; box-sizing:border-box; color:var(--f7-block-text-color); font-size:var(--f7-block-font-size); margin-bottom:0px; margin-top:0px; padding-bottom:0px; padding-left:calc(var(--f7-block-padding-horizontal) + var(--f7-safe-area-left)); padding-right:calc(var(--f7-block-padding-horizontal) + var(--f7-safe-area-right)); padding-top:0px; position:relative; z-index:1\">\r\n\t<p style=\"margin-left:0; margin-right:0\">Setelah anda Sign In ke sistem RSUD NARMADA, silahkan pilih menu Pendaftaran. [Gambar Icon Pendaftaran] Selajutnya pilih tanggal kunjungan dan cara bayar lalu tekan tombol Cek Jadwal. Setelah itu ada pilihan jadwal klinik pada tanggal pilihan anda dan dokter yang bertugas. Bila sudah lengkap silahkan tekan tombol Disket [Simpan] dipojok kanan atas perangkat anda. [Gambar Pendaftaran] Jika booking pendaftaran anda sukses maka anda akan mendapatkan pemberitahuan bahwa pendaftaran anda telah sukses disimpan dalam database RSUD NARMADA. [Gambar Sukses] Silahkan screenshot dan simpan bukti booking pendaftaran anda. Anda juga bisa melihat bukti booking di halaman Beranda (3 booking terakhir) dan di menu Account -&gt; Booking.</p>\r\n\t</div>\r\n\t</div>\r\n\t</li>\r\n</ul>\r\n\r\n<p><strong>Kapan jangka waktu pendaftaran?</strong></p>\r\n\r\n<ul style=\"margin-left:0; margin-right:0\">\r\n\t<li>\r\n\t<div class=\"accordion-item-content\" style=\"-webkit-tap-highlight-color:transparent; font-size:14px; height:auto; overflow:hidden; position:relative; transition-duration:0.3s\">\r\n\t<div class=\"block\" style=\"-webkit-tap-highlight-color:transparent; box-sizing:border-box; color:var(--f7-block-text-color); font-size:var(--f7-block-font-size); margin-bottom:0px; margin-top:0px; padding-bottom:0px; padding-left:calc(var(--f7-block-padding-horizontal) + var(--f7-safe-area-left)); padding-right:calc(var(--f7-block-padding-horizontal) + var(--f7-safe-area-right)); padding-top:0px; position:relative; z-index:1\">\r\n\t<p style=\"margin-left:0; margin-right:0\">Pendaftaran Online dapat dilakukan dengan Jadwal H-2 s/d H-7 dari hari mendaftar dengan memasukkan Nomor Kartu Berobat, Nomro KTP (NIK), Cara Bayar, Pilihan hari dan dokter untuk poli reguler. Dokter yang ditunjuk adalah dokter DPJP (Dokter Penanggung Jawab Pelayanan)</p>\r\n\t</div>\r\n\t</div>\r\n\t</li>\r\n</ul>\r\n\r\n<p><span style=\"font-size:24px\"><strong><a href=\"https://drive.google.com/file/d/1OYcKxCJRnYCeGjeySbelJRkIzw4UIohg/view?usp=sharing\">DOWNLOAD APLIKASINYA DISINI</a></strong></span></p>", "view_count": 1147, "share_count": 0, "word_count": 310, "status": "published", "created_at": "2021-11-23T10:54:32.070Z", "updated_at": "2024-07-11T09:39:10.683Z"}, "m2m": {"photo": [1481, 1482, 1483]}}, {"condition": {"id": 357}, "defaults": {"site_id": 47, "admin_id": 51, "judul": "JADWAL PELAYANAN SELAMA BULAN RAMADHAN", "judul_seo": "jadwal-pelayanan-selama-bulan-ramadhan", "isi_pengumuman": "<h1>Jadwal Pelayanan Poliklinik Rawat Jalan selama bulan Ramadhan 1444 H.</h1>\r\n\r\n<ul>\r\n\t<li><strong><span style=\"font-size:20px\">SENIN - KAMIS : 08.00-12.00</span></strong></li>\r\n\t<li><strong><span style=\"font-size:20px\">JUM&#39;AT : 08.00-10.00</span></strong></li>\r\n\t<li><strong><span style=\"font-size:20px\">SABTU : 08.00-11.00</span></strong></li>\r\n</ul>", "view_count": 388, "share_count": 0, "word_count": 12, "status": "published", "created_at": "2023-03-27T16:42:28.054Z", "updated_at": "2024-06-20T05:06:19.928Z"}, "m2m": {"photo": [9069]}}, {"condition": {"id": 367}, "defaults": {"site_id": 47, "admin_id": 51, "judul": "PENGUMUMAN LIBUR PASKAH", "judul_seo": "pengumuman-libur-paskah", "isi_pengumuman": "<p><span style=\"font-size:14px\"><span style=\"font-family:Times New Roman,Times,serif\"><big>Berdasarkan surat edaran Bupati Lombok Barat No.008/93/III/ORG/2023 Tahun 2023 Tentang Hari Libur Nasional &amp; Cuti Bersama Tanggal 7 April 2023 Pelayanan Poliklinik <u><strong>TUTUP</strong></u> dan akan buka kembali tanggal 8 April 2023. Untuk keadaan Emergency Pelayanan IGD dan Bersalin tetap buka selama 24 Jam. Atas perhatiannya kami ucapkan terimakasih.</big></span></span></p>", "view_count": 185, "share_count": 0, "word_count": 40, "status": "published", "created_at": "2023-04-08T04:28:54.659Z", "updated_at": "2024-06-20T08:05:29.780Z"}, "m2m": {"photo": [9234]}}, {"condition": {"id": 383}, "defaults": {"site_id": 47, "admin_id": 51, "judul": "PENGUMUMAN LIBUR LEBARAN TAHUN 2023", "judul_seo": "pengumuman-libur-lebaran-tahun-2023", "isi_pengumuman": "<p><big>Berdasarkan Surat Edaran Bupati Lombok Barat No.800/93/III/ORG/2023 Tahun 2023 Tentang Hari Libur Nasional &amp; Cuti Bersama kami Informasikan bahwa mulai Tanggal 19-25 April 2023 Pelayanan Poliklinik Rawat Jalan <u><strong>TUTUP</strong></u>&nbsp;dan akan buka kembali pada Tanggal 26 April 2023. Untuk keadaan emergency Pelayanan IGD dan Bersalin tetap buka selama 24 jam. Demikian yang dapat kami informasikan atas perhatiannya kami ucapkan terimakasih.</big></p>\r\n", "view_count": 426, "share_count": 0, "word_count": 52, "status": "published", "created_at": "2023-04-17T03:32:20.950Z", "updated_at": "2024-07-01T23:34:16.423Z"}, "m2m": {"photo": [9353]}}, {"condition": {"id": 432}, "defaults": {"site_id": 47, "admin_id": 51, "judul": "PEMILIHAN TENAGA KESEHATAN TELADAN TINGKAT PROVINSI KATEGORI DOKTER SPESIALIS", "judul_seo": "pemilihan-tenaga-kesehatan-teladan-tingkat-provinsi-kategori-dokter-spesialis", "isi_pengumuman": "<p>Dalam rangka penilaian tenaga kesehatan teladan tingkat propinsi NTB untuk KATEGORI DOKTER SPESIALIS an dr. I Ketut Adi Suryana, Sp.PD Dokter Spesialis Penyakit Dalam RSUD Awet Muda Narmada Lombok Barat, mohon dukungannya dengan like, comment dan subscribe. Terima kasih atas dukungannya. Untuk LOMBOK&nbsp;BARAT&nbsp;MANTAP.<br />\r\n&nbsp;</p>\r\n\r\n<p>&nbsp;</p>\r\n\r\n<p><iframe frameborder=\"0\" height=\"360\" src=\"https://www.youtube.com/embed/eTmyJoUfXu8\" width=\"640\"></iframe></p>", "view_count": 751, "share_count": 0, "word_count": 44, "status": "published", "created_at": "2023-05-17T05:31:52.367Z", "updated_at": "2024-06-28T23:59:20.889Z"}, "m2m": {"photo": [9871]}}, {"condition": {"id": 437}, "defaults": {"site_id": 47, "admin_id": 51, "judul": "PENGUMUMAN LIBUR BERSAMA 1 JUNI 2023", "judul_seo": "pengumuman-libur-bersama-1-juni-2023", "isi_pengumuman": "<p><span style=\"font-size:16px\"><span style=\"font-family:Georgia,serif\">Berdasarkan surat edaran Bupati Lombok Barat No.008/93/III/ORG/2023 Tahun 2023 Tentang Hari Libur Nasional &amp; Cuti Bersama, Tanggal 1 dan 2 Juni 2023 Pelayanan Poliklinik RSUD Awet Muda Narmada <strong>TUTUP</strong> dan akan <strong>buka kembali</strong> tanggal 3 Juni 2023. Untuk keadaan Emergency Pelayanan IGD dan Bersalin tetap buka selama 24 Jam. Atas perhatiannya kami ucapkan terimakasih.</span></span></p>", "view_count": 368, "share_count": 0, "word_count": 45, "status": "published", "created_at": "2023-05-30T04:16:25.146Z", "updated_at": "2024-06-29T02:35:34.755Z"}, "m2m": {"photo": [10263]}}, {"condition": {"id": 462}, "defaults": {"site_id": 47, "admin_id": 51, "judul": "PENGUMUMAN LIBUR BERSAMA IDUL ADHA 2023", "judul_seo": "pengumuman-libur-bersama-idul-adha-2023", "isi_pengumuman": "<p>Berdasarkan SKB 3 Menteri tentang Perubahan Kedua atas Keputusan Bersama Menteri Agama, Menteri Ketenagakerjaan, dan Menteri Pendayagunaan Aparatur Negara dan Reformasi Birokrasi Nomor 1066 Tahun 2022, Nomor 3 Tahun 2022 tentang Hari Libur Nasional dan Cuti Bersama Tahun 2023, <strong>tanggal 28, 29, dan 30 Juni 2023</strong> Pelayanan Poliklinik RSUD Awet Muda Narmada TUTUP dan akan buka kembali tanggal<strong> 1 Juli 2023.</strong> Untuk keadaan Emergency Pelayanan IGD dan Bersalin tetap buka selama 24 Jam. Atas perhatiannya kami ucapkan terimakasih.</p>\r\n", "view_count": 216, "share_count": 0, "word_count": 65, "status": "published", "created_at": "2023-06-24T13:07:42.977Z", "updated_at": "2024-06-19T22:57:30.284Z"}, "m2m": {"photo": [11193]}}, {"condition": {"id": 465}, "defaults": {"site_id": 47, "admin_id": 51, "judul": "Mari Sukseskan Kabupaten Lombok Barat Menuju Universal Health Coverage!", "judul_seo": "mari-sukseskan-kabupaten-lombok-barat-menuju-universal-health-coverage", "isi_pengumuman": "<p>Narmada - Universal Health Coverage&nbsp;merupakan sistem penjaminan kesehatan yang memastikan setiap warga dalam populasi memiliki akses yang adil terhadap pelayanan kesehatan promotif, preventif, kuratif, dan rehabilitatif, bermutu dengan biaya terjangkau.<br />\r\n<br />\r\nRSUD Awet Muda Narmada mendukung Kabupaten Lombok Barat dalam mensukseskan Universal Health Coverage.<br />\r\n<br />\r\nDengan target seluruh penduduk Lombok Barat sudah memiliki jaminan kesehatan yang mampu melindungi dan menaikan taraf kesehatan Lombok Barat.</p>\r\n\r\n<p>&nbsp;</p>\r\n", "view_count": 96, "share_count": 0, "word_count": 62, "status": "published", "created_at": "2023-06-27T01:13:44.921Z", "updated_at": "2024-06-25T05:15:46.130Z"}, "m2m": {"photo": [11251]}}, {"condition": {"id": 527}, "defaults": {"site_id": 47, "admin_id": 51, "judul": "PENGUMUMAN LIBUR TANGGAL 19 JULI", "judul_seo": "pengumuman-libur-tanggal-19-juli", "isi_pengumuman": "<p><span style=\"background-color:rgb(0,0,0);color:rgb(245,245,245);\">Poliklinik RSUD Awet Muda Narmada pada tanggal 19 Juli 2023 TUTUP</span><br><span style=\"background-color:rgb(0,0,0);color:rgb(245,245,245);\">dan akan buka kembali pada tanggal 20 Juli 2023.</span><br><br><span style=\"background-color:rgb(0,0,0);color:rgb(245,245,245);\">Pelayanan Instalasi Gawat Darurat dan Bersalin TETAP BUKA 24 jam.</span></p>", "view_count": 807, "share_count": 0, "word_count": 23, "status": "published", "created_at": "2023-07-20T01:41:43.731Z", "updated_at": "2024-07-10T07:34:44.067Z"}, "m2m": {"photo": [11800]}}, {"condition": {"id": 578}, "defaults": {"site_id": 47, "admin_id": 51, "judul": "Selamat Bergabung dr. Kana Wulung A.I.P, Sp.P", "judul_seo": "selamat-bergabung-dr-kana-wulung-a-i-p-sp-p", "isi_pengumuman": "<p>Seluruh jajaran Direksi, Manajemen dan Karyawan RSUD Awet Muda Narmada mengucapkan selamat bergabung dr. Kana Wulung A.I.P, Sp.P di RSUD Awet Muda Narmada.&nbsp;</p><p>&nbsp;</p>", "view_count": 178, "share_count": 0, "word_count": 21, "status": "published", "created_at": "2023-08-01T04:25:02.294Z", "updated_at": "2024-07-07T06:37:04.598Z"}, "m2m": {"photo": [12193]}}, {"condition": {"id": 585}, "defaults": {"site_id": 47, "admin_id": 51, "judul": "Selamat Hari Raya Galungan dan Kuningan", "judul_seo": "selamat-hari-raya-galungan-dan-kuningan", "isi_pengumuman": "<p>Seluruh Jajaran Direksi, Manajemen dan Karyawan RSUD Awet Muda Narmada mengucapkan Selamat hari raya Galungan dan Kuningan buat seluruh saudara kami umat hindu yg merayakannya , semoga Ida Sang Hyang Widhi Wasa memberikan kerahayuan.&nbsp;</p>", "view_count": 146, "share_count": 0, "word_count": 33, "status": "published", "created_at": "2023-08-02T00:18:41.640Z", "updated_at": "2024-07-08T15:20:56.713Z"}, "m2m": {"photo": [12229]}}, {"condition": {"id": 660}, "defaults": {"site_id": 47, "admin_id": 51, "judul": "Selamat Hari Kemerdekaan Republik Indonesia yang Ke-78 Tahun", "judul_seo": "selamat-hari-kemerdekaan-republik-indonesia-yang-ke-78-tahun", "isi_pengumuman": "<p>Direksi dan Keluarga besar RSUD Awet Muda Narmada mengikuti upacara Peringatan Hari Kemerdekaan Republik Indonesia di Lapangan Kantor Bupati Lombok Barat.</p><p>Upacara yang dipimpin langsung oleh Bupati Lombok Barat H. Fauzan Khalid, Wakil Bupati Lombok Barat Hj. Sumiatun, Forkopinda, Pegawai Pemda Lombok Barat, TNI Polri, &nbsp;BUMD dan Perwakilan Sekolah di Lombok Barat berjalan dengan hikmat.</p><p>&nbsp;</p><figure class=\"image image-style-align-center image_resized\" style=\"width:87.11%;\"><img src=\"/media/WhatsApp%20Image%202023-08-17%20at%2012.9.08.jpg\"></figure><figure class=\"image\"><img src=\"/media/WhatsApp%20Image%202023-08-17t%2012.29.09_WX4LR2E.jpg\"></figure><p>&nbsp;</p>", "view_count": 412, "share_count": 0, "word_count": 53, "status": "published", "created_at": "2023-08-21T03:13:30.677Z", "updated_at": "2024-07-05T14:29:45.333Z"}, "m2m": {"photo": [12849]}}, {"condition": {"id": 683}, "defaults": {"site_id": 47, "admin_id": 51, "judul": "Selamat Bergabung dr. Widdy Winarta, Sp.A dan dr. Laurentius Johan Ardian, Sp.PD di RSUD Awet Muda Narmada", "judul_seo": "selamat-bergabung-dr-widdy-winarta-sp-a-dan-dr-laurentius-johan-ardian-sp-pd-di-rsud-awet-muda-narmada", "isi_pengumuman": "<p>Seluruh Jajaran Direksi, Manajemen, dan Karyawan RSUD Awet Muda Narmada mengucapkan selamat bergabung di RSUD Awet Muda Narmada kepada dr. Widdy Winarta, Sp.A dan dr. Laurentius Johan Ardian, Sp.PD&nbsp;</p>", "view_count": 1014, "share_count": 0, "word_count": 27, "status": "published", "created_at": "2023-09-02T02:24:12.246Z", "updated_at": "2024-07-10T00:23:55.212Z"}, "m2m": {"photo": [13119, 13120]}}, {"condition": {"id": 689}, "defaults": {"site_id": 47, "admin_id": 51, "judul": "PENYERAHAN PERDANA AKTE KELAHIRAN, PERUBAHAN KARTU KELUARGA, DAN KARTU IDENTITAS ANAK (KIA) KEPADA PASIEN RSUD AWET MUDA NARMADA", "judul_seo": "penyerahan-perdana-akte-kelahiran-perubahan-kartu-keluarga-dan-kartu-identitas-anak-kia-kepada-pasien-rsud-awet-muda-narmada", "isi_pengumuman": "<p>Halo.... sobat sehat Awet Muda Narmada</p><p>Kini RSUD Awet Muda Narmada sudah bisa menerbitkan Akta Kelahiran, Perubahan Kartu Keluarga dan Kartu Identitas Anak bagi warga Lombok Barat yang melahirkan di RSUD Awet Muda Narmada. Pengurusan dan tidak dipungut biaya (GRATIS).</p><p>&nbsp;</p><p>Syarat yang diperlukan :</p><p>1. Fotocopy KTP suami istri</p><p>2. Fotocopy KTP 2 orang saksi</p><p>3. Kartu Keluarga Asli</p><p>4. Fotocopy buku nikah / akta perkawinan</p><p>&nbsp;</p><p>Yuk.... sobat sehat Awet Muda Narmada manfaatkan kemudahan ini. Kunjungi RSUD Awet Muda Narmada untuk info lengkapnya ya!</p>", "view_count": 603, "share_count": 0, "word_count": 73, "status": "published", "created_at": "2023-09-12T00:34:43.756Z", "updated_at": "2024-07-08T14:45:56.744Z"}, "m2m": {"photo": [13216, 13217, 13218]}}, {"condition": {"id": 691}, "defaults": {"site_id": 47, "admin_id": 51, "judul": "Peringatan Hari Sepsis Sedunia", "judul_seo": "peringatan-hari-sepsis-sedunia", "isi_pengumuman": "<p>Halo\u2026. Sobat CEMERLANG<br>Tau kah anda tentang Sepsis??<br>Merujuk pengertian Sepsis menurut Kementerian Kesehatan (Kemenkes) Sepsis adalah suatu kondisi yang jarang terjadi namun sangat berbahaya. Kondisi ini terjadi akibat peradangan yang disebabkan oleh infeksi. Sepsis merupakan kondisi serius karena dapat menyebabkan kegagalan organ vital tubuh seperti paru-paru dan ginjal. Diagnosis sepsis hanya dapat ditegakkan oleh dokter disertai dengan pemeriksaan laboratorium dan penunjang lainnya.</p><p>Hari ini diperingati sebagai hari Sepsis yang bertujuan untuk meningkatan kesadaran tentang kondisi sepsis sangat berbahaya dan dapat menyebabkan kematian, yuk kenali<br>Tanda bahaya sepsis saat mengalami penyakit infeksi seperti :<br>- Detak jantung meningkat drastis<br>- Demam dan menggigil<br>- Sesak napas<br>- Sakit yang luarbiasa pada tubuh<br>- Kulit belang/berubah warna<br>- Kesuliran buang air kecil<br>- Nadi melemah</p><p>Yuk sahabat CEMERLANG jaga kesehatan anda dengan rutin memeriksa kesahatan anda dan pola hidup bersih.</p>", "view_count": 1121, "share_count": 0, "word_count": 121, "status": "published", "created_at": "2023-09-13T05:05:47.589Z", "updated_at": "2024-07-11T20:33:32.377Z"}, "m2m": {"photo": [13226]}}, {"condition": {"id": 727}, "defaults": {"site_id": 47, "admin_id": 51, "judul": "PENGUMUMAN", "judul_seo": "pengumuman", "isi_pengumuman": "<p>POLIKLINIK SARAF TUTUP</p><p>Sahabat Cemerlang....<br>Informasi Pelayanan poliklinik Saraf RSUD Awet Muda Narmada TUTUP mulai tanggal 17 s/d 21 November 2023 dan<br>Buka kembali tanggal 22 November 2023.</p><p>Terima kasih.</p>", "view_count": 2757, "share_count": 0, "word_count": 19, "status": "published", "created_at": "2023-11-20T10:21:58.037Z", "updated_at": "2024-07-12T01:22:57.426Z"}, "m2m": {"photo": [14120]}}, {"condition": {"id": 739}, "defaults": {"site_id": 47, "admin_id": 51, "judul": "Selamat memperingati hari Ibu Nasional", "judul_seo": "selamat-memperingati-hari-ibu-nasional", "isi_pengumuman": "<p>Hari Ibu, 22 Desember 2023</p><p>Peringatan Hari Ibu di Indonesia adalah momen penting bagi penghargaan dan penghormatan terhadap seluruh perempuan Indonesia, atas peran, dedikasi, serta kontribusinya bagi keluarga, masyarakat, bangsa, dan negara.</p><p>Dengan mengambil Tema Hari Ibu 2023 oleh KemenPPA yakni \"Perempuan Berdaya, Indonesia Maju\". Tema ini diharapkan akan memberikan inspirasi kepada semua pihak untuk terus mendukung perempuan dan menyadari pentingnya peran mereka dalam mencapai kemajuan Indonesia.</p>", "view_count": 1141, "share_count": 0, "word_count": 61, "status": "published", "created_at": "2023-12-30T09:59:08.056Z", "updated_at": "2024-07-11T22:17:19.694Z"}, "m2m": {"photo": [14627]}}, {"condition": {"id": 740}, "defaults": {"site_id": 47, "admin_id": 51, "judul": "Pengumuman Libur Bersama Natal", "judul_seo": "pengumuman-libur-bersama-natal", "isi_pengumuman": "<p>PENGUMUMAN</p><p>Berdasarkan surat Edaran Bupati Lombok Barat Nomor 100.3/BUP/ORG/VI/2023 Tentang Perubahan Kedua Hari Libur Nasional dan Cuti Bersama Tahun 2023.</p><p>Mulai Tanggal 25 s/d 26 Desember 2023<br>Pelayanan Poli Rawat Jalan RSUD Awet Muda Narmada TUTUP dikarenakan Libur Nasional Hari Raya Natal dan Cuti Bersama Hari Raya Natal.<br>Dan Akan BUKA kembali pada tanggal 27 Desember 2023.</p><p>Pelayanan Instalasi Gawat Darurat (IGD) dan Bersalin BUKA 24 JAM.</p><p>Tetap jaga kesehatan Sahabat CEMERLANG.</p>", "view_count": 1140, "share_count": 0, "word_count": 55, "status": "published", "created_at": "2023-12-30T10:02:32.930Z", "updated_at": "2024-07-10T17:27:54.016Z"}, "m2m": {"photo": [14628]}}, {"condition": {"id": 741}, "defaults": {"site_id": 47, "admin_id": 51, "judul": "PENGUMUMAN TUTUP POLIKLINIK", "judul_seo": "pengumuman-tutup-poliklinik", "isi_pengumuman": "<p>PENGUMUMAN</p><p>Pelayanan Poli Mata mulai tanggal 23 Desember 2023 s/d 01 Januari 2024 TUTUP dan akan BUKA kembali pada tanggal 2 Januari 2024.<br>&nbsp;</p>", "view_count": 1122, "share_count": 0, "word_count": 15, "status": "published", "created_at": "2023-12-30T10:28:38.972Z", "updated_at": "2024-07-07T16:43:16.310Z"}, "m2m": {"photo": [14629]}}, {"condition": {"id": 742}, "defaults": {"site_id": 47, "admin_id": 51, "judul": "Selamat Natal dan Tahun Baru 2024", "judul_seo": "selamat-natal-dan-tahun-baru-2024", "isi_pengumuman": "<p>&nbsp;</p><p>Seluruh jajaran Direksi dan staf RSUD AWET MUDA NARMADA mengucapkan Selamat Natal 2023 dan Tahun baru 2024 Cinta, Damai suka cita Natal memenuhi kehidupan kita.</p>", "view_count": 1129, "share_count": 0, "word_count": 23, "status": "published", "created_at": "2023-12-30T10:33:03.799Z", "updated_at": "2024-07-11T19:48:23.673Z"}, "m2m": {"photo": [14630]}}, {"condition": {"id": 802}, "defaults": {"site_id": 47, "admin_id": 51, "judul": "PENGUMUMAN ", "judul_seo": "pengumuman-1", "isi_pengumuman": "<p>Pelayanan Poliklinik RSUD Awet Muda Narmada tanggal 11 s/d 12 Maret 2024 TUTUP dan akan Buka kembali pada tanggal 13 Maret 2024.</p><p>Pelayanan Instalasi Gawat Darurat (IGD) dan Bersalin tetap buka 24 Jam.</p><p>Selalu jaga kesehatan sahabat Cemerlang.</p>", "view_count": 484, "share_count": 0, "word_count": 28, "status": "published", "created_at": "2024-03-13T03:01:31.755Z", "updated_at": "2024-07-11T15:58:16.676Z"}, "m2m": {"photo": [16953]}}, {"condition": {"id": 803}, "defaults": {"site_id": 47, "admin_id": 51, "judul": "Selamat Hari Raya Nyepi Tahun Baru Saka 1946", "judul_seo": "selamat-hari-raya-nyepi-tahun-baru-saka-1946", "isi_pengumuman": "<p>Segenap Jajaran Direksi dan Keluarga Besar RSUD Awet Muda Narmada mengucapkan<br>Selamat Hari Raya Nyepi Tahun Baru Saka 1946 Dalam heningnya Nyepi, semoga damai selalu menyertai.</p>", "view_count": 1157, "share_count": 0, "word_count": 24, "status": "published", "created_at": "2024-03-13T03:09:24.951Z", "updated_at": "2024-07-12T01:24:05.617Z"}, "m2m": {"photo": [16960]}}, {"condition": {"id": 804}, "defaults": {"site_id": 47, "admin_id": 51, "judul": "Selamat Menunaikan Ibadah Puasa Ramadhan 1445 Hijriah", "judul_seo": "selamat-menunaikan-ibadah-puasa-ramadhan-1445-hijriah", "isi_pengumuman": "<p>Marhaban Ya Ramadhan</p><p>Segenap Jajaran Direksi dan Keluarga Besar RSUD Awet Muda Narmada mengucapkan<br>Selamat menunaikan Ibadah Puasa 1Syawal 1445 Hijriah.</p>", "view_count": 1344, "share_count": 0, "word_count": 17, "status": "published", "created_at": "2024-03-13T03:11:33.091Z", "updated_at": "2024-07-11T09:11:55.213Z"}, "m2m": {"photo": [16961]}}, {"condition": {"id": 812}, "defaults": {"site_id": 47, "admin_id": 51, "judul": "PENGUMUMAN PERUBAHAN JADWAL DOKTER SPESIALIS BEDAH DAN OBGYN", "judul_seo": "pengumuman-perubahan-jadwal-dokter-spesialis-bedah-dan-obgyn", "isi_pengumuman": "", "view_count": 1388, "share_count": 0, "word_count": 0, "status": "published", "created_at": "2024-04-02T03:33:46.224Z", "updated_at": "2024-07-11T18:05:44.266Z"}, "m2m": {"photo": [17514, 17515]}}, {"condition": {"id": 824}, "defaults": {"site_id": 47, "admin_id": 51, "judul": "Pengumuman Libur Cuti Bersama Idul Fitri 1445 H", "judul_seo": "pengumuman-libur-cuti-bersama-idul-fitri-1445-h", "isi_pengumuman": "<p>Sehubungan dengan Cuti Bersama dan Libur Hari Raya Idul Fitri 1445 H. Pelayanan Poli Rawat Jalan RSUD Awet Muda Narmada tutup pada tanggal 8-15 April 2024 dan layanan akan dibuka kembali tanggal 16 April 2024.&nbsp;</p><p><strong>Pelayanan IGD dan Bersalin tetap buka seperti biasa. Terimakasih.</strong></p><p>&nbsp;</p>", "view_count": 1080, "share_count": 0, "word_count": 39, "status": "published", "created_at": "2024-04-20T02:33:15.847Z", "updated_at": "2024-07-11T22:44:02.778Z"}, "m2m": {"photo": [17822]}}, {"condition": {"id": 825}, "defaults": {"site_id": 47, "admin_id": 51, "judul": "Selamat Hari Raya Idul Fitri 1445 H", "judul_seo": "selamat-hari-raya-idul-fitri-1445-h-1", "isi_pengumuman": "<p>Seluruh jajaran Direksi, Eselon, Manajemen dan Karyawan RSUD Awet Muda Narmada mengucapkan Selamat Hari Raya Idul Fitri 1 Syawal 1445 H, Minal Aidin Walfaidzin Mohon Maaf Lahir dan Batin.&nbsp;</p>", "view_count": 836, "share_count": 0, "word_count": 27, "status": "published", "created_at": "2024-04-20T02:46:16.442Z", "updated_at": "2024-07-11T20:36:39.644Z"}, "m2m": {"photo": [17976]}}, {"condition": {"id": 826}, "defaults": {"site_id": 47, "admin_id": 51, "judul": "Lowongan Kerja Dokter Spesialis", "judul_seo": "lowongan-kerja-dokter-spesialis", "isi_pengumuman": "", "view_count": 989, "share_count": 0, "word_count": 0, "status": "published", "created_at": "2024-04-20T03:09:42.853Z", "updated_at": "2024-07-11T16:13:39.754Z"}, "m2m": {"photo": [17829]}}, {"condition": {"id": 830}, "defaults": {"site_id": 47, "admin_id": 51, "judul": "Pengumuman Tutup Poli Penyakit Dalam", "judul_seo": "pengumuman-tutup-poli-penyakit-dalam", "isi_pengumuman": "<p>Informasi Layanan</p><p>Pelayanan Poli Penyakit Dalam RSUD Awet Muda Narmada tutup tanggal 25-27 2024.</p><p>Pelayanan akan buka kembali tanggal 29 April 2024.</p>", "view_count": 2096, "share_count": 0, "word_count": 16, "status": "published", "created_at": "2024-04-24T04:02:43.449Z", "updated_at": "2024-07-12T01:33:26.095Z"}, "m2m": {"photo": [17975]}}, {"condition": {"id": 860}, "defaults": {"site_id": 47, "admin_id": 51, "judul": "Selamat Atas Pelantikan Pejabat Sekda Kabupaten Lombok Barat", "judul_seo": "selamat-atas-pelantikan-pejabat-sekda-kabupaten-lombok-barat", "isi_pengumuman": "<p>Seluruh Jajaran Direksi, Eselon, Manajemen dan Karyawan RSUD Awet Muda Narmada mengucapkan selamat atas pelantikan bapak Drs. H. Fauzan Husniadi, M.M sebagai Pejabat Sekda Lombok Barat</p>", "view_count": 50, "share_count": 0, "word_count": 25, "status": "published", "created_at": "2024-06-21T02:08:33.529Z", "updated_at": "2024-07-10T08:46:55.072Z"}, "m2m": {"photo": [19598]}}]