[{"condition": {"id": 783}, "defaults": {"site_id": 82, "admin_id": 112, "judul": "Selamat Memperingati Tahun Baru Imlek 2024", "judul_seo": "selamat-memperingati-tahun-baru-imlek-2024", "isi_pengumuman": "<p style=\"text-align:center;\">Direktur Beserta Segenap Civitas Hospitalia RSUD Patut Patuh Patju Mengucapkan Selamat Memperingati Tahun Baru Imlek 2575 Kongzili (10 Februari 2024).</p><p style=\"text-align:center;\">&nbsp;</p><p style=\"text-align:center;\">\"Semoga kebahagiaan, kesehatan, dan kelimpahan senantiasa menyertai langkah - langkah kita dalam perjalanan hidup\"</p><p style=\"text-align:center;\">Gong Xi Fa Cai!.</p>", "view_count": 2216, "share_count": 0, "word_count": 32, "status": "published", "created_at": "2024-02-09T10:16:11.548Z", "updated_at": "2024-07-11T16:55:08.120Z"}, "m2m": {"photo": [15915]}}, {"condition": {"id": 788}, "defaults": {"site_id": 82, "admin_id": 112, "judul": "Selamat Hari Raya Galungan & Kuningan ", "judul_seo": "selamat-hari-raya-galungan-kuningan", "isi_pengumuman": "<p style=\"text-align:center;\">Direktur beserta Civitas Hospitalia RSUD Patut Patuh Patju Mengucapkan :&nbsp;<br>Rahajeng nyanggra rahina Galungan, dumigo Ida Sang Hyang Widhi Wasa Suaeca Asung Kertha Wara Nugraha ring semeton sareng sami.</p>", "view_count": 1120, "share_count": 0, "word_count": 28, "status": "published", "created_at": "2024-02-27T10:41:33.074Z", "updated_at": "2024-07-11T21:30:17.782Z"}, "m2m": {"photo": [16524]}}, {"condition": {"id": 801}, "defaults": {"site_id": 82, "admin_id": 112, "judul": "Selamat Menunaikan Ibadah Puasa Ramadhan 1445 H", "judul_seo": "selamat-menunaikan-ibadah-puasa-ramadhan-1445-h", "isi_pengumuman": "<p style=\"text-align:center;\">Direksi dan Manajemen Beserta Civitas Hospitalia RSUD Patut Patuh Patju Mengucapkan :</p><p style=\"text-align:center;\">Selamat Menunaikan Ibadah Puasa Ramadhan 1445 Hijriah</p><p style=\"text-align:center;\">Bulan yang penuh berkah dan ampunan</p><p style=\"text-align:center;\">Mari Sucikan hati, jiwa dan pikiran</p><p style=\"text-align:center;\">Semoga setiap ibadah dan doa kita diberkahi serta diridhai oleh Allah SWT.&nbsp;</p><p style=\"text-align:center;\">Marhaban Ya Ramadhan</p>", "view_count": 1015, "share_count": 0, "word_count": 41, "status": "published", "created_at": "2024-03-12T02:32:29.527Z", "updated_at": "2024-07-11T20:06:52.053Z"}, "m2m": {"photo": [16946]}}, {"condition": {"id": 807}, "defaults": {"site_id": 82, "admin_id": 112, "judul": "Selamat Hari Perawat Nasional 2024 dan HUT ke-50 Persatuan Perawat Nasional Indonesia (PPNI)", "judul_seo": "selamat-hari-perawat-nasional-2024-dan-hut-ke-50-persatuan-perawat-nasional-indonesia-ppni", "isi_pengumuman": "<p style=\"margin-left:0px;text-align:center;\">Terima kasih atas dedikasi dan pengabdian dalam memberikan perawatan yang luar biasa kepada masyarakat. Mari terus berkomitmen untuk meningkatkan kualitas pelayanan keperawatan untuk mewujudkan kesehatan masyarakat yang lebih baik.</p>", "view_count": 1861, "share_count": 0, "word_count": 29, "status": "published", "created_at": "2024-03-17T20:02:24.124Z", "updated_at": "2024-07-12T01:30:47.921Z"}, "m2m": {"photo": [17098]}}, {"condition": {"id": 811}, "defaults": {"site_id": 82, "admin_id": 112, "judul": "Selamat Hari Peduli Autisme Sedunia", "judul_seo": "selamat-hari-peduli-autisme-sedunia", "isi_pengumuman": "<p style=\"text-align:center;\">Direksi dan Manajemen Beserta Civitas Hospitalia RSUD Patut Patuh Patju Mengucapkan Selamat Hari Peduli Autisme Sedunia.&nbsp;</p><p style=\"text-align:center;\">&nbsp;Mari kita bersama-sama memberikan dukungan, pemahaman, dan cinta kepada semua individu dengan spektrum autisme.&nbsp;</p><p style=\"text-align:center;\">Autism is not a disability, it's different ability.</p>", "view_count": 759, "share_count": 0, "word_count": 36, "status": "published", "created_at": "2024-04-02T03:11:43.753Z", "updated_at": "2024-07-09T02:16:11.393Z"}, "m2m": {"photo": [17513]}}, {"condition": {"id": 823}, "defaults": {"site_id": 82, "admin_id": 112, "judul": "Selamat Hari Raya Idul Fitri 1445 H", "judul_seo": "selamat-hari-raya-idul-fitri-1445-h", "isi_pengumuman": "<p style=\"margin-left:0.0px;text-align:center;\">DIREKSI DAN MANAJEMEN BESERTA CIVITAS HOSPITALIA</p><p style=\"margin-left:0.0px;text-align:center;\">RSUD PATUT PATUH PATJU</p><p style=\"margin-left:0.0px;text-align:center;\">MENGUCAPKAN :</p><p style=\"margin-left:0.0px;text-align:center;\">SELAMAT HARI RAYA IDUL FITRI 1445 H</p><p style=\"margin-left:0.0px;text-align:center;\">MINAL AIDIN WALFAIDZIN</p><p style=\"margin-left:0.0px;text-align:center;\">MOHON MAAF LAHIR DAN BATIN</p>", "view_count": 2554, "share_count": 0, "word_count": 21, "status": "published", "created_at": "2024-04-11T11:20:18.757Z", "updated_at": "2024-07-12T01:40:27.717Z"}, "m2m": {"photo": [17688]}}, {"condition": {"id": 836}, "defaults": {"site_id": 82, "admin_id": 112, "judul": "SELAMAT HARI PENDIDIKAN NASIONAL 2024", "judul_seo": "selamat-hari-pendidikan-nasional-2024", "isi_pengumuman": "<p style=\"margin-left:0.0px;\">Tak ada kunci keberhasilan yang lebih mujarab selain pendidikan. Selamat Hari Pendidikan Nasional!</p><p style=\"margin-left:0.0px;\">Semoga pendidikan Indonesia semakin maju dan menghasilkan generasi cerdas serta berbudi pekerti luhur.</p><p style=\"margin-left:0.0px;\">Di Hari Pendidikan Nasional, mari kita apresiasi seluruh insan pendidikan yang tak kenal lelah dalam membagikan ilmu dan membentuk karakter bangsa.</p><p style=\"margin-left:0.0px;\">&nbsp;</p><p style=\"margin-left:0.0px;\">&nbsp;</p><p>#RSUDTRIPAT<br>#RSUDGERUNG<br>#RSUDLOBAR<br>#HOSPITALTOURISM<br>#GREENHOSPITAL<br>#MELAYANIDENGANSEPENUHATI<br>#SIP<br>#KABUPATENLOMBOKBARAT</p>", "view_count": 900, "share_count": 0, "word_count": 43, "status": "published", "created_at": "2024-05-03T03:10:37.526Z", "updated_at": "2024-07-12T01:14:17.603Z"}, "m2m": {"photo": [18244]}}, {"condition": {"id": 838}, "defaults": {"site_id": 82, "admin_id": 112, "judul": "Selamat & Sukses Atas Dilantiknya Drs. H. Fauzan Husniadi, M.M sebagai Penjabat SEKDA Lombok Barat.", "judul_seo": "selamat-sukses-atas-dilantiknya-drs-h-fauzan-husniadi-m-m-sebagai-penjabat-sekda-lombok-barat", "isi_pengumuman": "<p style=\"margin-left:0.0px;\">Direksi Beserta Segenap Direksi &amp; Civitas Hospitalia RSUD Patut Patuh Patju Mengucapkan :</p><p style=\"margin-left:0.0px;\">Selamat &amp; Sukses Atas Dilantiknya Drs. H. Fauzan Husniadi, M.M sebagai Penjabat SEKDA Lombok Barat.</p>", "view_count": 1021, "share_count": 0, "word_count": 24, "status": "published", "created_at": "2024-05-06T12:39:51.727Z", "updated_at": "2024-07-12T02:40:22.734Z"}, "m2m": {"photo": [18352]}}, {"condition": {"id": 844}, "defaults": {"site_id": 82, "admin_id": 112, "judul": "Selamat Hari Kebangkitan Nasional 2024", "judul_seo": "selamat-hari-kebangkitan-nasional-2024", "isi_pengumuman": "<p style=\"text-align:center;\">Direksi dan Manajemen beserta civitas hospitalia RSUD PATUT PATUH PATJU mengucapkan :</p><p style=\"text-align:center;\">Selamat Hari Kebangkitan Nasional! Mari bangkit bersama demi masa depan yang lebih baik!</p>", "view_count": 191, "share_count": 0, "word_count": 24, "status": "published", "created_at": "2024-05-21T00:36:52.129Z", "updated_at": "2024-07-08T05:24:28.581Z"}, "m2m": {"photo": [18879]}}, {"condition": {"id": 857}, "defaults": {"site_id": 82, "admin_id": 112, "judul": "SELAMAT HARI LAHIR PANCASILA 2024", "judul_seo": "selamat-hari-lahir-pancasila-2024", "isi_pengumuman": "<p style=\"text-align:center;\">Direksi dan Manajemen beserta civitas hospitalia RSUD PATUT PATUH PATJU mengucapkan :</p><p style=\"text-align:center;\">Selamat Hari Lahir Pancasila! Pancasila Jiwa Pemersatu Bangsa Menuju Indonesia Emas 2045!</p>", "view_count": 532, "share_count": 0, "word_count": 22, "status": "published", "created_at": "2024-06-01T00:24:08.193Z", "updated_at": "2024-07-11T05:01:32.338Z"}, "m2m": {"photo": [19261]}}, {"condition": {"id": 861}, "defaults": {"site_id": 82, "admin_id": 112, "judul": "Selamat Hari Raya Idul Adha 10 Dzulhijjah 1445 H", "judul_seo": "selamat-hari-raya-idul-adha-10-dzulhijjah-1445-h", "isi_pengumuman": "<p style=\"text-align:center;\">Direksi dan Manajemen Beserta Civitas Hospitalia RSUD Patut Patuh Patju Mengucapkan :</p><p style=\"text-align:center;\">Selamat Hari Raya Idul Adha. Semoga kita senantiasa diberi keberkahan, kesehatan, kebahagiaan, dan kedamaian. Selamat Berkurban!</p>", "view_count": 45, "share_count": 0, "word_count": 27, "status": "published", "created_at": "2024-06-22T00:58:51.679Z", "updated_at": "2024-07-10T21:28:28.014Z"}, "m2m": {"photo": [19612]}}, {"condition": {"id": 862}, "defaults": {"site_id": 82, "admin_id": 112, "judul": "SENGGIGI SINERGI SEASON II ", "judul_seo": "senggigi-sinergi-season-ii", "isi_pengumuman": "<p>Rumah Sakit Umum Daerah Patut Patuh Patju Berkolaborasi Dengan Hotel Merumata Dalam Kegiatan Senggigi Sinergi Season II.</p><p>&nbsp;</p><p style=\"text-align:center;\">COME &amp; VISIT US</p><p style=\"text-align:center;\">HOSPITAL TOURISM</p><p style=\"text-align:center;\">Hari/Tanggal : Jumat, 21 Juni 2024</p><p style=\"text-align:center;\">Lokasi : Hotel Merumata</p><p style=\"text-align:center;\">Waktu : 08.00 Wita - Selesai</p>", "view_count": 68, "share_count": 0, "word_count": 26, "status": "published", "created_at": "2024-06-22T01:11:08.256Z", "updated_at": "2024-07-11T03:51:49.238Z"}, "m2m": {"photo": [19613]}}, {"condition": {"id": 868}, "defaults": {"site_id": 82, "admin_id": 112, "judul": "TALKSHOW RSUD TRIPAT (PATUT PATUH PATJU) HARI ANTI NARKOBA INTERNASIONAL", "judul_seo": "talkshow-rsud-tripat-patut-patuh-patju-hari-anti-narkoba-internasional", "isi_pengumuman": "<p>HALLO SOBAT SEHAT TRIPAT!!</p><p>Dalam Rangka Memperingati HARI ANTI NARKOBA INTERNASIONAL 26 JUNI 2024, RSUD TRIPAT Mengadakan TalkShow dengan tema : \"Masyarakat Bergerak, Bersama Melawan Narkoba Mewujudkan Indonesia Bersinar\".</p><p>TalkShow akan berlangsung pada :</p><p>Hari/Tanggal : Rabu, 26 Juni 2024</p><p>Waktu : 9.00 Wita - Selesai</p><p>Lokasi : Taman Aviary RSUD Patut Patuh Patju</p><p>&nbsp;</p><p>Ayo Ikuti dan Ramaikan TalkShow Kami</p><p>Sampai Berjumpa di Acara!</p>", "view_count": 223, "share_count": 0, "word_count": 45, "status": "published", "created_at": "2024-06-25T02:11:04.371Z", "updated_at": "2024-07-11T07:18:48.103Z"}, "m2m": {"photo": [19735]}}, {"condition": {"id": 869}, "defaults": {"site_id": 82, "admin_id": 112, "judul": "SELAMAT & SUKSES ATAS DILANTIKNYA PENJABAT GUBERNUR NUSA TENGGARA BARAT", "judul_seo": "selamat-sukses-atas-dilantiknya-penjabat-gubernur-nusa-tenggara-barat", "isi_pengumuman": "", "view_count": 235, "share_count": 0, "word_count": 0, "status": "published", "created_at": "2024-06-25T02:58:59.248Z", "updated_at": "2024-07-11T18:36:48.259Z"}, "m2m": {"photo": [19736]}}, {"condition": {"id": 870}, "defaults": {"site_id": 82, "admin_id": 112, "judul": "Bantu Sesama, Selamatkan Nyawa \"Setetes Darah Sejuta Harapan\"", "judul_seo": "bantu-sesama-selamatkan-nyawa-setetes-darah-sejuta-harapan", "isi_pengumuman": "<p>Hallo Sahabat Sehat TRIPAT!</p><p>Ayo Donor Darah yang akan dilaksanakan di PLTG Jeranjang - Taman Ayu (KebunAyu)</p><p>Kami tunggu yaa</p>", "view_count": 126, "share_count": 0, "word_count": 15, "status": "published", "created_at": "2024-07-05T01:33:46.029Z", "updated_at": "2024-07-11T19:33:39.882Z"}, "m2m": {"photo": [19942]}}]