[{"condition": {"id": 126}, "defaults": {"site_id": 64, "admin_id": 82, "judul": "Pekan Senam Serentak Prolanis Dalam Rangka HUT BPJS Kesehatan ke-54 di UPT Puskesmas Suranadi", "judul_seo": "pekan-senam-serentak-prolanis-dalam-rangka-hut-bpjs-kesehatan-ke-54-di-upt-puskesmas-suranadi", "isi_pengumuman": "<p><img alt=\"\" src=\"/media/uploads/puskesmassuranadilobar/2022/07/11/banner-prolanis.jpg\" style=\"height:404px; width:720px\" /></p>\r\n", "view_count": 324, "share_count": 0, "word_count": 0, "status": "published", "created_at": "2022-07-11T15:01:24.104Z", "updated_at": "2024-07-11T06:07:00.321Z"}, "m2m": {"photo": [2605]}}, {"condition": {"id": 184}, "defaults": {"site_id": 64, "admin_id": 82, "judul": "Ada Doorprize..! AYoo Ikuti Senam dan Donor Darah", "judul_seo": "ada-doorprize-ayoo-ikuti-senam-dan-donor-darah", "isi_pengumuman": "<p><img src=\"/media/uploads/puskesmassuranadilobar/2022/08/24/aksi-donor-darah-2022.jpg\" style=\"height:1080px; width:1080px\" /><img src=\"/media/uploads/puskesmassuranadilobar/2022/08/24/ba8bb2f0-1f33-484c-9755-c265e37fe90e.jpg\" style=\"height:1080px; width:1080px\" /></p>\r\n", "view_count": 98, "share_count": 0, "word_count": 0, "status": "published", "created_at": "2022-08-24T10:01:00.340Z", "updated_at": "2024-07-10T22:33:06.020Z"}, "m2m": {"photo": [4634]}}, {"condition": {"id": 324}, "defaults": {"site_id": 64, "admin_id": 82, "judul": "Apel Pagi 21 November 2022", "judul_seo": "apel-pagi-21-november-2022", "isi_pengumuman": "<p style=\"text-align:left\">Tujuan : Memberikan Informasi Terkait program Puskesmas dan&nbsp;<span style=\"font-size:12pt\"><span style=\"font-family:&quot;Times New Roman&quot;,serif\"><span style=\"font-size:11.0pt\"><span style=\"font-family:&quot;Calibri&quot;,sans-serif\">Meningkatkan kedisiplinan pegawai UPT Puskesmas Suranadi</span></span></span></span></p>\r\n\r\n<p style=\"text-align:left\">Pemimpin Apel :&nbsp;<span style=\"font-size:12pt\"><span style=\"font-family:&quot;Times New Roman&quot;,serif\"><span style=\"font-size:11.0pt\"><span style=\"font-family:&quot;Calibri&quot;,sans-serif\">H. Billia Milkan, SST (Kepala Puskesmas Suranadi)</span></span></span></span></p>\r\n\r\n<p style=\"text-align:left\"><span style=\"font-size:12pt\"><span style=\"font-family:&quot;Times New Roman&quot;,serif\"><span style=\"font-size:11.0pt\"><span style=\"font-family:&quot;Calibri&quot;,sans-serif\">Pengumuman dan pesan Apel :</span></span></span></span></p>\r\n\r\n<p style=\"text-align:left\"><span style=\"font-size:12pt\"><span style=\"font-family:&quot;Times New Roman&quot;,serif\"><span style=\"font-size:11.0pt\"><span style=\"font-family:&quot;Calibri&quot;,sans-serif\">1. Mengucapkan Alhamdulillah Jambore Kader Tk. Kab. Lobar berjalan lancar dan sukses.</span></span></span></span></p>\r\n\r\n<p style=\"text-align:left\"><span style=\"font-size:12pt\"><span style=\"font-family:&quot;Times New Roman&quot;,serif\"><span style=\"font-size:11.0pt\"><span style=\"font-family:&quot;Calibri&quot;,sans-serif\">2. Menyapaikan hasil survey : 33% Balita stunting masih mengkonsumsi air minum tidak berkualitas.</span></span></span></span></p>\r\n\r\n<p style=\"text-align:left\"><span style=\"font-size:12pt\"><span style=\"font-family:&quot;Times New Roman&quot;,serif\"><span style=\"font-size:11.0pt\"><span style=\"font-family:&quot;Calibri&quot;,sans-serif\">3. Untuk antipasi terjadinya kasus folio karena ada kasus folio pada anak di temukan di provinsi Aceh, diharapkan semua balita sudah dipastikan lengkap vaksin polio.</span></span></span></span></p>\r\n\r\n<p style=\"text-align:left\"><span style=\"font-size:12pt\"><span style=\"font-family:&quot;Times New Roman&quot;,serif\"><span style=\"font-size:11.0pt\"><span style=\"font-family:&quot;Calibri&quot;,sans-serif\">4. Menginformasikan besok ada pertemuan Koordinator KIA dan Kader tentang Si Peka Bu Siska &nbsp;</span></span></span></span></p>\r\n", "view_count": 516, "share_count": 0, "word_count": 85, "status": "published", "created_at": "2022-11-23T10:20:51.931Z", "updated_at": "2024-05-28T06:45:31.286Z"}, "m2m": {"photo": [7359, 7360, 7361]}}, {"condition": {"id": 328}, "defaults": {"site_id": 64, "admin_id": 82, "judul": "APEL PAGI TANGGAL 26 NOVEMBER 2022", "judul_seo": "apel-pagi-tanggal-26-november-2022", "isi_pengumuman": "<p>- Pemimpin Apel : H. Billia Milkan,SST. ( Kapus)<br />\r\n- Arahan Apel :<br />\r\n1. Menginformasikan hasil pertemuan KTU dan Perencana kemarin &nbsp;di dikes: Untuk segera menyelesaikan SPJ yg masih tertunda sampai akhir bulan ini, dan membahas Insentif UKM THN 2022 sejak bulan Agustus diharapakan SPJnya untuk segera diselesaikan.<br />\r\n2. Mengingatkan teman2 hasil pertemuan UKM dan jejaring untuk mengejar target yg belum tercapai sampai mau akhir tahun ini diharapkan segera meningkatkannya sesuai dengan solusi yg telah didiskusikan kemarin.<br />\r\n3.Mengucapkan selamat sama 2 orang dokter Puskesmas masuk seleksi pegawai P3K mudah-mudahan bisa lulus seleksinya.</p>\r\n", "view_count": 710, "share_count": 0, "word_count": 78, "status": "published", "created_at": "2022-11-26T10:04:25.995Z", "updated_at": "2024-05-30T18:18:18.790Z"}, "m2m": {"photo": [7447, 7448, 7449]}}, {"condition": {"id": 339}, "defaults": {"site_id": 64, "admin_id": 82, "judul": "PENGUMUMAN PELAYANAN SAAT CUTI TAHUN BARU IMLEK", "judul_seo": "pengumuman-pelayanan-saat-cuti-tahun-baru-imlek", "isi_pengumuman": "<p>Pelayanan Rawat Jalan di UPT Puskesmas Suranadi pada hari Senin, 23 Januari 2023 TUTUP karena cuti Tahun Baru Imlek. Pelayanan rawat jalan UPT Puskesmas Suranadi akan kembali dibuka pada tanggal 24 Januari 2023. Jika ada masyarakat yang membutuhkan pelayanan Darurat dan pelayanan persalinan maka silahkan bisa mengunjungi Layanan UGD dan Persalinan Puskesmas Suranadi yang tetap buka 24 Jam.</p>", "view_count": 445, "share_count": 0, "word_count": 53, "status": "published", "created_at": "2023-01-21T21:27:30.627Z", "updated_at": "2024-07-08T01:10:29.148Z"}, "m2m": {"photo": [8571]}}, {"condition": {"id": 343}, "defaults": {"site_id": 64, "admin_id": 82, "judul": "AYO DATANG KE POSYANDU, KITA SUKSESKAN BULAN PENIMBANGAN ANAK BALITA", "judul_seo": "ayo-datang-ke-posyandu-kita-sukseskan-bulan-penimbangan-anak-balita", "isi_pengumuman": "<p>Bulan Februari 2023 merupakan bulan penimbangan bagi balita. Oleh karena itu mari bagi seluruh masyarakat yang ada di Wilayah kerja Puskesmas Suranadi agar membawa balita ke lokasi posyandu di masing-masing Dusun untuk dilakukan pengukuran berat badan atau penimbangan. Selain itu akan diberikan juga Vitamin A bagi balita usia 6 bulan keatas.</p>\r\n", "view_count": 870, "share_count": 0, "word_count": 48, "status": "published", "created_at": "2023-02-15T21:14:48.387Z", "updated_at": "2024-05-30T18:47:34.417Z"}, "m2m": {"photo": [8627]}}, {"condition": {"id": 344}, "defaults": {"site_id": 64, "admin_id": 82, "judul": "Pelaksanaan Bulan Penimbangan di Posyandu keluarga Dusun selat barat Desa Selat", "judul_seo": "pelaksanaan-bulan-penimbangan-di-posyandu-keluarga-dusun-selat-barat-desa-selat", "isi_pengumuman": "<p>Selat - Pada hari Rabu, 1 Februari 2023 telah dilaksanakan Posyandu keluarga Dusun Selat Barat Desa Selat (wilayah kerja UPT Puskesmas Suranadi). Bertempat di Balai posyandu Selat Barat kegiatan posyandu sudah menjalankan alur pelayanan dengan baik. Tujuan dari pelayanan posyandu keluarga adalah untuk pemantauan kesehatan ibu hamil, bayi dan balita, serta Pemeriksaan kesehatan pada Anak prasekolah, usia sekolah, remaja, usia produktif dan lansia. Pada bulan februari merupakan bulan penimbangan balita. Oleh karena itu seluruh balita wajib untuk diukur berat badannya. Sasaran balita yang berusia diatas 6 bulan juga diberikan vitamin A.</p>\r\n\r\n<p>Hadir sebagai Petugas adalah Petugas dari Puskesmas Suranadi dan Kader Dusun Selat Barat untuk melayani semua masyarakat yang berkunjung ke lokasi posyandu.</p>\r\n\r\n<p>Petugas Promkes melakukan monitoring dan evaluasi laporan posyandu keluarga Dusun Selat Barat. Selain itu kader diberikan pembinaan terkait pelayanan yang mesti diperhatikan baik itu cara mengukur maupun mengedukasi sasaran. Tidak lupa kader juga diharapkan agar menyediakan papan visualisasi data sehingga hasil posyandu dan informasi lainnya dapat dilihat oleh masyarakat.</p>\r\n\r\n<p>Diakhir pelayanan kader bersama dengan petugas melakukan kegiatan validasi data terutama data terkait hasil penimbangan dan pemberian vitamin A.</p>\r\n\r\n<p><img src=\"/media/uploads/puskesmassuranadilobar/2023/02/15/215ddb88-69a6-4e6b-86f0-5d55f4380367.jpg\" style=\"height:1200px; width:1600px\" /><img src=\"/media/uploads/puskesmassuranadilobar/2023/02/15/53925360-1962-4ef2-bdb9-a77daa3d9b4f.jpg\" style=\"height:1600px; width:1200px\" /></p>\r\n", "view_count": 600, "share_count": 0, "word_count": 177, "status": "published", "created_at": "2023-02-15T21:33:33.167Z", "updated_at": "2024-05-31T00:56:07.345Z"}, "m2m": {"photo": [8628, 8629, 8630]}}, {"condition": {"id": 345}, "defaults": {"site_id": 64, "admin_id": 82, "judul": "PENJARINGAN KESEHATAN ANAK SEKOLAH SDN 2 SURANADI", "judul_seo": "penjaringan-kesehatan-anak-sekolah-sdn-2-suranadi", "isi_pengumuman": "<p>Suranadi - Dalam rangka mendukung kesehatan anak sekolah. Puskesmas Suranadi giat melaksanakan Penjaringan dan pemeriksaan HB untuk siswa.&nbsp; Seperti yang telah dilaksanakan di SDN 2 Suranadiyang merupakan sekolah yang ada di Desa Suranadi Wilayah kerja Puskesmas Suranadi.</p>\r\n\r\n<p>Pada kegiatan tersebut Tim dari Puskesmas Suranadi melakukan skrining kesehatan anak sekolah yang dilanjutkan dengan pemeriksaan Hb .&nbsp; Selain itu petugas juga memberikan penyuluhan kesehatan kepada siswa guna meningkatkan pengetahuan siswa terkait upaya yang bisa dilakukan dalam menjaga kesehatan sendiri dan lingkungan. Semoga dengan kegiatan tersebut bisa menambah semangat siswa dalam menggapai prestasi serta menjadi generasi yang cerdas dan sehat.</p>\r\n\r\n<p><img src=\"/media/uploads/puskesmassuranadilobar/2023/02/15/49c8c6ed-3dcc-41ec-a8fe-3640293ad99f.jpg\" style=\"height:899px; width:1599px\" /></p>", "view_count": 680, "share_count": 0, "word_count": 94, "status": "published", "created_at": "2023-02-15T21:46:23.956Z", "updated_at": "2024-07-11T07:04:50.097Z"}, "m2m": {"photo": [8631, 8632, 8633]}}, {"condition": {"id": 346}, "defaults": {"site_id": 64, "admin_id": 82, "judul": "Pelaksanaan Bulan Penimbangan di Posyandu Dusun Eyat Kandel Desa Suranadi", "judul_seo": "pelaksanaan-bulan-penimbangan-di-posyandu-dusun-eyat-kandel-desa-suranadi", "isi_pengumuman": "<p>Suranadi - Pada hari Rabu, 1 Februari 2023 telah dilaksanakan Posyandu Dusun Eyat Kandel Desa Suranadi (wilayah kerja UPT Puskesmas Suranadi). Bertempat di Balai posyandu Eyat Kandel kegiatan posyandu sudah menjalankan alur pelayanan dengan baik. Tujuan dari pelayanan posyandu keluarga adalah untuk pemantauan kesehatan ibu hamil, bayi dan balita. Pada bulan februari merupakan bulan penimbangan balita. Oleh karena itu seluruh balita wajib untuk diukur berat badannya. Sasaran balita yang berusia diatas 6 bulan juga diberikan vitamin A.</p>\r\n\r\n<p>Hadir sebagai Petugas adalah Petugas dari Puskesmas Suranadi dan Kader Dusun Kandel untuk melayani semua masyarakat yang berkunjung ke lokasi posyandu. Selain itu ada juga Petugas dari Dinas Kesehatan Kabupaten Lombok Barat yang turun melakukan monitoring pelaksanaan bulan penimbangan.</p>\r\n\r\n<p>Petugas Promkes bersama Petugas dari Dinsa Kesehatan Kab. lombok Barat juga memberikan pembinaan terkait pelayanan yang mesti diperhatikan baik itu cara mengukur maupun mengedukasi sasaran. Tidak lupa kader juga diharapkan agar menyediakan papan visualisasi data sehingga hasil posyandu dan informasi lainnya dapat dilihat oleh masyarakat.</p>\r\n\r\n<p>Diakhir pelayanan kader bersama dengan petugas melakukan kegiatan validasi data terutama data terkait hasil penimbangan dan pemberian vitamin A.</p>\r\n", "view_count": 625, "share_count": 0, "word_count": 176, "status": "published", "created_at": "2023-02-15T21:56:01.942Z", "updated_at": "2024-07-09T00:24:45.570Z"}, "m2m": {"photo": [8634, 8635, 8636]}}, {"condition": {"id": 355}, "defaults": {"site_id": 64, "admin_id": 82, "judul": "INFO PELAYANAN PUSKESMAS SURANADI SAAT MASA LIBUR DAN CUTI BERSAMA HARI RAYA NYEPI 1945 / 2023", "judul_seo": "info-pelayanan-puskesmas-suranadi-saat-masa-libur-dan-cuti-bersama-hari-raya-nyepi-1945-2023", "isi_pengumuman": "", "view_count": 795, "share_count": 0, "word_count": 0, "status": "published", "created_at": "2023-03-21T13:04:35.061Z", "updated_at": "2024-05-31T03:10:28.248Z"}, "m2m": {"photo": [9029]}}, {"condition": {"id": 384}, "defaults": {"site_id": 64, "admin_id": 82, "judul": "DIRGAHAYU KABUPATEN LOMBOK BARAT YANG KE 65 TAHUN", "judul_seo": "dirgahayu-kabupaten-lombok-barat-yang-ke-65-tahun", "isi_pengumuman": "<p>BANGKIT DAN PRODUKTIF UNTUK LOMBOK BARAT MANTAP</p>\r\n", "view_count": 222, "share_count": 0, "word_count": 7, "status": "published", "created_at": "2023-04-17T09:07:32.884Z", "updated_at": "2024-05-31T02:50:22.624Z"}, "m2m": {"photo": [9357]}}, {"condition": {"id": 385}, "defaults": {"site_id": 64, "admin_id": 82, "judul": "PELAYANAN PUSKESMAS SURANADI SAAT LIBUR HARI RAYA IDUL FITRI 1444 H / 2023", "judul_seo": "pelayanan-puskesmas-suranadi-saat-libur-hari-raya-idul-fitri-1444-h-2023", "isi_pengumuman": "", "view_count": 322, "share_count": 0, "word_count": 0, "status": "published", "created_at": "2023-04-17T09:09:49.365Z", "updated_at": "2024-07-10T14:05:53.406Z"}, "m2m": {"photo": [9358]}}, {"condition": {"id": 438}, "defaults": {"site_id": 64, "admin_id": 82, "judul": "INFO PELAYANAN PUSKESMAS SURANADI SAAT HARI LAHIR PANCASILA DAN WAISAK", "judul_seo": "info-pelayanan-puskesmas-suranadi-saat-hari-lahir-pancasila-dan-waisak", "isi_pengumuman": "", "view_count": 170, "share_count": 0, "word_count": 0, "status": "published", "created_at": "2023-05-31T06:59:32.508Z", "updated_at": "2024-07-08T17:02:16.647Z"}, "m2m": {"photo": [10321]}}, {"condition": {"id": 466}, "defaults": {"site_id": 64, "admin_id": 82, "judul": "PENGUMUMAN PELAYANAN SELAMA LIBUR DAN CUTI BERSAMA HARI RAYA IDUL ADHA 1444 H/2023", "judul_seo": "pengumuman-pelayanan-selama-libur-dan-cuti-bersama-hari-raya-idul-adha-1444-h-2023", "isi_pengumuman": "<p><strong><span style=\"font-size:16.0pt\"><span style=\"font-family:&quot;Book Antiqua&quot;,serif\"><span style=\"color:black\">Berdasarkan Surat Edaran Bupati Lombok Barat&nbsp;</span></span></span></strong><strong><span style=\"font-size:16.0pt\"><span style=\"font-family:&quot;Book Antiqua&quot;,serif\"><span style=\"color:black\">Nomor : 100.3.4/BUP/ORG/VI/2023&nbsp;</span></span></span></strong><strong><span style=\"font-size:16.0pt\"><span style=\"font-family:&quot;Book Antiqua&quot;,serif\"><span style=\"color:black\">Tentang Perubahan Kedua Hari Hari Libur Nasional dan Cuti Bersama Kabupaten Lombok Barat Tahun 2023, maka </span><span style=\"color:#e74c3c\">pada tanggal 28 Juni 2023 sampai dengan 30 Juni 2023</span><span style=\"color:black\"> Pelayanan Rawat Jalan di Puskesmas Suranadi </span><span style=\"color:#e74c3c\">TUTUP</span><span style=\"color:black\"> dan akan kembali buka pada tanggal 1 Juli 2023.</span></span></span></strong></p>\r\n\r\n<p><strong><span style=\"font-size:16.0pt\"><span style=\"font-family:&quot;Book Antiqua&quot;,serif\"><span style=\"color:black\">Pelayanan UGD dan Persalinan tetap buka 24 Jam.</span></span></span></strong></p>\r\n", "view_count": 161, "share_count": 0, "word_count": 49, "status": "published", "created_at": "2023-06-27T02:26:15.682Z", "updated_at": "2024-07-07T09:09:56.023Z"}, "m2m": {"photo": [11253]}}, {"condition": {"id": 735}, "defaults": {"site_id": 64, "admin_id": 82, "judul": "PENGUMUMAN PELAYANAN SELAMA LIBUR DAN CUTI BERSAMA HARI RAYA NATAL TAHUN 2023", "judul_seo": "pengumuman-pelayanan-selama-libur-dan-cuti-bersama-hari-raya-natal-tahun-2023", "isi_pengumuman": "", "view_count": 471, "share_count": 0, "word_count": 0, "status": "published", "created_at": "2023-12-23T03:29:56.122Z", "updated_at": "2024-07-11T03:40:28.635Z"}, "m2m": {"photo": [14578]}}, {"condition": {"id": 778}, "defaults": {"site_id": 64, "admin_id": 82, "judul": "PELAYANAN DI PUSKESMAS SURANADI SELAMA LIBUR NASIONAL DAN CUTI BERSAMA", "judul_seo": "pelayanan-di-puskesmas-suranadi-selama-libur-nasional-dan-cuti-bersama", "isi_pengumuman": "", "view_count": 922, "share_count": 0, "word_count": 0, "status": "published", "created_at": "2024-02-07T06:00:58.428Z", "updated_at": "2024-07-11T22:04:51.146Z"}, "m2m": {"photo": [15887]}}, {"condition": {"id": 799}, "defaults": {"site_id": 64, "admin_id": 82, "judul": "PELAYANAN PUSKESMAS SURANADI SELAMA LIBUR DAN CUTI BERSAMA HARI RAYA NYEPI", "judul_seo": "pelayanan-puskesmas-suranadi-selama-libur-dan-cuti-bersama-hari-raya-nyepi", "isi_pengumuman": "", "view_count": 1432, "share_count": 0, "word_count": 0, "status": "published", "created_at": "2024-03-09T12:50:45.294Z", "updated_at": "2024-07-11T07:04:46.813Z"}, "m2m": {"photo": [16928]}}, {"condition": {"id": 820}, "defaults": {"site_id": 64, "admin_id": 82, "judul": "PELAYANAN UPT PUSKESMAS SURANADI SELAMA LIBUR DAN CUTI BERSAMA HARI RAYA IDUL FITRI 1445 H", "judul_seo": "pelayanan-upt-puskesmas-suranadi-selama-libur-dan-cuti-bersama-hari-raya-idul-fitri-1445-h", "isi_pengumuman": "", "view_count": 2850, "share_count": 0, "word_count": 0, "status": "published", "created_at": "2024-04-06T13:54:56.873Z", "updated_at": "2024-07-11T16:07:02.256Z"}, "m2m": {"photo": [17649]}}, {"condition": {"id": 840}, "defaults": {"site_id": 64, "admin_id": 82, "judul": "PENGUMUMAN PELAYANAN SELAMA LIBUR DAN CUTI BERSAMA KENAIKAN ISA ALMASIH TAHUN 2024", "judul_seo": "pengumuman-pelayanan-selama-libur-dan-cuti-bersama-kenaikan-isa-almasih-tahun-2024", "isi_pengumuman": "", "view_count": 1809, "share_count": 0, "word_count": 0, "status": "published", "created_at": "2024-05-08T03:57:39.890Z", "updated_at": "2024-07-11T20:25:37.550Z"}, "m2m": {"photo": [18421]}}, {"condition": {"id": 849}, "defaults": {"site_id": 64, "admin_id": 82, "judul": "PENGUMUMAN PELAYANAN SELAMA LIBUR DAN CUTI BERSAMA HARI RAYA WAISAK", "judul_seo": "pengumuman-pelayanan-selama-libur-dan-cuti-bersama-hari-raya-waisak", "isi_pengumuman": "", "view_count": 451, "share_count": 0, "word_count": 0, "status": "published", "created_at": "2024-05-22T11:04:09.371Z", "updated_at": "2024-07-08T18:55:16.863Z"}, "m2m": {"photo": [18989]}}]