[{"condition": {"id": 36}, "defaults": {"site_id": 50, "admin_id": 60, "judul": "Program Sejuta Vaksin", "judul_seo": "program-sejuta-vaksin", "isi_pengumuman": "<p><img alt=\"\" src=\"/media/uploads/puskesmassekotonglobar/2022/07/20/whatsapp-image-2022-07-20-at-105950_A65ow05.jpeg\" style=\"height:140px; width:140px\" /><img alt=\"\" src=\"/media/uploads/puskesmassekotonglobar/2022/07/20/whatsapp-image-2022-07-20-at-105950.jpeg\" style=\"height:240px; width:240px\" />Assalamu&rsquo;alaikum, Selamat Sehat... Kami ingin menginformasikan kepada warga masyarakat yang belum mendapat vaksin covid 19 maka bisa melakukan vaksinasi di : Kantor Desa Sekotong Tengah Petugas : Tim Vaksinasi Puskesmas Sekotong Waktu : Sabtu, 26 Juni 2021 Jam 08.00 -13.00 Jenis : Sinovac Biaya : Free Syarat. : Membawa KTP. #gunakanmasker #tetapjagajarak #terapkanprokes</p>", "view_count": 108, "share_count": 0, "word_count": 41, "status": "published", "created_at": "2021-06-25T14:52:43.559Z", "updated_at": "2024-07-01T16:12:27.193Z"}, "m2m": {"photo": [2974]}}, {"condition": {"id": 124}, "defaults": {"site_id": 50, "admin_id": 60, "judul": "SCREENING BPJS KESEHATAN", "judul_seo": "screening-bpjs-kesehatan", "isi_pengumuman": "<p><strong><img alt=\"\" src=\"/media/uploads/puskesmassekotonglobar/2022/07/20/bpjs.jfif\" style=\"height:170px; width:296px\" />P E N T I N G</strong></p>\r\n\r\n<p>Kepada Yth. seluruh peserta BPJS Kesehatan</p>\r\n\r\n<p>Menginformasikan tentang screening bpjs kesehatan yg bersifat wajib. Mulai hari Jumat 17 Juli 2022, peserta BPJS yang hendak periksa wajib/harus sudah melakukan skrining Kesehatan. Jika peserta belum melakukan skrining Kesehatan maka pada saat melakukan pemeriksaan kesehatan di fasyankes akan muncul notifikasi bahwa &quot;pasien belum skrining&quot;<br />\r\nMonggo Bapak/Ibu yg belum mengisi silakan langsung diisi termasuk keluarganya, putra putri yg sudah berusia 15 th ke atas. Supaya saat mau mengakses pelayanan di Puskesmas/Klinik lancar tdk ada kendala krn belum skrining kesehatan.&nbsp;<br />\r\nMohon Bapak/Ibu bantuan untuk menyampaikan ke warga/ masyarakat agar &nbsp;tiap2 warga melakukan pengisian wajib SCREENING BPJS KESEHATAN melalui link berikut:&nbsp;</p>\r\n\r\n<p>webskrining.bpjs-kesehatan.go.id</p>\r\n\r\n<p>Dapat diakses melalui hp android masing2. Tinggal klik link tsb kemudian ikuti pengisian sampai selesai. Pengisian juga bisa dilakukan melalui App Mobile JKN</p>\r\n\r\n<p>NB : Bagi lansia yang tidak dapat menginput data sendiri melalui Android dapat dibantu keluarganya&nbsp;</p>\r\n\r\n<p>Sebelumnya kami ucapkan banyak terimakasih.&nbsp;</p>\r\n\r\n<p>#pengisian ini adalah wajib.</p>\r\n\r\n<p>&nbsp;http://webskrining.bpjs-kesehatan.go.id</p>", "view_count": 61, "share_count": 0, "word_count": 149, "status": "published", "created_at": "2022-07-07T11:51:17.403Z", "updated_at": "2024-05-30T18:01:53.367Z"}, "m2m": {"photo": [2973]}}, {"condition": {"id": 135}, "defaults": {"site_id": 50, "admin_id": 60, "judul": "Jangan Takut dan Ragu Berobat Ke Puskesmas Sekotong", "judul_seo": "jangan-takut-dan-ragu-berobat-ke-puskesmas-sekotong", "isi_pengumuman": "<p><img alt=\"\" src=\"/media/uploads/puskesmassekotonglobar/2022/07/20/ayo-ke-pkm-coopy_Hqrjivb.jpg\" style=\"height:384px; width:240px\" /></p>\r\n\r\n<p><strong>Jangan Takut dan Ragu Berobat Ke Puskesmas&nbsp;</strong></p>\r\n\r\n<p>&nbsp;</p>\r\n\r\n<p>Dimasa&nbsp;pandemi Covid-19 saat ini, banyak sekali masyarakat yang mengalami demam dan flu namun tidak berani ke Puskesmas untuk berobat. Sebaliknya, masyarakat lebih memilih mengunjungi perawat maupun bidan setempat atau hanya berobat di rumah. Hal ini karena masyarakat takut terpapar Covid-19 dan kemungkinan positif terjangkit virus yang disebabkan oleh penularan di Puskesmas. Oleh karena itu, kami pihak puskesmas menghimbau kepada seluruh masyarakat untuk tidak takut jika ingin berobat ke Puskesmas, karena kami selalu menerapkan protokol kesehatan yang sesuai standar.</p>\r\n\r\n<p>&nbsp;</p>\r\n\r\n<p>simak video kami di :&nbsp;<a href=\"https://youtu.be/IsnD_W3K7to\">https://youtu.be/IsnD_W3K7to</a></p>", "view_count": 52, "share_count": 0, "word_count": 88, "status": "published", "created_at": "2022-07-20T12:22:01.262Z", "updated_at": "2024-05-19T22:24:52.086Z"}, "m2m": {"photo": [2996]}}, {"condition": {"id": 140}, "defaults": {"site_id": 50, "admin_id": 60, "judul": "PETA WILAYAH KERJA PUSKESMAS SEKOTONG", "judul_seo": "peta-wilayah-kerja-puskesmas-sekotong", "isi_pengumuman": "<p><iframe height=\"480\" src=\"https://www.google.com/maps/d/u/0/embed?mid=15iAOzawEngGwzg67ROepiHUDqwJR8M0&amp;ehbc=2E312F\" width=\"640\"></iframe></p>", "view_count": 50, "share_count": 0, "word_count": 0, "status": "published", "created_at": "2022-07-20T22:27:02.965Z", "updated_at": "2024-05-27T22:22:59.196Z"}, "m2m": {"photo": [3036]}}, {"condition": {"id": 146}, "defaults": {"site_id": 50, "admin_id": 60, "judul": "Pelayanan Vaksinasi Booster ", "judul_seo": "pelayanan-vaksinasi-booster", "isi_pengumuman": "<p>Pengumuman : Pelayanan Vaksinasi Booster&nbsp;</p>\r\n", "view_count": 67, "share_count": 0, "word_count": 4, "status": "published", "created_at": "2022-07-23T10:58:15.094Z", "updated_at": "2024-05-14T18:41:33.835Z"}, "m2m": {"photo": [3144]}}, {"condition": {"id": 148}, "defaults": {"site_id": 50, "admin_id": 60, "judul": "Informasi Pelayanan Vaksinasi Lanjutan ( Booster)", "judul_seo": "informasi-pelayanan-vaksinasi-lanjutan-booster", "isi_pengumuman": "<p>Diinfokan kepada seluruh masyarakat Sekotong tentang Jadwal Pelaksanaan Vaksinasi Lanjutan&nbsp;<img alt=\"\" src=\"/media/uploads/puskesmassekotonglobar/2022/07/25/emas.jpg\" style=\"height:339px; width:240px\" /><em>(Booster )&nbsp;</em></p>", "view_count": 66, "share_count": 0, "word_count": 11, "status": "published", "created_at": "2022-07-25T13:06:09.279Z", "updated_at": "2024-05-30T19:03:57.723Z"}, "m2m": {"photo": [3225]}}, {"condition": {"id": 152}, "defaults": {"site_id": 50, "admin_id": 60, "judul": "Peserta BPJS Kesehatan Kini Cukup Bawa KTP atau Kartu Digital Mobile JKN untuk Berobat ke Puskesmas", "judul_seo": "peserta-bpjs-kesehatan-kini-cukup-bawa-ktp-atau-kartu-digital-mobile-jkn-untuk-berobat-ke-puskesmas", "isi_pengumuman": "<p>Saat ini untuk mendapatkan pelayanan kesehatan sudah cukup menggunakan kartu KTP saja atau Mobile JKN<img class=\"image_resized\" style=\"width:720px;\" src=\"/media/uploads/puskesmassekotonglobar/2022/07/27/qqqqqqq.jpeg\" alt=\"\"></p>", "view_count": 224, "share_count": 0, "word_count": 15, "status": "published", "created_at": "2022-07-27T15:21:07.902Z", "updated_at": "2024-05-22T11:20:33.465Z"}, "m2m": {"photo": [3394]}}, {"condition": {"id": 154}, "defaults": {"site_id": 50, "admin_id": 60, "judul": "LAYANAN POLI MATA (VISION CENTER) PUSKESMAS SEKOTONG", "judul_seo": "layanan-poli-mata-vision-center-puskesmas-sekotong", "isi_pengumuman": "<p><img alt=\"\" src=\"/media/uploads/puskesmassekotonglobar/2022/07/27/brown-grey-minimalist-travel-agent-flyer-1.jpg\" style=\"height:1018px; width:720px\" /></p>", "view_count": 93, "share_count": 0, "word_count": 0, "status": "published", "created_at": "2022-07-27T16:21:49.976Z", "updated_at": "2024-05-30T18:43:28.049Z"}, "m2m": {"photo": [3395]}}, {"condition": {"id": 439}, "defaults": {"site_id": 50, "admin_id": 60, "judul": "Jadwal Pelayanan saat Libur Nasional", "judul_seo": "jadwal-pelayanan-saat-libur-nasional", "isi_pengumuman": "<p>Jadwal Pelayanan selama Libur Nasional dan Cuti Bersama UPT Puskesmas Sekotong</p>\r\n", "view_count": 399, "share_count": 0, "word_count": 11, "status": "published", "created_at": "2023-05-31T09:56:25.713Z", "updated_at": "2024-07-07T02:33:58.390Z"}, "m2m": {"photo": [10324]}}, {"condition": {"id": 441}, "defaults": {"site_id": 50, "admin_id": 60, "judul": "Selamat Memperingati Hari Lahir Pancasila 2023", "judul_seo": "selamat-memperingati-hari-lahir-pancasila-2023", "isi_pengumuman": "<p><iframe allow=\"autoplay; clipboard-write; encrypted-media; picture-in-picture; web-share\" allowfullscreen=\"true\" frameborder=\"0\" height=\"731\" scrolling=\"no\" src=\"https://www.facebook.com/plugins/post.php?href=https%3A%2F%2Fwww.facebook.com%2Fpuskesmas.sekotong.71%2Fposts%2Fpfbid024PdRv5cekc7dhVrtqUMwucYKU43Q6fJf8Zr9viuaDpum1d1ApkN3MfXZZWNHAb4Pl&amp;show_text=true&amp;width=500\" style=\"border:none;overflow:hidden\" width=\"500\"></iframe></p>", "view_count": 428, "share_count": 0, "word_count": 0, "status": "published", "created_at": "2023-06-01T02:07:04.028Z", "updated_at": "2024-07-01T12:03:15.583Z"}, "m2m": {"photo": [10330]}}, {"condition": {"id": 459}, "defaults": {"site_id": 50, "admin_id": 60, "judul": "JADWAL LAYANAN USG PUSKESMAS SEKOTONG", "judul_seo": "jadwal-layanan-usg-puskesmas-sekotong", "isi_pengumuman": "<iframe src=\"https://www.facebook.com/plugins/post.php?href=https%3A%2F%2Fweb.facebook.com%2Fpuskesmas.sekotong.71%2Fposts%2Fpfbid0HTfpV5KXBnCNjMaMootM2bDcovAY2sMdxxBH9nWMRprqsfJFAZ2Fxcw3DSonZgsTl&show_text=true&width=500\" width=\"500\" height=\"250\" style=\"border:none;overflow:hidden\" scrolling=\"no\" frameborder=\"0\" allowfullscreen=\"true\" allow=\"autoplay; clipboard-write; encrypted-media; picture-in-picture; web-share\"></iframe>", "view_count": 241, "share_count": 0, "word_count": 0, "status": "published", "created_at": "2023-06-24T03:36:45.471Z", "updated_at": "2024-06-25T23:27:44.688Z"}, "m2m": {"photo": [11172]}}, {"condition": {"id": 619}, "defaults": {"site_id": 50, "admin_id": 60, "judul": "RAISA (Rawat Ibu berSAlin ) Anti Galau", "judul_seo": "raisa-rawat-ibu-bersalin-anti-galau", "isi_pengumuman": "<p>Ayo Bunda Ke Puskesmas Sekotong... Sekarang ada yang baru loh.. Bersalin bisa dapat AKTA LAHIR &amp; KK (Kartu Keluarga) Baru.... Dengan Persyaratan :1. Bersalin di Puskesmas atau Poskesdes ( Sepi &amp; Belongas), 2. KK Asli, 3. Fotocopy KTP Ortu (status di KTP harus Kawin), 4. Fotocopy Akta Nikah/ SPTJM, 5. Keterangan Lahir Asli (dari buku KIA), 6. Fotocopy KTP Saksi. Persalinan GRATIS Menggunakan BPJS, Melayani dengan sepenuh hati...<img class=\"image_resized\" style=\"width:21.49%;\" src=\"/media/WhatsApp%20Image%202023-08-07%20at%2013.13.29.jpg\"></p>", "view_count": 276, "share_count": 0, "word_count": 59, "status": "published", "created_at": "2023-08-07T05:27:11.317Z", "updated_at": "2024-07-11T06:06:05.566Z"}, "m2m": {"photo": [12429, 12430, 12431]}}, {"condition": {"id": 625}, "defaults": {"site_id": 50, "admin_id": 60, "judul": "Kini Telah Hadir Klinik Sanitasi Puskesmas Sekotong ,  Gratisssss", "judul_seo": "kini-telah-hadir-klinik-sanitasi-puskesmas-sekotong-gratisssss", "isi_pengumuman": "<p>Klinik Sanitasi Puskesmas Sekotong . &nbsp;Klinik sanitasi merupakan upaya yang mengintegritaskan pelayanan &nbsp;kesehatan promotif, preventif dan kuratif yang difokuskan pada penduduk yang beresiko tinggi. Klinik sanitasi ini bermanfaat untuk menanggulangi penyakit berbasis lingkungan. &nbsp;Kegiatan klinik sanitasi, bisa berupa konseling, kunjungan rumah (home care) dan intervensi kesehatan yang didasarkan atas analisis kesehatan lingkungan. Inilah usaha pengembangan pelayanan kesehatan yang sangat sesuai dengan Program Indonesia Sehat dengan Pendekatan Keluarga (PIS-PK)</p><figure class=\"image image-style-align-center\"><img src=\"/media/KLINIK%20SANITASI.jpeg\"></figure>", "view_count": 507, "share_count": 0, "word_count": 66, "status": "published", "created_at": "2023-08-08T02:48:54.526Z", "updated_at": "2024-07-11T05:52:21.525Z"}, "m2m": {"photo": [12467]}}, {"condition": {"id": 726}, "defaults": {"site_id": 50, "admin_id": 60, "judul": "Perpisahan Dokter di Puskesmas Sekotong Meninggalkan Jejak Pelayanan Kesehatan yang Berkesan", "judul_seo": "perpisahan-dokter-di-puskesmas-sekotong-meninggalkan-jejak-pelayanan-kesehatan-yang-berkesan", "isi_pengumuman": "<p>Puskesmas Sekotong mengalami momen perpisahan yang penuh haru dengan keberangkatan Dokter PIDI yang telah lama menjadi bagian integral dari layanan kesehatan masyarakat di wilayah ini. Perpisahan ini disambut dengan rasa terima kasih dan apresiasi yang mendalam atas kontribusi luar biasa yang telah diberikan oleh Dokter PIDI.</p><p>Dokter PIDI bukan sekadar seorang tenaga medis, tetapi juga menjadi sosok yang dekat dengan masyarakat setempat. Dengan dedikasi yang tinggi, Dokter PIDI telah memberikan pelayanan kesehatan yang berkualitas, peduli, dan menginspirasi bagi banyak pasien yang datang ke Puskesmas.</p><p>Pengelolaan kasus medis yang kompleks, keterlibatan aktif dalam program-program kesehatan komunitas, serta kemampuan untuk memberikan pemahaman dan dukungan kepada pasien dan keluarga mereka adalah sebagian kecil dari kontribusi luar biasa yang dilakukan oleh Dokter PIDI Jejaknya dalam memberikan pengobatan, edukasi, dan pelayanan kesehatan yang terbaik akan selalu dikenang oleh masyarakat dan rekan-rekannya di Puskesmas Sekotong</p><p>Kepala UPT Puskesmas Sekotong. dr. I Komang Sutrisna Budiyasa &nbsp;menyatakan, \"Kami sangat berterima kasih atas dedikasi dan komitmen Dokter PIDI selama ini. Jejaknya dalam meningkatkan pelayanan kesehatan di Puskesmas ini akan tetap diingat dan dihargai oleh semua staf UPT Puskesmas Sekotong.</p><p>Meski perpisahan ini membawa sedih, Puskesmas Sekotong berkomitmen untuk tetap memberikan layanan kesehatan yang berkualitas kepada masyarakat.</p><p>Perpisahan Dokter PIDI di Puskesmas Sekotong menjadi momen refleksi akan kontribusi yang berharga dalam membangun sistem kesehatan yang inklusif dan terjangkau bagi masyarakat. Semoga perjalanan selanjutnya Dokter PIDI membawa kesuksesan dan kebahagiaan, sementara Puskesmas Sekotong tetap berkomitmen untuk terus memberikan pelayanan kesehatan yang terbaik bagi seluruh masyarakat.</p>", "view_count": 1737, "share_count": 0, "word_count": 233, "status": "published", "created_at": "2023-11-18T04:09:38.413Z", "updated_at": "2024-07-11T08:31:14.135Z"}, "m2m": {"photo": [14090, 14091]}}]