[{"condition": {"id": 24}, "defaults": {"site_id": 44, "admin_id": 47, "judul": "JADWAL PELAYANAN", "judul_seo": "jadwal-pelayanan", "isi_pengumuman": "", "view_count": 340, "share_count": 0, "word_count": 0, "status": "published", "created_at": "2021-06-16T11:38:17.442Z", "updated_at": "2024-07-10T19:26:29.885Z"}, "m2m": {"photo": [805]}}, {"condition": {"id": 134}, "defaults": {"site_id": 44, "admin_id": 47, "judul": "Jadwal posyandu upt puskesmas narmada tahun 2022", "judul_seo": "jadwal-posyandu-upt-puskesmas-narmada-tahun-2022", "isi_pengumuman": "", "view_count": 185, "share_count": 0, "word_count": 0, "status": "published", "created_at": "2022-07-20T09:29:13.035Z", "updated_at": "2024-07-10T19:26:32.333Z"}, "m2m": {"photo": [2966]}}, {"condition": {"id": 746}, "defaults": {"site_id": 44, "admin_id": 47, "judul": "Jadwal Posyandu Keluarga UPT Puskesmas Narmada", "judul_seo": "jadwal-posyandu-keluarga-upt-puskesmas-narmada", "isi_pengumuman": "", "view_count": 579, "share_count": 0, "word_count": 0, "status": "published", "created_at": "2024-01-08T03:17:43.790Z", "updated_at": "2024-07-11T23:27:47.279Z"}, "m2m": {"photo": [14747]}}, {"condition": {"id": 776}, "defaults": {"site_id": 44, "admin_id": 47, "judul": "Libur pelayanan", "judul_seo": "libur-pelayanan", "isi_pengumuman": "", "view_count": 373, "share_count": 0, "word_count": 0, "status": "published", "created_at": "2024-02-07T00:33:25.330Z", "updated_at": "2024-07-11T22:11:51.337Z"}, "m2m": {"photo": [15858]}}, {"condition": {"id": 845}, "defaults": {"site_id": 44, "admin_id": 47, "judul": "Hasil Survei Kepuasan Masyarakat Semester I dan II Tahun 2023", "judul_seo": "hasil-survei-kepuasan-masyarakat-semester-i-dan-ii-tahun-2023", "isi_pengumuman": "<p>Hasil Survei Kepuasan Masyarakat Semester I dan II Tahun 2023</p><p>Untuk Semester I Tahun 2023, Periode Survei 1 Januari s.d 30 Juni 2023 dengan Nilai SKM &nbsp;yaitu 84,13, Sedangkan Pada Semester II Tahun 2023, Periode Survei 1 Juli s.d 31 Desember 2023 dengan Nilai SKM yaitu 88,16, di sini menunjukkan ada peningkatan nilai kepuasan masyarakat.</p><p>Terima Kasih</p>", "view_count": 160, "share_count": 0, "word_count": 41, "status": "published", "created_at": "2024-05-21T06:27:01.721Z", "updated_at": "2024-07-11T03:26:25.219Z"}, "m2m": {"photo": [18917, 18918]}}, {"condition": {"id": 846}, "defaults": {"site_id": 44, "admin_id": 47, "judul": "Mari Ciptakan Situasi Tertib dan Saling Menghargai, Sampaikan Apresiasi, Harapan dan Keluhan pada berikut ini", "judul_seo": "mari-ciptakan-situasi-tertib-dan-saling-menghargai-sampaikan-apresiasi-harapan-dan-keluhan-pada-berikut-ini", "isi_pengumuman": "<p>Segala bentuk kekerasan verbal maupun fisik dapat menimbulkan situasi tidak nyaman untuk kita bersama dan dapat mengganggu kelancaran proses pelayanan pasien</p><p>Diperingatkan bahwa segala bentuk perekaman, pengambilan gambar dan video dalam area Puskesmas Narmada tanpa seijin petugas dan pasien adalah pelanggaran privasi.</p><p>Apresiasi, Harapan dan Keluhan dapat di sampaikan salah satunya melalui &nbsp;Call Center Puskesmas Narmada (083 129 681 684)</p><p>disamping itu dapat disampaikan :</p><ol><li>Secara Langsung kepada Petugas &nbsp;Pengaduan Masyarakat di Puskesmas Narmada</li><li>Kotak Saran&nbsp;</li><li>Website <a href=\"https://puskesmasnarmada-dikes.lombokbaratkab.go.id\">https://puskesmasnarmada-dikes.lombokbaratkab.go.id</a> dan Media Sosial @puskesmasnarmada (Facebook, Instagram, channel Youtube dan Tiktok)</li></ol><p>&nbsp;</p><p>Terima Kasih</p>", "view_count": 188, "share_count": 0, "word_count": 79, "status": "published", "created_at": "2024-05-21T07:17:16.717Z", "updated_at": "2024-07-08T00:26:39.489Z"}, "m2m": {"photo": [18921]}}, {"condition": {"id": 850}, "defaults": {"site_id": 44, "admin_id": 47, "judul": "Permakluman Rawat Jalan Ditutup pada Kamis-Jum'at, 23-24 Mei 2024 ", "judul_seo": "permakluman-rawat-jalan-ditutup-pada-kamis-jum-at-23-24-mei-2024", "isi_pengumuman": "", "view_count": 634, "share_count": 0, "word_count": 0, "status": "published", "created_at": "2024-05-22T12:47:53.639Z", "updated_at": "2024-07-09T09:06:01.322Z"}, "m2m": {"photo": [18993]}}, {"condition": {"id": 855}, "defaults": {"site_id": 44, "admin_id": 47, "judul": "Permakluman Rawat Jalan Tutup pada Hari Libur Nasional \"Hari Lahir Pancasila\" Sabtu, 1 Juni 2024", "judul_seo": "permakluman-rawat-jalan-tutup-pada-hari-libur-nasional-hari-lahir-pancasila-sabtu-1-juni-2024", "isi_pengumuman": "", "view_count": 543, "share_count": 0, "word_count": 0, "status": "published", "created_at": "2024-05-31T10:07:49.710Z", "updated_at": "2024-07-11T16:10:47.398Z"}, "m2m": {"photo": [19241]}}]