[{"condition": {"id": 58}, "defaults": {"site_id": 43, "admin_id": 46, "judul": "Jadwal Posyandu Di Wilayah Kerja Puskesmas Gerung", "judul_seo": "jadwal-posyandu-di-wilayah-kerja-puskesmas-gerung", "isi_pengumuman": "", "view_count": 247, "share_count": 0, "word_count": 0, "status": "published", "created_at": "2021-07-06T22:31:22.465Z", "updated_at": "2024-07-08T01:14:50.386Z"}, "m2m": {"photo": [1063]}}, {"condition": {"id": 59}, "defaults": {"site_id": 43, "admin_id": 46, "judul": "SURAT EDARAN BUPATI TENTANG PPKM  MIKRO DI LOMBOK BARAT", "judul_seo": "surat-edaran-bupati-tentang-ppkm-mikro-di-lombok-barat", "isi_pengumuman": "", "view_count": 123, "share_count": 0, "word_count": 0, "status": "published", "created_at": "2021-07-10T12:12:17.959Z", "updated_at": "2024-07-02T21:05:33.831Z"}, "m2m": {"photo": []}}, {"condition": {"id": 62}, "defaults": {"site_id": 43, "admin_id": 46, "judul": "Update Vaksinasi Covid-19 Puskesmas Gerung", "judul_seo": "update-vaksinasi-covid-19-puskesmas-gerung", "isi_pengumuman": "", "view_count": 1398, "share_count": 0, "word_count": 0, "status": "published", "created_at": "2021-07-27T20:52:37.016Z", "updated_at": "2024-07-12T01:50:20.102Z"}, "m2m": {"photo": [1152]}}, {"condition": {"id": 63}, "defaults": {"site_id": 43, "admin_id": 46, "judul": "Update Perkembangan Kasus Covid-19 (Juni s/d 17 Juli 2021)", "judul_seo": "update-perkembangan-kasus-covid-19-juni-s-d-17-juli-2021", "isi_pengumuman": "", "view_count": 61, "share_count": 0, "word_count": 0, "status": "published", "created_at": "2021-07-27T20:53:58.152Z", "updated_at": "2024-06-06T08:23:32.744Z"}, "m2m": {"photo": [1153]}}, {"condition": {"id": 64}, "defaults": {"site_id": 43, "admin_id": 46, "judul": "Update Perkembangan Total Kasus Covid-19", "judul_seo": "update-perkembangan-total-kasus-covid-19", "isi_pengumuman": "<p>*Sumber Data Silacak 26-7-2021</p>\r\n", "view_count": 601, "share_count": 0, "word_count": 3, "status": "published", "created_at": "2021-07-27T20:56:18.841Z", "updated_at": "2024-07-11T22:56:04.843Z"}, "m2m": {"photo": [1154]}}, {"condition": {"id": 67}, "defaults": {"site_id": 43, "admin_id": 46, "judul": "Update Data Perkembangan Kasus Covid19 (Data Silacak pertanggal 17 Agustus 2021)", "judul_seo": "update-data-perkembangan-kasus-covid19-data-silacak-pertanggal-17-agustus-2021", "isi_pengumuman": "<p style=\"text-align:center\"><span style=\"font-size:11px\"><span style=\"font-family:Arial,Helvetica,sans-serif\"><span style=\"color:black\"><strong>UPDATE DATA PERKEMBANGAN KASUS COVID-19&nbsp;</strong></span></span></span><span style=\"font-size:11px\"><span style=\"font-family:Arial,Helvetica,sans-serif\"><span style=\"color:black\"><strong>DIWILAYAH KERJA PUSKESMAS GERUNG</strong></span></span></span></p>\r\n\r\n<p style=\"text-align:center\"><span style=\"font-size:11px\"><span style=\"font-family:Arial,Helvetica,sans-serif\"><span style=\"color:black\"><strong>Data Update Silacak</strong></span> <span style=\"color:black\"><strong>pertanggal 17 Agustus 2021 </strong></span></span></span></p>\r\n", "view_count": 1011, "share_count": 0, "word_count": 13, "status": "published", "created_at": "2021-08-18T09:51:47.606Z", "updated_at": "2024-07-11T12:51:35.547Z"}, "m2m": {"photo": [1214]}}, {"condition": {"id": 68}, "defaults": {"site_id": 43, "admin_id": 46, "judul": "Update Perkembangan Kasus Covid19 Juni s/d Agustus 2021 (Data Silacak pertanggal 26 Agustus 2021)", "judul_seo": "update-perkembangan-kasus-covid19-juni-s-d-agustus-2021-data-silacak-pertanggal-26-agustus-2021", "isi_pengumuman": "<p style=\"text-align:center\">Update Data Perkembangan Kasus Covid19 Bulan Juni s/d Agustus 2021</p>\r\n\r\n<p style=\"text-align:center\">(Data Silacak pertanggal 26 Agustus 2021)</p>", "view_count": 58, "share_count": 0, "word_count": 11, "status": "published", "created_at": "2021-08-27T10:51:27.982Z", "updated_at": "2024-06-03T15:38:12.723Z"}, "m2m": {"photo": [1244]}}, {"condition": {"id": 69}, "defaults": {"site_id": 43, "admin_id": 46, "judul": "Update Cakupan Vaksinasi Covid19 s/d Pertanggal 25-8-2021", "judul_seo": "update-cakupan-vaksinasi-covid19-s-d-pertanggal-25-8-2021", "isi_pengumuman": "", "view_count": 58, "share_count": 0, "word_count": 0, "status": "published", "created_at": "2021-08-27T10:55:05.446Z", "updated_at": "2024-06-03T15:38:18.072Z"}, "m2m": {"photo": [1245]}}, {"condition": {"id": 72}, "defaults": {"site_id": 43, "admin_id": 46, "judul": "Update Perkembangan Kasus Covid19 Juni s/d Agustus 2021 (Data Silacak pertanggal 31 Agustus 2021)", "judul_seo": "update-perkembangan-kasus-covid19-juni-s-d-agustus-2021-data-silacak-pertanggal-31-agustus-2021", "isi_pengumuman": "", "view_count": 48, "share_count": 0, "word_count": 0, "status": "published", "created_at": "2021-09-02T08:06:40.705Z", "updated_at": "2024-06-03T15:38:00.230Z"}, "m2m": {"photo": [1253]}}, {"condition": {"id": 73}, "defaults": {"site_id": 43, "admin_id": 46, "judul": "Update Cakupan Vaksinasi Covid19 2021", "judul_seo": "update-cakupan-vaksinasi-covid19-2021", "isi_pengumuman": "", "view_count": 1283, "share_count": 0, "word_count": 0, "status": "published", "created_at": "2021-09-02T08:09:03.733Z", "updated_at": "2024-07-11T22:08:46.099Z"}, "m2m": {"photo": [1254]}}, {"condition": {"id": 74}, "defaults": {"site_id": 43, "admin_id": 46, "judul": "Jadwal Rapid Test Antigen bagi seleksi CPNS Guru PPPK Lombok Barat", "judul_seo": "jadwal-rapid-test-antigen-bagi-seleksi-cpns-guru-pppk-lombok-barat", "isi_pengumuman": "", "view_count": 1225, "share_count": 0, "word_count": 0, "status": "published", "created_at": "2021-09-14T07:28:48.297Z", "updated_at": "2024-07-11T22:55:33.086Z"}, "m2m": {"photo": [1295]}}, {"condition": {"id": 75}, "defaults": {"site_id": 43, "admin_id": 46, "judul": "Total Kumulatif Capaian Vaksinasi Covid19 UPT Puskesmas Gerung 2021", "judul_seo": "total-kumulatif-capaian-vaksinasi-covid19-upt-puskesmas-gerung-2021", "isi_pengumuman": "", "view_count": 1135, "share_count": 0, "word_count": 0, "status": "published", "created_at": "2021-09-14T07:30:59.567Z", "updated_at": "2024-07-11T22:13:51.884Z"}, "m2m": {"photo": [1296]}}, {"condition": {"id": 83}, "defaults": {"site_id": 43, "admin_id": 46, "judul": "Layanan Vaksinasi Statis Puskesmas Gerung", "judul_seo": "layanan-vaksinasi-statis-puskesmas-gerung", "isi_pengumuman": "", "view_count": 526, "share_count": 0, "word_count": 0, "status": "published", "created_at": "2021-11-26T20:27:43.699Z", "updated_at": "2024-07-11T22:39:41.392Z"}, "m2m": {"photo": [1485]}}, {"condition": {"id": 85}, "defaults": {"site_id": 43, "admin_id": 46, "judul": "BPOM Terbitkan Izin Vaksin Sinovac Untuk Anak 6-11 Tahun", "judul_seo": "bpom-terbitkan-izin-vaksin-sinovac-untuk-anak-6-11-tahun", "isi_pengumuman": "", "view_count": 1206, "share_count": 0, "word_count": 0, "status": "published", "created_at": "2021-12-18T20:21:45.941Z", "updated_at": "2024-07-11T22:34:41.944Z"}, "m2m": {"photo": [1539, 1540]}}, {"condition": {"id": 92}, "defaults": {"site_id": 43, "admin_id": 46, "judul": "Vaksin Booster", "judul_seo": "vaksin-booster", "isi_pengumuman": "", "view_count": 992, "share_count": 0, "word_count": 0, "status": "published", "created_at": "2022-01-29T11:44:11.948Z", "updated_at": "2024-07-11T14:02:16.318Z"}, "m2m": {"photo": [1624]}}, {"condition": {"id": 105}, "defaults": {"site_id": 43, "admin_id": 46, "judul": "Nomor NIK Jadi Nomor Identitas Peserta JKN-KIS", "judul_seo": "nomor-nik-jadi-nomor-identitas-peserta-jkn-kis-1", "isi_pengumuman": "<p>Penggunaan NIK sebagai identitas peserta JKN-KIS Sesuai dengan :</p>\r\n\r\n<p>Undang-undang Nomor 24 Tahun 2013 tentang Perubahan Atas Undang-undang Nomor 23 Tahun 2008 tentang Administrasi menyebutkan bahwa NIK adalah nomor identitas penduduk yang bersifat unik atau khas, tunggal dan melekat pada seseorang yang terdaftar sebagai penduduk Indonesia.</p>\r\n\r\n<p>NIK sebagai nomor identitas peserta JKN-KIS, maka peserta tidak perlu mencetak fisik kartu kepesertaan KIS (Kartu Indonesia Sehat). Peserta yang hendak mengakses layanan Program JKN-KIS cukup menyebutkan NIK, menunjukkan e-KTP atau KIS Digital.</p>\r\n\r\n<p>*Sumber :</p>\r\n\r\n<p><a href=\"https://l.facebook.com/l.php?u=https%3A%2F%2Fbpjs-kesehatan.go.id%2Fbpjs%2F%3Ffbclid%3DIwAR3uDvepheM5AKEhOuhfY_ledXw2zY6I0yHxMq0Fu7UPJN2qDPVQJKYN5vQ&amp;h=AT21Dj5WMXEbDCjCYIJXhdEQlJCKqOS4wAk2s_Lu1N4NMzH0EyjzO3GqdZYkFl9XY-0NDvC7YlnH1gyV6VIeUEjx0MtDx4yUnufoGsTquwOBR0QhAQbWEfihlAVNhPYkcXSY&amp;__tn__=-UK-R&amp;c[0]=AT3qY6HCOJml-gMi0U_sIX5uoMoU8s78XNNFTZzVFQRcq3hHlLOfpq0-dqFtiTnYZEChQN8eITt71-AQYSv_e9CtjzTw6A2yVz0vAaEvzUajoCvNPWpMENYJsxZtGRpU1Retzz3Syv1zNwNqzm7KUwz9IJS-xu7qE7TwmxKu6BXFGEmocBnB1SaCzSd40ZDnwFjDQA\" rel=\"nofollow noopener\" tabindex=\"0\" target=\"_blank\">bpjs-kesehatan.go.id/bpjs</a></p>\r\n", "view_count": 61, "share_count": 0, "word_count": 69, "status": "published", "created_at": "2022-04-12T10:26:21.949Z", "updated_at": "2024-05-30T20:04:10.052Z"}, "m2m": {"photo": [1953, 1954, 1955]}}, {"condition": {"id": 108}, "defaults": {"site_id": 43, "admin_id": 46, "judul": "Pelayanan Rawat Jalan Dialihkan Ke IGD selama Libur Hari Raya Idul Fitri 29 April - 8 Mei 2022", "judul_seo": "pelayanan-rawat-jalan-dialihkan-ke-igd-selama-libur-hari-raya-idul-fitri-29-april-8-mei-2022", "isi_pengumuman": "", "view_count": 439, "share_count": 0, "word_count": 0, "status": "published", "created_at": "2022-04-29T05:54:30.008Z", "updated_at": "2024-07-11T06:15:48.721Z"}, "m2m": {"photo": []}}, {"condition": {"id": 119}, "defaults": {"site_id": 43, "admin_id": 46, "judul": "Jadwal Posyandu Triwulan III (Juli, Agustus September) 2022", "judul_seo": "jadwal-posyandu-triwulan-iii-juli-agustus-september-2022", "isi_pengumuman": "", "view_count": 62, "share_count": 0, "word_count": 0, "status": "published", "created_at": "2022-07-01T10:43:25.749Z", "updated_at": "2024-06-03T15:40:13.794Z"}, "m2m": {"photo": [2336]}}, {"condition": {"id": 120}, "defaults": {"site_id": 43, "admin_id": 46, "judul": "Layanan Konsultasi Kesehatan Dengan Dokter Via WhatsApp GRATIS", "judul_seo": "layanan-konsultasi-kesehatan-dengan-dokter-via-whatsapp-gratis", "isi_pengumuman": "", "view_count": 71, "share_count": 0, "word_count": 0, "status": "published", "created_at": "2022-07-01T13:30:19.400Z", "updated_at": "2024-07-10T04:36:29.439Z"}, "m2m": {"photo": [2341]}}, {"condition": {"id": 125}, "defaults": {"site_id": 43, "admin_id": 46, "judul": "Cukup Dari Rumah, Konsultasikan Kesehatan Anda Dengan Dokter Via WhatsApp GRATIS", "judul_seo": "cukup-dari-rumah-konsultasikan-kesehatan-anda-dengan-dokter-via-whatsapp-gratis", "isi_pengumuman": "", "view_count": 107, "share_count": 0, "word_count": 0, "status": "published", "created_at": "2022-07-08T17:10:40.162Z", "updated_at": "2024-07-05T01:02:41.127Z"}, "m2m": {"photo": [2558]}}, {"condition": {"id": 142}, "defaults": {"site_id": 43, "admin_id": 46, "judul": "BPJS Berikan Kemudahan Layanan JKN", "judul_seo": "bpjs-berikan-kemudahan-layanan-jkn", "isi_pengumuman": "<p><img alt=\"\" src=\"/media/uploads/puskesmasgerunglobar/2022/07/22/463b6ada-f716-4d40-9d37-4ec6930df5ae.jpg\" style=\"height:425px; width:300px\" /></p>", "view_count": 55, "share_count": 0, "word_count": 0, "status": "published", "created_at": "2022-07-22T14:32:57.560Z", "updated_at": "2024-06-03T15:40:07.676Z"}, "m2m": {"photo": []}}, {"condition": {"id": 143}, "defaults": {"site_id": 43, "admin_id": 46, "judul": "Gunakan Layanan CHIKA BPJS Untuk Cek JKN Aktif Atau Tidak", "judul_seo": "gunakan-layanan-chika-bpjs-untuk-cek-jkn-aktif-atau-tidak", "isi_pengumuman": "<p><img alt=\"\" src=\"/media/uploads/puskesmasgerunglobar/2022/07/22/955e0f67-da2e-4e57-a231-8de24518f939.jpg\" style=\"height:426px; width:300px\" /></p>", "view_count": 75, "share_count": 0, "word_count": 0, "status": "published", "created_at": "2022-07-22T14:33:48.162Z", "updated_at": "2024-06-26T22:53:58.646Z"}, "m2m": {"photo": []}}, {"condition": {"id": 144}, "defaults": {"site_id": 43, "admin_id": 46, "judul": "Tidak Perlu Repot Ke Kantor BPJS, Cukup Dari Rumah, Dapatkan Layanan BPJS Via WhatsApp", "judul_seo": "tidak-perlu-repot-ke-kantor-bpjs-cukup-dari-rumah-dapatkan-layanan-bpjs-via-whatsapp", "isi_pengumuman": "<p><img alt=\"\" src=\"/media/uploads/puskesmasgerunglobar/2022/07/22/4570b0f1-fbe6-414c-8ecd-40b2b971f1d2.jpg\" style=\"height:424px; width:300px\" /></p>\r\n", "view_count": 63, "share_count": 0, "word_count": 0, "status": "published", "created_at": "2022-07-22T14:34:45.006Z", "updated_at": "2024-06-10T16:35:51.476Z"}, "m2m": {"photo": []}}, {"condition": {"id": 156}, "defaults": {"site_id": 43, "admin_id": 46, "judul": "VITAMIN A", "judul_seo": "vitamin-a", "isi_pengumuman": "<iframe src=\"https://www.facebook.com/plugins/post.php?href=https%3A%2F%2Fwww.facebook.com%2Fpkmgerung%2Fposts%2Fpfbid02VC5eNvxWjoBANWoheiYyGKSkW4VNmfJ7tb2dqkb8D4FzdoHiQ4asVuiDTXtYEsfyl&show_text=true&width=500\" width=\"500\" height=\"684\" style=\"border:none;overflow:hidden\" scrolling=\"no\" frameborder=\"0\" allowfullscreen=\"true\" allow=\"autoplay; clipboard-write; encrypted-media; picture-in-picture; web-share\"></iframe>", "view_count": 72, "share_count": 0, "word_count": 0, "status": "published", "created_at": "2022-07-29T10:31:44.491Z", "updated_at": "2024-06-03T15:40:48.593Z"}, "m2m": {"photo": []}}, {"condition": {"id": 182}, "defaults": {"site_id": 43, "admin_id": 46, "judul": "Sharing Terbuka & Belajar Bersama Untuk Ibu Hamil Di Kelas Bumil Online", "judul_seo": "sharing-terbuka-belajar-bersama-untuk-ibu-hamil-di-kelas-bumil-online", "isi_pengumuman": "", "view_count": 90, "share_count": 0, "word_count": 0, "status": "published", "created_at": "2022-08-22T11:07:20.066Z", "updated_at": "2024-06-03T15:39:56.549Z"}, "m2m": {"photo": [4516]}}, {"condition": {"id": 202}, "defaults": {"site_id": 43, "admin_id": 46, "judul": "Bantu Kami Lebih Baik Dengan Mengisi Survei Kesehatan Masyarakat (SKM) Puskesmas Gerung", "judul_seo": "bantu-kami-lebih-baik-dengan-mengisi-survei-kesehatan-masyarakat-skm-puskesmas-gerung", "isi_pengumuman": "<p><a href=\"https://bit.ly/surveikepuasanmasyarakat-skm\">https://bit.ly/surveikepuasanmasyarakat-skm</a></p>", "view_count": 300, "share_count": 0, "word_count": 0, "status": "published", "created_at": "2022-09-11T11:37:14.065Z", "updated_at": "2024-05-25T12:20:03.809Z"}, "m2m": {"photo": [5381]}}, {"condition": {"id": 307}, "defaults": {"site_id": 43, "admin_id": 46, "judul": "Jaminan Persalinan Untuk Ibu Hamil", "judul_seo": "jaminan-persalinan-untuk-ibu-hamil", "isi_pengumuman": "<p>Sudah tahu belum kalau Ibu hamil yang nggak punya jaminan kesehatan bisa melahirkan dengan tenang? Karena biaya persalinannya dijamin melalui Program Jampersal atau Jaminan Persalinan yang berlaku hingga 31 Desember 2022.</p>\r\n\r\n<p>Sebenarnya apa sih Jampersal?</p>\r\n\r\n<p>Jampersal adalah bantuan pembiayaan dari pemerintah yang dapat di klaim ibu hamil, melahirkan dan nifas paling lama 42 hari pasca persalinan. Dan untuk bayi maksimal 28 hari setelah dilahirkan.</p>\r\n\r\n<p>Klaim Jampersal berlaku sejak 12 Juli sampai 31 Desember 2022 berlaku bagi WNI, tidak memiliki Jaminan Kesehatan Nasional, serta memenuhi kriteria masyarakat tidak mampu</p>\r\n\r\n<p>Program ini bagian dari peningkatan akses layanan kesehatan bagi ibu hamil dan melahirkan kategori kurang mampu dan fakir miskin guna menekan Angka Kematian Ibu (AKI) dan Angka Kematian Anak (AKB) yang jumlahnya masih tinggi.</p>\r\n\r\n<p>Untuk itu layanan kesehatannya diupayakan lengkap, tidak terbatas hanya persalinan. Tapi mencakup pelayanan antenatal, persalinan spontan, tindakan emergency dasar, prarujukan ibu dan bayi baru lahir, layanan ibu nifas dan bayi baru lahir, KB dan pelayanan rawat inap di FKTP.</p>\r\n\r\n<p>Gimana? Banyak banget kan manfaatnya? Sampaikan info ini kepada yang membutuhkan ya healthies</p>\r\n\r\n<p>Salam sehat!</p>\r\n\r\n<p>Referensi :</p>\r\n\r\n<p>Kemenkes RI</p>\r\n", "view_count": 64, "share_count": 0, "word_count": 172, "status": "published", "created_at": "2022-10-22T07:48:27.601Z", "updated_at": "2024-07-10T04:36:28.905Z"}, "m2m": {"photo": [6783, 6784, 6785]}}, {"condition": {"id": 308}, "defaults": {"site_id": 43, "admin_id": 46, "judul": "Musim hujan, waspada demam berdarah (DBD). Jangan lengah, tetap jaga kebersihan lingkungan.", "judul_seo": "musim-hujan-waspada-demam-berdarah-dbd-jangan-lengah-tetap-jaga-kebersihan-lingkungan", "isi_pengumuman": "<p>#SalamSEHATi<br />\r\nMusim hujan, waspada demam berdarah (DBD). Jangan lengah, tetap jaga kebersihan lingkungan.<br />\r\n#stopdbd&nbsp;#3mplus&nbsp;#mudahmurahefektif</p>\r\n\r\n<p>&nbsp;</p>\r\n", "view_count": 260, "share_count": 0, "word_count": 15, "status": "published", "created_at": "2022-10-22T07:59:09.997Z", "updated_at": "2024-07-10T04:36:29.876Z"}, "m2m": {"photo": [6787]}}, {"condition": {"id": 309}, "defaults": {"site_id": 43, "admin_id": 46, "judul": "Penjelasan BPOM tentang Isu Obat Sirup yang Berisiko Mengandung Cemaran Etilen Glikol (EG) dan Dietilen Glikol (DEG)", "judul_seo": "penjelasan-bpom-tentang-isu-obat-sirup-yang-berisiko-mengandung-cemaran-etilen-glikol-eg-dan-dietilen-glikol-deg", "isi_pengumuman": "<iframe src=\"https://www.facebook.com/plugins/post.php?href=https%3A%2F%2Fwww.facebook.com%2Fbpom.official%2Fposts%2Fpfbid0WhPVSkPeAmeB2a1VpMspwAwCm62t3UMkMnzAHdsgr1wjnkuoC41Sf36hMiLXHzHMl&show_text=true&width=500\" width=\"500\" height=\"671\" style=\"border:none;overflow:hidden\" scrolling=\"no\" frameborder=\"0\" allowfullscreen=\"true\" allow=\"autoplay; clipboard-write; encrypted-media; picture-in-picture; web-share\"></iframe>", "view_count": 239, "share_count": 0, "word_count": 0, "status": "published", "created_at": "2022-10-22T08:07:24.340Z", "updated_at": "2024-07-10T04:36:31.292Z"}, "m2m": {"photo": []}}, {"condition": {"id": 310}, "defaults": {"site_id": 43, "admin_id": 46, "judul": "Penjelasan BPOM RI Tentang Isu Obat Sirup yang Berisiko Mengandung Cemaran Etilen Glikol (EG) dan Dietilen Glikol (DEG)", "judul_seo": "penjelasan-bpom-ri-tentang-isu-obat-sirup-yang-berisiko-mengandung-cemaran-etilen-glikol-eg-dan-dietilen-glikol-deg", "isi_pengumuman": "https://www.pom.go.id/new/view/more/klarifikasi/157/Penjelasan-BPOM-RI-Tentang-Isu-Obat-Sirup-yang-Berisiko-Mengandung-Cemaran-Etilen-Glikol--EG--dan-Dietilen-Glikol--DEG-.html?fbclid=IwAR2Gjc_izF0o-VF2RrPMNV1ySwKv1zSbzTdn_6xuRrgQ7XJ6aP0_UJreLqY", "view_count": 266, "share_count": 0, "word_count": 0, "status": "published", "created_at": "2022-10-22T08:09:15.663Z", "updated_at": "2024-06-03T15:40:03.263Z"}, "m2m": {"photo": []}}, {"condition": {"id": 311}, "defaults": {"site_id": 43, "admin_id": 46, "judul": "Kemenkes Ambil Kebijakan Antisifatif Dalam Gangguan Ginjal Pada Anak", "judul_seo": "kemenkes-ambil-kebijakan-antisifatif-dalam-gangguan-ginjal-pada-anak", "isi_pengumuman": "https://sehatnegeriku.kemkes.go.id/baca/umum/20221019/0841300/kemenkes-ambil-kebijakan-antisipatif-untuk-cegah-gangguan-ginjal-pada-anak/\r\n", "view_count": 268, "share_count": 0, "word_count": 0, "status": "published", "created_at": "2022-10-22T08:12:03.576Z", "updated_at": "2024-07-10T04:36:29.473Z"}, "m2m": {"photo": []}}, {"condition": {"id": 315}, "defaults": {"site_id": 43, "admin_id": 46, "judul": "2 Penyakit Yang Sama Disebabkan Oleh 1 Nyamuk (Demam Berdarah dan Chikungunya)", "judul_seo": "2-penyakit-yang-sama-disebabkan-oleh-1-nyamuk-demam-berdarah-dan-chikungunya", "isi_pengumuman": "https://puskesmasgerung-dikes.lombokbaratkab.go.id/artikel/2-penyakit-yang-sama-karena-1-nyamuk-demam-berdarah-dan-chikungunya--43/", "view_count": 695, "share_count": 0, "word_count": 0, "status": "published", "created_at": "2022-10-27T09:34:08.546Z", "updated_at": "2024-06-27T07:42:21.911Z"}, "m2m": {"photo": [6869]}}, {"condition": {"id": 349}, "defaults": {"site_id": 43, "admin_id": 46, "judul": "Waspada Penyakit Di Musim Hujan", "judul_seo": "waspada-penyakit-di-musim-hujan", "isi_pengumuman": "<p>#SalamSEHATi</p>\r\n\r\n<p>Cuaca yang tidak menentu, beberapa penyakit yang dapat timbul. Tetap jaga daya tahan tubuh, kebersihan lingkungan, kebersihan diri, cuci tangan pakai sabun (CTPS), konsumsi makanan beranekaragam (gizi seimbang), istirahat cukup dan senantiasa Perilaku Hidup Bersih dan Sehat (PHBS).</p>\r\n", "view_count": 516, "share_count": 0, "word_count": 39, "status": "published", "created_at": "2023-03-10T08:54:44.293Z", "updated_at": "2024-07-07T01:35:03.449Z"}, "m2m": {"photo": [8805]}}, {"condition": {"id": 371}, "defaults": {"site_id": 43, "admin_id": 46, "judul": "Chikungunya & Demam Berdarah Masih Mengintai", "judul_seo": "chikungunya-demam-berdarah-masih-mengintai", "isi_pengumuman": "", "view_count": 195, "share_count": 0, "word_count": 0, "status": "published", "created_at": "2023-04-10T04:08:06.731Z", "updated_at": "2024-05-22T13:15:13.828Z"}, "m2m": {"photo": [9256]}}, {"condition": {"id": 372}, "defaults": {"site_id": 43, "admin_id": 46, "judul": "Jadwal Posyandu Bulan Maret - Juni 2023", "judul_seo": "jadwal-posyandu-bulan-maret-juni-2023", "isi_pengumuman": "", "view_count": 258, "share_count": 0, "word_count": 0, "status": "published", "created_at": "2023-04-10T04:11:52.855Z", "updated_at": "2024-06-06T09:26:12.552Z"}, "m2m": {"photo": [9257]}}, {"condition": {"id": 380}, "defaults": {"site_id": 43, "admin_id": 46, "judul": "INFO LIBUR LEBARAN & CUTI BERSAMA", "judul_seo": "info-libur-lebaran-cuti-bersama", "isi_pengumuman": "", "view_count": 540, "share_count": 0, "word_count": 0, "status": "published", "created_at": "2023-04-15T04:15:27.785Z", "updated_at": "2024-07-10T04:36:26.752Z"}, "m2m": {"photo": [9322]}}, {"condition": {"id": 411}, "defaults": {"site_id": 43, "admin_id": 46, "judul": "Jadwal Posyandu Bulan April sd Juni 2023", "judul_seo": "jadwal-posyandu-bulan-april-sd-juni-2023", "isi_pengumuman": "", "view_count": 146, "share_count": 0, "word_count": 0, "status": "published", "created_at": "2023-05-10T01:23:42.865Z", "updated_at": "2024-06-03T15:38:36.426Z"}, "m2m": {"photo": [9674]}}, {"condition": {"id": 436}, "defaults": {"site_id": 43, "admin_id": 46, "judul": "Rumah Tunggu Bagi Ibu Melahrkan & Nifas, Gratis", "judul_seo": "rumah-tunggu-bagi-ibu-melahrkan-nifas-gratis", "isi_pengumuman": "", "view_count": 223, "share_count": 0, "word_count": 0, "status": "published", "created_at": "2023-05-28T11:20:27.177Z", "updated_at": "2024-07-10T04:36:43.677Z"}, "m2m": {"photo": [10217, 10218]}}, {"condition": {"id": 450}, "defaults": {"site_id": 43, "admin_id": 46, "judul": "Anak Begitu Berharga, Cegah Polio Dengan Imunisasi IPV 2 Di Posyandu", "judul_seo": "anak-begitu-berharga-cegah-polio-dengan-imunisasi-ipv-2-di-posyandu", "isi_pengumuman": "<p style=\"text-align:justify\">Wabah polio paling luas terjadi pada paruh pertama tahun 1900-an, sampai akhirnya vaksin polio diperkenalkan pada tahun 1955. Pada puncak epidemi polio di tahun 1952, hampir 60.000 kasus dengan lebih dari 3.000 kematian terjadi di Amerika Serikat. Namun, dengan dikeluarkannya anjuran vaksinasi IPV, penyakit polio telah dieliminasi di Amerika Serikat sejak tahun 1979.<br />\r\nPolio adalah penyakit menular, faktanya, polio bisa berakibat fatal dan membahayakan nyawa penderitanya.<br />\r\nUpaya yang dapat dilakukan dengan mencegahnya agar tidak sampai terjadi.<br />\r\n&quot;Inilah mengapa vaksin polio termasuk dalam imunisasi wajib untuk anak,&quot; jelas Dr. Matheus Tatang Puspanjono, Sp.A, Dokter Spesialis Anak RS Pondok Indah &ndash; Pondok Indah dan RS Pondok Indah &ndash; Bintaro Jaya.<br />\r\nPolio itu sendiri merupakan penyakit akibat infeksi&nbsp;virus&nbsp;yang menyerang&nbsp;otak&nbsp;dan sumsum tulang belakang.<br />\r\nKepala Biro Komunikasi dan Pelayanan Publik Kemenkes Siti Nadia Tarmizi mengatakan upaya itu dilakukan sebagai upaya eradikasi sepenuhnya penyakit polio di seluruh Indonesia.<br />\r\npemberian suntik vaksin polio dua kali untuk bayi serentak pada awal 2023 di seluruh Indonesia. Pelaksanaan suntik vaksin polio dua kali itu sesuai Keputusan Direktur Jenderal Pencegahan dan Pengendalian Penyakit Kemenkes RI Nomor HK.02.02/C/4834/2022 tentang Petunjuk Teknis Pelaksanaan Program Introduksi Imunisasi Inactivated Poliovirus Vaccine Dosis Kedua (IPV2) pada 5 Oktober 2022</p>\r\n\r\n<p style=\"text-align:justify\">Referensi :</p>\r\n\r\n<p style=\"text-align:justify\"><span style=\"font-size:8px\">Referensi :&nbsp;<br />\r\n1. https://www.cnnindonesia.com/nasional/20221204085847-20-882532/kemenkes-tetapkan-imunisasi-polio-2-kali-untuk-bayi-mulai-2023/amp</span></p>\r\n\r\n<p style=\"text-align:justify\"><span style=\"font-size:8px\">2. https://www.orami.co.id/magazine/imunisasi-ipv</span></p>\r\n", "view_count": 282, "share_count": 0, "word_count": 185, "status": "published", "created_at": "2023-06-19T13:58:25.394Z", "updated_at": "2024-07-12T01:54:47.959Z"}, "m2m": {"photo": [10971, 10972, 10973]}}, {"condition": {"id": 468}, "defaults": {"site_id": 43, "admin_id": 46, "judul": "Libur Nasional & Cuti Bersama Idul Adha 2023", "judul_seo": "libur-nasional-cuti-bersama-idul-adha-2023", "isi_pengumuman": "", "view_count": 45, "share_count": 0, "word_count": 0, "status": "published", "created_at": "2023-06-27T12:12:44.488Z", "updated_at": "2024-06-03T19:58:50.064Z"}, "m2m": {"photo": [11274]}}, {"condition": {"id": 469}, "defaults": {"site_id": 43, "admin_id": 46, "judul": "PPID: Falsafah UPT Puskesmas Gerung", "judul_seo": "ppid-falsafah-upt-puskesmas-gerung", "isi_pengumuman": "", "view_count": 57, "share_count": 0, "word_count": 0, "status": "published", "created_at": "2023-06-27T12:49:42.505Z", "updated_at": "2024-07-10T04:36:35.085Z"}, "m2m": {"photo": [11275]}}, {"condition": {"id": 470}, "defaults": {"site_id": 43, "admin_id": 46, "judul": "PPID: Janji Layanan UPT Puskesmas Gerung", "judul_seo": "ppid-janji-layanan-upt-puskesmas-gerung", "isi_pengumuman": "", "view_count": 46, "share_count": 0, "word_count": 0, "status": "published", "created_at": "2023-06-27T12:50:50.990Z", "updated_at": "2024-07-10T04:36:35.186Z"}, "m2m": {"photo": [11276]}}, {"condition": {"id": 471}, "defaults": {"site_id": 43, "admin_id": 46, "judul": "PPID: Motto & Tata Nilai UPT Puskesmas Gerung", "judul_seo": "ppid-motto-tata-nilai-upt-puskesmas-gerung", "isi_pengumuman": "", "view_count": 89, "share_count": 0, "word_count": 0, "status": "published", "created_at": "2023-06-27T12:51:58.071Z", "updated_at": "2024-07-10T04:36:43.129Z"}, "m2m": {"photo": [11277]}}, {"condition": {"id": 472}, "defaults": {"site_id": 43, "admin_id": 46, "judul": "PPID: Visi Misi UPT Puskesmas Gerung", "judul_seo": "ppid-visi-misi-upt-puskesmas-gerung", "isi_pengumuman": "", "view_count": 97, "share_count": 0, "word_count": 0, "status": "published", "created_at": "2023-06-27T12:53:49.682Z", "updated_at": "2024-07-10T04:36:42.812Z"}, "m2m": {"photo": [11278]}}, {"condition": {"id": 473}, "defaults": {"site_id": 43, "admin_id": 46, "judul": "PPID: Kewajiban Pasien UPT Puskesmas Gerung", "judul_seo": "ppid-kewajiban-pasien-upt-puskesmas-gerung", "isi_pengumuman": "", "view_count": 157, "share_count": 0, "word_count": 0, "status": "published", "created_at": "2023-06-27T12:56:09.994Z", "updated_at": "2024-07-10T04:36:43.177Z"}, "m2m": {"photo": [11279]}}, {"condition": {"id": 474}, "defaults": {"site_id": 43, "admin_id": 46, "judul": "PPID: Hak Pasien UPT Puskesmas Gerung", "judul_seo": "ppid-hak-pasien-upt-puskesmas-gerung", "isi_pengumuman": "", "view_count": 208, "share_count": 0, "word_count": 0, "status": "published", "created_at": "2023-06-27T12:58:04.276Z", "updated_at": "2024-07-02T17:04:26.033Z"}, "m2m": {"photo": [11280]}}, {"condition": {"id": 477}, "defaults": {"site_id": 43, "admin_id": 46, "judul": "Selamat Hari Raya Idul Adha 1444 H / 2023 M", "judul_seo": "selamat-hari-raya-idul-adha-1444-h-2023-m", "isi_pengumuman": "", "view_count": 168, "share_count": 0, "word_count": 0, "status": "published", "created_at": "2023-06-28T13:26:06.021Z", "updated_at": "2024-06-26T21:50:16.697Z"}, "m2m": {"photo": [11290]}}, {"condition": {"id": 522}, "defaults": {"site_id": 43, "admin_id": 46, "judul": "Info Libur Pelayanan Tahun Baru Islam 1445 H/2023 M", "judul_seo": "info-libur-pelayanan-tahun-baru-islam-1445-h-2023-m", "isi_pengumuman": "<p>Momen tahun baru Islam, kita jadikan momen untuk bermuhasabah diri, memperkokoh rasa persatuan dan persaudaraan, semangat menyongsong tahun baru Islam 1445 H, semoga kita senantiasa diberikan kesehatan dan keselamatan.</p>", "view_count": 673, "share_count": 0, "word_count": 28, "status": "published", "created_at": "2023-07-18T05:08:51.941Z", "updated_at": "2024-07-07T10:12:30.775Z"}, "m2m": {"photo": [11785]}}, {"condition": {"id": 631}, "defaults": {"site_id": 43, "admin_id": 46, "judul": "Daftar Nama RS Rujukan", "judul_seo": "daftar-nama-rs-rujukan", "isi_pengumuman": "", "view_count": 996, "share_count": 0, "word_count": 0, "status": "published", "created_at": "2023-08-14T11:13:20.158Z", "updated_at": "2024-07-11T23:59:09.944Z"}, "m2m": {"photo": [12585]}}, {"condition": {"id": 637}, "defaults": {"site_id": 43, "admin_id": 46, "judul": "Cegah Diare Berat Pada Si Kecil Dengan Imunisasi Rotavirus", "judul_seo": "cegah-diare-berat-pada-si-kecil-dengan-imunisasi-rotavirus", "isi_pengumuman": "<p style=\"margin-left:0px;\">Diare adalah penyakit yang umum terjadi, tapi masih menjadi penyebab banyak kematian anak di seluruh dunia. Ayah bunda, seorang anak dikatakan mengalami diare jika terjadi perubahan dalam frekuensi Buang Air Besar (BAB) lebih dari 3 kali dalam 24 jam, dan perubahan konsistensi (bentuk) feses/kotoran anak menjadi lebih cair.</p><p style=\"margin-left:0px;\">Ayah bunda jangan menganggap remeh jika sikecil mengalami diare. Anak yang sedang diare terkadang tidak nafsu makan dan mual sehingga asupan cairan yang masuk ke dalam tubuh berkurang dan anak menjadi lemas. Air yang keluar melalui diare juga membuat cairan dan elektrolit dalam tubuh banyak terbuang, terlebih jika anak muntah-muntah. Dibandingkan orang tua, anak lebih rentan mengalami dehidrasi (kekurangan cairan). Jika tidak segera ditangani, dehidrasi berat bisa sampai menyebabkan penurunan kesadaran, kejang, bahkan kematian. Jika anak sudah jatuh dalam kondisi dehidrasi berat dan sesegera mungkin butuh penanganan di IGD.</p><p style=\"margin-left:0px;\">Sebagian besar diare pada anak disebabkan oleh infeksi virus. Selain itu bisa juga akibat infeksi bakteri, parasit, alergi, keracunan, intoleransi, dan efek samping obat. Diare akibat infeksi virus bisa sembuh tanpa antibiotik namun dengan catatan jika sistem imun anak cukup kuat.</p><p style=\"margin-left:0px;\">Pemberian imunisasi tetes Rotavirus bermanfaat untuk mencegah diare pada anak yang disebabkan oleh Rotavirus.&nbsp;</p>", "view_count": 453, "share_count": 0, "word_count": 182, "status": "published", "created_at": "2023-08-16T03:55:13.893Z", "updated_at": "2024-07-11T06:21:38.334Z"}, "m2m": {"photo": [12709, 12710]}}, {"condition": {"id": 659}, "defaults": {"site_id": 43, "admin_id": 46, "judul": "Cegas Kanker Serviks, Anak Sekolah Imunisasi HPV", "judul_seo": "cegas-kanker-serviks-anak-sekolah-imunisasi-hpv", "isi_pengumuman": "", "view_count": 808, "share_count": 0, "word_count": 0, "status": "published", "created_at": "2023-08-18T11:07:45.283Z", "updated_at": "2024-07-11T13:20:42.765Z"}, "m2m": {"photo": [12830, 12831, 12832]}}, {"condition": {"id": 703}, "defaults": {"site_id": 43, "admin_id": 46, "judul": "Dapatkan Vitamin A di bulan Oktober ini di Posyandu", "judul_seo": "dapatkan-vitamin-a-di-bulan-oktober-ini-di-posyandu", "isi_pengumuman": "", "view_count": 1261, "share_count": 0, "word_count": 0, "status": "published", "created_at": "2023-10-05T05:44:15.364Z", "updated_at": "2024-07-11T04:13:03.227Z"}, "m2m": {"photo": [13436]}}, {"condition": {"id": 704}, "defaults": {"site_id": 43, "admin_id": 46, "judul": "Temu Kangen Aksi Solidaritas 255 Kader Kesehatan Gerung Cegah Stunting ", "judul_seo": "temu-kangen-aksi-solidaritas-255-kader-kesehatan-gerung-cegah-stunting", "isi_pengumuman": "", "view_count": 1786, "share_count": 0, "word_count": 0, "status": "published", "created_at": "2023-10-05T05:48:19.294Z", "updated_at": "2024-07-11T20:59:35.309Z"}, "m2m": {"photo": [13442]}}, {"condition": {"id": 709}, "defaults": {"site_id": 43, "admin_id": 46, "judul": "Kini USG sudah ada di Puskesmas Gerung", "judul_seo": "kini-usg-sudah-ada-di-puskesmas-gerung", "isi_pengumuman": "", "view_count": 869, "share_count": 0, "word_count": 0, "status": "published", "created_at": "2023-10-13T00:27:41.028Z", "updated_at": "2024-07-08T16:22:36.029Z"}, "m2m": {"photo": [13531]}}, {"condition": {"id": 757}, "defaults": {"site_id": 43, "admin_id": 46, "judul": "Puskesmas Gerung Buka Layanan USG", "judul_seo": "puskesmas-gerung-buka-layanan-usg", "isi_pengumuman": "", "view_count": 1346, "share_count": 0, "word_count": 0, "status": "published", "created_at": "2024-01-16T03:14:00.306Z", "updated_at": "2024-07-11T20:24:44.455Z"}, "m2m": {"photo": [15059]}}, {"condition": {"id": 758}, "defaults": {"site_id": 43, "admin_id": 46, "judul": "Kini Persalinan ditangani Dokter, Bidan Perawat", "judul_seo": "kini-persalinan-ditangani-dokter-bidan-perawat", "isi_pengumuman": "", "view_count": 1016, "share_count": 0, "word_count": 0, "status": "published", "created_at": "2024-01-16T03:14:40.458Z", "updated_at": "2024-07-11T20:00:41.813Z"}, "m2m": {"photo": [15060]}}, {"condition": {"id": 805}, "defaults": {"site_id": 43, "admin_id": 46, "judul": "Info Libur Nasional & Cuti Bersama", "judul_seo": "info-libur-nasional-cuti-bersama", "isi_pengumuman": "", "view_count": 1805, "share_count": 0, "word_count": 0, "status": "published", "created_at": "2024-03-14T02:32:56.741Z", "updated_at": "2024-07-12T01:36:17.902Z"}, "m2m": {"photo": [17634]}}]