[{"condition": {"id": 147}, "defaults": {"site_id": 51, "admin_id": 69, "judul": "Pelayanan Dalam Gedung Puskesmas Banyumulek", "judul_seo": "pelayanan-dalam-gedung-puskesmas-banyumulek", "isi_pengumuman": "", "view_count": 50, "share_count": 0, "word_count": 0, "status": "published", "created_at": "2022-07-23T13:26:07.012Z", "updated_at": "2024-07-10T21:50:42.093Z"}, "m2m": {"photo": [3159]}}, {"condition": {"id": 151}, "defaults": {"site_id": 51, "admin_id": 69, "judul": "JADWAL P3K PUSKESMAS BANYUMULEK", "judul_seo": "jadwal-p3k-puskesmas-banyumulek", "isi_pengumuman": "<p>Dalam Rangka Kejuaraan Futsal Piala Bupati Lombok Barat di GOR Mini Gerung</p>", "view_count": 78, "share_count": 0, "word_count": 12, "status": "published", "created_at": "2022-07-26T13:12:41.741Z", "updated_at": "2024-07-09T12:58:51.815Z"}, "m2m": {"photo": [3303]}}, {"condition": {"id": 161}, "defaults": {"site_id": 51, "admin_id": 69, "judul": "inovasi Puskesmas Banyumulek", "judul_seo": "inovasi-puskesmas-banyumulek", "isi_pengumuman": "<p>Kios Adminduk (Kerjasama Disdukcapil dengan Puskesmas Banyumulek)</p>\r\n", "view_count": 83, "share_count": 0, "word_count": 7, "status": "published", "created_at": "2022-08-02T14:42:43.072Z", "updated_at": "2024-07-09T12:58:46.466Z"}, "m2m": {"photo": [3714]}}, {"condition": {"id": 168}, "defaults": {"site_id": 51, "admin_id": 69, "judul": "Jadwal Pemeriksaan Berkala Anak Sekolah Puskesmas Banyumulek", "judul_seo": "jadwal-pemeriksaan-berkala-anak-sekolah-puskesmas-banyumulek", "isi_pengumuman": "", "view_count": 131, "share_count": 0, "word_count": 0, "status": "published", "created_at": "2022-08-06T18:38:00.431Z", "updated_at": "2024-07-11T16:13:52.693Z"}, "m2m": {"photo": [3941]}}, {"condition": {"id": 195}, "defaults": {"site_id": 51, "admin_id": 69, "judul": "Inovasi Puskeamas Banyumulek ", "judul_seo": "inovasi-puskeamas-banyumulek", "isi_pengumuman": "", "view_count": 893, "share_count": 0, "word_count": 0, "status": "published", "created_at": "2022-09-02T19:13:35.565Z", "updated_at": "2024-07-09T18:46:27.287Z"}, "m2m": {"photo": [5107]}}, {"condition": {"id": 201}, "defaults": {"site_id": 51, "admin_id": 69, "judul": "HARI KESEHATAN GIGI NASIONAL ", "judul_seo": "hari-kesehatan-gigi-nasional", "isi_pengumuman": "<p><a href=\"https://www.facebook.com/104444035328036/posts/185966560509116/?app=fbl\">https://www.facebook.com/104444035328036/posts/185966560509116/?app=fbl</a></p>\r\n", "view_count": 729, "share_count": 0, "word_count": 0, "status": "published", "created_at": "2022-09-10T11:24:17.793Z", "updated_at": "2024-07-11T16:12:28.229Z"}, "m2m": {"photo": [5370, 5371]}}, {"condition": {"id": 340}, "defaults": {"site_id": 51, "admin_id": 69, "judul": "PENGUMUMAN LIBUR TAHUN BARU IMLEK", "judul_seo": "pengumuman-libur-tahun-baru-imlek", "isi_pengumuman": "", "view_count": 816, "share_count": 0, "word_count": 0, "status": "published", "created_at": "2023-01-21T23:45:49.485Z", "updated_at": "2024-07-11T16:17:03.811Z"}, "m2m": {"photo": [8575]}}]