[{"condition": {"id": 117}, "defaults": {"site_id": 58, "admin_id": 76, "judul": "AyOo Melahirkan di Faskes Pelangan Dan Poskesdes Terdekat, Bayi Anda Sehat Pulang Dapat Akte Gratis !!!", "judul_seo": "ayoo-melahirkan-di-faskes-pelangan-dan-poskesdes-terdekat-bayi-anda-sehat-pulang-dapat-akte-gratis", "isi_pengumuman": "<p>Hallo Sahabat Sehat.<br />\r\nKali ini admin Berbagi Info ya !</p>\r\n\r\n<p>Yuk...!<br />\r\nBagi Masyarakat Sekitar Yang Punya Ibu Hamil, &nbsp;Mari Datang Melahirkan Di Fasilitas Layanan Kesehatan Puskesmas Pelangan dan Poskesdes - Poskesdes Terdekat.<br />\r\nAda Bonus nya :&nbsp;<br />\r\n1. Dapat Akta Lahir dan KK baru&nbsp;<br />\r\n2. BPJS Bayi.</p>\r\n\r\n<p>Ayo Jangan Ketinggalan.&nbsp;<br />\r\n&quot;Melahirkan Sehat, Data Keluarga Lengkap dan Sejahtera&quot;</p>\r\n\r\n<p>Hub : 0817373700 (dr. Davin)</p>", "view_count": 40, "share_count": 0, "word_count": 54, "status": "published", "created_at": "2022-06-30T11:40:11.158Z", "updated_at": "2024-07-02T06:49:15.118Z"}, "m2m": {"photo": [2262, 2263, 2264]}}, {"condition": {"id": 121}, "defaults": {"site_id": 58, "admin_id": 76, "judul": "LAYANAN PRIMA PADA PEYANDANG DISABILITAS", "judul_seo": "layanan-prima-pada-peyandang-disabilitas", "isi_pengumuman": "<p>Puskesmas pelangan memberikan pelayanan prima kepada kelompok masyarakat kategori keterbatasan fisik/Penyandang Disabilitas. Puskesmas pelanganTerdepan Dalam Aksesbiliti.</p>\r\n\r\n<p>#Pelangan_Menuju_Paripurna</p>\r\n", "view_count": 51, "share_count": 0, "word_count": 15, "status": "published", "created_at": "2022-07-02T11:35:28.582Z", "updated_at": "2024-07-02T21:46:45.036Z"}, "m2m": {"photo": [2354, 2355]}}, {"condition": {"id": 131}, "defaults": {"site_id": 58, "admin_id": 76, "judul": "PENGUMUMAN AGENDA ZOOM MEETING STRATEGI KOMUNIKASI 2022 - 2025", "judul_seo": "pengumuman-agenda-zoom-meeting-strategi-komunikasi-2022-2025", "isi_pengumuman": "<p>Hi, Healthies<br />\r\nAda yang baru nih... Strategi Komunikasi Imunisasi 2022-2025 akan dilaunching pada Selasa, 19 Juli 2022. Kira-kira apa sih bedanya dengan strategi komunikasi sebelumnya? Biar ngga makin penasaran, langsung aja catat tanggalnya, dan pastikan untuk join tepat waktu ya.</p>\r\n\r\n<p>#BIAN2022 #ayoimunisasi #promkes</p>\r\n\r\n<p>&nbsp;</p>\r\n\r\n<p><img alt=\"\" src=\"/media/uploads/puskesmaspelanganlobar/2022/07/19/49ac86f1-164e-44c2-8276-addd45205cc8_WXJRWux.jpg\" style=\"height:583px; width:500px\" /></p>\r\n", "view_count": 51, "share_count": 0, "word_count": 38, "status": "published", "created_at": "2022-07-19T12:47:03.285Z", "updated_at": "2024-07-04T17:24:29.330Z"}, "m2m": {"photo": [2917]}}, {"condition": {"id": 132}, "defaults": {"site_id": 58, "admin_id": 76, "judul": "UPDATE STATUS WARNA BARU DI PEDULI.LINDUNGI.ID", "judul_seo": "update-status-warna-baru-di-peduli-lindungi-id", "isi_pengumuman": "<p>Repost @pedulilindungi.id&nbsp;</p>\r\n\r\n<p>Hi #Healthies,</p>\r\n\r\n<p>Mulai hari ini (17 Juli), ada perubahan status warna di PeduliLindungi.</p>\r\n\r\n<p>Status warna HIJAU akan muncul di aplikasi jika kamu telah menerima vaksin booster (usia 18 tahun keatas) atau melengkapi dosis primer (usia 6-17 tahun), memiliki hasil tes antigen (1x24 jam) atau PCR (3x24 jam) negatif, atau sudah vaksinasi lengkap dan sembuh dari Covid-19 kurang dari 90 hari.</p>\r\n\r\n<p>Status KUNING untuk kamu yang telah melengkapi dosis vaksin primer (usia 18 tahun ke atas) atau dosis pertama (usia 6-17 tahun). Sementara status MERAH bagi yang baru vaksinasi dosis pertama (usia 18 tahun ke atas) atau belum pernah vaksinasi.</p>\r\n\r\n<p>Yuk, HIJAUkan PeduliLindungi kamu agar bisa beraktivitas lebih aman dan nyaman.</p>\r\n\r\n<p>@kemenkes_ri @pusdatinkemkes @dtokemkes<br />\r\n#PeduliLindungi</p>\r\n", "view_count": 51, "share_count": 0, "word_count": 104, "status": "published", "created_at": "2022-07-19T12:49:11.554Z", "updated_at": "2024-07-02T06:49:12.231Z"}, "m2m": {"photo": [2918]}}, {"condition": {"id": 223}, "defaults": {"site_id": 58, "admin_id": 76, "judul": "Alur Layanan Posyandu Keluarga ", "judul_seo": "alur-layanan-posyandu-keluarga", "isi_pengumuman": "<p>Yuk datang ke Posyandu Keluarga</p>\r\n", "view_count": 276, "share_count": 0, "word_count": 5, "status": "published", "created_at": "2022-09-27T13:45:20.508Z", "updated_at": "2024-07-02T06:49:46.335Z"}, "m2m": {"photo": [6070]}}, {"condition": {"id": 224}, "defaults": {"site_id": 58, "admin_id": 76, "judul": "YUK CEGAH  DBD DENGAN GERAKAN 3M PLUS", "judul_seo": "yuk-cegah-dbd-dengan-gerakan-3m-plus", "isi_pengumuman": "<p>Sehat mulai dari Kita&nbsp; sendir, Yuk Cegah DBD&nbsp;</p>\r\n", "view_count": 226, "share_count": 0, "word_count": 8, "status": "published", "created_at": "2022-09-27T14:12:11.414Z", "updated_at": "2024-07-02T06:49:41.586Z"}, "m2m": {"photo": [6071, 6072, 6073]}}, {"condition": {"id": 225}, "defaults": {"site_id": 58, "admin_id": 76, "judul": "Lokakarya mini Lintas sektoral dalam percepatan penurunan Stunting Di Kecamatan Sekotong ", "judul_seo": "lokakarya-mini-lintas-sektoral-dalam-percepatan-penurunan-stunting-di-kecamatan-sekotong", "isi_pengumuman": "<p>Pertemuan Lokakarya mini lintas sektoral dalam percepatan penurunan Stunting</p>\r\n", "view_count": 190, "share_count": 0, "word_count": 9, "status": "published", "created_at": "2022-09-27T14:18:03.132Z", "updated_at": "2024-07-02T06:49:39.536Z"}, "m2m": {"photo": [6074, 6075, 6076]}}, {"condition": {"id": 226}, "defaults": {"site_id": 58, "admin_id": 76, "judul": "Sejumlah Kader Posyandu  Dilatih PMBA Cegah Stunting ", "judul_seo": "sejumlah-kader-posyandu-dilatih-pmba-cegah-stunting", "isi_pengumuman": "<p>Salah satu upaya intervensi adalah melalui pelatihan PMBA ini. Tujuannya adalah untuk membekali tenaga kesehatan dengan pengetahuan, keterampilan dan termasuk praktek pemberian makan pada bayi serta ibu hamil secara optimal yang difokuskan pada pemantuan pertumbuhan, pemberian asi dan pemberian makanan pendamping asi. Sehingga diharapkan nantinya para peserta yang mengikuti pelatihan dapat menyampaikan informasi tersebut kepada kader-kader yang ada di posyandu. Kegiatan ini lah yang dilaksanakan. Tim Gizi dan Promkes Puskesmas Pelangan</p>\r\n\r\n<p>Salam sehat</p>\r\n", "view_count": 168, "share_count": 0, "word_count": 72, "status": "published", "created_at": "2022-09-27T20:25:57.740Z", "updated_at": "2024-07-10T21:48:00.050Z"}, "m2m": {"photo": [6098, 6099, 6100]}}, {"condition": {"id": 227}, "defaults": {"site_id": 58, "admin_id": 76, "judul": "PELATIHAN PMBA SEBAGAI UPAYA PENINGKATAN SDM KADER DALAM PENCEGAHAN STUNTING ", "judul_seo": "pelatihan-pmba-sebagai-upaya-peningkatan-sdm-kader-dalam-pencegahan-stunting", "isi_pengumuman": "<p>Pemberian Makan Bayi dan Anak (PMBA) fokus pada 1000 HPK. Mulai dari bayi di dalam kandungan hingga anak berusia 2 tahun. &nbsp; Acara ini dibuka oleh Kepala Puskesmas Pelangan. Dilanjutkan dengan Materi oleh Narasumber/Fasilitator PMBA oleh I Nyoman Kondre, AMGZ, KAP oleh Ari Wiwit Widiatmanto, S.KM, Pohon Harapan dan Pengetian PMBA oleh Juniarti Ningsih dkk .Tujuan Pelatihan adalah peserta mampu memahami konsep PMBA, peserta mampu menjelaskan pentingnya PMBA, peserta mampu menjelaskan Situasi Umum yang mempengaruhi PMBA.</p>\r\n\r\n<p>Dihari pertama materi tentang konsep PMBA, Gizi Seimbang,&nbsp; Pengenalan Kader, KAP, dan Kesehatan Ibu. Peserta diajak berdiskusi tentang mitos dan fakta seputar PMBA. Peserta juga mempresentasikan makanan untuk anak usia 6 bulan, 6-9 bulan, 9-12 bulan, 12-24 bulan, ibu hamil dan ibu menyusui. Pelatihan&nbsp; juga&nbsp; Program Bina suasan, dan permainan lagu-lagu yang sehingga mudah diingat dan tidak membosankan.</p>\r\n\r\n<p>Editor :Mas ari</p>\r\n", "view_count": 202, "share_count": 0, "word_count": 127, "status": "published", "created_at": "2022-09-27T21:19:41.433Z", "updated_at": "2024-07-10T21:47:54.816Z"}, "m2m": {"photo": [6104, 6105, 6106]}}, {"condition": {"id": 228}, "defaults": {"site_id": 58, "admin_id": 76, "judul": "Potret Apel Rutin Pegawai Puskesmas Pelangan ", "judul_seo": "potret-apel-rutin-pegawai-puskesmas-pelangan", "isi_pengumuman": "<p>Apel rutin pegawai Puskesmas Pelangan Membagi tugas atas PJ dan koordinator program.</p>\r\n", "view_count": 255, "share_count": 0, "word_count": 12, "status": "published", "created_at": "2022-09-28T13:35:01.338Z", "updated_at": "2024-07-10T21:47:55.425Z"}, "m2m": {"photo": [6159, 6160]}}, {"condition": {"id": 229}, "defaults": {"site_id": 58, "admin_id": 76, "judul": "Potret Pertemuan hari kedua sosialisasi Kesehatan Bagi Pekerja Perempuan ", "judul_seo": "potret-pertemuan-hari-kedua-sosialisasi-kesehatan-bagi-pekerja-perempuan", "isi_pengumuman": "", "view_count": 241, "share_count": 0, "word_count": 0, "status": "published", "created_at": "2022-09-28T13:36:56.476Z", "updated_at": "2024-07-10T21:47:59.068Z"}, "m2m": {"photo": [6161]}}, {"condition": {"id": 230}, "defaults": {"site_id": 58, "admin_id": 76, "judul": "Potret Pertemuan Zoom Metting Pelatihan TGC TK Provinsi NTB", "judul_seo": "potret-pertemuan-zoom-metting-pelatihan-tgc-tk-provinsi-ntb", "isi_pengumuman": "<p>Puskesmas Pelangan mengikuti Zoom Metting Tim Gerak Cepat penanggulangan Wabah Penyakit TK Provinsi dalam hal ini diwakili oleh Ari Wiwit Widiatmanto, I Wayan Sabdiartha dan Baiq Ade Winarni</p>\r\n", "view_count": 205, "share_count": 0, "word_count": 28, "status": "published", "created_at": "2022-09-28T13:40:11.718Z", "updated_at": "2024-07-02T06:49:35.650Z"}, "m2m": {"photo": [6164, 6165]}}, {"condition": {"id": 231}, "defaults": {"site_id": 58, "admin_id": 76, "judul": "Potret Kegiatan Pertemuan Hari Ke 2 Pelatihan PMBA bagi Kader Posyandu ", "judul_seo": "potret-kegiatan-pertemuan-hari-ke-2-pelatihan-pmba-bagi-kader-posyandu", "isi_pengumuman": "", "view_count": 329, "share_count": 0, "word_count": 0, "status": "published", "created_at": "2022-09-28T13:41:42.258Z", "updated_at": "2024-07-02T06:49:35.760Z"}, "m2m": {"photo": [6166]}}, {"condition": {"id": 232}, "defaults": {"site_id": 58, "admin_id": 76, "judul": "Potret kegiatan apel pagi rutin.", "judul_seo": "potret-kegiatan-apel-pagi-rutin", "isi_pengumuman": "<p>Apel rutin pegawai Puskesmas Pelangan Membagi tugas atas PJ dan koordinator program.</p>", "view_count": 225, "share_count": 0, "word_count": 12, "status": "published", "created_at": "2022-09-29T08:39:15.655Z", "updated_at": "2024-07-10T21:47:55.800Z"}, "m2m": {"photo": [6206]}}, {"condition": {"id": 233}, "defaults": {"site_id": 58, "admin_id": 76, "judul": "POTRET KEGIATAN LOKAKARYAMINI LINTAS SEKTORAL TRIBULANAN III", "judul_seo": "potret-kegiatan-lokakaryamini-lintas-sektoral-tribulanan-iii", "isi_pengumuman": "<p>Lokakaryamini Lintas Sektoral Tribulanan III dilaksanakan di Pantai Elak-elak Sekotong Barat pada hari kamis, 29 September 2022, dengan pokok bahasan peningkatan peran lintas sektoral dalam mendukung program kesehatan nasioanal.</p>\r\n", "view_count": 238, "share_count": 0, "word_count": 26, "status": "published", "created_at": "2022-09-29T12:26:17.600Z", "updated_at": "2024-07-10T21:47:56.921Z"}, "m2m": {"photo": [6219, 6220, 6221]}}, {"condition": {"id": 234}, "defaults": {"site_id": 58, "admin_id": 76, "judul": "POTRET KEGIATAN PERTEMUAN SOSIALISASI PERATURAN DAERAH TENTANG KAWASAN TANPA ROKOK DI KABUPATEN LOMBOK BARAT", "judul_seo": "potret-kegiatan-pertemuan-sosialisasi-peraturan-daerah-tentang-kawasan-tanpa-rokok-di-kabupaten-lombok-barat", "isi_pengumuman": "<p>Petemuan sosialisasi Perda KTR, berlokasikan di&nbsp;Resto ujung landasan pada hari kamis 29 September 2022&nbsp; &nbsp; &nbsp;selaku Narasumber : Kepala Bidang Pelayanan Kesehatan, Sekertaris Dinas Kesehatan dan koordinator P2PTM di Dinas Kesehatan Lombok Barat,&nbsp; Tujuan Kegiatan :Menurunkan angka kesakitan dan angka kematian akibat asap rokok dengan cara merubah prilaku masyarakat untuk hidup sehat, menurunkan angka perokok dan mencegah perokok pemula.</p>\r\n", "view_count": 223, "share_count": 0, "word_count": 55, "status": "published", "created_at": "2022-09-29T12:35:48.197Z", "updated_at": "2024-07-10T21:47:57.958Z"}, "m2m": {"photo": [6222]}}, {"condition": {"id": 235}, "defaults": {"site_id": 58, "admin_id": 76, "judul": "CARA MENGHINDARI SETRES ", "judul_seo": "cara-menghindari-setres", "isi_pengumuman": "", "view_count": 343, "share_count": 0, "word_count": 0, "status": "published", "created_at": "2022-09-30T11:30:27.045Z", "updated_at": "2024-07-10T19:27:06.382Z"}, "m2m": {"photo": [6249]}}, {"condition": {"id": 236}, "defaults": {"site_id": 58, "admin_id": 76, "judul": "LINDUNGI KESEHATAN JIWA ANDA", "judul_seo": "lindungi-kesehatan-jiwa-anda", "isi_pengumuman": "", "view_count": 139, "share_count": 0, "word_count": 0, "status": "published", "created_at": "2022-09-30T11:33:50.577Z", "updated_at": "2024-07-10T21:47:54.345Z"}, "m2m": {"photo": [6250]}}, {"condition": {"id": 237}, "defaults": {"site_id": 58, "admin_id": 76, "judul": "YUK IKUTI CARA ATASI STRES DAN KESEHATAN JIWA ANDA", "judul_seo": "yuk-ikuti-cara-atasi-stres-dan-kesehatan-jiwa-anda", "isi_pengumuman": "", "view_count": 166, "share_count": 0, "word_count": 0, "status": "published", "created_at": "2022-09-30T11:36:23.187Z", "updated_at": "2024-07-10T21:48:00.524Z"}, "m2m": {"photo": [6254]}}, {"condition": {"id": 238}, "defaults": {"site_id": 58, "admin_id": 76, "judul": "ANDA DARAH TINGGI,,YUK IKUTI TIPS INI", "judul_seo": "anda-darah-tinggi-yuk-ikuti-tips-ini", "isi_pengumuman": "", "view_count": 119, "share_count": 0, "word_count": 0, "status": "published", "created_at": "2022-09-30T11:38:40.900Z", "updated_at": "2024-07-02T06:49:31.122Z"}, "m2m": {"photo": [6255]}}, {"condition": {"id": 239}, "defaults": {"site_id": 58, "admin_id": 76, "judul": "MARI MENARI \"MERABA NADI SENDIRI\"", "judul_seo": "mari-menari-meraba-nadi-sendiri", "isi_pengumuman": "", "view_count": 49, "share_count": 0, "word_count": 0, "status": "published", "created_at": "2022-09-30T22:44:02.079Z", "updated_at": "2024-07-04T17:29:24.474Z"}, "m2m": {"photo": [6272]}}, {"condition": {"id": 240}, "defaults": {"site_id": 58, "admin_id": 76, "judul": "7 HAL SEDERHANA MENJAGA KESEHATAN JANTUNG", "judul_seo": "7-hal-sederhana-menjaga-kesehatan-jantung", "isi_pengumuman": "", "view_count": 64, "share_count": 0, "word_count": 0, "status": "published", "created_at": "2022-09-30T22:45:28.420Z", "updated_at": "2024-07-02T06:49:31.490Z"}, "m2m": {"photo": [6273]}}, {"condition": {"id": 241}, "defaults": {"site_id": 58, "admin_id": 76, "judul": "GEMUK? OBESITAS? YUK IKUTI SARAN BERIKUT INI", "judul_seo": "gemuk-obesitas-yuk-ikuti-saran-berikut-ini", "isi_pengumuman": "", "view_count": 51, "share_count": 0, "word_count": 0, "status": "published", "created_at": "2022-09-30T22:46:58.066Z", "updated_at": "2024-07-04T17:30:27.813Z"}, "m2m": {"photo": [6274]}}, {"condition": {"id": 242}, "defaults": {"site_id": 58, "admin_id": 76, "judul": "MARI PERBANYAK AKTIFITAS FISIK", "judul_seo": "mari-perbanyak-aktifitas-fisik", "isi_pengumuman": "", "view_count": 52, "share_count": 0, "word_count": 0, "status": "published", "created_at": "2022-09-30T22:48:16.800Z", "updated_at": "2024-07-02T06:49:28.293Z"}, "m2m": {"photo": [6275]}}, {"condition": {"id": 243}, "defaults": {"site_id": 58, "admin_id": 76, "judul": "HINDARI DEHIDRASI DENGAN MINUM AIR PUTIH YANG CUKUP", "judul_seo": "hindari-dehidrasi-dengan-minum-air-putih-yang-cukup", "isi_pengumuman": "", "view_count": 55, "share_count": 0, "word_count": 0, "status": "published", "created_at": "2022-09-30T22:53:19.824Z", "updated_at": "2024-07-02T06:49:29.965Z"}, "m2m": {"photo": [6276]}}, {"condition": {"id": 244}, "defaults": {"site_id": 58, "admin_id": 76, "judul": "FAKTA JALAN KAKI", "judul_seo": "fakta-jalan-kaki", "isi_pengumuman": "", "view_count": 51, "share_count": 0, "word_count": 0, "status": "published", "created_at": "2022-09-30T22:57:19.853Z", "updated_at": "2024-07-04T19:23:00.972Z"}, "m2m": {"photo": [6277]}}, {"condition": {"id": 245}, "defaults": {"site_id": 58, "admin_id": 76, "judul": "SESULIT ITUKAH BERHENTI MEROKOK???", "judul_seo": "sesulit-itukah-berhenti-merokok", "isi_pengumuman": "", "view_count": 246, "share_count": 0, "word_count": 0, "status": "published", "created_at": "2022-09-30T22:58:11.596Z", "updated_at": "2024-07-04T17:30:28.004Z"}, "m2m": {"photo": [6278]}}, {"condition": {"id": 246}, "defaults": {"site_id": 58, "admin_id": 76, "judul": "BEGINI TANDA -TANDA TUBUH DEHIDRASI", "judul_seo": "begini-tanda-tanda-tubuh-dehidrasi", "isi_pengumuman": "", "view_count": 322, "share_count": 0, "word_count": 0, "status": "published", "created_at": "2022-09-30T23:00:39.528Z", "updated_at": "2024-07-02T06:49:32.269Z"}, "m2m": {"photo": [6279]}}, {"condition": {"id": 247}, "defaults": {"site_id": 58, "admin_id": 76, "judul": "BIASAKAN LATIHAN FISIK UNTUK TERHINDAR DARI PTM", "judul_seo": "biasakan-latihan-fisik-untuk-terhindar-dari-ptm", "isi_pengumuman": "", "view_count": 121, "share_count": 0, "word_count": 0, "status": "published", "created_at": "2022-09-30T23:02:20.108Z", "updated_at": "2024-07-02T06:49:35.649Z"}, "m2m": {"photo": [6280]}}, {"condition": {"id": 248}, "defaults": {"site_id": 58, "admin_id": 76, "judul": "PERSIAPAN UNTUK BERHENTI MEROKOK", "judul_seo": "persiapan-untuk-berhenti-merokok", "isi_pengumuman": "", "view_count": 145, "share_count": 0, "word_count": 0, "status": "published", "created_at": "2022-09-30T23:04:23.237Z", "updated_at": "2024-07-04T17:30:08.835Z"}, "m2m": {"photo": [6281]}}, {"condition": {"id": 249}, "defaults": {"site_id": 58, "admin_id": 76, "judul": "UPT Puskesmas Pelangan Mengucapkan Selamat Hari Kesaktiaan Pancasila 1 Oktober 2022", "judul_seo": "upt-puskesmas-pelangan-mengucapkan-selamat-hari-kesaktiaan-pancasila-1-oktober-2022", "isi_pengumuman": "<p>TUMBUHKAN SEMANGAT JUANG DALAM JIWA PEMUDA UNTUK KEUTUHAN BANGSA DAN NEGARA</p>\r\n", "view_count": 215, "share_count": 0, "word_count": 11, "status": "published", "created_at": "2022-10-01T10:07:55.899Z", "updated_at": "2024-05-31T05:22:33.121Z"}, "m2m": {"photo": [6285]}}, {"condition": {"id": 250}, "defaults": {"site_id": 58, "admin_id": 76, "judul": "SELAMAT HARI KESAKTIAN PANCASILA", "judul_seo": "selamat-hari-kesaktian-pancasila", "isi_pengumuman": "", "view_count": 275, "share_count": 0, "word_count": 0, "status": "published", "created_at": "2022-10-01T10:09:45.242Z", "updated_at": "2024-07-02T06:49:47.010Z"}, "m2m": {"photo": [6286]}}, {"condition": {"id": 251}, "defaults": {"site_id": 58, "admin_id": 76, "judul": "KARYAWAN DAN KARYAWATI UPT PUSKESMAS PELANGAN MENGUCAPKAN SELAMAT HARI KESAKTIAN PANCASILA", "judul_seo": "karyawan-dan-karyawati-upt-puskesmas-pelangan-mengucapkan-selamat-hari-kesaktian-pancasila", "isi_pengumuman": "", "view_count": 251, "share_count": 0, "word_count": 0, "status": "published", "created_at": "2022-10-01T10:11:26.097Z", "updated_at": "2024-07-02T06:49:27.208Z"}, "m2m": {"photo": [6287, 6288]}}, {"condition": {"id": 252}, "defaults": {"site_id": 58, "admin_id": 76, "judul": "Potret Kegiatan  Pelatihan kegawat daruratan medik  dalam rangka persiapan event2 olahraga di NTB", "judul_seo": "potret-kegiatan-pelatihan-kegawat-daruratan-medik-dalam-rangka-persiapan-event2-olahraga-di-ntb", "isi_pengumuman": "<p>Kegiatan Pelatihan ini berlangsung selama 3 hari dari tanggal 27 sampai dengan 29 September 2022, dan perwakilan dari Puskesmas Pelangan adalah&nbsp; dr. FAIRUZ SYAHFI IMAM untuk di beri tugas dalam kegiatan tersebut.</p>\r\n", "view_count": 251, "share_count": 0, "word_count": 28, "status": "published", "created_at": "2022-10-01T12:42:25.741Z", "updated_at": "2024-07-02T06:49:46.687Z"}, "m2m": {"photo": [6289, 6290, 6291]}}, {"condition": {"id": 254}, "defaults": {"site_id": 58, "admin_id": 76, "judul": "WASPADA DEMAM BERDARAH", "judul_seo": "waspada-demam-berdarah", "isi_pengumuman": "", "view_count": 83, "share_count": 0, "word_count": 0, "status": "published", "created_at": "2022-10-04T09:55:59.527Z", "updated_at": "2024-07-02T06:49:47.455Z"}, "m2m": {"photo": [6333, 6334, 6335]}}, {"condition": {"id": 255}, "defaults": {"site_id": 58, "admin_id": 76, "judul": "WASPADAI LONJAKAN DBD PADA MUSIM HUJAN", "judul_seo": "waspadai-lonjakan-dbd-pada-musim-hujan", "isi_pengumuman": "", "view_count": 181, "share_count": 0, "word_count": 0, "status": "published", "created_at": "2022-10-04T10:11:48.900Z", "updated_at": "2024-07-04T17:27:59.230Z"}, "m2m": {"photo": [6339]}}, {"condition": {"id": 256}, "defaults": {"site_id": 58, "admin_id": 76, "judul": "POTRET KEGIATAN PERTEMUAN REKONSILIASI KEUANGAN BULANAN DAN ASET DINAS KESEHATAN KABUPATEN LOMBOK BARAT", "judul_seo": "potret-kegiatan-pertemuan-rekonsiliasi-keuangan-bulanan-dan-aset-dinas-kesehatan-kabupaten-lombok-barat", "isi_pengumuman": "", "view_count": 117, "share_count": 0, "word_count": 0, "status": "published", "created_at": "2022-10-04T10:16:44.391Z", "updated_at": "2024-07-02T06:49:28.168Z"}, "m2m": {"photo": [6340]}}, {"condition": {"id": 257}, "defaults": {"site_id": 58, "admin_id": 76, "judul": "Potret Kegiatan Hari kedua pertemuan Pelatihan TGC KLB/Wabah Tingkat Provinsi NTB di ikuti oleh staf Puskesmas Pelangan", "judul_seo": "potret-kegiatan-hari-kedua-pertemuan-pelatihan-tgc-klb-wabah-tingkat-provinsi-ntb-di-ikuti-oleh-staf-puskesmas-pelangan", "isi_pengumuman": "", "view_count": 319, "share_count": 0, "word_count": 0, "status": "published", "created_at": "2022-10-04T10:19:52.686Z", "updated_at": "2024-07-02T06:49:26.292Z"}, "m2m": {"photo": [6341, 6342]}}, {"condition": {"id": 260}, "defaults": {"site_id": 58, "admin_id": 76, "judul": "Potret Kegiatan Penutupan Acara Pelatihan Penanggulangan KLB/Wabah TK Provinsi NTB", "judul_seo": "potret-kegiatan-penutupan-acara-pelatihan-penanggulangan-klb-wabah-tk-provinsi-ntb", "isi_pengumuman": "<p>HASIL &nbsp;pelatihan ini , Puskesmas Pelangan yang diwakili Ari Wiwit Widiatmanto dah Baiq Ade Winarmi jadi peserta Terbaik TK Provinsi dari 30 Peserta dan 10 Puskesmas angkatan IV</p>\r\n", "view_count": 267, "share_count": 0, "word_count": 25, "status": "published", "created_at": "2022-10-04T19:01:07.996Z", "updated_at": "2024-07-02T06:49:24.881Z"}, "m2m": {"photo": [6381]}}, {"condition": {"id": 285}, "defaults": {"site_id": 58, "admin_id": 76, "judul": "POTRET KEGIATAN PERTEMUAN TERPADU HASIL BIMTEK TERPADU PROGRAM PENCEGAHAN DAN PENGENDALIAN PENYAKIT TIDAK MENULAR DI KABUPATEN LOMBOK BARAT", "judul_seo": "potret-kegiatan-pertemuan-terpadu-hasil-bimtek-terpadu-program-pencegahan-dan-pengendalian-penyakit-tidak-menular-di-kabupaten-lombok-barat", "isi_pengumuman": "", "view_count": 74, "share_count": 0, "word_count": 0, "status": "published", "created_at": "2022-10-07T16:57:01.554Z", "updated_at": "2024-07-02T06:49:24.619Z"}, "m2m": {"photo": [6499, 6500]}}, {"condition": {"id": 286}, "defaults": {"site_id": 58, "admin_id": 76, "judul": "POTRET KEGIATAN KOORDINASI DENGAN DESA TERKAIT VERIFIKASI 5 PILAR STBM ", "judul_seo": "potret-kegiatan-koordinasi-dengan-desa-terkait-verifikasi-5-pilar-stbm", "isi_pengumuman": "", "view_count": 91, "share_count": 0, "word_count": 0, "status": "published", "created_at": "2022-10-07T16:59:50.356Z", "updated_at": "2024-07-02T06:49:26.669Z"}, "m2m": {"photo": [6501]}}, {"condition": {"id": 287}, "defaults": {"site_id": 58, "admin_id": 76, "judul": "Potret Kegiatan Pertemuan Koordinasi Program KB dan Kespro Catin bertempat di Ujung Landasan", "judul_seo": "potret-kegiatan-pertemuan-koordinasi-program-kb-dan-kespro-catin-bertempat-di-ujung-landasan", "isi_pengumuman": "", "view_count": 137, "share_count": 0, "word_count": 0, "status": "published", "created_at": "2022-10-07T17:01:16.556Z", "updated_at": "2024-07-02T06:49:26.109Z"}, "m2m": {"photo": [6502]}}, {"condition": {"id": 288}, "defaults": {"site_id": 58, "admin_id": 76, "judul": "5 tips Menjaga Kesehatan saat musim hujan", "judul_seo": "5-tips-menjaga-kesehatan-saat-musim-hujan", "isi_pengumuman": "", "view_count": 575, "share_count": 0, "word_count": 0, "status": "published", "created_at": "2022-10-08T07:42:13.518Z", "updated_at": "2024-07-02T06:49:24.513Z"}, "m2m": {"photo": [6507]}}, {"condition": {"id": 289}, "defaults": {"site_id": 58, "admin_id": 76, "judul": "POTRET KEGIATAN KESIAP SIAGAAN TIM KESEHATAN IRONMAN LOMBOK BARAT", "judul_seo": "potret-kegiatan-kesiap-siagaan-tim-kesehatan-ironman-lombok-barat", "isi_pengumuman": "", "view_count": 144, "share_count": 0, "word_count": 0, "status": "published", "created_at": "2022-10-08T07:44:21.155Z", "updated_at": "2024-07-02T06:49:16.027Z"}, "m2m": {"photo": [6508]}}, {"condition": {"id": 290}, "defaults": {"site_id": 58, "admin_id": 76, "judul": "SEGENAP KELUARGA BESAR UPT PUSKESMAS PELANGAN MENGUCAPKAN SELAMAT MEMPERINGATI MAULID NABI MUHAMMAD SAW 12 RABIUL AWAL 1444 H", "judul_seo": "segenap-keluarga-besar-upt-puskesmas-pelangan-mengucapkan-selamat-memperingati-maulid-nabi-muhammad-saw-12-rabiul-awal-1444-h", "isi_pengumuman": "", "view_count": 204, "share_count": 0, "word_count": 0, "status": "published", "created_at": "2022-10-08T08:07:32.580Z", "updated_at": "2024-07-10T21:48:00.028Z"}, "m2m": {"photo": [6509, 6510, 6511]}}, {"condition": {"id": 291}, "defaults": {"site_id": 58, "admin_id": 76, "judul": "Potret Kegiatan Lokakarya Penguatan Upaya Peningkatan Mutu Pelayanan dan Kewirausahaan Puskesmas oleh UNICEF", "judul_seo": "potret-kegiatan-lokakarya-penguatan-upaya-peningkatan-mutu-pelayanan-dan-kewirausahaan-puskesmas-oleh-unicef", "isi_pengumuman": "<p>Hari pertama Lokakarya Penguatan Upaya Peningkatan Mutu Pelayanan dan Kewirausahaan Puskesmas. Mataram 10-14 Oktober 2022, di selenggarakan oleh UNICEF</p>\r\n", "view_count": 215, "share_count": 0, "word_count": 17, "status": "published", "created_at": "2022-10-10T16:21:09.987Z", "updated_at": "2024-07-10T21:47:56.293Z"}, "m2m": {"photo": [6527, 6528]}}, {"condition": {"id": 292}, "defaults": {"site_id": 58, "admin_id": 76, "judul": "POTRET KEGIATAN POSYANDU KELUARGA DI DUSUN SELEGONG DESA BATU PUTIH", "judul_seo": "potret-kegiatan-posyandu-keluarga-di-dusun-selegong-desa-batu-putih", "isi_pengumuman": "", "view_count": 328, "share_count": 0, "word_count": 0, "status": "published", "created_at": "2022-10-10T17:10:21.583Z", "updated_at": "2024-07-10T21:47:58.224Z"}, "m2m": {"photo": [6529, 6530, 6531]}}, {"condition": {"id": 293}, "defaults": {"site_id": 58, "admin_id": 76, "judul": "Potret Kegiatan Zoom Metting yang diikuti Pokjanal kecamatan Sekotong", "judul_seo": "potret-kegiatan-zoom-metting-yang-diikuti-pokjanal-kecamatan-sekotong", "isi_pengumuman": "<p>&nbsp;Zoom Metting yang diikuti Pokjanal kecamatan Sekotong. (Bu etrina), semua pokjanal ditingkat Kecamatan Sekotong dan wilayah Pelangan</p>\r\n", "view_count": 314, "share_count": 0, "word_count": 17, "status": "published", "created_at": "2022-10-10T17:12:13.981Z", "updated_at": "2024-06-27T04:34:57.731Z"}, "m2m": {"photo": [6532]}}, {"condition": {"id": 545}, "defaults": {"site_id": 58, "admin_id": 76, "judul": "Yuk Saksikan Dialog Interaktif Kadikes Lobar Arief Suryawirawan, S.Si, Apt., MPH dalam Acara NTB BICARA", "judul_seo": "yuk-saksikan-dialog-interaktif-kadikes-lobar-arief-suryawirawan-s-si-apt-mph-dalam-acara-ntb-bicara", "isi_pengumuman": "<p>&nbsp;</p><p>Hallo !&nbsp;</p><p>Health People dan Sahabat &nbsp;Dikes, RS dan Puskesmas Mania.</p><p>Yuk Saksikan Dialog Interaktif Kadikes Lobar Arief Suryawirawan, S.Si, Apt., MPH dalam Acara *NTB BICARA* \"Penurunan Kematian Ibu dan Stunting\"</p><p>Live &nbsp;TVRI NTB, Rabu 26 Juli 2023, pukul 16.00 WITA</p><p>Link IG :</p><p>https://www.instagram.com/p/CvJs1PCRPj4/?igshid=MzRlODBiNWFlZA==</p>", "view_count": 463, "share_count": 0, "word_count": 33, "status": "published", "created_at": "2023-07-26T07:51:30.622Z", "updated_at": "2024-07-08T07:58:11.933Z"}, "m2m": {"photo": [11987]}}, {"condition": {"id": 743}, "defaults": {"site_id": 58, "admin_id": 76, "judul": "REKRUTMEN DOKTER UMUM PUSKESMAS PELANGAN", "judul_seo": "rekrutmen-dokter-umum-puskesmas-pelangan", "isi_pengumuman": "", "view_count": 628, "share_count": 0, "word_count": 0, "status": "published", "created_at": "2024-01-04T08:36:15.316Z", "updated_at": "2024-07-11T00:40:06.976Z"}, "m2m": {"photo": [14719]}}, {"condition": {"id": 800}, "defaults": {"site_id": 58, "admin_id": 76, "judul": "Selamat Menunaikan Ibadah Puasa Ramadhan 1445 H / 2024", "judul_seo": "selamat-menunaikan-ibadah-puasa-ramadhan-1445-h-2024", "isi_pengumuman": "<p><span style=\"font-family:Georgia, serif;\">Assalamualaikum Warrahmatullahi Wabarakatuh,</span></p><p><span style=\"font-family:Georgia, serif;\">Marhaban Ya Ramadhan.</span><br><span style=\"font-family:Georgia, serif;\">Kami segenap keluarga besar UPT PUSKESMAS PELANGAN mengucapkan selamat menunaikan Ibadah Puasa Bulan Ramadhan 1445 Hijriyah bagi umat Muslim yang melaksanakan. Mari kita senantiasa meningkatkan iman dan taqwa kita kehadirat Allah SWT.</span></p>", "view_count": 941, "share_count": 0, "word_count": 33, "status": "published", "created_at": "2024-03-11T20:14:14.650Z", "updated_at": "2024-07-10T23:08:54.837Z"}, "m2m": {"photo": [16945]}}, {"condition": {"id": 818}, "defaults": {"site_id": 58, "admin_id": 76, "judul": "PENGUMUMAN PELAYANAN PUSKESMAS PELANGAN SELAMA HARI LIBUR", "judul_seo": "pengumuman-pelayanan-puskesmas-pelangan-selama-hari-libur", "isi_pengumuman": "<p>Silahkan Baca Keterangan Pada Gambar</p><p>Terimakasih</p><p>&nbsp;</p>", "view_count": 762, "share_count": 0, "word_count": 5, "status": "published", "created_at": "2024-04-06T02:44:04.863Z", "updated_at": "2024-07-11T19:48:02.969Z"}, "m2m": {"photo": [17617]}}]