[{"condition": {"id": 116}, "defaults": {"site_id": 49, "admin_id": 52, "judul": "JADWAL POSYANDU UPT PUSKESMAS KEDIRI BULAN JULI s/d SEPTEMBER 2022", "judul_seo": "jadwal-posyandu-upt-puskesmas-kediri-bulan-juli-s-d-september-2022", "isi_pengumuman": "<p><img alt=\"\" src=\"/media/uploads/puskesmaskedirilobar/2022/06/30/whatsapp-image-2022-06-30-at-093418.jpeg\" style=\"height:763px; width:500px\" /></p>\r\n", "view_count": 84, "share_count": 0, "word_count": 0, "status": "published", "created_at": "2022-06-30T10:13:28.923Z", "updated_at": "2024-07-03T16:44:13.122Z"}, "m2m": {"photo": [2239]}}, {"condition": {"id": 133}, "defaults": {"site_id": 49, "admin_id": 52, "judul": "AYOOO IKUT WEBINER NASIONAL \"' PERAN BIDAN DALAM PENCEGAHAN STUNTING MELALUI PEMBERDAYAAN KELUARGA DAN MASYARAKAT DI ERA GLOBAR''", "judul_seo": "ayooo-ikut-webiner-nasional-peran-bidan-dalam-pencegahan-stunting-melalui-pemberdayaan-keluarga-dan-masyarakat-di-era-globar", "isi_pengumuman": "", "view_count": 111, "share_count": 0, "word_count": 0, "status": "published", "created_at": "2022-07-19T16:02:50.711Z", "updated_at": "2024-05-30T14:31:38.856Z"}, "m2m": {"photo": [2951]}}, {"condition": {"id": 448}, "defaults": {"site_id": 49, "admin_id": 52, "judul": "Webinar Series ANC \u00a0secara GRATIS", "judul_seo": "webinar-series-anc-secara-gratis", "isi_pengumuman": "<p>Yuk Ikuti Webinar Series ANC &nbsp;secara GRATIS dengan mendaftar pada tautan : https://link.kemkes.go.id/WebinarSeriesANC2023</p>\r\n\r\n<p>_______</p>\r\n\r\n<p>Webinar Series ANC Seri Ke-10<br />\r\nTatalaksana Ibu dengan Hasil USG Abnormal dan IUGR<br />\r\nHari : Sabtu, 10 Juni 2023<br />\r\nWaktu : 13.00 - 15.00 WIB</p>\r\n\r\n<p>Zoom : https://link.kemkes.go.id/WebinarSeriesANC2023<br />\r\nYoutube : @ditgizikia<br />\r\nCP: Tim Kerja Maternal Neonatal &nbsp;0812-8765-5857</p>\r\n", "view_count": 460, "share_count": 0, "word_count": 36, "status": "published", "created_at": "2023-06-09T12:58:41.721Z", "updated_at": "2024-06-01T08:58:44.313Z"}, "m2m": {"photo": []}}, {"condition": {"id": 451}, "defaults": {"site_id": 49, "admin_id": 52, "judul": "BAPELKES MATARAM KEMENKES RI  Skrining Penyakit Jantung Bawaan dan Skrining Hipotiroid Kongenital (SHK) Pada Bayi Baru Lahir", "judul_seo": "bapelkes-mataram-kemenkes-ri-skrining-penyakit-jantung-bawaan-dan-skrining-hipotiroid-kongenital-shk-pada-bayi-baru-lahir", "isi_pengumuman": "<p><span style=\"font-size:18px\">BAPELKES MATARAM KEMENKES RI &nbsp;<br />\r\n=================================<br />\r\nBi-Share&#39;i #20 BAPELKES MATARAM&nbsp;</span></p>\r\n\r\n<p><span style=\"font-size:18px\">Skrining Penyakit Jantung Bawaan dan Skrining Hipotiroid Kongenital (SHK) Pada Bayi Baru Lahir<br />\r\n=================================<br />\r\n*SELASA, 20 Juni 2023<br />\r\nPukul 08.30-11.00 WITA*<br />\r\n=================================<br />\r\nfree Sertifikat&nbsp;<br />\r\n=================================<br />\r\nLink Zoom :</span></p>\r\n\r\n<p><span style=\"font-size:18px\">https://telkomsel.zoom.us/j/94468871606?pwd=Y25PV0lHU0FRYjNPYVZuNGQrOWxvQT09&nbsp;</span></p>\r\n\r\n<p><span style=\"font-size:18px\">Meeting ID: 944 6887 1606<br />\r\nPasscode: bisharei<br />\r\n=================================<br />\r\nLIVE STREAMING in Youtube Channel: Bapelkes Mataram Kemenkes RI<br />\r\n=================================<br />\r\nOPENING SPEECH&nbsp;</span></p>\r\n\r\n<p><span style=\"font-size:18px\">ALI WARDANA SKM MSi<br />\r\n(KEPALA BAPELKES MATARAM KEMENKES RI)</span></p>\r\n\r\n<p><span style=\"font-size:18px\">SPEAKER</span></p>\r\n\r\n<p><span style=\"font-size:18px\">dr. Nurhandini Eka Dewi, Sp.A., MPH<br />\r\n[Ketua IDAI Provinsi NTB]</span></p>\r\n\r\n<p><span style=\"font-size:18px\">Tuti Herawati, S.Sit., MPH&nbsp;<br />\r\n[Kabid Kesmas Dinkes Provinsi NTB]&nbsp;</span></p>\r\n\r\n<p><br />\r\n<span style=\"font-size:18px\">MODERATOR&nbsp;<br />\r\nBaiq Citra Lestari SST., M.Keb&nbsp;<br />\r\nWidyaiswara Bapelkes Mataram&nbsp;</span></p>\r\n\r\n<p><span style=\"font-size:18px\">Host<br />\r\nNs.Lalu M.H. Siswanto M.Kep<br />\r\n=================================<br />\r\nREGISTRASI:&nbsp;</span></p>\r\n\r\n<p><span style=\"font-size:18px\">https://bit.ly/RegistrasiBi-Sharei20<br />\r\n=============================<br />\r\nIG &nbsp;FB&nbsp;<br />\r\nBapelkes Mataram Kemenkes RI</span></p>\r\n\r\n<p><span style=\"font-size:18px\">PIS BAPELKES MATARAM</span></p>\r\n", "view_count": 219, "share_count": 0, "word_count": 89, "status": "published", "created_at": "2023-06-20T02:51:14.153Z", "updated_at": "2024-07-07T23:50:43.442Z"}, "m2m": {"photo": [10987]}}, {"condition": {"id": 616}, "defaults": {"site_id": 49, "admin_id": 52, "judul": "yuuuk... yang mau ikut Workshop Peningkatan Jejaring Pelayanan Kesehatan\u00a0di\u00a0FKTP", "judul_seo": "yuuuk-yang-mau-ikut-workshop-peningkatan-jejaring-pelayanan-kesehatan-di-fktp", "isi_pengumuman": "<p>Topic: Workshop Peningkatan Jejaring Pelayanan Kesehatan&nbsp;di&nbsp;FKTP<br>Time:&nbsp;<br>&nbsp; &nbsp; &nbsp; &nbsp;Aug 7, 2023 08:00 WITA<br>&nbsp; &nbsp; &nbsp; &nbsp;Aug 8, 2023 08:00 WITA</p><p>Join Zoom Meeting<br>https://zoom.us/j/96227828625?pwd=S2pVejJjU2VpcUMrZ2FPbTIweXZpUT09</p><p>Meeting ID: 962 2782 8625<br>Passcode: DINKESNTB</p>", "view_count": 383, "share_count": 0, "word_count": 15, "status": "published", "created_at": "2023-08-05T03:37:52.606Z", "updated_at": "2024-07-11T19:15:34.993Z"}, "m2m": {"photo": []}}, {"condition": {"id": 760}, "defaults": {"site_id": 49, "admin_id": 52, "judul": "Jum'at \"Berkah\" ( Berbagi Tips Kesehatan ) UPT Puskesmas Kediri ", "judul_seo": "jum-at-berkah-berbagi-tips-kesehatan-upt-puskesmas-kediri", "isi_pengumuman": "<p style=\"margin-left:0px;\">Yuk simak Jum'at BerKah Minggu ini, kali ini tips sehatnya datang dari dokter puskesmas Kediri dr.H.Sabaruddin</p><p style=\"margin-left:0px;\"><a href=\"https://www.facebook.com/hashtag/salam_sehat_dan_berkah?__eep__=6&amp;__cft__[0]=AZVr4A9shiTziiugvIvrzhkqySq8sQrD63sYqgkx9YC_nQzXiLqVmc0Cf6aZYWkQFiN28v0vr4lfT-ZzL5KdlLkJGiw3IxKfvn_7aT6r_nZV9C7QccIXve4VcALkOunNJK2Xfn3porJCeiVmleK44CH0&amp;__tn__=*NK-R\">#Salam_Sehat_dan_Berkah</a></p>", "view_count": 1615, "share_count": 0, "word_count": 14, "status": "published", "created_at": "2024-01-19T03:37:39.935Z", "updated_at": "2024-07-11T23:48:06.196Z"}, "m2m": {"photo": [15220]}}, {"condition": {"id": 761}, "defaults": {"site_id": 49, "admin_id": 52, "judul": "Pelayanan USG Mobile, Puskesmas Kediri Berikan Kemudahan Bagi Ibu Hamil Nikmati Layanan USG di Polindes", "judul_seo": "pelayanan-usg-mobile-puskesmas-kediri-berikan-kemudahan-bagi-ibu-hamil-nikmati-layanan-usg-di-polindes", "isi_pengumuman": "", "view_count": 1613, "share_count": 0, "word_count": 0, "status": "published", "created_at": "2024-01-19T05:42:47.295Z", "updated_at": "2024-07-12T01:48:20.721Z"}, "m2m": {"photo": [15229]}}, {"condition": {"id": 771}, "defaults": {"site_id": 49, "admin_id": 52, "judul": "Senam Bersama Penyelenggara Pemilu", "judul_seo": "senam-bersama-penyelenggara-pemilu", "isi_pengumuman": "", "view_count": 950, "share_count": 0, "word_count": 0, "status": "published", "created_at": "2024-02-01T06:56:25.111Z", "updated_at": "2024-07-11T21:40:05.192Z"}, "m2m": {"photo": [15653]}}]