[{"condition": {"id": 145}, "defaults": {"site_id": 60, "admin_id": 78, "judul": "AYO !!! BERGERAK BERSAMA - CEGAH OBESITAS", "judul_seo": "ayo-bergerak-bersama-cegah-obesitas", "isi_pengumuman": "<p><img alt=\"\" src=\"/media/uploads/puskesmasperampuanlobar/2022/07/22/senam.jpg\" style=\"height:1600px; width:900px\" /></p>", "view_count": 43, "share_count": 0, "word_count": 0, "status": "published", "created_at": "2022-07-22T20:55:57.609Z", "updated_at": "2024-05-28T06:22:43.919Z"}, "m2m": {"photo": [3135]}}, {"condition": {"id": 177}, "defaults": {"site_id": 60, "admin_id": 78, "judul": "DIRGAHAYU REPUBLIK INDONESIA KE 77 ", "judul_seo": "dirgahayu-republik-indonesia-ke-77", "isi_pengumuman": "<p>PULIH LEBIH CEPAT</p>\r\n\r\n<p>BANGKIT LEBIH KUAT</p>\r\n\r\n<p>&nbsp;</p>\r\n", "view_count": 55, "share_count": 0, "word_count": 6, "status": "published", "created_at": "2022-08-18T07:19:12.424Z", "updated_at": "2024-05-30T20:08:09.282Z"}, "m2m": {"photo": [4395]}}, {"condition": {"id": 181}, "defaults": {"site_id": 60, "admin_id": 78, "judul": "SENGGIGI CYCLING DAY", "judul_seo": "senggigi-cycling-day", "isi_pengumuman": "<p>Senggigi, 21 Agustus 2022</p>\r\n\r\n<p>&nbsp;</p>\r\n\r\n<p>PUSKESMAS PERAMPUAN MENGIKUTI KEGIATAN SENGGIGI CYCLING DAY</p>\r\n\r\n<p>&nbsp;</p>\r\n\r\n<p>Staf UPT Puskesmas Perampuan Penuh antusias dan semangat memeriahkan acara Senggigi Cycling Day pada hari minggu 21 Agustus 2022.</p>\r\n\r\n<p>&nbsp;</p>\r\n\r\n<p>Ajakan Gerakan Masyarakat Hidup Sehat (GERMAS) bertajuk Sepeda Santai dan Senam bersama menjadi inti dari kegiatan tersebut.</p>\r\n\r\n<p>&nbsp;</p>\r\n\r\n<p>Kegiatan tersebut dihadiri langsung oleh Bapak Bupati Lombok Barat (H. Fauzan Khalid).&nbsp;</p>\r\n\r\n<p>&nbsp;</p>\r\n\r\n<p>#PRIMA</p>\r\n\r\n<p>#Kesehatan_Anda_Kepedulian_Kami</p>\r\n", "view_count": 48, "share_count": 0, "word_count": 56, "status": "published", "created_at": "2022-08-22T10:52:24.332Z", "updated_at": "2024-06-26T19:04:40.534Z"}, "m2m": {"photo": [4513, 4514, 4515]}}, {"condition": {"id": 203}, "defaults": {"site_id": 60, "admin_id": 78, "judul": "Berita Duka", "judul_seo": "berita-duka", "isi_pengumuman": "<p>Innalilahi wa innailaihi rojiun</p>\r\n\r\n<p>Telah meninggal dunia L. Darma Artika, SE (Camat Labuapi)</p>\r\n\r\n<p>Semoga almarhum Husnul khotimah&nbsp;</p>\r\n", "view_count": 498, "share_count": 0, "word_count": 17, "status": "published", "created_at": "2022-09-11T18:11:05.400Z", "updated_at": "2024-06-28T19:04:47.597Z"}, "m2m": {"photo": [5383]}}, {"condition": {"id": 258}, "defaults": {"site_id": 60, "admin_id": 78, "judul": "HARI KESAKTIAN PANCASILA 2022", "judul_seo": "hari-kesaktian-pancasila-2022", "isi_pengumuman": "", "view_count": 347, "share_count": 0, "word_count": 0, "status": "published", "created_at": "2022-10-04T11:17:51.375Z", "updated_at": "2024-05-31T03:25:04.032Z"}, "m2m": {"photo": [6352]}}, {"condition": {"id": 320}, "defaults": {"site_id": 60, "admin_id": 78, "judul": "Selamat Hari Kesehatan Nasional Ke 58 \"Bangkit Indonesiaku Sehat Negeriku\"", "judul_seo": "selamat-hari-kesehatan-nasional-ke-58-bangkit-indonesiaku-sehat-negeriku", "isi_pengumuman": "", "view_count": 655, "share_count": 0, "word_count": 0, "status": "published", "created_at": "2022-11-14T09:56:29.493Z", "updated_at": "2024-05-20T03:44:05.683Z"}, "m2m": {"photo": [7172]}}, {"condition": {"id": 361}, "defaults": {"site_id": 60, "admin_id": 78, "judul": "HUT PPNI ke 49 ", "judul_seo": "hut-ppni-ke-49", "isi_pengumuman": "", "view_count": 511, "share_count": 0, "word_count": 0, "status": "published", "created_at": "2023-04-02T00:59:36.590Z", "updated_at": "2024-05-30T20:27:41.192Z"}, "m2m": {"photo": [9126]}}, {"condition": {"id": 362}, "defaults": {"site_id": 60, "admin_id": 78, "judul": "Selamat hari raya Nyepi 1945", "judul_seo": "selamat-hari-raya-nyepi-1945", "isi_pengumuman": "", "view_count": 547, "share_count": 0, "word_count": 0, "status": "published", "created_at": "2023-04-02T01:01:38.547Z", "updated_at": "2024-05-30T21:56:05.706Z"}, "m2m": {"photo": [9127]}}, {"condition": {"id": 363}, "defaults": {"site_id": 60, "admin_id": 78, "judul": "Marhaban ya Ramadhan 1444 H", "judul_seo": "marhaban-ya-ramadhan-1444-h", "isi_pengumuman": "", "view_count": 706, "share_count": 0, "word_count": 0, "status": "published", "created_at": "2023-04-02T01:02:53.165Z", "updated_at": "2024-05-22T09:28:05.614Z"}, "m2m": {"photo": [9128]}}, {"condition": {"id": 395}, "defaults": {"site_id": 60, "admin_id": 78, "judul": "Pengumuman cuti bersama idul Fitri 1444 H", "judul_seo": "pengumuman-cuti-bersama-idul-fitri-1444-h", "isi_pengumuman": "", "view_count": 442, "share_count": 0, "word_count": 0, "status": "published", "created_at": "2023-04-28T07:06:42.409Z", "updated_at": "2024-05-29T10:34:31.409Z"}, "m2m": {"photo": [9464]}}, {"condition": {"id": 442}, "defaults": {"site_id": 60, "admin_id": 78, "judul": "Harlah Pancasila 2023", "judul_seo": "harlah-pancasila-2023", "isi_pengumuman": "<p>Gotong royong membangun peradaban dan pertumbuhan global&nbsp;</p>", "view_count": 410, "share_count": 0, "word_count": 7, "status": "published", "created_at": "2023-06-01T04:38:07.969Z", "updated_at": "2024-06-03T17:23:38.573Z"}, "m2m": {"photo": [10333]}}, {"condition": {"id": 483}, "defaults": {"site_id": 60, "admin_id": 78, "judul": "Pengumuman libur lebaran ", "judul_seo": "pengumuman-libur-lebaran", "isi_pengumuman": "<p>Pengumuman libur lebaran idul adha 1444 H</p>\r\n", "view_count": 177, "share_count": 0, "word_count": 6, "status": "published", "created_at": "2023-07-01T04:01:55.984Z", "updated_at": "2024-05-31T06:32:08.437Z"}, "m2m": {"photo": []}}, {"condition": {"id": 484}, "defaults": {"site_id": 60, "admin_id": 78, "judul": "Selamat hari raya idul adha 1444 H / 2023 M", "judul_seo": "selamat-hari-raya-idul-adha-1444-h-2023-m-1", "isi_pengumuman": "<p>Selamat hari raya idul adha 1444 H / 2023 M</p>\r\n", "view_count": 170, "share_count": 0, "word_count": 7, "status": "published", "created_at": "2023-07-01T04:04:48.479Z", "updated_at": "2024-05-30T15:51:10.475Z"}, "m2m": {"photo": [11329]}}, {"condition": {"id": 638}, "defaults": {"site_id": 60, "admin_id": 78, "judul": "NTB BERBICARA", "judul_seo": "ntb-berbicara", "isi_pengumuman": "<p>Ayoooo saksikan dan ramaikan nanti sore live di TVRI NTB dengan tema atasi stuntig dari desa</p>", "view_count": 456, "share_count": 0, "word_count": 16, "status": "published", "created_at": "2023-08-16T05:46:44.461Z", "updated_at": "2024-07-03T10:28:53.599Z"}, "m2m": {"photo": [12722]}}, {"condition": {"id": 648}, "defaults": {"site_id": 60, "admin_id": 78, "judul": "DIRGAHAYU REPUBLIK INDONESIA KE 78", "judul_seo": "dirgahayu-republik-indonesia-ke-78-1", "isi_pengumuman": "<p>Dirgahayu Republik Indonesia Ke-78 Terus Melaju untuk Indonesia Maju</p>", "view_count": 148, "share_count": 0, "word_count": 8, "status": "published", "created_at": "2023-08-17T04:42:25.933Z", "updated_at": "2024-06-06T11:34:22.008Z"}, "m2m": {"photo": [12770, 12771, 12772]}}, {"condition": {"id": 721}, "defaults": {"site_id": 60, "admin_id": 78, "judul": "Sertifikat Akreditasi 2023", "judul_seo": "sertifikat-akreditasi-2023", "isi_pengumuman": "<p>Alhamdulillah Jumat Berkah \"PARIPURNA\"</p>", "view_count": 2501, "share_count": 0, "word_count": 4, "status": "published", "created_at": "2023-11-03T06:10:02.511Z", "updated_at": "2024-07-11T12:16:36.804Z"}, "m2m": {"photo": [13787]}}, {"condition": {"id": 744}, "defaults": {"site_id": 60, "admin_id": 78, "judul": "Dalam rangka meningkatkan pelayanan di UPT Puskesmas Perampuan", "judul_seo": "dalam-rangka-meningkatkan-pelayanan-di-upt-puskesmas-perampuan", "isi_pengumuman": "", "view_count": 261, "share_count": 0, "word_count": 0, "status": "published", "created_at": "2024-01-06T23:45:09.833Z", "updated_at": "2024-07-11T20:30:26.749Z"}, "m2m": {"photo": [14739, 14740]}}, {"condition": {"id": 751}, "defaults": {"site_id": 60, "admin_id": 78, "judul": "PELAYANAN USG IBU HAMIL GRATIS !!!", "judul_seo": "pelayanan-usg-ibu-hamil-gratis", "isi_pengumuman": "", "view_count": 982, "share_count": 0, "word_count": 0, "status": "published", "created_at": "2024-01-10T10:22:16.969Z", "updated_at": "2024-07-11T03:47:15.535Z"}, "m2m": {"photo": [14861]}}, {"condition": {"id": 781}, "defaults": {"site_id": 60, "admin_id": 78, "judul": "LIBUR NASIONAL & CUTI BERSAMA TAHUN 2024", "judul_seo": "libur-nasional-cuti-bersama-tahun-2024", "isi_pengumuman": "", "view_count": 2001, "share_count": 0, "word_count": 0, "status": "published", "created_at": "2024-02-07T11:39:22.449Z", "updated_at": "2024-07-12T01:59:20.850Z"}, "m2m": {"photo": [15903]}}, {"condition": {"id": 808}, "defaults": {"site_id": 60, "admin_id": 78, "judul": "SELAMAT HARI HUT PPNI YANG KE-50 TAHUN 2024", "judul_seo": "selamat-hari-hut-ppni-yang-ke-50-tahun-2024", "isi_pengumuman": "<p>Puskesmas Perampuan Mengucapkan Selamat HUT PPNI yang Ke-50 tahun 2024</p>", "view_count": 2011, "share_count": 0, "word_count": 8, "status": "published", "created_at": "2024-03-18T08:53:53.655Z", "updated_at": "2024-07-11T23:32:58.855Z"}, "m2m": {"photo": [17115, 17116, 17117]}}, {"condition": {"id": 827}, "defaults": {"site_id": 60, "admin_id": 78, "judul": "Keluarga Besar UPT Puskesmas Perampuan Mengucapkan DIRGAHAYU Ke-19 \"RSUD Patut Patuh Patju\" ", "judul_seo": "keluarga-besar-upt-puskesmas-perampuan-mengucapkan-dirgahayu-ke-19-rsud-patut-patuh-patju", "isi_pengumuman": "<p>Keluarga Besar UPT Puskesmas Perampuan Mengucapkan DIRGAHAYU Ke-19 \"RSUD Patut Patuh Patju\" Bersinergi dan Berkolaborasi Menuju Rumah Sakit unggul, Inovatif dan Berdaya SaingTinggi</p>", "view_count": 1493, "share_count": 0, "word_count": 22, "status": "published", "created_at": "2024-04-20T06:18:54.547Z", "updated_at": "2024-07-12T00:06:13.851Z"}, "m2m": {"photo": [17841]}}, {"condition": {"id": 852}, "defaults": {"site_id": 60, "admin_id": 78, "judul": "PENGUMUMAN", "judul_seo": "pengumuman-2", "isi_pengumuman": "<p>Berdasarkan surat edaran bupati Lombok Barat No.003/12/ORG/2024 tentang hari libur nasional dan cuti bersama tahun 2024 kabupaten Lombok Barat. Dengan ini kami sampaikan pelayanan rawat jalan di UPT Puskesmas Perampuan, Kamis - Jum'at, 23 - 24 Mei 2024 TUTUP (Hari Raya &amp; Cuti Bersama Waisak). Akan dibuka kembali seperti biasa Sabtu, 25 Mei 2024.</p><p>UGD &amp; Persalinan</p><p>BUKA 24 JAM</p>", "view_count": 554, "share_count": 0, "word_count": 45, "status": "published", "created_at": "2024-05-23T10:30:31.523Z", "updated_at": "2024-07-11T18:22:54.398Z"}, "m2m": {"photo": [19019]}}]