[{"condition": {"id": 136}, "defaults": {"site_id": 55, "admin_id": 73, "judul": "PROTOKOL KESEHATAN JAMAAH HAJI", "judul_seo": "protokol-kesehatan-jamaah-haji", "isi_pengumuman": "", "view_count": 87, "share_count": 0, "word_count": 0, "status": "published", "created_at": "2022-07-20T13:12:42.499Z", "updated_at": "2024-07-10T13:41:08.198Z"}, "m2m": {"photo": [3007]}}, {"condition": {"id": 137}, "defaults": {"site_id": 55, "admin_id": 73, "judul": "SELAMAT HARI KELUARGA NASIONAL", "judul_seo": "selamat-hari-keluarga-nasional", "isi_pengumuman": "", "view_count": 114, "share_count": 0, "word_count": 0, "status": "published", "created_at": "2022-07-20T13:14:47.660Z", "updated_at": "2024-07-10T13:41:08.547Z"}, "m2m": {"photo": [3011]}}, {"condition": {"id": 138}, "defaults": {"site_id": 55, "admin_id": 73, "judul": "HARI BIDAN NASIONAL", "judul_seo": "hari-bidan-nasional", "isi_pengumuman": "", "view_count": 162, "share_count": 0, "word_count": 0, "status": "published", "created_at": "2022-07-20T13:15:45.050Z", "updated_at": "2024-07-10T13:41:03.547Z"}, "m2m": {"photo": [3012]}}, {"condition": {"id": 306}, "defaults": {"site_id": 55, "admin_id": 73, "judul": "WASPADA DBD", "judul_seo": "waspada-dbd", "isi_pengumuman": "<p>Musim hujan telah tiba</p>\r\n\r\n<p>Waspada Demam Berdarah (DBD).</p>\r\n\r\n<p>Jangan lengah, tetap jaga kebersihan lingkungan dan Pemberantasan Sarang Nyamuk ( PSN )</p>\r\n\r\n<p>#PKMKURIPAN #KURIPANPRIMA #P2P #PROMKES</p>\r\n", "view_count": 487, "share_count": 0, "word_count": 22, "status": "published", "created_at": "2022-10-19T10:35:30.245Z", "updated_at": "2024-07-07T02:05:00.469Z"}, "m2m": {"photo": [6727]}}, {"condition": {"id": 379}, "defaults": {"site_id": 55, "admin_id": 73, "judul": "PENGUMUMAN LIBUR DAN CUTI BERSAMA HARI RAYA IDUL FITRI 2023", "judul_seo": "pengumuman-libur-dan-cuti-bersama-hari-raya-idul-fitri-2023", "isi_pengumuman": "<p>PENGUMUMAN !!!!<br />\r\nBerdasarkan Surat Edaran Bupati Lombok Barat<br />\r\nTentang Hari Libur Nasional &amp; Cuti Bersama Tahun 2023<br />\r\n&quot; DENGAN INI KAMI SAMPAIKAN PELAYANAN<br />\r\nDI RAWAT JALAN UPT PUSKESMAS KURIPAN &quot;<br />\r\nMULAI RABU TANGGAL 19 - 25 APRIL 2023 &quot;TUTUP&quot;<br />\r\nKARENA LIBUR CUTI BERSAMA HARI RAYA IDUL FITRI&nbsp;<br />\r\nBUKA KEMBALI &nbsp;RABU 26 APRIL 2023.<br />\r\nPELAYANAN UGD &amp; PERSALINAN BUKA 24 JAM MELAYANI DENGAN PRIMA</p>\r\n", "view_count": 726, "share_count": 0, "word_count": 50, "status": "published", "created_at": "2023-04-15T02:37:15.341Z", "updated_at": "2024-07-11T06:35:23.580Z"}, "m2m": {"photo": [9315]}}, {"condition": {"id": 769}, "defaults": {"site_id": 55, "admin_id": 73, "judul": "Infografis Demam Berdarah Dengue", "judul_seo": "infografis-demam-berdarah-dengue", "isi_pengumuman": "<p style=\"text-align:justify;\">Halo Sahabat Sehat!<br>.<br>Sebagai daerah beriklim tropis, Indonesia memiliki kejadian kasus Demam Berdarah yang meningkat khususnya di musim penghujan.&nbsp;<br>Tapi jangan khawatir sahabat sehat! Demam Berdarah dapat dicegah lho!<br>Yuk disimak informasi pada infografis berikut.<br>.<br>Salam Sehat!</p>", "view_count": 103, "share_count": 0, "word_count": 31, "status": "published", "created_at": "2024-02-01T04:34:03.156Z", "updated_at": "2024-07-11T16:27:02.878Z"}, "m2m": {"photo": [15648]}}, {"condition": {"id": 770}, "defaults": {"site_id": 55, "admin_id": 73, "judul": "Infografis Leptospirosis", "judul_seo": "infografis-leptospirosis", "isi_pengumuman": "<p style=\"text-align:justify;\">Halo Sahabat Sehat!<br>.<br>Leptospirosis merupakan sebuah penyakit yang ditularkan melalui kencing tikus. Bakteri leptospira yang terkandung dalam kencing tikus masuk melalui kulit yang lecet atau sedang mengalami luka saat kontak dengan banjir, genangan air sungai, selokan, saluran air sawah dan lumpur. Beberapa gejala yang umumnya terjadi pada penderita, yaitu:<br>1. Demam mendadak lebih dari 38 derajat celcius,<br>2. Sakit Kepala,<br>3. Terdapat warna kekuningan pada kulit,<br>4. Perasaan lemah/ lemas,<br>5. Mata merah, dan<br>6. Nyeri pada otot betis.<br>Selain itu, ada beberapa informasi lainnya mengenai Leptospirosis yang dapat sahabat sehat temukan dalam infografis berikut ini. Yuk, disimak informasinya.<br>.<br>Salam Sehat!</p>", "view_count": 1152, "share_count": 0, "word_count": 82, "status": "published", "created_at": "2024-02-01T04:35:26.834Z", "updated_at": "2024-07-11T23:22:15.012Z"}, "m2m": {"photo": [15649]}}, {"condition": {"id": 780}, "defaults": {"site_id": 55, "admin_id": 73, "judul": "Pengumuman Libur Nasional Isra' Mi'raj dan Tahun Baru Imlek 2024", "judul_seo": "pengumuman-libur-nasional-isra-mi-raj-dan-tahun-baru-imlek-2024", "isi_pengumuman": "<p style=\"text-align:justify;\">Halo Sahabat Sehat!<br>.<br>Menindaklanjuti Surat Edaran Bupati Lombok Barat No:003/12/ORG/2024 tentang Hari Libur Nasional dan Cuti Bersama tahun 2024, dengan ini kami sampaikan bahwa pelayanan rawat jalan di Puskesmas Kuripan akan tutup mulai tanggal 8 Februari sampai dengan 10 Februari 2024.<br>Adapun untuk pelayanan Gawat Darurat da Persalinan tetap buka 24 jam.<br>.</p><p style=\"text-align:justify;\">Pelayanan rawat jalan akan buka kembali pada Senin, 12 Februari 2024.</p><p style=\"text-align:justify;\">.</p><p style=\"text-align:justify;\">Salam sehat!</p>", "view_count": 1733, "share_count": 0, "word_count": 51, "status": "published", "created_at": "2024-02-07T08:10:13.613Z", "updated_at": "2024-07-11T22:42:03.518Z"}, "m2m": {"photo": [15900]}}, {"condition": {"id": 784}, "defaults": {"site_id": 55, "admin_id": 73, "judul": "Infografis Bulan Vitamin A", "judul_seo": "infografis-bulan-vitamin-a", "isi_pengumuman": "<p style=\"text-align:justify;\">Halo Sahabat Sehat!<br>.<br>Tahukah sahabat sehat bahwa bulan Februari dan Agustus merupakan bulan Vitamin A?<br>Bulan Vitamin A dilaksanakan setiap bulan Februari dan Agustus, dimana anak bisa mendapatkan suplemen Vitamin A di posyandu atau fasilitas pelayanan kesehatan terdekat.&nbsp;<br>.<br>Mungkin sahabat sehat ada yang penasaran nih, kenapa sih anak harus mengkonsumsi Vitamin A?<br>Hasil penelitian di berbagai negara menunjukkan bahwa pemberian suplementasi Vitamin A sebanyak 2 kali pertahun pada anak umur 6-59 bulan dapat mencegah kekurangan Vitamin A dan kebutaan (buta senja), serta meningkatkan sistem kekebalan tubuh sehingga mengurangi kejadian kesakitan dan kematian pada balita, karena vitamin ini dapat mencegah timbulnya komplikasi pada penyakit yang sering terjadi pada balita seperti campak dan diare. Bagi Ibu menyusui, selain untuk mencegah kebutaan Vitamin A sangat dibutuhkan untuk pembentukan ASI yang berkualitas tinggi yang dibutuhkan bayi pada bulan-bulan pertama kehidupannya.<br>.<br>Eits tapi jangan salah lho, ternyata ada dua jenis Vitamin A yang dibagikan di bulan Vitamin A, yaitu Kapsul berwarna biru (dosis 100.000 IU) yang diberikan untuk bayi usia 6 sampai 11 bulan dan Kapsul berwarna merah (dosis 200.000 IU) yang diberikan kepada bayi usia 12 sampai 59 bulan.<br>.<br>Nah, Bulan Februari sudah berjalan, saatnya membawa balita ke posyandu untuk mendapatkan vitamin A. Yuk ke Posyandu!<br>.<br>Salam Sehat!</p>", "view_count": 1997, "share_count": 0, "word_count": 183, "status": "published", "created_at": "2024-02-15T01:17:00.023Z", "updated_at": "2024-07-11T19:30:47.368Z"}, "m2m": {"photo": [16068]}}, {"condition": {"id": 819}, "defaults": {"site_id": 55, "admin_id": 73, "judul": "Pengumuman Pelayanan UPT Puskesmas Kuripan Selama Libur dan Cuti Bersama Hari Raya Idul Fitri", "judul_seo": "pengumuman-pelayanan-upt-puskesmas-kuripan-selama-libur-dan-cuti-bersama-hari-raya-idul-fitri", "isi_pengumuman": "<p>Halo Sahabat Sehat!<br>.<br>Dengan ini kami sampaikan bahwa pelayanan rawat jalan di UPT Puskesmas Kuripan mulai Senin, 8 April 2024 sampai dengan Senin, 15 April 2024 tutup karena libur dan cuti bersama hari raya idul fitri. &nbsp;Adapun untuk pelayanan Gawat Darurat dan Persalinan tetap buka 24 jam.<br>.</p><p>Pelayanan rawat jalan akan buka kembali pada Selasa, 16 April 2024.</p><p>.</p><p>Salam sehat!</p>", "view_count": 1302, "share_count": 0, "word_count": 48, "status": "published", "created_at": "2024-04-06T06:03:42.466Z", "updated_at": "2024-07-11T09:25:08.987Z"}, "m2m": {"photo": [17633]}}, {"condition": {"id": 841}, "defaults": {"site_id": 55, "admin_id": 73, "judul": "Pengumuman Pelayanan UPT Puskesmas Kuripan Selama Libur dan Cuti Bersama Hari Kenaikan Isa Almasih", "judul_seo": "pengumuman-pelayanan-upt-puskesmas-kuripan-selama-libur-dan-cuti-bersama-hari-kenaikan-isa-almasih", "isi_pengumuman": "<p style=\"text-align:justify;\">Halo Sahabat Sehat!<br>.<br>Dengan ini kami sampaikan bahwa pelayanan rawat jalan di UPT Puskesmas Kuripan mulai Kamis, 9 Mei 2024 sampai dengan Jumat, 10 Mei 2024 tutup karena libur dan cuti bersama hari Kenaikan Isa Al masih. &nbsp;Adapun untuk pelayanan Gawat Darurat dan Persalinan tetap buka 24 jam.<br>.<br>Pelayanan rawat jalan akan buka kembali pada Sabtu, 11 Mei 2024.<br>.<br>Salam sehat!</p>", "view_count": 1928, "share_count": 0, "word_count": 49, "status": "published", "created_at": "2024-05-08T05:56:39.797Z", "updated_at": "2024-07-12T00:46:21.310Z"}, "m2m": {"photo": [18441]}}, {"condition": {"id": 848}, "defaults": {"site_id": 55, "admin_id": 73, "judul": "Pengumuman Pelayanan UPT Puskesmas Kuripan Selama Libur dan Cuti Bersama Hari Raya Waisak", "judul_seo": "pengumuman-pelayanan-upt-puskesmas-kuripan-selama-libur-dan-cuti-bersama-hari-raya-waisak", "isi_pengumuman": "<p style=\"text-align:justify;\">Halo Sahabat Sehat!<br>.<br>Dengan ini kami sampaikan bahwa pelayanan rawat jalan di UPT Puskesmas Kuripan mulai Kamis, 23 Mei 2024 sampai dengan Jumat, 24 Mei 2024 tutup karena libur dan cuti bersama hari raya Waisak. &nbsp;Adapun untuk pelayanan Gawat Darurat dan Persalinan tetap buka 24 jam.<br>.<br>Pelayanan rawat jalan akan buka kembali pada Sabtu, 25 Mei 2024.<br>.<br>Salam sehat!</p>", "view_count": 220, "share_count": 0, "word_count": 47, "status": "published", "created_at": "2024-05-22T10:43:01.340Z", "updated_at": "2024-07-08T08:04:11.354Z"}, "m2m": {"photo": [18988]}}, {"condition": {"id": 854}, "defaults": {"site_id": 55, "admin_id": 73, "judul": "Pengumuman Pelayanan UPT Puskesmas Kuripan Selama Libur Hari Lahir Pancasila", "judul_seo": "pengumuman-pelayanan-upt-puskesmas-kuripan-selama-libur-hari-lahir-pancasila", "isi_pengumuman": "<p style=\"text-align:justify;\">Halo Sahabat Sehat!<br>.<br>Dengan ini kami sampaikan bahwa pelayanan rawat jalan di UPT Puskesmas Kuripan pada Sabtu, 1 Juni 2024 &nbsp;tutup karena libur Hari Lahir Pancasila. &nbsp;Adapun untuk pelayanan Gawat Darurat dan Persalinan tetap buka 24 jam.<br>.<br>Pelayanan rawat jalan akan buka kembali pada Senin, 3 Juni 2024.<br>.<br>Salam sehat!</p>", "view_count": 331, "share_count": 0, "word_count": 40, "status": "published", "created_at": "2024-05-31T05:38:36.644Z", "updated_at": "2024-07-11T16:09:57.814Z"}, "m2m": {"photo": [19230]}}]