[{"condition": {"id": 1}, "defaults": {"domain": "adminopd.lombokbaratkab.go.id", "name": "admin opd"}}, {"condition": {"id": 79}, "defaults": {"domain": "adminopd1.lombokbaratkab.go.id", "name": "Admin OPD"}}, {"condition": {"id": 31}, "defaults": {"domain": "bakesbangpol.lombokbaratkab.go.id", "name": "bakesbangbol"}}, {"condition": {"id": 29}, "defaults": {"domain": "bapenda.lombokbaratkab.go.id", "name": "bapenda"}}, {"condition": {"id": 27}, "defaults": {"domain": "bappeda.lombokbaratkab.go.id", "name": "bappeda"}}, {"condition": {"id": 34}, "defaults": {"domain": "batulayar.lombokbaratkab.go.id", "name": "batulayar"}}, {"condition": {"id": 2}, "defaults": {"domain": "bkdpsdm.lombokbaratkab.go.id", "name": "bkdpsdm"}}, {"condition": {"id": 42}, "defaults": {"domain": "blk.lombokbaratkab.go.id", "name": "BALAI LATIHAN KERJA DISNAKER"}}, {"condition": {"id": 30}, "defaults": {"domain": "bpbd.lombokbaratkab.go.id", "name": "bpbd"}}, {"condition": {"id": 28}, "defaults": {"domain": "bpkad.lombokbaratkab.go.id", "name": "bpkad"}}, {"condition": {"id": 80}, "defaults": {"domain": "bppnarmada.lombokbaratkab.go.id", "name": "BPP NARMADA"}}, {"condition": {"id": 72}, "defaults": {"domain": "dai.lombokbaratkab.go.id", "name": "Dewan Anak Integrasi"}}, {"condition": {"id": 69}, "defaults": {"domain": "dasangeres.lombokbaratkab.go.id", "name": "Kelurahan Dasan Geres"}}, {"condition": {"id": 77}, "defaults": {"domain": "dikbud.lombokbaratkab.go.id", "name": "Dinas Pendidikan dan Kebudayaan"}}, {"condition": {"id": 6}, "defaults": {"domain": "dikes.lombokbaratkab.go.id", "name": "dikes"}}, {"condition": {"id": 24}, "defaults": {"domain": "dikpangan.lombokbaratkab.go.id", "name": "dikpangan"}}, {"condition": {"id": 7}, "defaults": {"domain": "dinsos.lombokbaratkab.go.id", "name": "dinsos"}}, {"condition": {"id": 23}, "defaults": {"domain": "diperta.lombokbaratkab.go.id", "name": "diperta"}}, {"condition": {"id": 15}, "defaults": {"domain": "disarpus.lombokbaratkab.go.id", "name": "disarpus"}}, {"condition": {"id": 11}, "defaults": {"domain": "disdamkar.lombokbaratkab.go.id", "name": "disdamkar"}}, {"condition": {"id": 13}, "defaults": {"domain": "disdukcapil.lombokbaratkab.go.id", "name": "disdukcapil"}}, {"condition": {"id": 12}, "defaults": {"domain": "dishub.lombokbaratkab.go.id", "name": "dishub"}}, {"condition": {"id": 68}, "defaults": {"domain": "diskominfo.lombokbaratkab.go.id", "name": "DISKOMINFOTIK"}}, {"condition": {"id": 14}, "defaults": {"domain": "diskopukm.lombokbaratkab.go.id", "name": "diskopukm"}}, {"condition": {"id": 26}, "defaults": {"domain": "disnaker.lombokbaratkab.go.id", "name": "disnaker"}}, {"condition": {"id": 21}, "defaults": {"domain": "dispar.lombokbaratkab.go.id", "name": "dispar"}}, {"condition": {"id": 25}, "defaults": {"domain": "disperindag.lombokbaratkab.go.id", "name": "disperindag"}}, {"condition": {"id": 9}, "defaults": {"domain": "disperkim.lombokbaratkab.go.id", "name": "disperkim"}}, {"condition": {"id": 20}, "defaults": {"domain": "dispora.lombokbaratkab.go.id", "name": "dispora"}}, {"condition": {"id": 22}, "defaults": {"domain": "dkp.lombokbaratkab.go.id", "name": "dkp"}}, {"condition": {"id": 19}, "defaults": {"domain": "dlh.lombokbaratkab.go.id", "name": "dlh"}}, {"condition": {"id": 17}, "defaults": {"domain": "dp2kbp3a.lombokbaratkab.go.id", "name": "dp2kbp3a"}}, {"condition": {"id": 18}, "defaults": {"domain": "dpmd.lombokbaratkab.go.id", "name": "dpmd"}}, {"condition": {"id": 16}, "defaults": {"domain": "dpmptsp.lombokbaratkab.go.id", "name": "dpmptsp"}}, {"condition": {"id": 4}, "defaults": {"domain": "dprd.lombokbaratkab.go.id", "name": "dprd"}}, {"condition": {"id": 8}, "defaults": {"domain": "dputr.lombokbaratkab.go.id", "name": "dputr"}}, {"condition": {"id": 76}, "defaults": {"domain": "elapaksitebel.lombokbaratkab.go.id", "name": "elapaksitebel"}}, {"condition": {"id": 84}, "defaults": {"domain": "fllaj.lombokbaratkab.go.id", "name": "FLLAJ"}}, {"condition": {"id": 39}, "defaults": {"domain": "gerung.lombokbaratkab.go.id", "name": "gerung"}}, {"condition": {"id": 71}, "defaults": {"domain": "gerungselatan.lombokbaratkab.go.id", "name": "Kelurahan Gerung Selatan"}}, {"condition": {"id": 70}, "defaults": {"domain": "gerungutara.lombokbaratkab.go.id", "name": "Kelurahan Gerung Utara"}}, {"condition": {"id": 35}, "defaults": {"domain": "gunungsari.lombokbaratkab.go.id", "name": "gunungsari"}}, {"condition": {"id": 5}, "defaults": {"domain": "inspektorat.lombokbaratkab.go.id", "name": "inspektorat"}}, {"condition": {"id": 33}, "defaults": {"domain": "kediri.lombokbaratkab.go.id", "name": "kediri"}}, {"condition": {"id": 75}, "defaults": {"domain": "kotaku.lombokbaratkab.go.id", "name": "Kotaku"}}, {"condition": {"id": 81}, "defaults": {"domain": "kpa.lombokbaratkab.go.id", "name": "Komisi Penanggulangan AIDS"}}, {"condition": {"id": 37}, "defaults": {"domain": "kuripan.lombokbaratkab.go.id", "name": "kuripan"}}, {"condition": {"id": 73}, "defaults": {"domain": "labkesda-dikes.lombokbaratkab.go.id", "name": "LABKESDA"}}, {"condition": {"id": 38}, "defaults": {"domain": "labuapi.lombokbaratkab.go.id", "name": "labuapi"}}, {"condition": {"id": 40}, "defaults": {"domain": "lembar.lombokbaratkab.go.id", "name": "lembar"}}, {"condition": {"id": 32}, "defaults": {"domain": "lingsar.lombokbaratkab.go.id", "name": "lingsar"}}, {"condition": {"id": 67}, "defaults": {"domain": "lpa.lombokbaratkab.go.id", "name": "LPA"}}, {"condition": {"id": 36}, "defaults": {"domain": "narmada.lombokbaratkab.go.id", "name": "narmada"}}, {"condition": {"id": 83}, "defaults": {"domain": "ppdi.lombokbaratkab.go.id", "name": "PPDI"}}, {"condition": {"id": 66}, "defaults": {"domain": "prokopi.lombokbaratkab.go.id", "name": "PROKOPI"}}, {"condition": {"id": 51}, "defaults": {"domain": "puskesmasbanyumulek-dikes.lombokbaratkab.go.id", "name": "puskesmas banyumulek"}}, {"condition": {"id": 45}, "defaults": {"domain": "puskesmasdasantapen-dikes.lombokbaratkab.go.id", "name": "PUSKESMAS DASAN TAPEN"}}, {"condition": {"id": 52}, "defaults": {"domain": "puskesmaseyatmayang-dikes.lombokbaratkab.go.id", "name": "puskesmas eyat mayang"}}, {"condition": {"id": 43}, "defaults": {"domain": "puskesmasgerung-dikes.lombokbaratkab.go.id", "name": "PUSKESMAS GERUNG"}}, {"condition": {"id": 53}, "defaults": {"domain": "puskesmasgunungsari-dikes.lombokbaratkab.go.id", "name": "puskesmas gunungsari"}}, {"condition": {"id": 54}, "defaults": {"domain": "puskesmasjakem-dikes.lombokbaratkab.go.id", "name": "puskesmas jakem"}}, {"condition": {"id": 49}, "defaults": {"domain": "puskesmaskediri-dikes.lombokbaratkab.go.id", "name": "PUSKEMAS KEDIRI"}}, {"condition": {"id": 55}, "defaults": {"domain": "puskesmaskuripan-dikes.lombokbaratkab.go.id", "name": "puskesmas kuripan"}}, {"condition": {"id": 46}, "defaults": {"domain": "puskesmaslabuapi-dikes.lombokbaratkab.go.id", "name": "PUSKESMAS LABUAPI"}}, {"condition": {"id": 56}, "defaults": {"domain": "puskesmaslingsar-dikes.lombokbaratkab.go.id", "name": "puskesmas lingsar"}}, {"condition": {"id": 57}, "defaults": {"domain": "puskesmasmeninting-dikes.lombokbaratkab.go.id", "name": "puskesmas meninting"}}, {"condition": {"id": 44}, "defaults": {"domain": "puskesmasnarmada-dikes.lombokbaratkab.go.id", "name": "PUSKESMAS NARMADA"}}, {"condition": {"id": 58}, "defaults": {"domain": "puskesmaspelangan-dikes.lombokbaratkab.go.id", "name": "puskesmas pelangan"}}, {"condition": {"id": 59}, "defaults": {"domain": "puskesmaspenimbung-dikes.lombokbaratkab.go.id", "name": "puskesmas penimbung"}}, {"condition": {"id": 60}, "defaults": {"domain": "puskesmasperampuan-dikes.lombokbaratkab.go.id", "name": "puskesmas perampuan"}}, {"condition": {"id": 61}, "defaults": {"domain": "puskesmassedau-dikes.lombokbaratkab.go.id", "name": "puskesmas sedau"}}, {"condition": {"id": 50}, "defaults": {"domain": "puskesmassekotong-dikes.lombokbaratkab.go.id", "name": "PUSKESMAS SEKOTONG"}}, {"condition": {"id": 62}, "defaults": {"domain": "puskesmassesela-dikes.lombokbaratkab.go.id", "name": "puskesmas sesela"}}, {"condition": {"id": 63}, "defaults": {"domain": "puskesmassigerongan-dikes.lombokbaratkab.go.id", "name": "puskesmas sigerongan"}}, {"condition": {"id": 64}, "defaults": {"domain": "puskesmassuranadi-dikes.lombokbaratkab.go.id", "name": "puskesmas suranadi"}}, {"condition": {"id": 47}, "defaults": {"domain": "rsudnarmada.lombokbaratkab.go.id", "name": "RSUD AWET MUDA NARMADA"}}, {"condition": {"id": 82}, "defaults": {"domain": "rsudtripat.lombokbaratkab.go.id", "name": "RSUD TRIPAT"}}, {"condition": {"id": 10}, "defaults": {"domain": "satpolpp.lombokbaratkab.go.id", "name": "satpolpp"}}, {"condition": {"id": 41}, "defaults": {"domain": "sekotong.lombokbaratkab.go.id", "name": "sekotong"}}, {"condition": {"id": 78}, "defaults": {"domain": "setda.lombokbaratkab.go.id", "name": "SEKRETARIAT DAERAH"}}]