[{"condition": {"id": 51}, "defaults": {"site_id": 63, "jenis": "facebook", "link": "https://www.facebook.com/", "created_at": "2022-06-29T08:38:49.080Z", "updated_at": "2022-06-29T08:38:49.080Z"}}, {"condition": {"id": 52}, "defaults": {"site_id": 63, "jenis": "instagram", "link": "https://www.instagram.com/pkmsigeronganbersahaja/", "created_at": "2022-06-29T08:40:38.599Z", "updated_at": "2022-06-29T08:40:38.599Z"}}, {"condition": {"id": 76}, "defaults": {"site_id": 63, "jenis": "facebook", "link": "https://www.facebook.com/profile.php?id=100011398426284", "created_at": "2022-07-20T13:46:16.647Z", "updated_at": "2022-07-20T13:46:16.647Z"}}, {"condition": {"id": 77}, "defaults": {"site_id": 63, "jenis": "youtube", "link": "https://www.youtube.com/channel/UCV3ChFtmRJdjygeie3tH1Xw", "created_at": "2022-07-20T13:47:05.122Z", "updated_at": "2022-07-20T13:47:05.122Z"}}]