[{"condition": {"id": 65}, "defaults": {"site_id": 50, "jenis": "facebook", "link": "https://www.facebook.com/puskesmas.sekotong.712", "created_at": "2022-07-18T10:28:51.883Z", "updated_at": "2022-07-18T10:28:51.883Z"}}, {"condition": {"id": 74}, "defaults": {"site_id": 50, "jenis": "youtube", "link": "https://www.youtube.com/channel/UCjKs7VDu-mE4X5SYGGXFKmg", "created_at": "2022-07-20T09:47:44.752Z", "updated_at": "2022-07-20T09:47:44.752Z"}}, {"condition": {"id": 75}, "defaults": {"site_id": 50, "jenis": "instagram", "link": "https://www.instagram.com/puskesmas_sekotong/", "created_at": "2022-07-20T10:07:53.958Z", "updated_at": "2022-07-20T10:07:53.958Z"}}]