[{"condition": {"id": 18}, "defaults": {"site_id": 44, "jenis": "instagram", "link": "https://www.instagram.com/puskesmasnarmada/", "created_at": "2021-06-14T13:13:14.852Z", "updated_at": "2021-06-16T11:25:00.585Z"}}, {"condition": {"id": 19}, "defaults": {"site_id": 44, "jenis": "facebook", "link": "https://web.facebook.com/puskesmas.narmada.7", "created_at": "2021-06-14T13:14:04.548Z", "updated_at": "2021-06-15T14:02:24.995Z"}}, {"condition": {"id": 21}, "defaults": {"site_id": 44, "jenis": "youtube", "link": "https://www.youtube.com/channel/UCymO34M-hi-s1YMqz6An1HA", "created_at": "2021-06-16T11:26:30.270Z", "updated_at": "2021-06-16T11:26:30.270Z"}}]