[{"condition": {"id": 59}, "defaults": {"site_id": 54, "jenis": "facebook", "link": "https://id-id.facebook.com/puskesmasjembatan.kembar", "created_at": "2022-07-06T10:55:18.697Z", "updated_at": "2022-07-06T10:55:18.697Z"}}, {"condition": {"id": 60}, "defaults": {"site_id": 54, "jenis": "youtube", "link": "https://www.youtube.com/channel/UCIlevSen1UVl2bmQMBKY_SQ", "created_at": "2022-07-06T10:56:09.527Z", "updated_at": "2022-07-06T10:56:09.527Z"}}, {"condition": {"id": 84}, "defaults": {"site_id": 54, "jenis": "instagram", "link": "https://www.instagram.com/puskesmas_jembatankembar/", "created_at": "2022-08-11T09:27:19.179Z", "updated_at": "2022-08-11T09:27:19.179Z"}}]