[{"condition": {"id": 80}, "defaults": {"site_id": 59, "jenis": "facebook", "link": "https://www.facebook.com/puskesmas.penimbung.1?mibextid=ZbWKwL", "created_at": "2022-08-04T12:53:52.950Z", "updated_at": "2024-06-04T04:32:45.499Z"}}, {"condition": {"id": 112}, "defaults": {"site_id": 59, "jenis": "instagram", "link": "https://www.instagram.com/puskesmas_penimbung?utm_source=qr&igsh=MmM0a2U2NXRiMGpn", "created_at": "2024-06-04T04:31:29.857Z", "updated_at": "2024-06-04T04:31:29.857Z"}}, {"condition": {"id": 113}, "defaults": {"site_id": 59, "jenis": "youtube", "link": "https://youtube.com/@puskesmaspenimbung?si=MtbE1eI04XpNFBYX", "created_at": "2024-06-04T04:34:01.695Z", "updated_at": "2024-06-04T04:34:01.695Z"}}]