[{"condition": {"id": 31}, "defaults": {"site_id": 53, "jenis": "facebook", "link": "Upt Blud Pkm Gnsari", "created_at": "2021-09-17T10:39:30.115Z", "updated_at": "2021-09-17T10:39:30.115Z"}}, {"condition": {"id": 96}, "defaults": {"site_id": 53, "jenis": "instagram", "link": "https://www.instagram.com/accounts", "created_at": "2023-05-23T03:55:35.676Z", "updated_at": "2023-05-23T03:55:35.676Z"}}, {"condition": {"id": 107}, "defaults": {"site_id": 53, "jenis": "youtube", "link": "https://youtube.com/@pkmgunungsari2713?si=UhD61j3SyFE4-SCe", "created_at": "2024-01-08T02:27:08.903Z", "updated_at": "2024-01-08T02:27:08.903Z"}}]