[{"condition": {"id": 72}, "defaults": {"site_id": 55, "jenis": "facebook", "link": "https://www.facebook.com/puskesmas.kuripan.75/", "created_at": "2022-07-19T11:03:52.745Z", "updated_at": "2022-07-19T11:03:52.745Z"}}, {"condition": {"id": 73}, "defaults": {"site_id": 55, "jenis": "youtube", "link": "https://www.youtube.com/channel/UCZKOHoQ50QwGhjjaHTXqBlw", "created_at": "2022-07-19T11:04:32.319Z", "updated_at": "2022-07-19T11:04:32.319Z"}}, {"condition": {"id": 89}, "defaults": {"site_id": 55, "jenis": "instagram", "link": "https://www.instagram.com/puskesmaskuripan/", "created_at": "2022-09-28T10:20:53.331Z", "updated_at": "2022-09-28T10:20:53.331Z"}}]