[{"condition": {"id": 67}, "defaults": {"site_id": 60, "jenis": "facebook", "link": "https://www.facebook.com/profile.php?id=100012241668009&mibextid=ZbWKwL", "created_at": "2022-07-19T08:50:57.683Z", "updated_at": "2023-05-23T05:47:30.789Z"}}, {"condition": {"id": 69}, "defaults": {"site_id": 60, "jenis": "youtube", "link": "https://www.youtube.com/channel/UC9ByuGxA2gqzUqeUQxUqb6g", "created_at": "2022-07-19T09:01:27.686Z", "updated_at": "2022-07-19T09:01:27.686Z"}}, {"condition": {"id": 71}, "defaults": {"site_id": 60, "jenis": "instagram", "link": "https://www.instagram.com/puskesmasperampuan/", "created_at": "2022-07-19T09:14:26.210Z", "updated_at": "2022-07-19T09:14:26.210Z"}}]