[{"condition": {"id": 57}, "defaults": {"site_id": 61, "jenis": "facebook", "link": "https://www.facebook.com/PKMSEDAU/?ref=pages_you_manage", "created_at": "2022-07-06T09:21:51.518Z", "updated_at": "2022-07-06T09:21:51.518Z"}}, {"condition": {"id": 58}, "defaults": {"site_id": 61, "jenis": "instagram", "link": "https://www.instagram.com/", "created_at": "2022-07-06T09:23:12.639Z", "updated_at": "2022-07-06T09:23:12.639Z"}}, {"condition": {"id": 62}, "defaults": {"site_id": 61, "jenis": "youtube", "link": "https://youtu.be/O0EvnPnbw0g?t=15", "created_at": "2022-07-13T10:20:12.744Z", "updated_at": "2022-07-13T10:20:12.744Z"}}]