[{"condition": {"id": 66}, "defaults": {"site_id": 51, "jenis": "facebook", "link": "https://www.facebook.com/104444035328036/posts/pfbid02DSQc5erx1wjzZT7iUtK4b9ECVQAjT5FAgxWzKrqRGDeu6nXbMRXDEcGpWUL9z2VFl/?sfnsn=wiwspmo", "created_at": "2022-07-18T21:41:29.032Z", "updated_at": "2022-07-18T21:41:29.032Z"}}, {"condition": {"id": 88}, "defaults": {"site_id": 51, "jenis": "youtube", "link": "https://www.youtube.com/watch?v=dCi2QLU1VWw", "created_at": "2022-09-26T21:18:30.014Z", "updated_at": "2022-09-26T21:18:30.014Z"}}, {"condition": {"id": 98}, "defaults": {"site_id": 51, "jenis": "instagram", "link": "https://instagram.com/puskesmasbanyumulek?utm_source=qr&igshid=MzNlNGNkZWQ4Mg%3D%3D", "created_at": "2023-07-27T14:38:43.354Z", "updated_at": "2023-07-27T14:38:43.354Z"}}, {"condition": {"id": 99}, "defaults": {"site_id": 51, "jenis": "facebook", "link": "https://wa.me/message/GKPFT4NQ2AF7C1", "created_at": "2023-07-27T14:41:54.914Z", "updated_at": "2023-07-27T14:41:54.914Z"}}]