[{"condition": {"id": 9}, "defaults": {"site_id": 46, "jenis": "youtube", "link": "https://www.youtube.com/channel/UCiIbD3neBU6BWy7rtMI2YmA", "created_at": "2021-06-07T12:41:25.468Z", "updated_at": "2021-06-17T10:32:16.799Z"}}, {"condition": {"id": 23}, "defaults": {"site_id": 46, "jenis": "facebook", "link": "https://web.facebook.com/profile.php?id=100009362580050", "created_at": "2021-06-17T10:31:03.518Z", "updated_at": "2021-06-17T10:31:03.518Z"}}, {"condition": {"id": 24}, "defaults": {"site_id": 46, "jenis": "instagram", "link": "https://www.instagram.com/puskesmas_labuapi/", "created_at": "2021-06-17T10:32:29.004Z", "updated_at": "2021-06-17T10:32:29.004Z"}}]