[{"condition": {"id": 101}, "defaults": {"site_id": 82, "jenis": "facebook", "link": "https://www.facebook.com/people/RSUD-Patut-Patuh-Patju/100065318116711/", "created_at": "2023-08-28T01:05:31.414Z", "updated_at": "2023-08-28T01:05:31.414Z"}}, {"condition": {"id": 102}, "defaults": {"site_id": 82, "jenis": "youtube", "link": "https://www.youtube.com/channel/UCxtLyT-hPhU6ieIEDLG6AaQ", "created_at": "2023-08-28T01:06:00.238Z", "updated_at": "2023-08-28T01:06:00.238Z"}}, {"condition": {"id": 103}, "defaults": {"site_id": 82, "jenis": "instagram", "link": "https://www.instagram.com/rsud_tripat/", "created_at": "2023-08-28T01:06:37.436Z", "updated_at": "2023-08-28T01:06:37.436Z"}}]