[{"condition": {"id": 55}, "defaults": {"site_id": 57, "jenis": "facebook", "link": "https://www.facebook.com/puskesmas.meninting", "created_at": "2022-06-29T20:49:53.520Z", "updated_at": "2022-07-07T21:38:08.477Z"}}, {"condition": {"id": 56}, "defaults": {"site_id": 57, "jenis": "youtube", "link": "https://youtube.com/channel/UCZw5JUKEDJDJ33QcsgxsjCQ", "created_at": "2022-06-29T20:50:34.314Z", "updated_at": "2022-07-07T21:37:49.886Z"}}, {"condition": {"id": 61}, "defaults": {"site_id": 57, "jenis": "instagram", "link": "https://www.instagram.com/puskesmas.meninting", "created_at": "2022-07-07T21:37:32.962Z", "updated_at": "2024-04-06T04:42:20.300Z"}}]