[{"condition": {"id": 1}, "defaults": {"nama": "pembangunan", "slug": "2021-05-19 15:32:41.061926", "created_at": "2021-05-19T15:32:41.061Z", "updated_at": null}}, {"condition": {"id": 2}, "defaults": {"nama": "ekonomi", "slug": "2021-05-19 15:32:49.604873", "created_at": "2021-05-19T15:32:49.604Z", "updated_at": null}}, {"condition": {"id": 3}, "defaults": {"nama": "Dukcapil", "slug": "2021-06-02 14:45:50.353812", "created_at": "2021-06-02T14:45:50.353Z", "updated_at": null}}, {"condition": {"id": 4}, "defaults": {"nama": "Dukcapil Lobar", "slug": "2021-06-02 14:46:02.464728", "created_at": "2021-06-02T14:46:02.464Z", "updated_at": null}}, {"condition": {"id": 5}, "defaults": {"nama": "Dinas Kesehatan Kabupaten Lombok Barat", "slug": "2021-06-07 11:53:29.299287", "created_at": "2021-06-07T11:53:29.299Z", "updated_at": null}}, {"condition": {"id": 6}, "defaults": {"nama": "DInas Kesehatan", "slug": "2021-06-07 11:53:43.761768", "created_at": "2021-06-07T11:53:43.761Z", "updated_at": null}}, {"condition": {"id": 7}, "defaults": {"nama": "Pembangunan Kesehatan", "slug": "2021-06-07 11:53:55.082622", "created_at": "2021-06-07T11:53:55.082Z", "updated_at": null}}, {"condition": {"id": 8}, "defaults": {"nama": "Posyandu Keluarga", "slug": "2021-06-07 11:54:04.785511", "created_at": "2021-06-07T11:54:04.785Z", "updated_at": null}}, {"condition": {"id": 9}, "defaults": {"nama": "puskesmasdasantapen", "slug": "2021-06-08 09:31:38.517135", "created_at": "2021-06-08T09:31:38.517Z", "updated_at": null}}, {"condition": {"id": 10}, "defaults": {"nama": "puskesmas_dasantapen", "slug": "2021-06-08 09:31:51.340705", "created_at": "2021-06-08T09:31:51.340Z", "updated_at": null}}, {"condition": {"id": 11}, "defaults": {"nama": "puskesmas-dasantapen", "slug": "2021-06-08 09:32:01.431310", "created_at": "2021-06-08T09:32:01.431Z", "updated_at": null}}, {"condition": {"id": 12}, "defaults": {"nama": "pkmdasta", "slug": "2021-06-08 09:32:08.954669", "created_at": "2021-06-08T09:32:08.954Z", "updated_at": null}}, {"condition": {"id": 13}, "defaults": {"nama": "pkm_dasta", "slug": "2021-06-08 09:32:17.213679", "created_at": "2021-06-08T09:32:17.213Z", "updated_at": null}}, {"condition": {"id": 14}, "defaults": {"nama": "pkm-dasta", "slug": "2021-06-08 09:33:28.096492", "created_at": "2021-06-08T09:33:28.096Z", "updated_at": null}}, {"condition": {"id": 15}, "defaults": {"nama": "Informasi Kesehatan", "slug": "2021-06-08 13:19:11.580307", "created_at": "2021-06-08T13:19:11.580Z", "updated_at": null}}, {"condition": {"id": 16}, "defaults": {"nama": "puskesmas dasan tapen", "slug": "2021-06-09 13:31:56.654965", "created_at": "2021-06-09T13:31:56.655Z", "updated_at": null}}, {"condition": {"id": 18}, "defaults": {"nama": "pkm dasan tapen", "slug": "2021-06-09 13:32:15.617983", "created_at": "2021-06-09T13:32:15.618Z", "updated_at": null}}, {"condition": {"id": 20}, "defaults": {"nama": "dpmptsp", "slug": "2021-06-11 14:16:03.082792", "created_at": "2021-06-11T14:16:03.082Z", "updated_at": null}}, {"condition": {"id": 21}, "defaults": {"nama": "disdamkar", "slug": "2021-06-16 09:11:24.674048", "created_at": "2021-06-16T09:11:24.674Z", "updated_at": null}}, {"condition": {"id": 22}, "defaults": {"nama": "COBA", "slug": "2021-06-17 10:16:36.709043", "created_at": "2021-06-17T10:16:36.709Z", "updated_at": null}}, {"condition": {"id": 23}, "defaults": {"nama": "puskesmaskuripan", "slug": "2021-07-27 11:02:26.324115", "created_at": "2021-07-27T11:02:26.324Z", "updated_at": null}}, {"condition": {"id": 24}, "defaults": {"nama": "Kecamatan Lingsar", "slug": "2021-08-18 08:57:15.617118", "created_at": "2021-08-18T08:57:15.617Z", "updated_at": null}}, {"condition": {"id": 25}, "defaults": {"nama": "http://www.desalingsar.id", "slug": "2021-08-18 13:21:05.437898", "created_at": "2021-08-18T13:21:05.437Z", "updated_at": null}}, {"condition": {"id": 26}, "defaults": {"nama": "http://batukumbung.desa.id", "slug": "2021-08-18 13:21:43.441466", "created_at": "2021-08-18T13:21:43.441Z", "updated_at": null}}, {"condition": {"id": 27}, "defaults": {"nama": "http://batumekar.desa.id", "slug": "2021-08-18 13:22:18.080418", "created_at": "2021-08-18T13:22:18.080Z", "updated_at": null}}, {"condition": {"id": 28}, "defaults": {"nama": "pkmgrg", "slug": "2021-08-19 09:27:48.037342", "created_at": "2021-08-19T09:27:48.037Z", "updated_at": null}}, {"condition": {"id": 29}, "defaults": {"nama": "pkmgerung", "slug": "2021-08-19 09:27:55.230859", "created_at": "2021-08-19T09:27:55.230Z", "updated_at": null}}, {"condition": {"id": 30}, "defaults": {"nama": "puskesmasgerung", "slug": "2021-08-19 09:28:03.072027", "created_at": "2021-08-19T09:28:03.072Z", "updated_at": null}}, {"condition": {"id": 31}, "defaults": {"nama": "sehati", "slug": "2021-08-19 09:28:16.002595", "created_at": "2021-08-19T09:28:16.002Z", "updated_at": null}}, {"condition": {"id": 32}, "defaults": {"nama": "salamsehati", "slug": "2021-08-19 09:28:23.001565", "created_at": "2021-08-19T09:28:23.001Z", "updated_at": null}}, {"condition": {"id": 33}, "defaults": {"nama": "pkm_grg", "slug": "2021-08-19 09:30:16.363224", "created_at": "2021-08-19T09:30:16.363Z", "updated_at": null}}, {"condition": {"id": 34}, "defaults": {"nama": "pkm_gerung", "slug": "2021-08-19 09:30:27.752825", "created_at": "2021-08-19T09:30:27.752Z", "updated_at": null}}, {"condition": {"id": 35}, "defaults": {"nama": "puskesmas_gerung", "slug": "2021-08-19 09:30:38.133129", "created_at": "2021-08-19T09:30:38.133Z", "updated_at": null}}, {"condition": {"id": 36}, "defaults": {"nama": "salam_sehati", "slug": "2021-08-19 09:30:47.209245", "created_at": "2021-08-19T09:30:47.209Z", "updated_at": null}}, {"condition": {"id": 37}, "defaults": {"nama": "DP2KBP3A", "slug": "2021-09-13 20:18:16.674111", "created_at": "2021-09-13T20:18:16.674Z", "updated_at": null}}, {"condition": {"id": 38}, "defaults": {"nama": "Puskesmas Pelangan", "slug": "2021-09-30 13:13:50.758591", "created_at": "2021-09-30T13:13:50.758Z", "updated_at": null}}, {"condition": {"id": 39}, "defaults": {"nama": "Puskesmas Pelangan Tangguh", "slug": "2021-09-30 22:00:35.896319", "created_at": "2021-09-30T22:00:35.896Z", "updated_at": null}}, {"condition": {"id": 40}, "defaults": {"nama": "UPT BLUD PUSKESMAS PELANGAN", "slug": "2021-09-30 22:03:56.158933", "created_at": "2021-09-30T22:03:56.158Z", "updated_at": null}}, {"condition": {"id": 41}, "defaults": {"nama": "Telp", "slug": "2021-10-09 08:53:00.563499", "created_at": "2021-10-09T08:53:00.563Z", "updated_at": null}}, {"condition": {"id": 42}, "defaults": {"nama": "dpmdlombokbarat", "slug": "2021-10-27 13:31:37.919228", "created_at": "2021-10-27T13:31:37.919Z", "updated_at": null}}, {"condition": {"id": 43}, "defaults": {"nama": "kunjungankerja", "slug": "2021-10-27 13:32:02.115401", "created_at": "2021-10-27T13:32:02.115Z", "updated_at": null}}, {"condition": {"id": 44}, "defaults": {"nama": "tamansehati", "slug": "2022-03-08 21:32:37.502250", "created_at": "2022-03-08T21:32:37.502Z", "updated_at": null}}, {"condition": {"id": 45}, "defaults": {"nama": "mrym", "slug": "2022-03-08 21:33:14.261466", "created_at": "2022-03-08T21:33:14.261Z", "updated_at": null}}, {"condition": {"id": 46}, "defaults": {"nama": "tamanobatkeluarga", "slug": "2022-03-08 21:33:50.926254", "created_at": "2022-03-08T21:33:50.926Z", "updated_at": null}}, {"condition": {"id": 47}, "defaults": {"nama": "vaksinasi", "slug": "2022-03-10 11:58:41.940819", "created_at": "2022-03-10T11:58:41.940Z", "updated_at": null}}, {"condition": {"id": 48}, "defaults": {"nama": "covid-19", "slug": "2022-03-10 11:58:54.426149", "created_at": "2022-03-10T11:58:54.426Z", "updated_at": null}}, {"condition": {"id": 49}, "defaults": {"nama": "Senam", "slug": "2022-03-11 09:11:45.232490", "created_at": "2022-03-11T09:11:45.232Z", "updated_at": null}}, {"condition": {"id": 50}, "defaults": {"nama": "Senam ceria", "slug": "2022-03-11 09:12:03.871880", "created_at": "2022-03-11T09:12:03.871Z", "updated_at": null}}, {"condition": {"id": 51}, "defaults": {"nama": "Germas", "slug": "2022-03-11 09:12:14.106896", "created_at": "2022-03-11T09:12:14.106Z", "updated_at": null}}, {"condition": {"id": 52}, "defaults": {"nama": "ProgramPROLANIS", "slug": "2022-03-11 10:20:36.759458", "created_at": "2022-03-11T10:20:36.759Z", "updated_at": null}}, {"condition": {"id": 53}, "defaults": {"nama": "MINI LOKAKARYA", "slug": "2022-03-12 09:54:01.226840", "created_at": "2022-03-12T09:54:01.226Z", "updated_at": null}}, {"condition": {"id": 54}, "defaults": {"nama": "MINILOKAKARYA", "slug": "2022-03-12 09:54:16.606575", "created_at": "2022-03-12T09:54:16.606Z", "updated_at": null}}, {"condition": {"id": 55}, "defaults": {"nama": "LOKAKARYAMINI", "slug": "2022-03-12 12:54:20.243815", "created_at": "2022-03-12T12:54:20.243Z", "updated_at": null}}, {"condition": {"id": 56}, "defaults": {"nama": "UKGS", "slug": "2022-03-17 09:47:17.836921", "created_at": "2022-03-17T09:47:17.836Z", "updated_at": null}}, {"condition": {"id": 57}, "defaults": {"nama": "PUSKESMASLINGSAR", "slug": "2022-03-17 09:49:17.834166", "created_at": "2022-04-18T11:40:54.365Z", "updated_at": null}}, {"condition": {"id": 58}, "defaults": {"nama": "TESKEBUGARAN", "slug": "2022-03-18 09:50:15.976972", "created_at": "2022-03-18T09:50:15.977Z", "updated_at": null}}, {"condition": {"id": 59}, "defaults": {"nama": "TESKEBUGARANJASMANI", "slug": "2022-03-18 09:50:32.213060", "created_at": "2022-03-18T09:50:32.213Z", "updated_at": null}}, {"condition": {"id": 60}, "defaults": {"nama": "vaksinasicovid-19", "slug": "2022-04-18 09:01:57.809473", "created_at": "2022-04-18T09:01:57.809Z", "updated_at": null}}, {"condition": {"id": 61}, "defaults": {"nama": "PHBS", "slug": "2022-05-30 12:37:49.130705", "created_at": "2022-05-30T12:37:49.130Z", "updated_at": null}}, {"condition": {"id": 62}, "defaults": {"nama": "BKDPSDM", "slug": "2022-06-09 09:05:15.716516", "created_at": "2022-06-09T09:05:15.716Z", "updated_at": null}}, {"condition": {"id": 63}, "defaults": {"nama": "Bapenda", "slug": "2022-08-10 17:42:10.847072", "created_at": "2022-08-10T17:42:10.847Z", "updated_at": null}}, {"condition": {"id": 64}, "defaults": {"nama": "Pendapatan", "slug": "2022-08-10 17:42:32.482343", "created_at": "2022-08-10T17:42:32.482Z", "updated_at": null}}, {"condition": {"id": 65}, "defaults": {"nama": "Pajak", "slug": "2022-08-10 17:42:44.248735", "created_at": "2022-08-10T17:42:44.248Z", "updated_at": null}}, {"condition": {"id": 66}, "defaults": {"nama": "Pajak Daerah", "slug": "2022-08-10 17:42:58.633769", "created_at": "2022-08-10T17:42:58.633Z", "updated_at": null}}, {"condition": {"id": 67}, "defaults": {"nama": "Bangga Bayar Pajak", "slug": "2022-08-10 17:43:21.747064", "created_at": "2022-08-10T17:43:21.747Z", "updated_at": null}}, {"condition": {"id": 68}, "defaults": {"nama": "Bapenda Lobar", "slug": "2022-08-10 17:43:44.524415", "created_at": "2022-08-10T17:43:44.524Z", "updated_at": null}}, {"condition": {"id": 69}, "defaults": {"nama": "Ayo Bayar Pajak", "slug": "2022-08-10 17:44:00.036757", "created_at": "2022-08-10T17:44:00.036Z", "updated_at": null}}, {"condition": {"id": 70}, "defaults": {"nama": "Diskominfotik", "slug": "2022-08-11 08:10:19.942063", "created_at": "2022-08-11T08:10:19.942Z", "updated_at": null}}, {"condition": {"id": 71}, "defaults": {"nama": "Egoverment", "slug": "2022-08-12 10:53:58.191316", "created_at": "2022-08-12T10:53:58.191Z", "updated_at": null}}, {"condition": {"id": 72}, "defaults": {"nama": "Smart City", "slug": "2022-08-12 10:54:10.712298", "created_at": "2022-08-12T10:54:10.712Z", "updated_at": null}}, {"condition": {"id": 73}, "defaults": {"nama": "HUT RI YANG KE-77", "slug": "2022-08-15 12:57:03.394013", "created_at": "2022-08-15T12:57:03.394Z", "updated_at": null}}, {"condition": {"id": 74}, "defaults": {"nama": "HUT_RI_KE-77", "slug": "2022-08-15 12:57:25.562665", "created_at": "2022-08-15T12:57:25.562Z", "updated_at": null}}, {"condition": {"id": 75}, "defaults": {"nama": "17AGUSTUS2022", "slug": "2022-08-15 12:57:37.915994", "created_at": "2022-08-15T12:57:37.916Z", "updated_at": null}}, {"condition": {"id": 76}, "defaults": {"nama": "Kantor Camat Narmada", "slug": "2022-08-22 08:21:09.113928", "created_at": "2022-08-22T08:21:09.113Z", "updated_at": null}}, {"condition": {"id": 77}, "defaults": {"nama": "Pemda Lobar", "slug": "2022-08-22 14:09:38.490334", "created_at": "2022-08-22T14:09:38.490Z", "updated_at": null}}, {"condition": {"id": 78}, "defaults": {"nama": "Puskesmas Narmada", "slug": "2022-08-22 14:10:24.211651", "created_at": "2022-08-22T14:10:24.211Z", "updated_at": null}}, {"condition": {"id": 79}, "defaults": {"nama": "Puskesmas Sedau", "slug": "2022-08-22 14:10:39.898674", "created_at": "2022-08-22T14:10:39.898Z", "updated_at": null}}, {"condition": {"id": 80}, "defaults": {"nama": "Puskesmas Suranadi", "slug": "2022-08-22 14:11:18.004684", "created_at": "2022-08-22T14:11:18.004Z", "updated_at": null}}, {"condition": {"id": 81}, "defaults": {"nama": "Desa Narmada", "slug": "2022-08-22 14:11:43.453638", "created_at": "2022-08-22T14:11:43.453Z", "updated_at": null}}, {"condition": {"id": 82}, "defaults": {"nama": "Desa Lembuak", "slug": "2022-08-22 14:11:55.829807", "created_at": "2022-08-22T14:11:55.829Z", "updated_at": null}}, {"condition": {"id": 83}, "defaults": {"nama": "Desa Batu Kuta", "slug": "2022-08-22 14:12:08.662844", "created_at": "2022-08-22T14:12:08.662Z", "updated_at": null}}, {"condition": {"id": 84}, "defaults": {"nama": "Desa Tanak Beak", "slug": "2022-08-22 14:12:18.971014", "created_at": "2022-08-22T14:12:18.971Z", "updated_at": null}}, {"condition": {"id": 85}, "defaults": {"nama": "Desa Kramajaya", "slug": "2022-08-22 14:12:31.834516", "created_at": "2022-08-22T14:12:31.834Z", "updated_at": null}}, {"condition": {"id": 86}, "defaults": {"nama": "Desa Badrain", "slug": "2022-08-22 14:12:42.245210", "created_at": "2022-08-22T14:12:42.245Z", "updated_at": null}}, {"condition": {"id": 87}, "defaults": {"nama": "Desa Sembung", "slug": "2022-08-22 14:12:53.593783", "created_at": "2022-08-22T14:12:53.593Z", "updated_at": null}}, {"condition": {"id": 88}, "defaults": {"nama": "Desa Mekarsari", "slug": "2022-08-22 14:13:09.231694", "created_at": "2022-08-22T14:13:09.231Z", "updated_at": null}}, {"condition": {"id": 89}, "defaults": {"nama": "Desa Gerimax Indah", "slug": "2022-08-22 14:13:26.052922", "created_at": "2022-08-22T14:13:26.052Z", "updated_at": null}}, {"condition": {"id": 90}, "defaults": {"nama": "Desa Dasan Tereng", "slug": "2022-08-22 14:13:38.335268", "created_at": "2022-08-22T14:13:38.335Z", "updated_at": null}}, {"condition": {"id": 91}, "defaults": {"nama": "Desa  Nyur Lembang", "slug": "2022-08-22 14:13:57.467685", "created_at": "2022-08-22T14:13:57.467Z", "updated_at": null}}, {"condition": {"id": 92}, "defaults": {"nama": "Desa Selat", "slug": "2022-08-22 14:14:12.441591", "created_at": "2022-08-22T14:14:12.441Z", "updated_at": null}}, {"condition": {"id": 93}, "defaults": {"nama": "Desa Suranadi", "slug": "2022-08-22 14:14:24.358968", "created_at": "2022-08-22T14:14:24.358Z", "updated_at": null}}, {"condition": {"id": 94}, "defaults": {"nama": "Desa Buwun Sejati", "slug": "2022-08-22 14:14:46.599069", "created_at": "2022-08-22T14:14:46.599Z", "updated_at": null}}, {"condition": {"id": 95}, "defaults": {"nama": "Desa Sesaot", "slug": "2022-08-22 14:14:57.916627", "created_at": "2022-08-22T14:14:57.916Z", "updated_at": null}}, {"condition": {"id": 96}, "defaults": {"nama": "Desa Pakuan", "slug": "2022-08-22 14:15:07.788953", "created_at": "2022-08-22T14:15:07.788Z", "updated_at": null}}, {"condition": {"id": 97}, "defaults": {"nama": "Desa Lebah Sempaga", "slug": "2022-08-22 14:15:20.536374", "created_at": "2022-08-22T14:15:20.536Z", "updated_at": null}}, {"condition": {"id": 98}, "defaults": {"nama": "Desa Sedau", "slug": "2022-08-22 14:15:30.757543", "created_at": "2022-08-22T14:15:30.757Z", "updated_at": null}}, {"condition": {"id": 99}, "defaults": {"nama": "Desa Keru", "slug": "2022-08-22 14:15:40.605394", "created_at": "2022-08-22T14:15:40.605Z", "updated_at": null}}, {"condition": {"id": 100}, "defaults": {"nama": "Desa Golong", "slug": "2022-08-22 14:15:52.797631", "created_at": "2022-08-22T14:15:52.797Z", "updated_at": null}}, {"condition": {"id": 101}, "defaults": {"nama": "Desa Peresak", "slug": "2022-08-22 14:16:03.124822", "created_at": "2022-08-22T14:16:03.124Z", "updated_at": null}}, {"condition": {"id": 102}, "defaults": {"nama": "Desa Wisata", "slug": "2022-08-22 14:16:12.992036", "created_at": "2022-08-22T14:16:12.992Z", "updated_at": null}}, {"condition": {"id": 103}, "defaults": {"nama": "OSS-RBA", "slug": "2022-08-26 16:18:11.024667", "created_at": "2022-08-26T16:18:11.024Z", "updated_at": null}}, {"condition": {"id": 104}, "defaults": {"nama": "Desa Kuripan", "slug": "2022-09-01 15:05:47.919333", "created_at": "2022-09-01T15:05:47.919Z", "updated_at": null}}, {"condition": {"id": 105}, "defaults": {"nama": "Desa Kuripan Selatan", "slug": "2022-09-01 15:06:54.355057", "created_at": "2022-09-01T15:06:54.355Z", "updated_at": null}}, {"condition": {"id": 106}, "defaults": {"nama": "Desa Giri Sasak", "slug": "2022-09-01 15:07:10.778918", "created_at": "2022-09-01T15:07:10.778Z", "updated_at": null}}, {"condition": {"id": 107}, "defaults": {"nama": "Desa Jagaraga", "slug": "2022-09-01 15:07:22.030058", "created_at": "2022-09-01T15:07:22.030Z", "updated_at": null}}, {"condition": {"id": 108}, "defaults": {"nama": "Desa Kuripan Utara", "slug": "2022-09-01 15:07:41.250118", "created_at": "2022-09-01T15:07:41.250Z", "updated_at": null}}, {"condition": {"id": 109}, "defaults": {"nama": "Desa Kuripan Timur", "slug": "2022-09-01 15:07:56.971691", "created_at": "2022-09-01T15:07:56.971Z", "updated_at": null}}, {"condition": {"id": 110}, "defaults": {"nama": "Puskesmas Kuripan", "slug": "2022-09-01 15:08:08.221379", "created_at": "2022-09-01T15:08:08.221Z", "updated_at": null}}, {"condition": {"id": 111}, "defaults": {"nama": "UPT Labkesda", "slug": "2022-09-05 08:39:31.674804", "created_at": "2022-09-05T08:39:31.674Z", "updated_at": null}}, {"condition": {"id": 112}, "defaults": {"nama": "Labkesdalobar", "slug": "2022-09-05 08:39:46.762890", "created_at": "2022-09-05T08:39:46.762Z", "updated_at": null}}, {"condition": {"id": 113}, "defaults": {"nama": "labkesda lobar", "slug": "2022-09-05 08:40:03.988802", "created_at": "2022-09-05T08:40:03.988Z", "updated_at": null}}, {"condition": {"id": 114}, "defaults": {"nama": "laboratorium kesehatan lombok barat", "slug": "2022-09-05 08:40:25.396233", "created_at": "2022-09-05T08:40:25.396Z", "updated_at": null}}, {"condition": {"id": 115}, "defaults": {"nama": "upt laboratorium kesehatan lombok barat", "slug": "2022-09-05 08:40:43.291286", "created_at": "2022-09-05T08:40:43.291Z", "updated_at": null}}, {"condition": {"id": 116}, "defaults": {"nama": "upt laboratorium kabupaten kesehatan lombok barat", "slug": "2022-09-05 08:40:52.420548", "created_at": "2022-09-05T08:40:52.420Z", "updated_at": null}}, {"condition": {"id": 117}, "defaults": {"nama": "PKK Kecamatan Kediri", "slug": "2022-09-09 10:15:39.807587", "created_at": "2022-09-09T10:15:39.807Z", "updated_at": null}}, {"condition": {"id": 118}, "defaults": {"nama": "UPT BLUD Puskesmas Eyat Mayang", "slug": "2022-09-13 18:31:45.410305", "created_at": "2022-09-13T18:31:45.410Z", "updated_at": null}}, {"condition": {"id": 119}, "defaults": {"nama": "keagamaan", "slug": "2022-09-14 08:33:31.215828", "created_at": "2022-09-14T08:33:31.215Z", "updated_at": null}}, {"condition": {"id": 120}, "defaults": {"nama": "Kecamatan Gerung", "slug": "2022-09-14 08:34:22.995199", "created_at": "2022-09-14T08:34:22.995Z", "updated_at": null}}, {"condition": {"id": 121}, "defaults": {"nama": "PKK Kecamatan Gerung", "slug": "2022-09-14 08:38:02.400453", "created_at": "2022-09-14T08:38:02.400Z", "updated_at": null}}, {"condition": {"id": 122}, "defaults": {"nama": "DWP Kecamatan Gerung", "slug": "2022-09-14 08:38:44.561451", "created_at": "2022-09-14T08:38:44.561Z", "updated_at": null}}, {"condition": {"id": 123}, "defaults": {"nama": "Kelurahan Gerung Utara", "slug": "2022-09-14 08:39:32.935920", "created_at": "2022-09-14T08:39:32.935Z", "updated_at": null}}, {"condition": {"id": 124}, "defaults": {"nama": "Kelurahan Gerung Selatan", "slug": "2022-09-14 08:39:52.971439", "created_at": "2022-09-14T08:39:52.971Z", "updated_at": null}}, {"condition": {"id": 125}, "defaults": {"nama": "Kelurahan Dasan Geres", "slug": "2022-09-14 08:40:11.499551", "created_at": "2022-09-14T08:40:11.499Z", "updated_at": null}}, {"condition": {"id": 126}, "defaults": {"nama": "Gotong Royong Kecamatan Gerung", "slug": "2022-09-14 08:43:43.240688", "created_at": "2022-09-14T08:43:43.240Z", "updated_at": null}}, {"condition": {"id": 127}, "defaults": {"nama": "HUT RI di Kecamatan Gerung", "slug": "2022-09-14 08:44:22.494641", "created_at": "2022-09-14T08:44:22.494Z", "updated_at": null}}, {"condition": {"id": 128}, "defaults": {"nama": "Bantuan Langsung Tunai ( BLT )", "slug": "2022-09-15 08:32:26.746536", "created_at": "2022-09-15T08:32:26.746Z", "updated_at": null}}, {"condition": {"id": 129}, "defaults": {"nama": "Desa Tempos", "slug": "2022-09-15 08:32:52.977214", "created_at": "2022-09-15T08:32:52.977Z", "updated_at": null}}, {"condition": {"id": 130}, "defaults": {"nama": "Desa Babussalam", "slug": "2022-09-15 08:33:13.467328", "created_at": "2022-09-15T08:33:13.467Z", "updated_at": null}}, {"condition": {"id": 131}, "defaults": {"nama": "Desa Mesanggok  ", "slug": "2022-09-15 08:34:14.430343", "created_at": "2022-09-15T08:34:14.430Z", "updated_at": null}}, {"condition": {"id": 132}, "defaults": {"nama": "Desa Beleke", "slug": "2022-09-15 08:34:27.361579", "created_at": "2022-09-15T08:34:27.361Z", "updated_at": null}}, {"condition": {"id": 133}, "defaults": {"nama": "Desa Dasan Tapen", "slug": "2022-09-15 08:34:40.081083", "created_at": "2022-09-15T08:34:40.081Z", "updated_at": null}}, {"condition": {"id": 134}, "defaults": {"nama": "Desa Suka Makmur", "slug": "2022-09-15 08:34:56.849979", "created_at": "2022-09-15T08:34:56.849Z", "updated_at": null}}, {"condition": {"id": 135}, "defaults": {"nama": "Desa Kebon Ayu", "slug": "2022-09-15 08:35:08.304165", "created_at": "2022-09-15T08:35:08.304Z", "updated_at": null}}, {"condition": {"id": 136}, "defaults": {"nama": "Desa Taman Ayu", "slug": "2022-09-15 08:35:18.876035", "created_at": "2022-09-15T08:35:18.876Z", "updated_at": null}}, {"condition": {"id": 137}, "defaults": {"nama": "Desa Gapuk", "slug": "2022-09-15 08:35:40.034464", "created_at": "2022-09-15T08:35:40.034Z", "updated_at": null}}, {"condition": {"id": 138}, "defaults": {"nama": "Desa Banyu Urip", "slug": "2022-09-15 08:36:30.046462", "created_at": "2022-09-15T08:36:30.046Z", "updated_at": null}}, {"condition": {"id": 139}, "defaults": {"nama": "Desa Giri Tembesi", "slug": "2022-09-15 08:36:43.710921", "created_at": "2022-09-15T08:36:43.710Z", "updated_at": null}}, {"condition": {"id": 140}, "defaults": {"nama": "Kebudayaan di Kecamatan Gerung", "slug": "2022-09-19 11:18:07.833929", "created_at": "2022-09-19T11:18:07.833Z", "updated_at": null}}, {"condition": {"id": 141}, "defaults": {"nama": "STQ Tingkat Kecamatan Gerung", "slug": "2022-09-20 13:21:24.895951", "created_at": "2022-09-20T13:21:24.895Z", "updated_at": null}}, {"condition": {"id": 142}, "defaults": {"nama": "STUNTING di Kecamatan Gerung", "slug": "2022-09-21 13:46:17.893681", "created_at": "2022-09-21T13:46:17.893Z", "updated_at": null}}, {"condition": {"id": 143}, "defaults": {"nama": "Minilokakarya Kecamatan Gerung.", "slug": "2022-09-26 08:55:22.821936", "created_at": "2022-09-26T08:55:22.821Z", "updated_at": null}}, {"condition": {"id": 144}, "defaults": {"nama": "Gerakan Pramuka Kwartir Ranting Gerung", "slug": "2022-09-29 08:24:58.814432", "created_at": "2022-09-29T08:24:58.814Z", "updated_at": null}}, {"condition": {"id": 145}, "defaults": {"nama": "UMKM USAHA di Kelurahan Gerung Selatan", "slug": "2022-10-05 08:59:56.366095", "created_at": "2022-10-05T08:59:56.366Z", "updated_at": null}}, {"condition": {"id": 146}, "defaults": {"nama": "PKMSekotong", "slug": "2022-10-27 10:42:04.888981", "created_at": "2022-10-27T10:42:04.888Z", "updated_at": null}}, {"condition": {"id": 147}, "defaults": {"nama": "PKMSEKOTONGEMAS", "slug": "2022-10-27 10:42:20.876675", "created_at": "2022-10-27T10:42:20.876Z", "updated_at": null}}, {"condition": {"id": 148}, "defaults": {"nama": "Puskesmas_Sekotong", "slug": "2022-10-31 17:50:04.896609", "created_at": "2022-10-31T17:50:04.896Z", "updated_at": null}}, {"condition": {"id": 149}, "defaults": {"nama": "SEKOTONGMENDUNIA", "slug": "2022-10-31 17:50:27.004566", "created_at": "2022-10-31T17:50:27.004Z", "updated_at": null}}, {"condition": {"id": 150}, "defaults": {"nama": "RSUD Awet Muda Narmada", "slug": "2022-12-25 10:18:41.025343", "created_at": "2022-12-25T10:18:41.025Z", "updated_at": null}}, {"condition": {"id": 151}, "defaults": {"nama": "Nyongkolan Adat istiadat di Kecamatan Gerung", "slug": "2023-01-09 08:08:59.989798", "created_at": "2023-01-09T08:08:59.989Z", "updated_at": null}}, {"condition": {"id": 152}, "defaults": {"nama": "Minilokarya di Kecamatan Gerung", "slug": "2023-01-09 08:10:03.348170", "created_at": "2023-01-09T08:10:03.348Z", "updated_at": null}}, {"condition": {"id": 153}, "defaults": {"nama": "Dishub Lobar", "slug": "dishub-lobar", "created_at": "2023-03-02T15:59:21.408Z", "updated_at": "2023-03-02T15:59:21.408Z"}}, {"condition": {"id": 154}, "defaults": {"nama": "WSBK", "slug": "wsbk", "created_at": "2023-03-02T15:59:31.498Z", "updated_at": "2023-03-02T15:59:31.498Z"}}, {"condition": {"id": 155}, "defaults": {"nama": "MOTO GP", "slug": "moto-gp", "created_at": "2023-03-02T15:59:43.742Z", "updated_at": "2023-03-02T15:59:43.742Z"}}, {"condition": {"id": 156}, "defaults": {"nama": "Perhubungan Darat", "slug": "perhubungan-darat", "created_at": "2023-03-02T16:00:14.409Z", "updated_at": "2023-03-02T16:00:14.409Z"}}, {"condition": {"id": 157}, "defaults": {"nama": "Perhubungan Laut", "slug": "perhubungan-laut", "created_at": "2023-03-02T16:00:23.414Z", "updated_at": "2023-03-02T16:00:23.414Z"}}, {"condition": {"id": 158}, "defaults": {"nama": "Sarpras Dishub", "slug": "sarpras-dishub", "created_at": "2023-03-02T16:00:37.470Z", "updated_at": "2023-03-02T16:00:37.470Z"}}, {"condition": {"id": 159}, "defaults": {"nama": "Pengembangan Kapasitas Dishub", "slug": "pengembangan-kapasitas-dishub", "created_at": "2023-03-02T16:02:06.326Z", "updated_at": "2023-03-02T16:02:06.326Z"}}, {"condition": {"id": 160}, "defaults": {"nama": "APTIKA", "slug": "aptika", "created_at": "2023-05-12T04:16:11.448Z", "updated_at": "2023-05-12T04:16:11.448Z"}}, {"condition": {"id": 161}, "defaults": {"nama": "SRIKANDI", "slug": "srikandi", "created_at": "2023-05-12T04:16:20.346Z", "updated_at": "2023-05-12T04:16:20.346Z"}}, {"condition": {"id": 162}, "defaults": {"nama": "puskesmas lombok barat", "slug": "puskesmas-lombok-barat", "created_at": "2023-05-23T02:50:28.426Z", "updated_at": "2023-05-23T02:50:28.426Z"}}, {"condition": {"id": 163}, "defaults": {"nama": "puskesmas penimbung", "slug": "puskesmas-penimbung", "created_at": "2023-05-23T02:50:36.555Z", "updated_at": "2023-05-23T02:50:36.555Z"}}, {"condition": {"id": 164}, "defaults": {"nama": "dinas kesehatan lombok barat", "slug": "dinas-kesehatan-lombok-barat", "created_at": "2023-05-23T02:51:39.547Z", "updated_at": "2023-05-23T02:51:39.547Z"}}, {"condition": {"id": 165}, "defaults": {"nama": "UPT Laboratorium Kesehatan Kabupaten Lombok Barat ", "slug": "upt-laboratorium-kesehatan-kabupaten-lombok-barat", "created_at": "2023-05-24T02:06:33.253Z", "updated_at": "2023-05-24T02:06:33.253Z"}}, {"condition": {"id": 166}, "defaults": {"nama": "kemenkesri", "slug": "kemenkesri", "created_at": "2023-05-27T11:32:52.273Z", "updated_at": "2023-05-27T11:32:52.273Z"}}, {"condition": {"id": 167}, "defaults": {"nama": "dikeslobar", "slug": "dikeslobar", "created_at": "2023-05-27T11:33:02.431Z", "updated_at": "2023-05-27T11:33:02.431Z"}}, {"condition": {"id": 168}, "defaults": {"nama": "dikesprovntb", "slug": "dikesprovntb", "created_at": "2023-05-27T11:33:13.542Z", "updated_at": "2023-05-27T11:33:13.542Z"}}, {"condition": {"id": 169}, "defaults": {"nama": "disarpus", "slug": "disarpus", "created_at": "2023-06-17T10:47:56.555Z", "updated_at": "2023-06-17T10:47:56.555Z"}}, {"condition": {"id": 170}, "defaults": {"nama": "DESA PELANGAN", "slug": "desa-pelangan", "created_at": "2023-07-03T15:01:47.441Z", "updated_at": "2023-07-03T15:01:47.441Z"}}, {"condition": {"id": 171}, "defaults": {"nama": "Edukasi Kesehatan", "slug": "edukasi-kesehatan", "created_at": "2023-07-04T01:56:52.798Z", "updated_at": "2023-07-04T01:56:52.798Z"}}, {"condition": {"id": 172}, "defaults": {"nama": "DESA BATU PUTIH", "slug": "desa-batu-putih", "created_at": "2023-07-11T15:30:12.129Z", "updated_at": "2023-07-11T15:30:12.129Z"}}, {"condition": {"id": 173}, "defaults": {"nama": "DESA KEDARO", "slug": "desa-kedaro", "created_at": "2023-07-11T15:30:29.845Z", "updated_at": "2023-07-11T15:30:29.845Z"}}, {"condition": {"id": 174}, "defaults": {"nama": "DESA GILI GEDE INDAH", "slug": "desa-gili-gede-indah", "created_at": "2023-07-11T15:30:42.792Z", "updated_at": "2023-07-11T15:30:42.792Z"}}, {"condition": {"id": 175}, "defaults": {"nama": "DESA SEKOTONG BARAT", "slug": "desa-sekotong-barat", "created_at": "2023-07-11T15:30:56.539Z", "updated_at": "2023-07-11T15:30:56.539Z"}}, {"condition": {"id": 176}, "defaults": {"nama": "Rsud Tripat", "slug": "rsud-tripat", "created_at": "2023-09-12T03:07:53.925Z", "updated_at": "2023-09-12T03:07:53.926Z"}}, {"condition": {"id": 177}, "defaults": {"nama": "Melayani dengan sepenuh hati", "slug": "melayani-dengan-sepenuh-hati", "created_at": "2023-09-12T03:08:12.031Z", "updated_at": "2023-09-12T03:08:12.031Z"}}, {"condition": {"id": 178}, "defaults": {"nama": "Rsud Tripat Gerung", "slug": "rsud-tripat-gerung", "created_at": "2023-09-12T03:08:30.297Z", "updated_at": "2023-09-12T03:08:30.297Z"}}, {"condition": {"id": 179}, "defaults": {"nama": "Green Hospital", "slug": "green-hospital", "created_at": "2023-09-12T03:08:50.231Z", "updated_at": "2023-09-12T03:08:50.231Z"}}, {"condition": {"id": 180}, "defaults": {"nama": "Inspektoratkablobar", "slug": "inspektoratkablobar", "created_at": "2023-11-03T07:32:13.033Z", "updated_at": "2023-11-03T07:32:13.033Z"}}, {"condition": {"id": 181}, "defaults": {"nama": "GERDUMENTE", "slug": "gerdumente", "created_at": "2023-11-03T07:32:46.551Z", "updated_at": "2023-11-03T07:32:46.551Z"}}, {"condition": {"id": 182}, "defaults": {"nama": "berita utama", "slug": "berita-utama", "created_at": "2024-01-08T07:36:32.560Z", "updated_at": "2024-01-08T07:36:32.560Z"}}, {"condition": {"id": 183}, "defaults": {"nama": "BPP_NARMADA", "slug": "bpp-narmada", "created_at": "2024-02-15T01:08:43.949Z", "updated_at": "2024-02-15T01:08:43.950Z"}}, {"condition": {"id": 184}, "defaults": {"nama": "BPP_BATULAYAR", "slug": "bpp-batulayar", "created_at": "2024-02-15T03:44:04.838Z", "updated_at": "2024-02-15T03:44:04.838Z"}}, {"condition": {"id": 185}, "defaults": {"nama": "BPP_GUNUNGSARI", "slug": "bpp-gunungsari", "created_at": "2024-02-15T03:44:23.255Z", "updated_at": "2024-02-15T03:44:23.255Z"}}, {"condition": {"id": 186}, "defaults": {"nama": "BPP_LINGSAR", "slug": "bpp-lingsar", "created_at": "2024-02-15T03:44:36.847Z", "updated_at": "2024-02-15T03:44:36.847Z"}}, {"condition": {"id": 187}, "defaults": {"nama": "BPP_SEKOTONG", "slug": "bpp-sekotong", "created_at": "2024-02-15T03:44:53.761Z", "updated_at": "2024-02-15T03:44:53.761Z"}}, {"condition": {"id": 188}, "defaults": {"nama": "BPP_KURIPAPAN", "slug": "bpp-kuripapan", "created_at": "2024-02-15T03:45:25.211Z", "updated_at": "2024-02-15T03:45:25.211Z"}}, {"condition": {"id": 189}, "defaults": {"nama": "BPP_LEMBAR", "slug": "bpp-lembar", "created_at": "2024-02-15T03:45:43.677Z", "updated_at": "2024-02-15T03:45:43.677Z"}}, {"condition": {"id": 190}, "defaults": {"nama": "BPP_LABUAPI", "slug": "bpp-labuapi", "created_at": "2024-02-15T03:46:17.399Z", "updated_at": "2024-02-15T03:46:17.399Z"}}, {"condition": {"id": 191}, "defaults": {"nama": "DINAS PERTANIAN LOMBOK BARAT", "slug": "dinas-pertanian-lombok-barat", "created_at": "2024-02-15T03:48:01.015Z", "updated_at": "2024-02-15T03:48:01.015Z"}}, {"condition": {"id": 192}, "defaults": {"nama": "BPP_Kediri", "slug": "bpp-kediri", "created_at": "2024-05-13T15:06:35.437Z", "updated_at": "2024-05-13T15:06:35.437Z"}}, {"condition": {"id": 193}, "defaults": {"nama": "Bidang Perkebunan ", "slug": "bidang-perkebunan", "created_at": "2024-05-13T15:10:42.003Z", "updated_at": "2024-05-13T15:10:42.003Z"}}, {"condition": {"id": 194}, "defaults": {"nama": "UPT Kesehatan Hewan Wilayah Selatan ", "slug": "upt-kesehatan-hewan-wilayah-selatan", "created_at": "2024-05-14T10:40:56.982Z", "updated_at": "2024-05-14T10:40:56.982Z"}}, {"condition": {"id": 195}, "defaults": {"nama": "Penyuluh sahabat petani ", "slug": "penyuluh-sahabat-petani", "created_at": "2024-05-15T08:47:57.121Z", "updated_at": "2024-05-15T08:47:57.121Z"}}, {"condition": {"id": 196}, "defaults": {"nama": "#harmonilombokbarat", "slug": "harmonilombokbarat", "created_at": "2024-05-21T02:22:42.923Z", "updated_at": "2024-05-21T02:22:42.923Z"}}, {"condition": {"id": 197}, "defaults": {"nama": "#pariwisatalombokbarat", "slug": "pariwisatalombokbarat", "created_at": "2024-05-21T02:22:59.599Z", "updated_at": "2024-05-21T02:22:59.599Z"}}, {"condition": {"id": 198}, "defaults": {"nama": "TPID", "slug": "tpid", "created_at": "2024-05-22T01:47:49.802Z", "updated_at": "2024-05-22T01:47:49.802Z"}}, {"condition": {"id": 199}, "defaults": {"nama": "Desa pelangan ", "slug": "desa-pelangan-1", "created_at": "2024-05-22T01:48:07.393Z", "updated_at": "2024-05-22T01:48:07.393Z"}}, {"condition": {"id": 200}, "defaults": {"nama": "Penerangan Jalan Umum", "slug": "penerangan-jalan-umum", "created_at": "2024-05-30T06:55:45.244Z", "updated_at": "2024-05-30T06:55:45.244Z"}}, {"condition": {"id": 201}, "defaults": {"nama": "Perparkiran dan Keterminalan", "slug": "perparkiran-dan-keterminalan", "created_at": "2024-05-30T06:56:07.491Z", "updated_at": "2024-05-30T06:56:07.491Z"}}, {"condition": {"id": 202}, "defaults": {"nama": "Pelabuhan Senggigi", "slug": "pelabuhan-senggigi", "created_at": "2024-05-30T06:58:10.465Z", "updated_at": "2024-05-30T06:58:10.465Z"}}, {"condition": {"id": 203}, "defaults": {"nama": "Pelabuhan Tawun dan Tembowong", "slug": "pelabuhan-tawun-dan-tembowong", "created_at": "2024-05-30T07:11:51.207Z", "updated_at": "2024-05-30T07:11:51.207Z"}}, {"condition": {"id": 204}, "defaults": {"nama": "Pengujian Kendaraan Bermotor", "slug": "pengujian-kendaraan-bermotor", "created_at": "2024-05-30T07:12:22.344Z", "updated_at": "2024-05-30T07:12:22.344Z"}}, {"condition": {"id": 205}, "defaults": {"nama": "FLLAJ Lobar", "slug": "fllaj-lobar", "created_at": "2024-06-05T12:04:00.521Z", "updated_at": "2024-06-05T12:04:00.521Z"}}, {"condition": {"id": 206}, "defaults": {"nama": "GESIT", "slug": "gesit", "created_at": "2024-06-05T12:04:20.442Z", "updated_at": "2024-06-05T12:04:20.442Z"}}, {"condition": {"id": 207}, "defaults": {"nama": "Inspektorat Lombok Barat", "slug": "inspektorat-lombok-barat", "created_at": "2024-06-29T12:38:40.049Z", "updated_at": "2024-06-29T12:38:40.049Z"}}, {"condition": {"id": 208}, "defaults": {"nama": "#InspektoratLombokBarat", "slug": "inspektoratlombokbarat", "created_at": "2024-06-29T12:39:09.128Z", "updated_at": "2024-06-29T12:39:09.128Z"}}, {"condition": {"id": 209}, "defaults": {"nama": "INSPEKTORAT", "slug": "inspektorat", "created_at": "2024-06-29T12:39:30.943Z", "updated_at": "2024-06-29T12:39:30.943Z"}}, {"condition": {"id": 210}, "defaults": {"nama": "Inspektorat Kab Lobar", "slug": "inspektorat-kab-lobar", "created_at": "2024-06-29T12:42:54.451Z", "updated_at": "2024-06-29T12:42:54.451Z"}}, {"condition": {"id": 211}, "defaults": {"nama": "Inspektorat Kabupaten Lombok Barat", "slug": "inspektorat-kabupaten-lombok-barat", "created_at": "2024-06-29T12:43:20.752Z", "updated_at": "2024-06-29T12:43:20.752Z"}}, {"condition": {"id": 212}, "defaults": {"nama": "INSPEKTORAT LOBAR", "slug": "inspektorat-lobar", "created_at": "2024-06-29T12:43:50.523Z", "updated_at": "2024-06-29T12:43:50.523Z"}}]