[{"condition": {"id": 1}, "defaults": {"password": "pbkdf2_sha256$260000$MH1Va0ePV7UAOOeaQ7S4Nz$lzCX1l6lSCfXZnr4XOtaRWAnNTfQVWJgutoXQ9hDEJw=", "last_login": "2024-06-14T07:51:35.323Z", "is_superuser": true, "username": "admin", "first_name": "super admin", "last_name": "diskominfotik", "email": "suratiwan03@gmail.com", "is_staff": true, "is_active": true, "date_joined": "2021-05-19T10:06:29Z"}}, {"condition": {"id": 2}, "defaults": {"password": "pbkdf2_sha256$260000$7D0t5SPdHkAxZtDYzTpGRJ$XwTX8hgU3cHNQoOxLXb2TkAGHRPIhrTfl7BRZMH74iQ=", "last_login": "2024-04-30T08:04:50.489Z", "is_superuser": false, "username": "bkdpsdmlobar", "first_name": "", "last_name": "", "email": "bkdpsdm@lombokbaratkab.go.id", "is_staff": true, "is_active": true, "date_joined": "2021-05-19T10:53:54Z"}}, {"condition": {"id": 3}, "defaults": {"password": "pbkdf2_sha256$260000$slWJJDZIyHhpx2PXmeG753$0zvCDGzNx8U67d4vS0kciwyWp7ltN/fkqADsEPf+u9w=", "last_login": "2024-06-28T00:32:03.494Z", "is_superuser": false, "username": "dinsoslobar", "first_name": "", "last_name": "", "email": "dinsos@lombokbaratkab.go.id", "is_staff": true, "is_active": true, "date_joined": "2021-05-27T11:22:24Z"}}, {"condition": {"id": 5}, "defaults": {"password": "pbkdf2_sha256$260000$MGc5o4YnB5xcRSN7Xipaz9$X/ha0NSxRTukR1v9RP1/Yu6FyoXGF9A45omch+wGQtI=", "last_login": "2023-11-03T01:27:39.281Z", "is_superuser": false, "username": "bakesbangpollobar", "first_name": "", "last_name": "", "email": "bakesbangpol@lombokbaratkab.go.id", "is_staff": true, "is_active": true, "date_joined": "2021-05-27T11:51:36Z"}}, {"condition": {"id": 6}, "defaults": {"password": "pbkdf2_sha256$260000$jEZl00idBGdXDZ0Co2V4Pa$HDRFNaGIkrrPaZYSGgmUpjMkL6Wi8V9gAtPgTAc6SL4=", "last_login": "2024-07-04T08:27:20.802Z", "is_superuser": false, "username": "bapendalobar", "first_name": "", "last_name": "", "email": "bapenda@lombokbaratkab.go.id", "is_staff": true, "is_active": true, "date_joined": "2021-05-27T11:54:38Z"}}, {"condition": {"id": 7}, "defaults": {"password": "pbkdf2_sha256$260000$zoxWxw95NFIPwMKhPo0Vcl$8YQwklP6AqJTIkFJrT8WHs94wUH7vOiFcJkiORkAI4A=", "last_login": "2024-03-26T07:09:27.401Z", "is_superuser": false, "username": "bappedalobar", "first_name": "", "last_name": "", "email": "bappeda@lombokbaratkab.go.id", "is_staff": true, "is_active": true, "date_joined": "2021-05-27T11:56:09Z"}}, {"condition": {"id": 8}, "defaults": {"password": "pbkdf2_sha256$260000$naT1mzIWRjsbVOGuqEXlt0$h9xXRzNHj99Spjv5Mi/0SH9TLwSQv5j3vhX56rTj+r4=", "last_login": "2023-09-26T00:40:04.089Z", "is_superuser": false, "username": "batulayarlobar", "first_name": "", "last_name": "", "email": "batulayar@lombokbaratkab.go.id", "is_staff": true, "is_active": true, "date_joined": "2021-05-27T11:58:33Z"}}, {"condition": {"id": 9}, "defaults": {"password": "pbkdf2_sha256$260000$HDKipnMQcMynucFFNFappD$3lRWJuc4AtO+uvpZk+3sUxHi+ugYPAbyPryXcP1zZzA=", "last_login": "2023-11-03T02:46:05.245Z", "is_superuser": false, "username": "bpbdlobar", "first_name": "", "last_name": "", "email": "bpbd@lombokbaratkab.go.id", "is_staff": true, "is_active": true, "date_joined": "2021-05-27T12:03:17Z"}}, {"condition": {"id": 10}, "defaults": {"password": "pbkdf2_sha256$260000$9olXSzZncBPVNj9JfrrOSz$ExOwxQ82KZcE04CzSRZQ+yed1Ft5OaHOp7j3/4i9Z+I=", "last_login": "2024-02-06T01:39:33.440Z", "is_superuser": false, "username": "bpkadlobar", "first_name": "", "last_name": "", "email": "bpkad@lombokbaratkab.go.id", "is_staff": true, "is_active": true, "date_joined": "2021-05-27T12:04:29Z"}}, {"condition": {"id": 11}, "defaults": {"password": "pbkdf2_sha256$260000$lqJWtRlQw9au4T8yhfSFL6$tS0QK4WuRZnEGfOAM7Pl/7nbIGoK2H9YR9q9sEIZyYw=", "last_login": "2024-07-04T09:31:25.822Z", "is_superuser": false, "username": "dikeslobar", "first_name": "", "last_name": "", "email": "dikes@lombokbaratkab.go.id", "is_staff": true, "is_active": true, "date_joined": "2021-05-27T12:05:23Z"}}, {"condition": {"id": 12}, "defaults": {"password": "pbkdf2_sha256$260000$qOaSgH7m1cOeakN5wuIOyA$vrFClQLEt84WnFms9I8ioMqEXGBws0TkNcGeRq7idO4=", "last_login": "2024-03-20T06:55:42.978Z", "is_superuser": false, "username": "dikpanganlobar", "first_name": "", "last_name": "", "email": "dikpangan@lombokbaratkab.go.id", "is_staff": true, "is_active": true, "date_joined": "2021-05-27T12:06:10Z"}}, {"condition": {"id": 13}, "defaults": {"password": "pbkdf2_sha256$260000$QeGITgFD9jyz7epE1yPYUR$xWccAzx1tHiFvefWiUS/hD5WqTBqW9W2DUQrQsNAoeE=", "last_login": "2024-07-04T00:54:25.604Z", "is_superuser": false, "username": "dipertalobar", "first_name": "", "last_name": "", "email": "diperta@lombokbaratkab.go.id", "is_staff": true, "is_active": true, "date_joined": "2021-05-27T13:33:16Z"}}, {"condition": {"id": 14}, "defaults": {"password": "pbkdf2_sha256$260000$ZbM0EInhBXn28rJaDd5YF8$zJJ6snKT5G6BPSh/Yw6u/Lg7ps2FAhYo/2IfcmPSJ+I=", "last_login": "2024-06-28T07:22:24.440Z", "is_superuser": false, "username": "inspektoratlobar", "first_name": "", "last_name": "", "email": "inspektorat@lombokbaratkab.go.id", "is_staff": true, "is_active": true, "date_joined": "2021-05-27T13:33:19.934Z"}}, {"condition": {"id": 15}, "defaults": {"password": "pbkdf2_sha256$260000$TlFsmO0AQwYq6ARPVgEg58$P0ECju82m/UBNpou7QfKuy7gZ+t4Szv+EAO9k5TgrFU=", "last_login": "2024-03-25T06:05:25.813Z", "is_superuser": false, "username": "disarpuslobar", "first_name": "", "last_name": "", "email": "disarpus@lombokbaratkab.go.id", "is_staff": true, "is_active": true, "date_joined": "2021-05-27T13:34:11Z"}}, {"condition": {"id": 16}, "defaults": {"password": "pbkdf2_sha256$260000$e5zV03ss6jAY7Rq9bCtZH8$nlhm+aVx+Xa52gywKieEMD4JdBNs4XfxazgWHTOzQzQ=", "last_login": "2024-06-20T01:50:45.462Z", "is_superuser": false, "username": "disdamkarlobar", "first_name": "", "last_name": "", "email": "disdamkar@lombokbaratkab.go.id", "is_staff": true, "is_active": true, "date_joined": "2021-05-27T13:35:06Z"}}, {"condition": {"id": 17}, "defaults": {"password": "pbkdf2_sha256$260000$PVHW23k8DLS2jAQd3jK7mb$LiIFfDfWt2jvgRrl77NxRibJBwnwn3yIlRAAGWA/+8E=", "last_login": "2024-07-04T01:34:54.418Z", "is_superuser": false, "username": "disdukcapillobar", "first_name": "", "last_name": "", "email": "disdukcapil@lombokbaratkab.go.id", "is_staff": true, "is_active": true, "date_joined": "2021-05-27T13:35:53Z"}}, {"condition": {"id": 18}, "defaults": {"password": "pbkdf2_sha256$260000$H3HamkgZpUoAz4ipNgFdAT$5ipGohMDAgwa6OxZKgvl5go72an7NOaiUeiwwFcMO5s=", "last_login": "2024-06-06T15:23:12.749Z", "is_superuser": false, "username": "dishublobar", "first_name": "", "last_name": "", "email": "dishub@lombokbaratkab.go.id", "is_staff": true, "is_active": true, "date_joined": "2021-05-27T13:36:33Z"}}, {"condition": {"id": 19}, "defaults": {"password": "pbkdf2_sha256$260000$MP7TZhqni71kLhGrOvfCSb$Bp4h/s57h63rCAp/3rvoSTpm27MJ21fp7aTl3asFkL8=", "last_login": "2024-05-28T04:43:39.493Z", "is_superuser": false, "username": "diskopukmlobar", "first_name": "", "last_name": "", "email": "diskopukm@lombokbaratkab.go.id", "is_staff": true, "is_active": true, "date_joined": "2021-05-27T13:37:31Z"}}, {"condition": {"id": 20}, "defaults": {"password": "pbkdf2_sha256$260000$9jMGNYRBdPPtY8G9Dw3Gla$Ut+jJ+T/iaWZ7HI77aueHBZ22oZbFZ4+DuUZnRDluEw=", "last_login": "2023-04-03T07:37:12.890Z", "is_superuser": false, "username": "disnakerlobar", "first_name": "", "last_name": "", "email": "disnaker@lombokbaratkab.go.id", "is_staff": true, "is_active": true, "date_joined": "2021-05-27T13:38:30Z"}}, {"condition": {"id": 21}, "defaults": {"password": "pbkdf2_sha256$260000$x3bnVDeXraO8GJuiWV5kjx$12mu4KUyQl6/g4jL+FodkUmudJbKNoiqbxDDVBFdkAU=", "last_login": "2024-06-14T08:31:01.597Z", "is_superuser": false, "username": "disparlobar", "first_name": "", "last_name": "", "email": "dispar@lombokbaratkab.go.id", "is_staff": true, "is_active": true, "date_joined": "2021-05-27T13:39:19Z"}}, {"condition": {"id": 22}, "defaults": {"password": "pbkdf2_sha256$260000$RWkbCGqBZuhYZJT1yTvc6D$ToHiaC4OJfhM0ik4MWncz2QIc4jI5ByU1LnSz4r5wRk=", "last_login": "2023-11-03T01:01:52.184Z", "is_superuser": false, "username": "disperindaglobar", "first_name": "", "last_name": "", "email": "disperindag@lombokbaratkab.go.id", "is_staff": true, "is_active": true, "date_joined": "2021-05-27T13:40:01Z"}}, {"condition": {"id": 23}, "defaults": {"password": "pbkdf2_sha256$260000$rnQvxgPB75QgdNAIy2d2CJ$wpBlVr/bgvMVWFQC+xB1yVRHoTOltZxqGOMpNCKxY/4=", "last_login": "2024-06-28T22:05:43.129Z", "is_superuser": false, "username": "disperkimlobar", "first_name": "", "last_name": "", "email": "disperkim@lombokbaratkab.go.id", "is_staff": true, "is_active": true, "date_joined": "2021-05-27T13:41:10Z"}}, {"condition": {"id": 24}, "defaults": {"password": "pbkdf2_sha256$260000$ADR4YzUf0CSY6yjc8TQ9Vk$BQ1ZCpgv902tgNYpLKR+Ps9sH6oy5pyrOBjYFq42uks=", "last_login": "2023-11-03T02:35:05.369Z", "is_superuser": false, "username": "disporalobar", "first_name": "", "last_name": "", "email": "dispora@lombokbaratkab.go.id", "is_staff": true, "is_active": true, "date_joined": "2021-05-27T13:41:56Z"}}, {"condition": {"id": 25}, "defaults": {"password": "pbkdf2_sha256$260000$lTaJL4iH7psIZO1TapAPoM$K1NT7y4Uh34K7vd1ZvwiG6lMmPCBS2qe36X1SAF5aRc=", "last_login": "2024-06-19T02:03:33.753Z", "is_superuser": false, "username": "dkplobar", "first_name": "", "last_name": "", "email": "dkp@lombokbaratkab.go.id", "is_staff": true, "is_active": true, "date_joined": "2021-05-27T13:42:39Z"}}, {"condition": {"id": 26}, "defaults": {"password": "pbkdf2_sha256$260000$m6ufZE1sh9duOKKTIxZXdL$7pbrGV2xtVbvk4LHNTcRyB7g/HtfiOJGghMhM8D349g=", "last_login": "2024-06-06T06:32:57.673Z", "is_superuser": false, "username": "dlhlobar", "first_name": "", "last_name": "", "email": "dlh@lombokbaratkab.go.id", "is_staff": true, "is_active": true, "date_joined": "2021-05-27T13:43:26Z"}}, {"condition": {"id": 27}, "defaults": {"password": "pbkdf2_sha256$260000$usBRwodYcFomDPY9IvrZB0$37/M6yqMIq2YAaznFVpC1E3upfUEcn/lRPhsQ+jpvUc=", "last_login": "2024-06-27T01:40:22.493Z", "is_superuser": false, "username": "dp2kbp3alobar", "first_name": "", "last_name": "", "email": "dp2kbp3a@lombokbaratkab.go.id", "is_staff": true, "is_active": true, "date_joined": "2021-05-27T13:44:08Z"}}, {"condition": {"id": 28}, "defaults": {"password": "pbkdf2_sha256$260000$PlYO0tjKULBQ4rKXoP42Pv$eMm5xvSiHYVuijPG0csVe+Knc68LQ+0GmN7hyKu+8vU=", "last_login": "2024-03-26T02:22:52.360Z", "is_superuser": false, "username": "dpmdlobar", "first_name": "", "last_name": "", "email": "dpmd@lombokbaratkab.go.id", "is_staff": true, "is_active": true, "date_joined": "2021-05-27T13:44:54Z"}}, {"condition": {"id": 29}, "defaults": {"password": "pbkdf2_sha256$260000$8exyTpxylNnOYC6AkuN5dE$/BcBU4EAkC6L1y2yC97ZHG5E5dn/Nk60mKgOgc7HFZI=", "last_login": "2024-07-04T06:07:04.955Z", "is_superuser": false, "username": "dpmptsplobar", "first_name": "", "last_name": "", "email": "dpmptsp@lombokbaratkab.go.id", "is_staff": true, "is_active": true, "date_joined": "2021-05-27T13:45:33Z"}}, {"condition": {"id": 30}, "defaults": {"password": "pbkdf2_sha256$260000$K1MYNXfLHR5oveCNAAajit$VL6r5vZjz/HUMV2/tGwMZzgFfLX+94UIOIqod8IG6Jc=", "last_login": "2024-06-27T06:47:01.347Z", "is_superuser": false, "username": "dprdlobar", "first_name": "", "last_name": "", "email": "dprd@lombokbaratkab.go.id", "is_staff": true, "is_active": true, "date_joined": "2021-05-27T13:46:19Z"}}, {"condition": {"id": 31}, "defaults": {"password": "pbkdf2_sha256$260000$TxdJU6IZmvHf11M9wZv269$PXunBNxn4lw2PyYGBj75pBUmHjHM1Rei3bNCwSPbiyw=", "last_login": "2024-07-01T04:25:56.555Z", "is_superuser": false, "username": "dputrlobar", "first_name": "", "last_name": "", "email": "dputr@lombokbaratkab.go.id", "is_staff": true, "is_active": true, "date_joined": "2021-05-27T13:46:59Z"}}, {"condition": {"id": 32}, "defaults": {"password": "pbkdf2_sha256$260000$pwKbuUYyZa9PAJcqfuLqbU$k4V/lNh/RtqbP1bcppS/Kq6NMbHvbGy17FVbzqN6ypE=", "last_login": "2023-11-03T05:33:34.203Z", "is_superuser": false, "username": "gerunglobar", "first_name": "", "last_name": "", "email": "gerung@lombokbaratkab.go.id", "is_staff": true, "is_active": true, "date_joined": "2021-05-27T13:49:36Z"}}, {"condition": {"id": 33}, "defaults": {"password": "pbkdf2_sha256$260000$eDp8O7BPlvPAOAsPBIZH3D$qTiOqZB7fthtpFNnUH2E//ZiiR1kFN1KRgbjzvOQIJg=", "last_login": "2024-03-27T04:52:18.676Z", "is_superuser": false, "username": "gunungsarilobar", "first_name": "", "last_name": "", "email": "gunungsari@lombokbaratkab.go.id", "is_staff": true, "is_active": true, "date_joined": "2021-05-27T13:50:27Z"}}, {"condition": {"id": 34}, "defaults": {"password": "pbkdf2_sha256$260000$6dl0twxeNogbIZe8BEpKeC$+Py6iEm1QOjfaLusRUmraHVKQkeE2eU+R7WxscogUII=", "last_login": "2024-06-19T05:18:49.777Z", "is_superuser": false, "username": "kedirilobar", "first_name": "", "last_name": "", "email": "kediri@lombokbaratkab.go.id", "is_staff": true, "is_active": true, "date_joined": "2021-05-27T13:52:01Z"}}, {"condition": {"id": 35}, "defaults": {"password": "pbkdf2_sha256$260000$hf1QcqF9ASMsiTj9SdUhsc$FLvwgsGAsjhsmF11HhUh9uDL7R16wn53wu+h+2Slqyg=", "last_login": "2023-03-09T10:34:40.726Z", "is_superuser": false, "username": "kuripanlobar", "first_name": "", "last_name": "", "email": "kuripan@lombokbaratkab.go.id", "is_staff": true, "is_active": true, "date_joined": "2021-05-27T13:52:51Z"}}, {"condition": {"id": 36}, "defaults": {"password": "pbkdf2_sha256$260000$3AGp3rkrLu9VSnjNvAm6d8$r33viWE1Jq1Sxc5vyNK53ksBhFnghBT37VRXaWtMcWw=", "last_login": "2023-11-03T05:23:08.744Z", "is_superuser": false, "username": "labuapilobar", "first_name": "", "last_name": "", "email": "labuapi@lombokbaratkab.go.id", "is_staff": true, "is_active": true, "date_joined": "2021-05-27T13:53:41Z"}}, {"condition": {"id": 37}, "defaults": {"password": "pbkdf2_sha256$260000$93t3pekavunxxiY2mAsYOV$OWoOutwN1azdbZCWFoaKisZ1XKc5BkKrqb7NZAysMZE=", "last_login": "2023-11-03T05:35:12.594Z", "is_superuser": false, "username": "lembarlobar", "first_name": "", "last_name": "", "email": "lembar@lombokbaratkab.go.id", "is_staff": true, "is_active": true, "date_joined": "2021-05-27T13:54:29Z"}}, {"condition": {"id": 38}, "defaults": {"password": "pbkdf2_sha256$260000$8IR2ULeuMjHzTIzw18DJPi$NRXc1n6CzZxwc7gHWbtzBbs4sFdAWvdaWUjqmA63E7A=", "last_login": "2024-06-11T07:12:03.365Z", "is_superuser": false, "username": "lingsarlobar", "first_name": "", "last_name": "", "email": "lingsar@lombokbaratkab.go.id", "is_staff": true, "is_active": true, "date_joined": "2021-05-27T13:55:13Z"}}, {"condition": {"id": 39}, "defaults": {"password": "pbkdf2_sha256$260000$lrMhVtFxbRLuIlyTiwEElt$cORm6QkRt7I7PJH5LPzNCjTlIJP0XDI+PB3Ub1+9PZ4=", "last_login": "2024-05-17T02:54:51.194Z", "is_superuser": false, "username": "narmadalobar", "first_name": "", "last_name": "", "email": "narmada@lombokbaratkab.go.id", "is_staff": true, "is_active": true, "date_joined": "2021-05-27T13:55:51Z"}}, {"condition": {"id": 40}, "defaults": {"password": "pbkdf2_sha256$260000$PRkTS8eBHimbhBEVXD3nyH$pq/DjuUFfDtAQAhjRzdRKwb8SIKREu4vCSNZUSVO1WM=", "last_login": "2024-05-16T06:26:04.309Z", "is_superuser": false, "username": "satpolpplobar", "first_name": "", "last_name": "", "email": "satpolpp@lombokbaratkab.go.id", "is_staff": true, "is_active": true, "date_joined": "2021-05-27T13:56:36Z"}}, {"condition": {"id": 41}, "defaults": {"password": "pbkdf2_sha256$260000$a9eoDXy2n5sa2dATPKqvWW$SzW8e+lxr3nn7ChEmwz9G7sJTa51o/LoQccF9nwkuwc=", "last_login": "2022-11-28T08:44:23.969Z", "is_superuser": false, "username": "sekotonglobar", "first_name": "", "last_name": "", "email": "sekotong@lombokbaratkab.go.id", "is_staff": true, "is_active": true, "date_joined": "2021-05-27T13:57:21Z"}}, {"condition": {"id": 45}, "defaults": {"password": "pbkdf2_sha256$216000$Iefqtey0UhnV$B1vHpd7kuWiK1m0qbUCih9nJAsjnWM6RgBsPFVDZkAs=", "last_login": "2021-06-08T09:50:42Z", "is_superuser": false, "username": "blklobar", "first_name": "", "last_name": "", "email": "blklobar@lombokbaratkab.go.id", "is_staff": true, "is_active": true, "date_joined": "2021-05-31T15:32:43Z"}}, {"condition": {"id": 46}, "defaults": {"password": "pbkdf2_sha256$260000$VnPjVx0eC78htwli8RFAp2$QeYeQS33JhFD7iGk3K10ZJtxYq3McrVOh6BQo3L5jpE=", "last_login": "2024-06-21T00:55:01.493Z", "is_superuser": false, "username": "puskesmasgerunglobar", "first_name": "", "last_name": "", "email": "puskesmasgerung@lombokbaratkab.go.id", "is_staff": true, "is_active": true, "date_joined": "2021-06-07T09:20:35Z"}}, {"condition": {"id": 47}, "defaults": {"password": "pbkdf2_sha256$260000$GtR5kXWU1uVFtOiJfinBPP$EKbgzSxkiypQJrtLFp82gSlO4qhs6n6bAcUPVQjN318=", "last_login": "2024-06-22T05:34:16.016Z", "is_superuser": false, "username": "puskesmasnarmadalobar", "first_name": "", "last_name": "", "email": "puskesmasnarmada@lombokbaratkab.go.id", "is_staff": true, "is_active": true, "date_joined": "2021-06-07T09:29:26Z"}}, {"condition": {"id": 48}, "defaults": {"password": "pbkdf2_sha256$260000$qreK89ZIlClOscxUvM2QlQ$rXLYyC/8Gt2zpgTH+sZRPf+ZSucGRDbbetI7C4C8SBo=", "last_login": "2024-06-05T02:52:28.851Z", "is_superuser": false, "username": "puskesmasdasantapenlobar", "first_name": "", "last_name": "", "email": "puskesmasdasantapen@lombokbaratkab.go.id", "is_staff": true, "is_active": true, "date_joined": "2021-06-07T09:30:11Z"}}, {"condition": {"id": 50}, "defaults": {"password": "pbkdf2_sha256$260000$LdH1dX5Iv9rhXOETL8S4JC$ie79VQ6ulFPJozzumUEenAAL4trY8IicnWqOJ/WUP88=", "last_login": "2024-06-27T02:50:42.076Z", "is_superuser": false, "username": "puskesmaslabuapilobar", "first_name": "", "last_name": "", "email": "puskesmaslabuapi@lombokbaratkab.go.id", "is_staff": true, "is_active": true, "date_joined": "2021-06-07T10:04:42Z"}}, {"condition": {"id": 51}, "defaults": {"password": "pbkdf2_sha256$260000$9lMEh0XxEisxOnCfl3bX4r$+kfseq5B8eIbrFDKPCvOgxfcoPE7PRulfzuGzIBd7bk=", "last_login": "2024-06-14T00:32:56.857Z", "is_superuser": false, "username": "rsudnarmadalobar", "first_name": "", "last_name": "", "email": "rsudnarmadalobar@lombokbaratkab.go.id", "is_staff": true, "is_active": true, "date_joined": "2021-06-07T10:07:32Z"}}, {"condition": {"id": 52}, "defaults": {"password": "pbkdf2_sha256$260000$QMnOCPuYjSMqEMZRaI954c$y3lNc0hmfgOVKuVOmI0QgizZAfWfmxA8vggOE7j5zf0=", "last_login": "2024-07-01T02:35:19.074Z", "is_superuser": false, "username": "puskesmaskedirilobar", "first_name": "", "last_name": "", "email": "puskesmaskedirilobar@lombokbaratkab.go.id", "is_staff": true, "is_active": true, "date_joined": "2021-06-08T23:49:32Z"}}, {"condition": {"id": 56}, "defaults": {"password": "pbkdf2_sha256$260000$sisFCWptAUe5jd8AWjld9V$MdWAvi4Gk+ZPlJpPOKAv9gkDe3Tc6UxnGhx6i/UTZI0=", "last_login": "2024-07-01T14:48:19.310Z", "is_superuser": false, "username": "diskominfolobar", "first_name": "", "last_name": "", "email": "diskominfo@lombokbaratkab.go.id", "is_staff": true, "is_active": true, "date_joined": "2021-06-15T14:25:53Z"}}, {"condition": {"id": 60}, "defaults": {"password": "pbkdf2_sha256$260000$73x7zxzY7ZWMR7uUtKlfk8$RpmTLM0kHFNX+XoISr6Q3eEvVUO82T232iRJgoPwlew=", "last_login": "2024-04-24T02:35:08.655Z", "is_superuser": false, "username": "puskesmassekotonglobar", "first_name": "", "last_name": "", "email": "puskesmassekotong@lombokbaratkab.go.id", "is_staff": true, "is_active": true, "date_joined": "2021-06-25T15:07:37Z"}}, {"condition": {"id": 69}, "defaults": {"password": "pbkdf2_sha256$260000$gGZZ88aN7aB3rFdcGSzrCe$65BiPHB0RZ0m8VBFyhmLb/YR1j+yuwI1CXGZM7PBJag=", "last_login": "2024-06-24T01:13:15.317Z", "is_superuser": false, "username": "puskesmasbanyumuleklobar", "first_name": "", "last_name": "", "email": "puskesmasbanyumulek@lombokbaratkab.go.id", "is_staff": true, "is_active": true, "date_joined": "2021-07-07T14:50:18Z"}}, {"condition": {"id": 70}, "defaults": {"password": "pbkdf2_sha256$260000$fGygVKQJmx0HNEG40xz0cL$U0Ro0fu/0ztmKZ5xLX7bpXrw78PYuwHKRXNF2QKS41A=", "last_login": "2024-05-05T05:55:54.720Z", "is_superuser": false, "username": "puskesmaseyatmayanglobar", "first_name": "", "last_name": "", "email": "puskesmaseyatmayang@lombokbaratkab.go.id", "is_staff": true, "is_active": true, "date_joined": "2021-07-07T14:51:30Z"}}, {"condition": {"id": 71}, "defaults": {"password": "pbkdf2_sha256$260000$Cx3micwYbi2RHhOy1ACy58$54tKvFZdUgMEov3QPbflVBXf5g/ApBwzF8jis9/x4+4=", "last_login": "2024-06-07T00:27:27.965Z", "is_superuser": false, "username": "puskesmasgunungsarilobar", "first_name": "", "last_name": "", "email": "puskesmasgunungsari@lombokbaratkab.go.id", "is_staff": true, "is_active": true, "date_joined": "2021-07-07T14:52:33Z"}}, {"condition": {"id": 72}, "defaults": {"password": "pbkdf2_sha256$260000$Nbczetgeqk8mHPIxMTHxXQ$SqvYuzEDFLCbDISBaVNW/SW/mURkQ0jzPQjCjzXQW68=", "last_login": "2024-06-24T00:17:21.818Z", "is_superuser": false, "username": "puskesmasjakemlobar", "first_name": "", "last_name": "", "email": "puskesmasjakem@lombokbaratkab.go.id", "is_staff": true, "is_active": true, "date_joined": "2021-07-07T14:53:50Z"}}, {"condition": {"id": 73}, "defaults": {"password": "pbkdf2_sha256$260000$peN9o0mftM7aF71jWWRzyT$j3HB+O4PJ7QrIPBVJnKvJ8YNO2y5p6jGWBqm/mwLbBA=", "last_login": "2024-06-26T08:54:04.214Z", "is_superuser": false, "username": "puskesmaskuripanlobar", "first_name": "", "last_name": "", "email": "puskesmaskuripan@lombokbaratkab.go.id", "is_staff": true, "is_active": true, "date_joined": "2021-07-07T14:55:09Z"}}, {"condition": {"id": 74}, "defaults": {"password": "pbkdf2_sha256$260000$hYJo4YS4rtKCp2vq3hONNV$+0oalFnO93bQh0e0wZs4lFsK4fZecvlsgdXYHHZF968=", "last_login": "2024-04-16T02:52:57.204Z", "is_superuser": false, "username": "puskesmaslingsarlobar", "first_name": "", "last_name": "", "email": "puskesmaslingsar@lombokbaratkab.go.id", "is_staff": true, "is_active": true, "date_joined": "2021-07-07T14:56:26Z"}}, {"condition": {"id": 75}, "defaults": {"password": "pbkdf2_sha256$260000$FDZIJVnkFHxtouRj2FbSLB$oKpe4DadhgPgox45N4FdA+e49MPg8k60UGy2jcNyDD4=", "last_login": "2024-06-27T01:35:14.407Z", "is_superuser": false, "username": "puskesmasmenintinglobar", "first_name": "", "last_name": "", "email": "puskesmasmeninting@lombokbaratkab.go.id", "is_staff": true, "is_active": true, "date_joined": "2021-07-07T14:57:49Z"}}, {"condition": {"id": 76}, "defaults": {"password": "pbkdf2_sha256$260000$mQAvulNnM2tPiaYznLyRnf$cBhy3l7jO9WpvN8Lf1a/1Z++KHNmnEUsSHiZIohx24k=", "last_login": "2024-04-06T02:40:55.357Z", "is_superuser": false, "username": "puskesmaspelanganlobar", "first_name": "", "last_name": "", "email": "puskesmaspelangan@lombokbaratkab.go.id", "is_staff": true, "is_active": true, "date_joined": "2021-07-07T14:59:42Z"}}, {"condition": {"id": 77}, "defaults": {"password": "pbkdf2_sha256$260000$dXMKmrIfwkLx4neWbmXAwH$VAARfkPyB1o3kOWEy9O8F6R3zIvYxU+lZ4lQpOwE4jc=", "last_login": "2024-06-06T03:17:07.853Z", "is_superuser": false, "username": "puskesmaspenimbunglobar", "first_name": "", "last_name": "", "email": "puskesmaspenimbung@lombokbaratkab.go.id", "is_staff": true, "is_active": true, "date_joined": "2021-07-07T15:00:37Z"}}, {"condition": {"id": 78}, "defaults": {"password": "pbkdf2_sha256$260000$qC0vSGnN9fwfy1S8apLgqi$RkJk8U73nc+9BO6lCBItJ2IT0LoZSejvTmBGaxZYz4Y=", "last_login": "2024-06-21T08:47:12.638Z", "is_superuser": false, "username": "puskesmasperampuanlobar", "first_name": "", "last_name": "", "email": "puskesmasperampuan@lombokbaratkab.go.id", "is_staff": true, "is_active": true, "date_joined": "2021-07-07T15:01:24Z"}}, {"condition": {"id": 79}, "defaults": {"password": "pbkdf2_sha256$260000$5iq9Z3Vpr1eNCqY8FfUzkY$MXB158knqg5bk68o4nctuXShTCMyOjr4p59kfvhF/PQ=", "last_login": "2024-06-04T10:58:11.339Z", "is_superuser": false, "username": "puskesmassedaulobar", "first_name": "", "last_name": "", "email": "puskesmassedau@lombokbaratkab.go.id", "is_staff": true, "is_active": true, "date_joined": "2021-07-07T15:02:10Z"}}, {"condition": {"id": 80}, "defaults": {"password": "pbkdf2_sha256$260000$Lek9tDlxikPAhmMWgZ7sVh$QQXmUrzAINKbF03WP925ADylHkZ4jUr8N4x/MpID3Ck=", "last_login": "2024-06-22T00:13:07.993Z", "is_superuser": false, "username": "puskesmasseselalobar", "first_name": "", "last_name": "", "email": "puskesmassesela@lombokbaratkab.go.id", "is_staff": true, "is_active": true, "date_joined": "2021-07-07T15:03:08Z"}}, {"condition": {"id": 81}, "defaults": {"password": "pbkdf2_sha256$260000$rRsmnr6nSDlVHc2J8ZuvNW$7YnQClcfIb+RTxz5ryNx4hjnC88CA7KFc+0QcTr7R2A=", "last_login": "2024-07-05T02:44:54.483Z", "is_superuser": false, "username": "puskesmassigeronganlobar", "first_name": "", "last_name": "", "email": "puskesmassigerongan@lombokbaratkab.go.id", "is_staff": true, "is_active": true, "date_joined": "2021-07-07T15:04:22Z"}}, {"condition": {"id": 82}, "defaults": {"password": "pbkdf2_sha256$260000$6TfLJdPGubsWWnFfo3sbfM$fJAa0HmV7CwZGtwwo797T+V9HAxd9tB9ZoSf2FJcIMc=", "last_login": "2024-06-21T02:32:20.377Z", "is_superuser": false, "username": "puskesmassuranadilobar", "first_name": "", "last_name": "", "email": "puskesmassuranadi@lombokbaratkab.go.id", "is_staff": true, "is_active": true, "date_joined": "2021-07-07T15:05:05Z"}}, {"condition": {"id": 96}, "defaults": {"password": "pbkdf2_sha256$260000$lGOIceXDMzECjqlskoroXk$lcqyjPQ6NcrmY6WTC2rQOkRlPupm8qOC/6Xis1y/fWU=", "last_login": "2022-07-04T14:44:04.216Z", "is_superuser": false, "username": "prokopilobar", "first_name": "", "last_name": "", "email": "", "is_staff": true, "is_active": true, "date_joined": "2021-11-29T09:53:59.867Z"}}, {"condition": {"id": 97}, "defaults": {"password": "pbkdf2_sha256$390000$VBKIhzQW9bqwXKWrU0CGxa$qjfz9kzwTmmkCblR+8rZ4QOnU/MOHp6mrk4BEguEFLE=", "last_login": "2023-03-02T13:32:08.327Z", "is_superuser": false, "username": "lpalobar", "first_name": "", "last_name": "", "email": "lpa@lombokbaratkab.go.id", "is_staff": true, "is_active": true, "date_joined": "2022-01-11T14:37:30Z"}}, {"condition": {"id": 98}, "defaults": {"password": "pbkdf2_sha256$260000$zC7bXYt6rYeaSDR2Dwsin1$0nGJZ1z6wUbJewZvYt0NIPNpRiUImSXMbym0UD+tj04=", "last_login": "2022-03-24T10:59:45.555Z", "is_superuser": false, "username": "dasangereslobar", "first_name": "", "last_name": "", "email": "dasangeres@lombokbaratkab.go.id", "is_staff": true, "is_active": true, "date_joined": "2022-01-31T11:36:21Z"}}, {"condition": {"id": 99}, "defaults": {"password": "pbkdf2_sha256$260000$aLq3Hi0CTiiQhzz7DFqIkI$UCpcsZhhMIAz8OBV3b/gqbVDnff5/cbqejZhJDwNsHQ=", "last_login": "2024-03-05T00:38:25.739Z", "is_superuser": false, "username": "gerungutaralobar", "first_name": "", "last_name": "", "email": "gerungutara@lombokbaratkab.go.id", "is_staff": true, "is_active": true, "date_joined": "2022-01-31T11:37:21Z"}}, {"condition": {"id": 100}, "defaults": {"password": "pbkdf2_sha256$260000$x9vJzGmhjiAHaC6GKYWRlJ$26O+q5RHX90x19pUWudKsYhUWLX+S6X+Ag46+JT378A=", "last_login": "2024-06-11T08:55:19.781Z", "is_superuser": false, "username": "gerungselatanlobar", "first_name": "", "last_name": "", "email": "gerungselatan@lombokbaratkab.go.id", "is_staff": true, "is_active": true, "date_joined": "2022-01-31T11:38:16Z"}}, {"condition": {"id": 102}, "defaults": {"password": "pbkdf2_sha256$260000$AW5iemVjUwkIp978yTX171$drx7tWstEg5efWR0BhTfhTAS38Kgu7TGpW0teaeXuqk=", "last_login": "2022-03-28T14:49:59.800Z", "is_superuser": false, "username": "dailobar", "first_name": "", "last_name": "", "email": "dai@lombokbaratkab.go.id", "is_staff": true, "is_active": true, "date_joined": "2022-03-28T12:08:05Z"}}, {"condition": {"id": 103}, "defaults": {"password": "pbkdf2_sha256$260000$YIz7eMLLGxwGlq2XYQcKtI$IwCCdU5PlN5bBKXI1LgiziW5RP7ErBMoFYMYaHCCLBI=", "last_login": "2024-07-04T01:12:47.832Z", "is_superuser": false, "username": "labkesdalobar", "first_name": "", "last_name": "", "email": "labkesda@lombokbaratkab.go.id", "is_staff": true, "is_active": true, "date_joined": "2022-06-16T13:46:47Z"}}, {"condition": {"id": 104}, "defaults": {"password": "pbkdf2_sha256$260000$fVp9AnOJ47SrT8OPfzkQFJ$XM6jcrhlLtKk6WR6ojtbbi+mC5sVQ7mpS5TMdKPA154=", "last_login": "2023-12-20T00:38:25.408Z", "is_superuser": false, "username": "kotakulobar", "first_name": "", "last_name": "", "email": "kotaku@lombokbaratkab.go.id", "is_staff": true, "is_active": true, "date_joined": "2022-10-13T14:33:30Z"}}, {"condition": {"id": 105}, "defaults": {"password": "pbkdf2_sha256$260000$LONmeaSyU98Pq5v9FCGiJo$H+WYTc61AbPga09OnxYCdGIVLCShgEZ4C5nfcyGxbOo=", "last_login": "2022-10-27T12:57:31.542Z", "is_superuser": false, "username": "elapaksitebellobar", "first_name": "", "last_name": "", "email": "elapaksitebel@lombokbaratkab.go.id", "is_staff": true, "is_active": true, "date_joined": "2022-10-17T08:14:04Z"}}, {"condition": {"id": 106}, "defaults": {"password": "pbkdf2_sha256$260000$JDfGe0KGaAEHL8JEjPjsmn$BR+V9aS1GPhSOVmgXb3oRfLnQy9htqHqn9w/Cq6oEvE=", "last_login": "2024-06-28T06:31:16.922Z", "is_superuser": false, "username": "dikbudlobar", "first_name": "", "last_name": "", "email": "", "is_staff": true, "is_active": true, "date_joined": "2022-11-17T14:34:36Z"}}, {"condition": {"id": 107}, "defaults": {"password": "pbkdf2_sha256$260000$AGgwaS9JuFQVai1VBwzVPm$m4RFkpjECr3PnOKrOZ4rlWxKvvDPmGP+Hp6/KzpUTq4=", "last_login": null, "is_superuser": false, "username": "sekdalobar", "first_name": "", "last_name": "", "email": "sekda@lombokbaratkab.go.id", "is_staff": true, "is_active": true, "date_joined": "2022-12-29T15:47:29Z"}}, {"condition": {"id": 108}, "defaults": {"password": "pbkdf2_sha256$260000$Xr6iSAV8Ieh0maBomxviah$sbZarZdxRG6g/gWOhXZsYkJLLGEsWbqngHTiawWcX+M=", "last_login": "2024-06-26T02:53:08.265Z", "is_superuser": false, "username": "bppnarmadalobar", "first_name": "", "last_name": "", "email": "bppnarmada@lombokbaratkab.go.id", "is_staff": true, "is_active": true, "date_joined": "2023-03-16T12:29:19Z"}}, {"condition": {"id": 109}, "defaults": {"password": "pbkdf2_sha256$260000$9E7th4eH85RHLuC13Bka0A$YUuHg5rTsWjeSRszeZ78re2nJoSqMlXfk2ZHcD1lRe0=", "last_login": "2024-04-19T07:25:41Z", "is_superuser": false, "username": "setdalobar", "first_name": "", "last_name": "", "email": "setda@lombokbaratkab.go.id", "is_staff": true, "is_active": true, "date_joined": "2023-03-28T11:18:49Z"}}, {"condition": {"id": 110}, "defaults": {"password": "pbkdf2_sha256$260000$KIajaHIWjqiUWDBRzv0yQE$ZiY+gNHe66n97DE3JrMwroUwFX7WEgikPU7VS8Pgxf0=", "last_login": "2024-04-26T02:28:09.889Z", "is_superuser": false, "username": "kpalobar", "first_name": "Admin KPA", "last_name": "", "email": "kpa@lombokbaratkab.go.id", "is_staff": true, "is_active": true, "date_joined": "2023-04-28T03:12:20Z"}}, {"condition": {"id": 111}, "defaults": {"password": "pbkdf2_sha256$260000$iDnQmJSBGUABdWCUqrpS4P$4hGiG1qgpnQjjEzBMuVPXnHTj2TzCBxM3kOk64ZwlDg=", "last_login": "2023-05-12T03:57:45.562Z", "is_superuser": false, "username": "sumirah", "first_name": "", "last_name": "", "email": "", "is_staff": true, "is_active": true, "date_joined": "2023-05-12T03:56:01Z"}}, {"condition": {"id": 112}, "defaults": {"password": "pbkdf2_sha256$260000$wwKEnidDsIv6TD4IlpXJVE$c5xa1yjl6QXhjv0rbdS34WTWA0xZUc30Xnv3tevfWbo=", "last_login": "2024-06-24T09:38:42.616Z", "is_superuser": false, "username": "rsudtripatlobar", "first_name": "Admin", "last_name": "Rsud Tripat", "email": "adminrsudtripat@lombokbaratkab.go.id", "is_staff": true, "is_active": true, "date_joined": "2023-08-24T07:31:46Z"}}, {"condition": {"id": 113}, "defaults": {"password": "pbkdf2_sha256$260000$ZsxhfG757bxf9Om2e7ws2L$ZhX1Adg7te/FJmbYA8uQ9R8kmxrWriKt5HH02wHhpdw=", "last_login": "2023-11-03T05:36:25.258Z", "is_superuser": false, "username": "admin2", "first_name": "", "last_name": "", "email": "admin@gmail.com", "is_staff": true, "is_active": true, "date_joined": "2023-11-03T03:18:32Z"}}, {"condition": {"id": 114}, "defaults": {"password": "pbkdf2_sha256$260000$g2ykAVwLwHxUXbMuYrU1lU$AQ6RRD5MZJwAeO2xjntvn/8M3gtXIC+XbhbVtg52saI=", "last_login": "2024-05-06T03:18:33Z", "is_superuser": false, "username": "ppdilobar", "first_name": "", "last_name": "", "email": "", "is_staff": true, "is_active": true, "date_joined": "2024-04-22T04:13:52Z"}}, {"condition": {"id": 115}, "defaults": {"password": "pbkdf2_sha256$260000$uuEQOq0UbAcI8xfwElWwhh$eJ56Fid9nW5YsSAs1QIT3NlO6jEU3cIRQ1Cbqzv67G4=", "last_login": "2024-05-17T03:28:15.034Z", "is_superuser": false, "username": "fllajlobar", "first_name": "", "last_name": "", "email": "fllaj@lombokbaratkab.go.id", "is_staff": true, "is_active": true, "date_joined": "2024-05-17T03:06:06Z"}}]